ticket_id,customer_id,ticket_date,issue_category,channel,resolution_time_hours,satisfaction_score,ticket_text
TIX100000,CUST004178,2026-04-02,Delivery Delay,Email,9.8,5.0,My order ORD107221 still hasn't arrived and it's been over a week.
TIX100001,CUST003557,2025-08-29,Wrong Item Shipped,Phone,14.2,4.0,When will my refund for the returned item be processed?
TIX100002,CUST002786,2024-10-31,Damaged Item,Social Media,2.1,4.0,Can you tell me the warranty period on this product?
TIX100003,CUST003978,2026-06-24,Billing Issue,Social Media,16.2,5.0,"I can't log into my account, it says my password is invalid."
TIX100004,CUST001008,2025-09-13,Damaged Item,Phone,8.8,5.0,"I can't log into my account, it says my password is invalid."
TIX100005,CUST000893,2024-10-03,Wrong Item Shipped,Social Media,23.4,3.0,"I want to return this item, it doesn't fit as expected."
TIX100006,CUST003601,2025-10-29,Delivery Delay,Email,12.5,5.0,My order ORD127749 still hasn't arrived and it's been over a week.
TIX100007,CUST001910,2026-05-01,Billing Issue,Email,2.0,4.0,"I can't log into my account, it says my password is invalid."
TIX100008,CUST000214,2025-01-04,Account Access,Live Chat,3.1,1.0,"The item I received was damaged during shipping, need a replacement."
TIX100009,CUST004502,2025-12-23,Return Request,Phone,38.6,4.0,My order ORD114402 still hasn't arrived and it's been over a week.
TIX100010,CUST001478,2025-09-05,Account Access,Social Media,16.4,5.0,"The item I received was damaged during shipping, need a replacement."
TIX100011,CUST002506,2024-09-09,Return Request,Live Chat,1.3,3.0,"The item I received was damaged during shipping, need a replacement."
TIX100012,CUST003179,2025-07-07,Delivery Delay,Live Chat,6.6,3.0,When will my refund for the returned item be processed?
TIX100013,CUST001442,2026-04-21,Wrong Item Shipped,Social Media,25.5,4.0,"I can't log into my account, it says my password is invalid."
TIX100014,CUST004096,2025-01-06,Billing Issue,Live Chat,15.6,2.0,"Wrong item was shipped to me, I ordered a different color."
TIX100015,CUST005924,2025-04-04,Wrong Item Shipped,Live Chat,38.0,5.0,Can you tell me the warranty period on this product?
TIX100016,CUST003925,2025-06-15,Product Question,Social Media,6.1,5.0,My order ORD107457 still hasn't arrived and it's been over a week.
TIX100017,CUST004929,2025-01-09,Product Question,Live Chat,37.1,4.0,"The item I received was damaged during shipping, need a replacement."
TIX100018,CUST005191,2025-09-13,Account Access,Phone,9.9,1.0,  the delivery guy left my package outside in the rain!!  
TIX100019,CUST000153,2025-08-31,Delivery Delay,Phone,63.5,5.0,  the delivery guy left my package outside in the rain!!  
TIX100020,CUST002596,2026-01-22,Damaged Item,Social Media,33.9,5.0,Can you tell me the warranty period on this product?
TIX100021,CUST003982,2025-06-12,Return Request,Email,45.9,5.0,When will my refund for the returned item be processed?
TIX100022,CUST005061,2025-10-01,Refund Status,Email,32.5,,"The item I received was damaged during shipping, need a replacement."
TIX100023,CUST005092,2026-01-12,Delivery Delay,Phone,24.5,4.0,When will my refund for the returned item be processed?
TIX100024,CUST001125,2024-10-06,Account Access,Social Media,28.8,4.0,When will my refund for the returned item be processed?
TIX100025,CUST005364,2025-08-19,Wrong Item Shipped,Social Media,14.7,4.0,"I can't log into my account, it says my password is invalid."
TIX100026,CUST005127,2024-11-25,Product Question,Phone,8.9,5.0,"Great service, just wanted to confirm my order status."
TIX100027,CUST003627,2026-06-01,Refund Status,Phone,9.4,4.0,When will my refund for the returned item be processed?
TIX100028,CUST004305,2025-07-23,Damaged Item,Email,10.1,5.0,"The item I received was damaged during shipping, need a replacement."
TIX100029,CUST004584,2025-12-27,Refund Status,Social Media,12.7,2.0,"Great service, just wanted to confirm my order status."
TIX100030,CUST000463,2026-06-25,Billing Issue,Phone,20.4,5.0,My order ORD113185 still hasn't arrived and it's been over a week.
TIX100031,CUST004732,2025-02-27,Billing Issue,Live Chat,8.2,4.0,"Great service, just wanted to confirm my order status."
TIX100032,CUST005407,2024-09-18,Billing Issue,Social Media,20.6,,"Great service, just wanted to confirm my order status."
TIX100033,CUST005444,2026-06-14,Product Question,Email,7.4,3.0,"I want to return this item, it doesn't fit as expected."
TIX100034,CUST003198,2025-02-16,Damaged Item,Email,15.3,4.0,When will my refund for the returned item be processed?
TIX100035,CUST006015,2024-11-10,Account Access,Live Chat,19.4,2.0,"I can't log into my account, it says my password is invalid."
TIX100036,CUST001033,2025-12-09,Return Request,Phone,9.0,,  the delivery guy left my package outside in the rain!!  
TIX100037,CUST000945,2026-04-02,Damaged Item,Phone,14.1,5.0,My order ORD119857 still hasn't arrived and it's been over a week.
TIX100038,CUST003723,2025-10-12,Wrong Item Shipped,Social Media,0.3,3.0,When will my refund for the returned item be processed?
TIX100039,CUST002308,2024-10-14,Damaged Item,Social Media,11.6,4.0,"I can't log into my account, it says my password is invalid."
TIX100040,CUST000968,2026-06-08,Damaged Item,Live Chat,31.0,3.0,When will my refund for the returned item be processed?
TIX100041,CUST002760,2025-12-09,Return Request,Phone,6.4,2.0,My order ORD105891 still hasn't arrived and it's been over a week.
TIX100042,CUST000569,2026-01-23,Refund Status,Phone,5.6,4.0,"The item I received was damaged during shipping, need a replacement."
TIX100043,CUST001630,2024-09-14,Delivery Delay,Social Media,26.6,5.0,"Wrong item was shipped to me, I ordered a different color."
TIX100044,CUST005670,2026-05-25,Product Question,Social Media,7.0,3.0,"Great service, just wanted to confirm my order status."
TIX100045,CUST004724,2025-10-31,Account Access,Phone,8.9,4.0,"Wrong item was shipped to me, I ordered a different color."
TIX100046,CUST000821,2025-01-29,Return Request,Phone,31.0,4.0,  the delivery guy left my package outside in the rain!!  
TIX100047,CUST005674,2025-12-31,Refund Status,Live Chat,1.2,,My order ORD109150 still hasn't arrived and it's been over a week.
TIX100048,CUST000150,2026-06-14,Refund Status,Live Chat,49.2,4.0,  the delivery guy left my package outside in the rain!!  
TIX100049,CUST004343,2025-09-16,Billing Issue,Phone,4.0,5.0,"Wrong item was shipped to me, I ordered a different color."
TIX100050,CUST002895,2025-07-07,Wrong Item Shipped,Social Media,4.4,5.0,"I want to return this item, it doesn't fit as expected."
TIX100051,CUST003683,2024-12-27,Return Request,Email,26.7,3.0,My order ORD122046 still hasn't arrived and it's been over a week.
TIX100052,CUST001698,2025-05-28,Refund Status,Email,2.3,5.0,"Great service, just wanted to confirm my order status."
TIX100053,CUST001096,2025-04-21,Delivery Delay,Phone,2.7,1.0,"I can't log into my account, it says my password is invalid."
TIX100054,CUST000008,2025-01-22,Billing Issue,Social Media,1.7,3.0,"I want to return this item, it doesn't fit as expected."
TIX100055,CUST005060,2025-07-19,Account Access,Email,16.7,4.0,  the delivery guy left my package outside in the rain!!  
TIX100056,CUST004577,2024-10-22,Damaged Item,Email,33.2,4.0,My order ORD105539 still hasn't arrived and it's been over a week.
TIX100057,CUST000891,2025-07-10,Damaged Item,Live Chat,3.6,4.0,When will my refund for the returned item be processed?
TIX100058,CUST003088,2024-10-06,Account Access,Live Chat,9.0,4.0,"The item I received was damaged during shipping, need a replacement."
TIX100059,CUST000830,2026-02-07,Billing Issue,Phone,20.5,,My order ORD120802 still hasn't arrived and it's been over a week.
TIX100060,CUST001003,2025-01-18,Product Question,Live Chat,6.6,,"Great service, just wanted to confirm my order status."
TIX100061,CUST000250,2025-09-23,Delivery Delay,Live Chat,3.9,3.0,"I can't log into my account, it says my password is invalid."
TIX100062,CUST004666,2025-01-20,Product Question,Phone,42.6,4.0,Can you tell me the warranty period on this product?
TIX100063,CUST004436,2025-07-28,Refund Status,Social Media,21.8,3.0,"The item I received was damaged during shipping, need a replacement."
TIX100064,CUST000534,2026-01-10,Refund Status,Social Media,46.7,3.0,My order ORD109075 still hasn't arrived and it's been over a week.
TIX100065,CUST000732,2024-11-27,Return Request,Live Chat,27.3,1.0,"Wrong item was shipped to me, I ordered a different color."
TIX100066,CUST005326,2026-02-03,Billing Issue,Phone,7.7,5.0,"Great service, just wanted to confirm my order status."
TIX100067,CUST003450,2025-02-27,Refund Status,Live Chat,0.5,5.0,"I was charged twice for order ORD116771, please refund the duplicate charge."
TIX100068,CUST000926,2026-02-05,Product Question,Email,11.3,,"Wrong item was shipped to me, I ordered a different color."
TIX100069,CUST001639,2025-04-09,Delivery Delay,Live Chat,8.2,1.0,Can you tell me the warranty period on this product?
TIX100070,CUST004026,2025-11-23,Billing Issue,Live Chat,12.7,5.0,"The item I received was damaged during shipping, need a replacement."
TIX100071,CUST000146,2025-01-28,Account Access,Social Media,0.2,,Can you tell me the warranty period on this product?
TIX100072,CUST003615,2025-01-26,Wrong Item Shipped,Live Chat,13.7,4.0,"The item I received was damaged during shipping, need a replacement."
TIX100073,CUST005564,2024-11-19,Billing Issue,Live Chat,9.6,5.0,"Wrong item was shipped to me, I ordered a different color."
TIX100074,CUST002916,2026-06-18,Refund Status,Social Media,20.5,4.0,"Great service, just wanted to confirm my order status."
TIX100075,CUST005081,2024-09-03,Return Request,Phone,5.6,2.0,Can you tell me the warranty period on this product?
TIX100076,CUST001048,2024-12-25,Damaged Item,Live Chat,30.8,4.0,"I was charged twice for order ORD103354, please refund the duplicate charge."
TIX100077,CUST005924,2024-12-10,Return Request,Phone,47.8,4.0,"I want to return this item, it doesn't fit as expected."
TIX100078,CUST000894,2026-03-18,Delivery Delay,Phone,3.3,3.0,"Great service, just wanted to confirm my order status."
TIX100079,CUST005431,2026-02-24,Refund Status,Live Chat,18.7,4.0,Can you tell me the warranty period on this product?
TIX100080,CUST001872,2026-03-02,Refund Status,Live Chat,18.1,5.0,"Great service, just wanted to confirm my order status."
TIX100081,CUST005334,2026-03-11,Delivery Delay,Email,7.5,4.0,My order ORD123474 still hasn't arrived and it's been over a week.
TIX100082,CUST005210,2025-10-26,Refund Status,Social Media,2.2,3.0,When will my refund for the returned item be processed?
TIX100083,CUST004151,2026-02-24,Wrong Item Shipped,Live Chat,19.9,,"I want to return this item, it doesn't fit as expected."
TIX100084,CUST002678,2026-04-09,Billing Issue,Phone,10.9,5.0,"I want to return this item, it doesn't fit as expected."
TIX100085,CUST004972,2024-11-01,Refund Status,Live Chat,3.8,2.0,"I was charged twice for order ORD118059, please refund the duplicate charge."
TIX100086,CUST003623,2025-09-14,Billing Issue,Social Media,1.1,4.0,"Great service, just wanted to confirm my order status."
TIX100087,CUST000306,2025-04-04,Delivery Delay,Live Chat,52.6,,  the delivery guy left my package outside in the rain!!  
TIX100088,CUST000323,2026-01-19,Billing Issue,Email,9.5,4.0,"I can't log into my account, it says my password is invalid."
TIX100089,CUST002750,2025-02-03,Wrong Item Shipped,Live Chat,24.9,1.0,My order ORD122311 still hasn't arrived and it's been over a week.
TIX100090,CUST001526,2025-02-02,Product Question,Email,2.6,4.0,"I was charged twice for order ORD118868, please refund the duplicate charge."
TIX100091,CUST002898,2025-12-08,Wrong Item Shipped,Social Media,17.6,1.0,"Wrong item was shipped to me, I ordered a different color."
TIX100092,CUST005927,2025-03-29,Account Access,Phone,0.5,4.0,"I was charged twice for order ORD125522, please refund the duplicate charge."
TIX100093,CUST001339,2026-04-03,Refund Status,Live Chat,9.9,4.0,"Wrong item was shipped to me, I ordered a different color."
TIX100094,CUST001170,2025-07-20,Return Request,Email,5.1,5.0,"I can't log into my account, it says my password is invalid."
TIX100095,CUST004599,2026-04-16,Refund Status,Live Chat,7.4,4.0,Can you tell me the warranty period on this product?
TIX100096,CUST006078,2025-02-13,Return Request,Phone,17.6,4.0,"Wrong item was shipped to me, I ordered a different color."
TIX100097,CUST005103,2025-12-27,Return Request,Social Media,7.9,5.0,"The item I received was damaged during shipping, need a replacement."
TIX100098,CUST005370,2025-10-27,Billing Issue,Email,5.1,5.0,When will my refund for the returned item be processed?
TIX100099,CUST001504,2025-02-18,Delivery Delay,Email,22.6,5.0,  the delivery guy left my package outside in the rain!!  
TIX100100,CUST001516,2025-07-17,Refund Status,Phone,14.1,5.0,"I want to return this item, it doesn't fit as expected."
TIX100101,CUST000029,2026-03-12,Delivery Delay,Email,17.8,5.0,Can you tell me the warranty period on this product?
TIX100102,CUST004906,2025-07-19,Refund Status,Phone,8.7,3.0,"I want to return this item, it doesn't fit as expected."
TIX100103,CUST005818,2024-11-07,Return Request,Email,5.3,,"Wrong item was shipped to me, I ordered a different color."
TIX100104,CUST001954,2026-04-23,Account Access,Phone,5.2,5.0,"I can't log into my account, it says my password is invalid."
TIX100105,CUST003035,2026-04-21,Product Question,Social Media,87.6,1.0,"I was charged twice for order ORD104008, please refund the duplicate charge."
TIX100106,CUST005452,2024-12-31,Product Question,Email,19.7,5.0,"The item I received was damaged during shipping, need a replacement."
TIX100107,CUST005771,2025-08-17,Wrong Item Shipped,Phone,1.9,,"Great service, just wanted to confirm my order status."
TIX100108,CUST003221,2025-07-04,Product Question,Social Media,18.6,5.0,"Great service, just wanted to confirm my order status."
TIX100109,CUST001232,2026-01-20,Billing Issue,Phone,2.0,,Can you tell me the warranty period on this product?
TIX100110,CUST002885,2026-04-30,Damaged Item,Email,6.4,1.0,"Wrong item was shipped to me, I ordered a different color."
TIX100111,CUST003359,2025-08-29,Account Access,Phone,33.6,3.0,"Wrong item was shipped to me, I ordered a different color."
TIX100112,CUST004431,2025-03-10,Wrong Item Shipped,Email,44.2,4.0,"I can't log into my account, it says my password is invalid."
TIX100113,CUST005315,2025-06-26,Delivery Delay,Phone,35.4,3.0,  the delivery guy left my package outside in the rain!!  
TIX100114,CUST003030,2026-03-27,Delivery Delay,Social Media,14.5,5.0,"I was charged twice for order ORD127083, please refund the duplicate charge."
TIX100115,CUST001070,2025-01-17,Refund Status,Social Media,10.9,4.0,"I want to return this item, it doesn't fit as expected."
TIX100116,CUST000848,2024-12-18,Product Question,Social Media,5.1,2.0,My order ORD118069 still hasn't arrived and it's been over a week.
TIX100117,CUST005628,2025-10-18,Delivery Delay,Email,28.8,5.0,"The item I received was damaged during shipping, need a replacement."
TIX100118,CUST000003,2026-01-26,Billing Issue,Social Media,17.5,4.0,"Wrong item was shipped to me, I ordered a different color."
TIX100119,CUST001998,2024-09-10,Product Question,Phone,13.6,3.0,Can you tell me the warranty period on this product?
TIX100120,CUST003542,2024-11-15,Product Question,Phone,5.4,4.0,  the delivery guy left my package outside in the rain!!  
TIX100121,CUST002865,2025-07-07,Return Request,Social Media,6.7,,"I was charged twice for order ORD115937, please refund the duplicate charge."
TIX100122,CUST004227,2024-11-01,Return Request,Phone,5.1,,"I want to return this item, it doesn't fit as expected."
TIX100123,CUST004765,2025-11-30,Return Request,Social Media,18.3,4.0,"I want to return this item, it doesn't fit as expected."
TIX100124,CUST002222,2025-07-19,Product Question,Social Media,17.0,5.0,"Wrong item was shipped to me, I ordered a different color."
TIX100125,CUST001781,2026-05-09,Product Question,Live Chat,3.4,5.0,  the delivery guy left my package outside in the rain!!  
TIX100126,CUST003547,2025-08-25,Account Access,Social Media,7.3,5.0,Can you tell me the warranty period on this product?
TIX100127,CUST001461,2026-02-04,Billing Issue,Phone,0.3,,"I want to return this item, it doesn't fit as expected."
TIX100128,CUST002143,2026-05-09,Product Question,Live Chat,3.5,5.0,"I want to return this item, it doesn't fit as expected."
TIX100129,CUST005729,2025-07-21,Refund Status,Social Media,13.5,4.0,Can you tell me the warranty period on this product?
TIX100130,CUST003042,2025-01-07,Account Access,Email,8.5,3.0,"The item I received was damaged during shipping, need a replacement."
TIX100131,CUST003497,2025-10-03,Account Access,Social Media,15.9,4.0,When will my refund for the returned item be processed?
TIX100132,CUST003174,2024-12-03,Account Access,Email,9.8,2.0,"I can't log into my account, it says my password is invalid."
TIX100133,CUST004826,2025-04-04,Product Question,Social Media,1.8,5.0,"Wrong item was shipped to me, I ordered a different color."
TIX100134,CUST005640,2026-03-08,Billing Issue,Social Media,19.8,,"I can't log into my account, it says my password is invalid."
TIX100135,CUST004167,2024-12-17,Account Access,Live Chat,52.1,,"The item I received was damaged during shipping, need a replacement."
TIX100136,CUST003509,2026-01-06,Product Question,Social Media,5.7,1.0,My order ORD118978 still hasn't arrived and it's been over a week.
TIX100137,CUST000064,2025-01-15,Return Request,Social Media,4.2,1.0,When will my refund for the returned item be processed?
TIX100138,CUST005932,2024-10-06,Delivery Delay,Live Chat,32.8,5.0,  the delivery guy left my package outside in the rain!!  
TIX100139,CUST002484,2025-08-18,Damaged Item,Live Chat,5.7,,When will my refund for the returned item be processed?
TIX100140,CUST000715,2025-03-12,Product Question,Social Media,8.5,5.0,"Great service, just wanted to confirm my order status."
TIX100141,CUST005561,2025-04-13,Damaged Item,Phone,4.5,1.0,"I was charged twice for order ORD109875, please refund the duplicate charge."
TIX100142,CUST005636,2025-10-28,Wrong Item Shipped,Phone,17.8,4.0,"I want to return this item, it doesn't fit as expected."
TIX100143,CUST005844,2026-05-24,Billing Issue,Phone,10.8,5.0,"Great service, just wanted to confirm my order status."
TIX100144,CUST002741,2025-12-12,Delivery Delay,Live Chat,8.3,2.0,"Great service, just wanted to confirm my order status."
TIX100145,CUST000783,2025-04-28,Billing Issue,Social Media,5.4,4.0,When will my refund for the returned item be processed?
TIX100146,CUST000947,2025-01-17,Refund Status,Phone,55.7,4.0,"I want to return this item, it doesn't fit as expected."
TIX100147,CUST004365,2025-01-08,Return Request,Live Chat,1.6,4.0,"Great service, just wanted to confirm my order status."
TIX100148,CUST000953,2025-01-18,Wrong Item Shipped,Live Chat,5.8,,"The item I received was damaged during shipping, need a replacement."
TIX100149,CUST004261,2025-10-27,Wrong Item Shipped,Email,7.6,5.0,Can you tell me the warranty period on this product?
TIX100150,CUST000437,2024-12-05,Wrong Item Shipped,Email,30.6,3.0,"I was charged twice for order ORD106240, please refund the duplicate charge."
TIX100151,CUST003755,2026-03-07,Product Question,Social Media,54.6,4.0,"The item I received was damaged during shipping, need a replacement."
TIX100152,CUST003009,2025-08-14,Wrong Item Shipped,Social Media,0.1,,"Great service, just wanted to confirm my order status."
TIX100153,CUST005977,2025-02-22,Billing Issue,Social Media,57.9,,"Wrong item was shipped to me, I ordered a different color."
TIX100154,CUST005085,2026-06-04,Return Request,Phone,58.9,2.0,Can you tell me the warranty period on this product?
TIX100155,CUST000711,2025-10-18,Product Question,Email,43.6,3.0,  the delivery guy left my package outside in the rain!!  
TIX100156,CUST003797,2026-01-13,Return Request,Live Chat,45.4,5.0,"I want to return this item, it doesn't fit as expected."
TIX100157,CUST001871,2025-07-22,Wrong Item Shipped,Social Media,29.2,,"I can't log into my account, it says my password is invalid."
TIX100158,CUST005270,2025-06-04,Billing Issue,Phone,6.4,4.0,"Great service, just wanted to confirm my order status."
TIX100159,CUST004801,2026-05-02,Return Request,Email,29.1,1.0,"I can't log into my account, it says my password is invalid."
TIX100160,CUST000707,2026-01-04,Refund Status,Email,12.1,4.0,When will my refund for the returned item be processed?
TIX100161,CUST000890,2025-02-12,Damaged Item,Social Media,14.0,3.0,When will my refund for the returned item be processed?
TIX100162,CUST004098,2025-03-29,Delivery Delay,Email,0.4,5.0,Can you tell me the warranty period on this product?
TIX100163,CUST001731,2025-03-07,Return Request,Phone,11.6,,"Wrong item was shipped to me, I ordered a different color."
TIX100164,CUST005695,2025-08-27,Delivery Delay,Phone,5.7,5.0,My order ORD111999 still hasn't arrived and it's been over a week.
TIX100165,CUST001579,2025-12-14,Wrong Item Shipped,Email,7.4,5.0,"Wrong item was shipped to me, I ordered a different color."
TIX100166,CUST004347,2025-12-21,Delivery Delay,Social Media,11.6,2.0,My order ORD111059 still hasn't arrived and it's been over a week.
TIX100167,CUST002161,2026-01-29,Product Question,Live Chat,21.0,,"I was charged twice for order ORD111763, please refund the duplicate charge."
TIX100168,CUST001167,2025-11-17,Refund Status,Live Chat,1.4,3.0,  the delivery guy left my package outside in the rain!!  
TIX100169,CUST001252,2024-12-03,Billing Issue,Email,16.7,4.0,"I want to return this item, it doesn't fit as expected."
TIX100170,CUST000594,2025-12-04,Return Request,Live Chat,6.4,1.0,"I want to return this item, it doesn't fit as expected."
TIX100171,CUST000474,2025-07-26,Delivery Delay,Email,31.6,2.0,My order ORD101794 still hasn't arrived and it's been over a week.
TIX100172,CUST002293,2025-06-10,Billing Issue,Social Media,40.4,4.0,  the delivery guy left my package outside in the rain!!  
TIX100173,CUST005742,2025-12-21,Billing Issue,Phone,1.9,5.0,"I want to return this item, it doesn't fit as expected."
TIX100174,CUST003043,2026-06-28,Damaged Item,Email,37.4,5.0,"I was charged twice for order ORD113432, please refund the duplicate charge."
TIX100175,CUST002123,2025-07-22,Refund Status,Live Chat,14.0,,"I want to return this item, it doesn't fit as expected."
TIX100176,CUST005023,2026-03-03,Account Access,Email,3.2,4.0,"The item I received was damaged during shipping, need a replacement."
TIX100177,CUST003625,2026-04-18,Return Request,Phone,0.2,4.0,"I want to return this item, it doesn't fit as expected."
TIX100178,CUST005173,2025-05-01,Wrong Item Shipped,Social Media,16.7,1.0,"Great service, just wanted to confirm my order status."
TIX100179,CUST002075,2024-10-18,Product Question,Social Media,13.7,,"I want to return this item, it doesn't fit as expected."
TIX100180,CUST003183,2024-10-22,Wrong Item Shipped,Social Media,22.6,4.0,"Great service, just wanted to confirm my order status."
TIX100181,CUST003624,2024-11-08,Refund Status,Live Chat,12.7,,"Wrong item was shipped to me, I ordered a different color."
TIX100182,CUST000237,2026-01-20,Product Question,Social Media,0.4,3.0,When will my refund for the returned item be processed?
TIX100183,CUST001446,2026-02-23,Account Access,Email,10.2,5.0,"Wrong item was shipped to me, I ordered a different color."
TIX100184,CUST002959,2025-07-23,Return Request,Social Media,33.1,3.0,"Great service, just wanted to confirm my order status."
TIX100185,CUST003347,2024-09-18,Refund Status,Live Chat,8.7,4.0,"Great service, just wanted to confirm my order status."
TIX100186,CUST004010,2024-10-12,Product Question,Phone,5.5,5.0,  the delivery guy left my package outside in the rain!!  
TIX100187,CUST000492,2026-02-06,Delivery Delay,Live Chat,6.2,5.0,"I can't log into my account, it says my password is invalid."
TIX100188,CUST002795,2025-07-02,Billing Issue,Live Chat,2.0,5.0,When will my refund for the returned item be processed?
TIX100189,CUST003220,2026-06-01,Damaged Item,Live Chat,8.7,,"Wrong item was shipped to me, I ordered a different color."
TIX100190,CUST004013,2025-03-13,Account Access,Social Media,542.0,2.0,"Wrong item was shipped to me, I ordered a different color."
TIX100191,CUST003862,2026-04-04,Wrong Item Shipped,Phone,1.1,3.0,"Wrong item was shipped to me, I ordered a different color."
TIX100192,CUST002160,2026-02-11,Return Request,Phone,44.7,,"I can't log into my account, it says my password is invalid."
TIX100193,CUST003383,2024-11-14,Damaged Item,Phone,10.8,5.0,Can you tell me the warranty period on this product?
TIX100194,CUST004823,2025-11-23,Delivery Delay,Social Media,19.3,4.0,"I was charged twice for order ORD119721, please refund the duplicate charge."
TIX100195,CUST002060,2026-04-12,Product Question,Phone,8.4,5.0,When will my refund for the returned item be processed?
TIX100196,CUST002662,2026-02-16,Return Request,Live Chat,5.6,5.0,When will my refund for the returned item be processed?
TIX100197,CUST003849,2025-09-05,Wrong Item Shipped,Email,1.8,4.0,When will my refund for the returned item be processed?
TIX100198,CUST001804,2025-11-28,Wrong Item Shipped,Phone,11.5,3.0,"I can't log into my account, it says my password is invalid."
TIX100199,CUST000381,2025-09-17,Product Question,Phone,9.8,3.0,"Great service, just wanted to confirm my order status."
TIX100200,CUST005691,2026-02-18,Refund Status,Live Chat,15.3,4.0,"Great service, just wanted to confirm my order status."
TIX100201,CUST002517,2025-05-25,Refund Status,Phone,9.3,5.0,"I was charged twice for order ORD120130, please refund the duplicate charge."
TIX100202,CUST003876,2025-12-25,Wrong Item Shipped,Email,10.7,3.0,  the delivery guy left my package outside in the rain!!  
TIX100203,CUST002342,2025-10-21,Product Question,Live Chat,27.9,5.0,My order ORD103264 still hasn't arrived and it's been over a week.
TIX100204,CUST002135,2026-06-20,Return Request,Email,2.4,,When will my refund for the returned item be processed?
TIX100205,CUST003286,2024-09-05,Account Access,Social Media,9.4,,"I was charged twice for order ORD103178, please refund the duplicate charge."
TIX100206,CUST001726,2026-06-14,Damaged Item,Email,2.7,2.0,When will my refund for the returned item be processed?
TIX100207,CUST002689,2025-04-07,Return Request,Email,49.9,,My order ORD119308 still hasn't arrived and it's been over a week.
TIX100208,CUST000633,2024-10-15,Return Request,Email,31.8,5.0,"Great service, just wanted to confirm my order status."
TIX100209,CUST002700,2024-12-22,Damaged Item,Social Media,33.8,5.0,  the delivery guy left my package outside in the rain!!  
TIX100210,CUST002368,2025-12-11,Refund Status,Social Media,2.7,,"I can't log into my account, it says my password is invalid."
TIX100211,CUST004722,2025-11-26,Wrong Item Shipped,Phone,37.5,,My order ORD119119 still hasn't arrived and it's been over a week.
TIX100212,CUST000395,2026-01-19,Damaged Item,Live Chat,2.8,3.0,"I was charged twice for order ORD111800, please refund the duplicate charge."
TIX100213,CUST004398,2025-10-12,Account Access,Phone,11.3,5.0,When will my refund for the returned item be processed?
TIX100214,CUST005292,2025-04-12,Billing Issue,Email,1.9,5.0,  the delivery guy left my package outside in the rain!!  
TIX100215,CUST006059,2026-04-13,Damaged Item,Email,47.9,5.0,My order ORD103983 still hasn't arrived and it's been over a week.
TIX100216,CUST002611,2025-12-19,Account Access,Live Chat,74.2,4.0,"I was charged twice for order ORD110259, please refund the duplicate charge."
TIX100217,CUST005246,2026-02-03,Return Request,Email,9.9,,"I want to return this item, it doesn't fit as expected."
TIX100218,CUST002745,2026-02-20,Billing Issue,Social Media,53.7,,"I want to return this item, it doesn't fit as expected."
TIX100219,CUST002961,2025-08-08,Billing Issue,Email,1.8,5.0,When will my refund for the returned item be processed?
TIX100220,CUST004809,2025-07-20,Refund Status,Social Media,43.5,4.0,"Wrong item was shipped to me, I ordered a different color."
TIX100221,CUST004583,2024-10-10,Refund Status,Social Media,7.6,2.0,"I can't log into my account, it says my password is invalid."
TIX100222,CUST004956,2025-09-26,Billing Issue,Live Chat,19.8,5.0,Can you tell me the warranty period on this product?
TIX100223,CUST001858,2025-07-27,Product Question,Phone,8.0,4.0,  the delivery guy left my package outside in the rain!!  
TIX100224,CUST001657,2025-03-27,Refund Status,Social Media,16.4,1.0,"I can't log into my account, it says my password is invalid."
TIX100225,CUST003850,2025-08-03,Refund Status,Phone,4.7,4.0,"I can't log into my account, it says my password is invalid."
TIX100226,CUST000182,2025-04-03,Refund Status,Email,17.7,5.0,My order ORD113527 still hasn't arrived and it's been over a week.
TIX100227,CUST001964,2025-04-18,Damaged Item,Live Chat,12.8,3.0,"I can't log into my account, it says my password is invalid."
TIX100228,CUST002716,2024-09-08,Damaged Item,Email,8.1,4.0,Can you tell me the warranty period on this product?
TIX100229,CUST002453,2026-01-17,Refund Status,Email,10.4,3.0,"I want to return this item, it doesn't fit as expected."
TIX100230,CUST005733,2024-11-14,Damaged Item,Email,12.5,,"Great service, just wanted to confirm my order status."
TIX100231,CUST002982,2024-10-03,Billing Issue,Live Chat,9.7,3.0,  the delivery guy left my package outside in the rain!!  
TIX100232,CUST003979,2026-06-29,Return Request,Email,1.3,4.0,"I want to return this item, it doesn't fit as expected."
TIX100233,CUST004872,2025-11-07,Account Access,Live Chat,27.9,5.0,My order ORD116287 still hasn't arrived and it's been over a week.
TIX100234,CUST001201,2025-04-09,Account Access,Phone,19.6,5.0,"The item I received was damaged during shipping, need a replacement."
TIX100235,CUST003936,2025-09-22,Product Question,Social Media,20.6,1.0,When will my refund for the returned item be processed?
TIX100236,CUST002148,2025-03-16,Delivery Delay,Phone,1.0,4.0,"Great service, just wanted to confirm my order status."
TIX100237,CUST002172,2025-10-15,Refund Status,Live Chat,26.7,5.0,"The item I received was damaged during shipping, need a replacement."
TIX100238,CUST003226,2026-04-01,Product Question,Phone,26.9,5.0,"Great service, just wanted to confirm my order status."
TIX100239,CUST004040,2025-05-16,Return Request,Phone,28.5,4.0,"The item I received was damaged during shipping, need a replacement."
TIX100240,CUST005137,2025-08-14,Account Access,Email,17.2,4.0,"Great service, just wanted to confirm my order status."
TIX100241,CUST003540,2026-06-20,Delivery Delay,Social Media,13.0,3.0,My order ORD102710 still hasn't arrived and it's been over a week.
TIX100242,CUST004645,2025-06-25,Return Request,Phone,37.1,5.0,"I was charged twice for order ORD119966, please refund the duplicate charge."
TIX100243,CUST004647,2025-05-31,Billing Issue,Social Media,15.7,5.0,"Great service, just wanted to confirm my order status."
TIX100244,CUST004895,2025-05-02,Refund Status,Social Media,1.8,4.0,My order ORD115720 still hasn't arrived and it's been over a week.
TIX100245,CUST000874,2025-04-20,Damaged Item,Social Media,7.7,,"I can't log into my account, it says my password is invalid."
TIX100246,CUST004281,2026-05-31,Refund Status,Live Chat,22.5,5.0,When will my refund for the returned item be processed?
TIX100247,CUST003565,2024-11-08,Return Request,Phone,9.5,5.0,"I want to return this item, it doesn't fit as expected."
TIX100248,CUST000328,2025-08-08,Wrong Item Shipped,Social Media,29.0,4.0,"I can't log into my account, it says my password is invalid."
TIX100249,CUST003169,2024-09-24,Refund Status,Phone,11.3,5.0,"I was charged twice for order ORD108601, please refund the duplicate charge."
TIX100250,CUST004894,2025-07-03,Refund Status,Phone,8.8,5.0,"The item I received was damaged during shipping, need a replacement."
TIX100251,CUST000086,2025-10-06,Refund Status,Phone,7.7,4.0,"Great service, just wanted to confirm my order status."
TIX100252,CUST001510,2025-05-13,Billing Issue,Email,6.8,5.0,"The item I received was damaged during shipping, need a replacement."
TIX100253,CUST005565,2024-11-07,Wrong Item Shipped,Phone,11.7,4.0,"The item I received was damaged during shipping, need a replacement."
TIX100254,CUST000601,2026-06-15,Account Access,Email,16.5,1.0,"Wrong item was shipped to me, I ordered a different color."
TIX100255,CUST004109,2025-12-05,Delivery Delay,Live Chat,46.6,3.0,Can you tell me the warranty period on this product?
TIX100256,CUST003166,2025-11-29,Refund Status,Social Media,23.7,4.0,"I was charged twice for order ORD115866, please refund the duplicate charge."
TIX100257,CUST004837,2026-01-12,Product Question,Live Chat,4.3,4.0,"Wrong item was shipped to me, I ordered a different color."
TIX100258,CUST003581,2025-10-10,Refund Status,Email,10.9,5.0,"Wrong item was shipped to me, I ordered a different color."
TIX100259,CUST002894,2025-08-15,Product Question,Live Chat,6.6,4.0,"I can't log into my account, it says my password is invalid."
TIX100260,CUST002225,2026-06-02,Return Request,Phone,5.0,4.0,When will my refund for the returned item be processed?
TIX100261,CUST001083,2026-01-09,Account Access,Email,19.3,5.0,"Wrong item was shipped to me, I ordered a different color."
TIX100262,CUST002951,2025-03-15,Product Question,Social Media,2.2,3.0,"Great service, just wanted to confirm my order status."
TIX100263,CUST004072,2026-06-07,Delivery Delay,Social Media,0.5,4.0,  the delivery guy left my package outside in the rain!!  
TIX100264,CUST003589,2024-12-10,Wrong Item Shipped,Live Chat,9.6,4.0,Can you tell me the warranty period on this product?
TIX100265,CUST002839,2025-12-02,Return Request,Email,2.7,4.0,  the delivery guy left my package outside in the rain!!  
TIX100266,CUST002019,2025-04-27,Wrong Item Shipped,Email,12.9,3.0,  the delivery guy left my package outside in the rain!!  
TIX100267,CUST002696,2026-03-03,Account Access,Email,14.4,5.0,  the delivery guy left my package outside in the rain!!  
TIX100268,CUST001638,2025-11-16,Damaged Item,Live Chat,3.3,4.0,"I can't log into my account, it says my password is invalid."
TIX100269,CUST000226,2025-04-21,Account Access,Phone,21.5,5.0,"The item I received was damaged during shipping, need a replacement."
TIX100270,CUST002631,2025-04-04,Damaged Item,Live Chat,2.2,4.0,My order ORD110369 still hasn't arrived and it's been over a week.
TIX100271,CUST005213,2025-08-25,Delivery Delay,Phone,17.3,5.0,"I can't log into my account, it says my password is invalid."
TIX100272,CUST000390,2025-03-10,Refund Status,Social Media,18.7,5.0,"Great service, just wanted to confirm my order status."
TIX100273,CUST000317,2024-09-17,Account Access,Phone,29.8,4.0,When will my refund for the returned item be processed?
TIX100274,CUST005049,2026-05-06,Damaged Item,Email,39.2,,"I want to return this item, it doesn't fit as expected."
TIX100275,CUST002388,2026-02-10,Wrong Item Shipped,Phone,20.0,4.0,Can you tell me the warranty period on this product?
TIX100276,CUST006020,2026-04-21,Billing Issue,Live Chat,17.5,2.0,When will my refund for the returned item be processed?
TIX100277,CUST005201,2025-12-23,Account Access,Social Media,20.4,2.0,"I want to return this item, it doesn't fit as expected."
TIX100278,CUST004189,2025-11-04,Wrong Item Shipped,Live Chat,13.5,5.0,"I can't log into my account, it says my password is invalid."
TIX100279,CUST005679,2025-02-12,Return Request,Email,17.3,3.0,"I can't log into my account, it says my password is invalid."
TIX100280,CUST000341,2026-06-26,Refund Status,Phone,42.6,3.0,"Great service, just wanted to confirm my order status."
TIX100281,CUST001162,2025-06-28,Wrong Item Shipped,Social Media,21.3,5.0,"I want to return this item, it doesn't fit as expected."
TIX100282,CUST002310,2025-01-31,Refund Status,Social Media,6.5,3.0,"The item I received was damaged during shipping, need a replacement."
TIX100283,CUST004826,2025-08-17,Return Request,Social Media,22.6,3.0,"I want to return this item, it doesn't fit as expected."
TIX100284,CUST005732,2025-05-17,Wrong Item Shipped,Live Chat,1.7,5.0,"I can't log into my account, it says my password is invalid."
TIX100285,CUST000399,2024-12-07,Wrong Item Shipped,Live Chat,10.9,5.0,Can you tell me the warranty period on this product?
TIX100286,CUST004629,2024-11-14,Damaged Item,Social Media,9.0,4.0,My order ORD101272 still hasn't arrived and it's been over a week.
TIX100287,CUST005256,2025-04-16,Refund Status,Phone,7.3,5.0,"Great service, just wanted to confirm my order status."
TIX100288,CUST003296,2025-06-05,Product Question,Email,17.6,5.0,"I want to return this item, it doesn't fit as expected."
TIX100289,CUST005647,2025-10-09,Return Request,Phone,3.3,4.0,"Wrong item was shipped to me, I ordered a different color."
TIX100290,CUST000748,2026-02-19,Delivery Delay,Email,51.2,5.0,My order ORD115937 still hasn't arrived and it's been over a week.
TIX100291,CUST002430,2025-01-16,Billing Issue,Phone,5.4,5.0,"The item I received was damaged during shipping, need a replacement."
TIX100292,CUST000493,2025-02-24,Wrong Item Shipped,Email,21.3,1.0,"I was charged twice for order ORD120559, please refund the duplicate charge."
TIX100293,CUST000631,2026-01-29,Billing Issue,Email,10.4,4.0,"I was charged twice for order ORD120889, please refund the duplicate charge."
TIX100294,CUST004660,2025-03-07,Delivery Delay,Live Chat,4.1,2.0,  the delivery guy left my package outside in the rain!!  
TIX100295,CUST000400,2024-09-14,Damaged Item,Email,9.9,,My order ORD126893 still hasn't arrived and it's been over a week.
TIX100296,CUST002531,2026-01-17,Account Access,Email,8.1,4.0,"I want to return this item, it doesn't fit as expected."
TIX100297,CUST004666,2026-03-13,Billing Issue,Phone,27.3,1.0,Can you tell me the warranty period on this product?
TIX100298,CUST000715,2025-11-24,Billing Issue,Live Chat,19.3,4.0,"I want to return this item, it doesn't fit as expected."
TIX100299,CUST005077,2026-06-09,Damaged Item,Social Media,32.2,5.0,"I was charged twice for order ORD127609, please refund the duplicate charge."
TIX100300,CUST001268,2024-09-11,Billing Issue,Social Media,0.8,4.0,"The item I received was damaged during shipping, need a replacement."
TIX100301,CUST003836,2024-12-09,Refund Status,Live Chat,32.2,4.0,"I was charged twice for order ORD102082, please refund the duplicate charge."
TIX100302,CUST000131,2024-12-02,Return Request,Live Chat,9.5,1.0,  the delivery guy left my package outside in the rain!!  
TIX100303,CUST001174,2024-12-11,Refund Status,Social Media,5.4,4.0,"I want to return this item, it doesn't fit as expected."
TIX100304,CUST000151,2025-03-23,Wrong Item Shipped,Live Chat,4.1,3.0,"I want to return this item, it doesn't fit as expected."
TIX100305,CUST000981,2026-06-27,Delivery Delay,Social Media,7.7,2.0,"I want to return this item, it doesn't fit as expected."
TIX100306,CUST002222,2025-02-08,Damaged Item,Phone,7.6,5.0,  the delivery guy left my package outside in the rain!!  
TIX100307,CUST001539,2024-09-19,Product Question,Social Media,2.8,5.0,  the delivery guy left my package outside in the rain!!  
TIX100308,CUST004819,2026-05-06,Damaged Item,Phone,16.5,4.0,"Wrong item was shipped to me, I ordered a different color."
TIX100309,CUST004984,2025-06-03,Billing Issue,Phone,1.6,5.0,"Great service, just wanted to confirm my order status."
TIX100310,CUST003268,2026-01-05,Refund Status,Social Media,12.5,5.0,  the delivery guy left my package outside in the rain!!  
TIX100311,CUST005049,2026-01-24,Account Access,Phone,8.9,4.0,"Great service, just wanted to confirm my order status."
TIX100312,CUST000697,2026-04-06,Wrong Item Shipped,Live Chat,30.4,,When will my refund for the returned item be processed?
TIX100313,CUST002060,2025-06-02,Delivery Delay,Social Media,4.5,,"Wrong item was shipped to me, I ordered a different color."
TIX100314,CUST005685,2026-06-10,Product Question,Live Chat,14.8,3.0,Can you tell me the warranty period on this product?
TIX100315,CUST003858,2026-04-04,Account Access,Social Media,2.3,3.0,"I was charged twice for order ORD127770, please refund the duplicate charge."
TIX100316,CUST001300,2024-12-09,Wrong Item Shipped,Social Media,22.7,4.0,"Great service, just wanted to confirm my order status."
TIX100317,CUST002519,2025-09-05,Billing Issue,Phone,7.1,4.0,My order ORD122501 still hasn't arrived and it's been over a week.
TIX100318,CUST004930,2026-02-03,Refund Status,Social Media,57.5,4.0,"Wrong item was shipped to me, I ordered a different color."
TIX100319,CUST005603,2026-06-19,Wrong Item Shipped,Social Media,42.7,4.0,"I can't log into my account, it says my password is invalid."
TIX100320,CUST003916,2024-09-10,Damaged Item,Phone,11.7,3.0,"I want to return this item, it doesn't fit as expected."
TIX100321,CUST004599,2025-07-10,Account Access,Email,28.0,4.0,My order ORD113661 still hasn't arrived and it's been over a week.
TIX100322,CUST005327,2025-01-04,Return Request,Social Media,1.4,5.0,My order ORD109378 still hasn't arrived and it's been over a week.
TIX100323,CUST001954,2025-11-21,Billing Issue,Social Media,27.4,2.0,"I want to return this item, it doesn't fit as expected."
TIX100324,CUST005542,2024-09-15,Account Access,Social Media,10.7,3.0,Can you tell me the warranty period on this product?
TIX100325,CUST000718,2025-09-04,Refund Status,Email,1.8,5.0,Can you tell me the warranty period on this product?
TIX100326,CUST004214,2025-05-16,Billing Issue,Phone,5.9,,"I can't log into my account, it says my password is invalid."
TIX100327,CUST003429,2025-11-29,Account Access,Email,6.4,5.0,"Great service, just wanted to confirm my order status."
TIX100328,CUST005873,2024-10-26,Account Access,Live Chat,22.7,4.0,"The item I received was damaged during shipping, need a replacement."
TIX100329,CUST001316,2026-02-07,Wrong Item Shipped,Live Chat,27.8,5.0,"I want to return this item, it doesn't fit as expected."
TIX100330,CUST006071,2025-12-03,Damaged Item,Phone,13.7,4.0,"I want to return this item, it doesn't fit as expected."
TIX100331,CUST003311,2026-01-05,Return Request,Email,7.2,4.0,  the delivery guy left my package outside in the rain!!  
TIX100332,CUST002520,2025-11-10,Damaged Item,Live Chat,9.4,5.0,"Wrong item was shipped to me, I ordered a different color."
TIX100333,CUST003459,2025-09-07,Wrong Item Shipped,Live Chat,17.7,4.0,"The item I received was damaged during shipping, need a replacement."
TIX100334,CUST002787,2025-07-12,Product Question,Email,18.0,4.0,"I can't log into my account, it says my password is invalid."
TIX100335,CUST002953,2025-12-21,Delivery Delay,Phone,3.6,,My order ORD115270 still hasn't arrived and it's been over a week.
TIX100336,CUST001062,2026-05-25,Damaged Item,Social Media,12.5,,My order ORD103696 still hasn't arrived and it's been over a week.
TIX100337,CUST004786,2026-06-06,Account Access,Social Media,15.1,5.0,My order ORD116856 still hasn't arrived and it's been over a week.
TIX100338,CUST002530,2025-03-30,Refund Status,Phone,24.9,3.0,"Wrong item was shipped to me, I ordered a different color."
TIX100339,CUST003407,2024-11-17,Product Question,Email,11.3,3.0,  the delivery guy left my package outside in the rain!!  
TIX100340,CUST003444,2024-12-29,Damaged Item,Live Chat,49.7,4.0,"I was charged twice for order ORD108691, please refund the duplicate charge."
TIX100341,CUST005726,2024-11-04,Return Request,Social Media,19.7,,"I can't log into my account, it says my password is invalid."
TIX100342,CUST004874,2025-04-25,Account Access,Social Media,23.1,5.0,  the delivery guy left my package outside in the rain!!  
TIX100343,CUST000066,2025-01-05,Delivery Delay,Live Chat,15.9,5.0,Can you tell me the warranty period on this product?
TIX100344,CUST002071,2024-10-26,Damaged Item,Live Chat,33.6,,Can you tell me the warranty period on this product?
TIX100345,CUST003865,2025-05-20,Wrong Item Shipped,Live Chat,8.0,5.0,"I want to return this item, it doesn't fit as expected."
TIX100346,CUST000117,2026-03-07,Delivery Delay,Email,0.6,4.0,My order ORD108564 still hasn't arrived and it's been over a week.
TIX100347,CUST000536,2025-08-21,Account Access,Phone,2.2,4.0,"The item I received was damaged during shipping, need a replacement."
TIX100348,CUST005474,2025-06-07,Refund Status,Phone,10.1,5.0,"I want to return this item, it doesn't fit as expected."
TIX100349,CUST005030,2024-12-17,Delivery Delay,Live Chat,9.0,1.0,"The item I received was damaged during shipping, need a replacement."
TIX100350,CUST001094,2025-10-04,Refund Status,Email,10.7,5.0,"The item I received was damaged during shipping, need a replacement."
TIX100351,CUST001495,2026-05-18,Wrong Item Shipped,Email,13.9,3.0,"Wrong item was shipped to me, I ordered a different color."
TIX100352,CUST001416,2024-09-14,Delivery Delay,Social Media,9.4,1.0,"Wrong item was shipped to me, I ordered a different color."
TIX100353,CUST005382,2024-10-16,Wrong Item Shipped,Social Media,0.9,5.0,"I can't log into my account, it says my password is invalid."
TIX100354,CUST001368,2024-12-09,Damaged Item,Email,28.9,4.0,"I was charged twice for order ORD105158, please refund the duplicate charge."
TIX100355,CUST000653,2026-06-04,Damaged Item,Email,49.1,,"I want to return this item, it doesn't fit as expected."
TIX100356,CUST003422,2026-05-18,Damaged Item,Email,15.6,3.0,When will my refund for the returned item be processed?
TIX100357,CUST001798,2026-05-24,Account Access,Phone,11.4,2.0,"The item I received was damaged during shipping, need a replacement."
TIX100358,CUST002114,2025-10-30,Account Access,Phone,2.2,4.0,When will my refund for the returned item be processed?
TIX100359,CUST002867,2026-04-08,Billing Issue,Live Chat,46.2,5.0,  the delivery guy left my package outside in the rain!!  
TIX100360,CUST001096,2025-10-05,Billing Issue,Email,8.1,4.0,  the delivery guy left my package outside in the rain!!  
TIX100361,CUST005650,2025-03-03,Account Access,Live Chat,26.9,,My order ORD102476 still hasn't arrived and it's been over a week.
TIX100362,CUST001402,2025-09-28,Damaged Item,Live Chat,3.9,2.0,"The item I received was damaged during shipping, need a replacement."
TIX100363,CUST004958,2026-04-15,Damaged Item,Social Media,43.1,5.0,"The item I received was damaged during shipping, need a replacement."
TIX100364,CUST003593,2025-04-11,Billing Issue,Social Media,22.4,1.0,  the delivery guy left my package outside in the rain!!  
TIX100365,CUST001759,2024-11-18,Return Request,Social Media,6.8,5.0,When will my refund for the returned item be processed?
TIX100366,CUST001754,2026-06-01,Billing Issue,Live Chat,25.6,4.0,"Great service, just wanted to confirm my order status."
TIX100367,CUST000215,2025-02-08,Delivery Delay,Live Chat,6.5,5.0,When will my refund for the returned item be processed?
TIX100368,CUST000078,2025-05-19,Damaged Item,Phone,4.4,5.0,  the delivery guy left my package outside in the rain!!  
TIX100369,CUST005554,2025-02-24,Return Request,Email,29.7,5.0,"Wrong item was shipped to me, I ordered a different color."
TIX100370,CUST005913,2025-09-22,Account Access,Phone,47.9,5.0,"Wrong item was shipped to me, I ordered a different color."
TIX100371,CUST003571,2025-02-12,Delivery Delay,Live Chat,1.0,4.0,  the delivery guy left my package outside in the rain!!  
TIX100372,CUST003838,2026-02-02,Refund Status,Email,1.6,,"Great service, just wanted to confirm my order status."
TIX100373,CUST001043,2025-03-15,Account Access,Email,39.1,,Can you tell me the warranty period on this product?
TIX100374,CUST002248,2024-09-11,Account Access,Phone,53.0,4.0,My order ORD116390 still hasn't arrived and it's been over a week.
TIX100375,CUST001250,2025-10-08,Wrong Item Shipped,Social Media,22.1,,"The item I received was damaged during shipping, need a replacement."
TIX100376,CUST003158,2025-05-13,Return Request,Phone,10.1,5.0,"I was charged twice for order ORD110615, please refund the duplicate charge."
TIX100377,CUST005253,2025-02-20,Delivery Delay,Phone,13.1,1.0,"The item I received was damaged during shipping, need a replacement."
TIX100378,CUST002134,2025-12-24,Account Access,Live Chat,8.3,3.0,When will my refund for the returned item be processed?
TIX100379,CUST002456,2025-05-29,Wrong Item Shipped,Email,51.8,4.0,"The item I received was damaged during shipping, need a replacement."
TIX100380,CUST002104,2026-01-09,Delivery Delay,Live Chat,20.6,5.0,"I was charged twice for order ORD100117, please refund the duplicate charge."
TIX100381,CUST001936,2025-06-09,Wrong Item Shipped,Social Media,53.2,3.0,My order ORD116140 still hasn't arrived and it's been over a week.
TIX100382,CUST005506,2025-06-01,Billing Issue,Phone,42.2,2.0,When will my refund for the returned item be processed?
TIX100383,CUST000715,2025-06-18,Delivery Delay,Live Chat,20.8,5.0,"I was charged twice for order ORD101105, please refund the duplicate charge."
TIX100384,CUST000938,2025-03-16,Account Access,Email,4.8,5.0,"I want to return this item, it doesn't fit as expected."
TIX100385,CUST001007,2025-05-06,Return Request,Phone,10.7,5.0,"I want to return this item, it doesn't fit as expected."
TIX100386,CUST004033,2025-09-11,Damaged Item,Social Media,20.2,3.0,"The item I received was damaged during shipping, need a replacement."
TIX100387,CUST004114,2025-11-25,Wrong Item Shipped,Social Media,11.4,5.0,"I was charged twice for order ORD103717, please refund the duplicate charge."
TIX100388,CUST000577,2026-06-18,Account Access,Live Chat,10.5,5.0,"I can't log into my account, it says my password is invalid."
TIX100389,CUST001659,2025-06-24,Wrong Item Shipped,Email,9.9,3.0,"I want to return this item, it doesn't fit as expected."
TIX100390,CUST002711,2025-02-22,Return Request,Social Media,3.5,5.0,"The item I received was damaged during shipping, need a replacement."
TIX100391,CUST005707,2026-05-13,Account Access,Phone,8.8,4.0,  the delivery guy left my package outside in the rain!!  
TIX100392,CUST003961,2024-12-16,Delivery Delay,Live Chat,79.4,5.0,"Great service, just wanted to confirm my order status."
TIX100393,CUST004622,2025-06-28,Refund Status,Social Media,5.3,5.0,  the delivery guy left my package outside in the rain!!  
TIX100394,CUST005907,2025-08-14,Damaged Item,Phone,6.7,4.0,Can you tell me the warranty period on this product?
TIX100395,CUST000572,2024-10-18,Delivery Delay,Social Media,59.5,5.0,"The item I received was damaged during shipping, need a replacement."
TIX100396,CUST005730,2026-04-20,Product Question,Phone,12.9,2.0,Can you tell me the warranty period on this product?
TIX100397,CUST004494,2025-10-14,Damaged Item,Social Media,26.6,2.0,"Wrong item was shipped to me, I ordered a different color."
TIX100398,CUST001585,2026-01-10,Wrong Item Shipped,Live Chat,5.1,3.0,  the delivery guy left my package outside in the rain!!  
TIX100399,CUST001764,2025-05-07,Refund Status,Live Chat,9.3,4.0,My order ORD107403 still hasn't arrived and it's been over a week.
TIX100400,CUST004346,2024-09-24,Damaged Item,Phone,17.5,5.0,"I was charged twice for order ORD112950, please refund the duplicate charge."
TIX100401,CUST005091,2025-11-04,Product Question,Phone,5.2,4.0,"Wrong item was shipped to me, I ordered a different color."
TIX100402,CUST004542,2026-02-19,Return Request,Email,8.7,5.0,"The item I received was damaged during shipping, need a replacement."
TIX100403,CUST005940,2025-05-16,Refund Status,Email,11.6,3.0,My order ORD116357 still hasn't arrived and it's been over a week.
TIX100404,CUST000770,2026-01-10,Return Request,Live Chat,33.2,4.0,My order ORD121810 still hasn't arrived and it's been over a week.
TIX100405,CUST001250,2026-02-12,Return Request,Live Chat,21.2,,"I want to return this item, it doesn't fit as expected."
TIX100406,CUST002301,2025-10-28,Product Question,Phone,44.7,4.0,Can you tell me the warranty period on this product?
TIX100407,CUST001625,2025-05-11,Delivery Delay,Social Media,61.4,4.0,"I can't log into my account, it says my password is invalid."
TIX100408,CUST003359,2025-06-18,Refund Status,Social Media,11.5,5.0,"I was charged twice for order ORD112900, please refund the duplicate charge."
TIX100409,CUST002325,2025-06-28,Damaged Item,Social Media,9.8,2.0,"Wrong item was shipped to me, I ordered a different color."
TIX100410,CUST003780,2024-12-11,Billing Issue,Email,14.8,2.0,Can you tell me the warranty period on this product?
TIX100411,CUST004383,2026-03-22,Wrong Item Shipped,Email,41.1,3.0,  the delivery guy left my package outside in the rain!!  
TIX100412,CUST003022,2024-12-03,Refund Status,Email,0.4,3.0,"Great service, just wanted to confirm my order status."
TIX100413,CUST001137,2024-12-28,Product Question,Phone,4.8,,"Wrong item was shipped to me, I ordered a different color."
TIX100414,CUST002522,2025-11-30,Delivery Delay,Email,32.7,3.0,"I was charged twice for order ORD104174, please refund the duplicate charge."
TIX100415,CUST005199,2025-02-25,Damaged Item,Email,13.3,4.0,When will my refund for the returned item be processed?
TIX100416,CUST001355,2026-05-20,Return Request,Social Media,32.2,3.0,"Great service, just wanted to confirm my order status."
TIX100417,CUST001630,2026-04-12,Account Access,Live Chat,19.0,5.0,"I want to return this item, it doesn't fit as expected."
TIX100418,CUST000497,2026-04-22,Product Question,Live Chat,30.2,5.0,"Great service, just wanted to confirm my order status."
TIX100419,CUST002439,2025-01-23,Billing Issue,Social Media,9.8,5.0,"I want to return this item, it doesn't fit as expected."
TIX100420,CUST000149,2026-06-21,Refund Status,Phone,0.2,4.0,"I was charged twice for order ORD109461, please refund the duplicate charge."
TIX100421,CUST001574,2025-11-05,Account Access,Live Chat,20.2,5.0,"I was charged twice for order ORD103021, please refund the duplicate charge."
TIX100422,CUST002741,2025-12-30,Wrong Item Shipped,Email,12.4,3.0,My order ORD109140 still hasn't arrived and it's been over a week.
TIX100423,CUST000895,2025-04-20,Refund Status,Email,73.7,4.0,"I was charged twice for order ORD113769, please refund the duplicate charge."
TIX100424,CUST004595,2024-09-14,Account Access,Social Media,2.3,5.0,My order ORD121033 still hasn't arrived and it's been over a week.
TIX100425,CUST002706,2026-06-02,Delivery Delay,Social Media,17.4,5.0,"I can't log into my account, it says my password is invalid."
TIX100426,CUST005533,2024-12-13,Delivery Delay,Email,6.5,4.0,Can you tell me the warranty period on this product?
TIX100427,CUST001872,2024-09-28,Account Access,Phone,12.6,3.0,"Great service, just wanted to confirm my order status."
TIX100428,CUST005715,2024-10-05,Billing Issue,Phone,1.4,5.0,"Great service, just wanted to confirm my order status."
TIX100429,CUST002357,2024-10-28,Account Access,Live Chat,35.5,3.0,Can you tell me the warranty period on this product?
TIX100430,CUST003567,2026-02-27,Delivery Delay,Live Chat,40.0,,My order ORD105699 still hasn't arrived and it's been over a week.
TIX100431,CUST004005,2026-06-02,Damaged Item,Phone,12.2,5.0,  the delivery guy left my package outside in the rain!!  
TIX100432,CUST000643,2025-01-11,Billing Issue,Email,1.6,1.0,When will my refund for the returned item be processed?
TIX100433,CUST000116,2025-01-12,Refund Status,Email,15.7,4.0,"I can't log into my account, it says my password is invalid."
TIX100434,CUST005236,2025-03-16,Damaged Item,Social Media,6.1,1.0,"Wrong item was shipped to me, I ordered a different color."
TIX100435,CUST000590,2026-06-07,Billing Issue,Email,0.5,5.0,"I can't log into my account, it says my password is invalid."
TIX100436,CUST002853,2025-09-13,Wrong Item Shipped,Social Media,31.9,3.0,"I want to return this item, it doesn't fit as expected."
TIX100437,CUST003553,2026-01-01,Return Request,Live Chat,2.5,,My order ORD114455 still hasn't arrived and it's been over a week.
TIX100438,CUST003401,2025-08-10,Account Access,Email,46.7,5.0,When will my refund for the returned item be processed?
TIX100439,CUST003721,2026-04-09,Delivery Delay,Phone,19.6,5.0,"I want to return this item, it doesn't fit as expected."
TIX100440,CUST005844,2024-09-03,Account Access,Email,2.8,4.0,"I want to return this item, it doesn't fit as expected."
TIX100441,CUST003149,2026-01-02,Account Access,Social Media,5.6,4.0,  the delivery guy left my package outside in the rain!!  
TIX100442,CUST004940,2024-11-08,Product Question,Email,67.6,3.0,"I can't log into my account, it says my password is invalid."
TIX100443,CUST004728,2025-08-19,Product Question,Email,18.8,4.0,"Wrong item was shipped to me, I ordered a different color."
TIX100444,CUST002116,2025-08-12,Delivery Delay,Phone,11.8,2.0,When will my refund for the returned item be processed?
TIX100445,CUST003315,2024-09-04,Billing Issue,Email,55.5,1.0,  the delivery guy left my package outside in the rain!!  
TIX100446,CUST000420,2025-02-24,Product Question,Social Media,0.6,4.0,My order ORD123494 still hasn't arrived and it's been over a week.
TIX100447,CUST001040,2025-08-25,Billing Issue,Phone,8.7,5.0,Can you tell me the warranty period on this product?
TIX100448,CUST001014,2025-05-10,Damaged Item,Phone,30.7,5.0,When will my refund for the returned item be processed?
TIX100449,CUST000048,2025-05-10,Billing Issue,Phone,55.9,3.0,"Wrong item was shipped to me, I ordered a different color."
TIX100450,CUST002470,2025-12-15,Refund Status,Email,27.6,3.0,"Wrong item was shipped to me, I ordered a different color."
TIX100451,CUST000550,2025-11-20,Damaged Item,Social Media,18.3,5.0,When will my refund for the returned item be processed?
TIX100452,CUST002133,2026-03-07,Return Request,Live Chat,2.5,4.0,Can you tell me the warranty period on this product?
TIX100453,CUST000738,2025-02-14,Delivery Delay,Email,13.9,5.0,"Wrong item was shipped to me, I ordered a different color."
TIX100454,CUST002758,2025-01-15,Product Question,Live Chat,15.4,3.0,Can you tell me the warranty period on this product?
TIX100455,CUST006056,2025-07-27,Billing Issue,Email,31.7,2.0,Can you tell me the warranty period on this product?
TIX100456,CUST003728,2025-06-17,Product Question,Email,19.9,1.0,Can you tell me the warranty period on this product?
TIX100457,CUST002660,2026-02-03,Damaged Item,Live Chat,33.6,4.0,"I can't log into my account, it says my password is invalid."
TIX100458,CUST002884,2024-11-21,Refund Status,Social Media,15.6,5.0,"I can't log into my account, it says my password is invalid."
TIX100459,CUST000782,2026-05-19,Billing Issue,Phone,2.6,1.0,When will my refund for the returned item be processed?
TIX100460,CUST000172,2025-01-10,Account Access,Social Media,24.9,5.0,"Great service, just wanted to confirm my order status."
TIX100461,CUST002399,2026-02-03,Damaged Item,Live Chat,18.2,4.0,When will my refund for the returned item be processed?
TIX100462,CUST001332,2025-01-23,Return Request,Social Media,7.7,,When will my refund for the returned item be processed?
TIX100463,CUST004427,2025-05-06,Billing Issue,Live Chat,30.8,3.0,"The item I received was damaged during shipping, need a replacement."
TIX100464,CUST004539,2025-03-27,Damaged Item,Phone,38.7,5.0,"Wrong item was shipped to me, I ordered a different color."
TIX100465,CUST004115,2026-02-02,Return Request,Social Media,23.8,4.0,"Great service, just wanted to confirm my order status."
TIX100466,CUST003536,2025-04-17,Damaged Item,Email,11.9,4.0,"I can't log into my account, it says my password is invalid."
TIX100467,CUST001645,2024-10-16,Account Access,Social Media,6.7,4.0,"I can't log into my account, it says my password is invalid."
TIX100468,CUST003449,2026-04-07,Account Access,Phone,4.7,5.0,"Wrong item was shipped to me, I ordered a different color."
TIX100469,CUST004439,2024-12-10,Wrong Item Shipped,Phone,32.0,5.0,"I was charged twice for order ORD112743, please refund the duplicate charge."
TIX100470,CUST002379,2025-10-05,Damaged Item,Social Media,18.9,2.0,"Great service, just wanted to confirm my order status."
TIX100471,CUST002547,2025-09-06,Account Access,Social Media,18.4,5.0,"I was charged twice for order ORD110949, please refund the duplicate charge."
TIX100472,CUST005769,2024-11-16,Return Request,Live Chat,4.0,4.0,"I want to return this item, it doesn't fit as expected."
TIX100473,CUST002480,2024-10-21,Refund Status,Phone,14.6,,"The item I received was damaged during shipping, need a replacement."
TIX100474,CUST001337,2026-06-24,Account Access,Live Chat,78.9,3.0,"I can't log into my account, it says my password is invalid."
TIX100475,CUST000570,2026-01-14,Damaged Item,Phone,10.7,3.0,"Wrong item was shipped to me, I ordered a different color."
TIX100476,CUST003951,2025-03-07,Return Request,Live Chat,14.4,5.0,"Great service, just wanted to confirm my order status."
TIX100477,CUST001578,2024-09-27,Product Question,Social Media,37.6,5.0,  the delivery guy left my package outside in the rain!!  
TIX100478,CUST003306,2026-03-11,Refund Status,Live Chat,37.3,1.0,"The item I received was damaged during shipping, need a replacement."
TIX100479,CUST001261,2025-04-06,Delivery Delay,Social Media,1.2,5.0,"I can't log into my account, it says my password is invalid."
TIX100480,CUST003636,2025-08-19,Refund Status,Email,42.0,5.0,Can you tell me the warranty period on this product?
TIX100481,CUST002005,2025-12-13,Delivery Delay,Live Chat,19.2,5.0,"I want to return this item, it doesn't fit as expected."
TIX100482,CUST001781,2025-11-10,Delivery Delay,Social Media,7.5,4.0,"I want to return this item, it doesn't fit as expected."
TIX100483,CUST006075,2025-07-01,Delivery Delay,Email,26.2,2.0,"Wrong item was shipped to me, I ordered a different color."
TIX100484,CUST000067,2025-08-18,Return Request,Live Chat,12.1,5.0,"Great service, just wanted to confirm my order status."
TIX100485,CUST005308,2026-04-15,Product Question,Phone,14.3,4.0,"I want to return this item, it doesn't fit as expected."
TIX100486,CUST003866,2025-11-20,Delivery Delay,Phone,18.3,,"The item I received was damaged during shipping, need a replacement."
TIX100487,CUST005726,2025-03-22,Billing Issue,Email,29.6,1.0,"I want to return this item, it doesn't fit as expected."
TIX100488,CUST000795,2026-06-10,Return Request,Phone,11.5,3.0,  the delivery guy left my package outside in the rain!!  
TIX100489,CUST001328,2026-05-18,Account Access,Social Media,5.4,5.0,"Wrong item was shipped to me, I ordered a different color."
TIX100490,CUST002827,2026-01-24,Wrong Item Shipped,Phone,17.1,5.0,"The item I received was damaged during shipping, need a replacement."
TIX100491,CUST004105,2025-03-28,Damaged Item,Phone,64.1,3.0,My order ORD103845 still hasn't arrived and it's been over a week.
TIX100492,CUST001212,2024-09-19,Damaged Item,Phone,1.8,3.0,My order ORD106290 still hasn't arrived and it's been over a week.
TIX100493,CUST003192,2025-10-09,Wrong Item Shipped,Phone,0.1,5.0,My order ORD120999 still hasn't arrived and it's been over a week.
TIX100494,CUST001359,2025-07-28,Refund Status,Social Media,8.8,3.0,"The item I received was damaged during shipping, need a replacement."
TIX100495,CUST005475,2024-12-04,Account Access,Email,14.1,5.0,My order ORD118994 still hasn't arrived and it's been over a week.
TIX100496,CUST001217,2025-10-04,Return Request,Live Chat,12.9,3.0,Can you tell me the warranty period on this product?
TIX100497,CUST002304,2025-07-15,Wrong Item Shipped,Phone,6.8,5.0,"Wrong item was shipped to me, I ordered a different color."
TIX100498,CUST001626,2025-02-04,Product Question,Live Chat,48.8,4.0,Can you tell me the warranty period on this product?
TIX100499,CUST003778,2026-01-02,Account Access,Email,5.0,5.0,When will my refund for the returned item be processed?
TIX100500,CUST001695,2025-12-21,Wrong Item Shipped,Phone,2.4,4.0,"I want to return this item, it doesn't fit as expected."
TIX100501,CUST003606,2025-11-13,Account Access,Phone,4.6,5.0,When will my refund for the returned item be processed?
TIX100502,CUST002745,2025-05-23,Account Access,Social Media,1.8,4.0,  the delivery guy left my package outside in the rain!!  
TIX100503,CUST004548,2025-07-09,Billing Issue,Social Media,33.7,2.0,When will my refund for the returned item be processed?
TIX100504,CUST004145,2025-09-15,Delivery Delay,Phone,9.2,1.0,Can you tell me the warranty period on this product?
TIX100505,CUST000049,2025-09-08,Refund Status,Phone,32.0,5.0,When will my refund for the returned item be processed?
TIX100506,CUST000425,2025-11-11,Delivery Delay,Social Media,18.3,4.0,  the delivery guy left my package outside in the rain!!  
TIX100507,CUST003667,2026-06-20,Wrong Item Shipped,Email,11.6,3.0,"I can't log into my account, it says my password is invalid."
TIX100508,CUST002938,2024-12-27,Product Question,Email,1.9,4.0,"I can't log into my account, it says my password is invalid."
TIX100509,CUST005671,2026-01-27,Account Access,Live Chat,0.7,2.0,Can you tell me the warranty period on this product?
TIX100510,CUST002810,2025-06-09,Damaged Item,Social Media,14.7,2.0,"The item I received was damaged during shipping, need a replacement."
TIX100511,CUST001877,2025-04-19,Product Question,Email,4.0,4.0,"I was charged twice for order ORD116816, please refund the duplicate charge."
TIX100512,CUST006028,2025-10-11,Damaged Item,Phone,10.5,2.0,"Great service, just wanted to confirm my order status."
TIX100513,CUST003782,2025-08-31,Delivery Delay,Live Chat,52.7,5.0,Can you tell me the warranty period on this product?
TIX100514,CUST005496,2025-08-29,Refund Status,Email,2.6,5.0,Can you tell me the warranty period on this product?
TIX100515,CUST000174,2025-11-28,Return Request,Live Chat,22.1,3.0,"I was charged twice for order ORD104865, please refund the duplicate charge."
TIX100516,CUST001356,2024-12-16,Account Access,Live Chat,4.3,2.0,"I can't log into my account, it says my password is invalid."
TIX100517,CUST004175,2025-07-14,Billing Issue,Live Chat,5.0,3.0,"I was charged twice for order ORD107567, please refund the duplicate charge."
TIX100518,CUST001225,2025-10-25,Refund Status,Email,18.3,4.0,"Great service, just wanted to confirm my order status."
TIX100519,CUST003549,2026-06-24,Return Request,Email,2.5,4.0,"Wrong item was shipped to me, I ordered a different color."
TIX100520,CUST000651,2026-05-13,Return Request,Phone,8.8,3.0,"Wrong item was shipped to me, I ordered a different color."
TIX100521,CUST003811,2026-01-08,Product Question,Phone,8.6,4.0,  the delivery guy left my package outside in the rain!!  
TIX100522,CUST003281,2025-08-18,Account Access,Phone,10.9,5.0,"I want to return this item, it doesn't fit as expected."
TIX100523,CUST004200,2025-06-29,Delivery Delay,Email,6.9,4.0,"The item I received was damaged during shipping, need a replacement."
TIX100524,CUST003412,2026-06-23,Refund Status,Phone,5.7,5.0,"I want to return this item, it doesn't fit as expected."
TIX100525,CUST004990,2025-06-20,Account Access,Social Media,27.4,2.0,My order ORD119777 still hasn't arrived and it's been over a week.
TIX100526,CUST002738,2026-05-18,Product Question,Phone,1.5,3.0,"Great service, just wanted to confirm my order status."
TIX100527,CUST004876,2025-11-24,Return Request,Email,34.1,,"Great service, just wanted to confirm my order status."
TIX100528,CUST004860,2026-04-19,Delivery Delay,Phone,32.8,4.0,"Wrong item was shipped to me, I ordered a different color."
TIX100529,CUST000341,2025-08-05,Delivery Delay,Phone,48.6,5.0,"I can't log into my account, it says my password is invalid."
TIX100530,CUST001853,2025-06-04,Account Access,Email,4.9,4.0,"I want to return this item, it doesn't fit as expected."
TIX100531,CUST000876,2025-10-13,Return Request,Live Chat,44.7,4.0,My order ORD114087 still hasn't arrived and it's been over a week.
TIX100532,CUST005875,2025-08-15,Damaged Item,Live Chat,10.8,5.0,"Great service, just wanted to confirm my order status."
TIX100533,CUST000229,2026-02-10,Billing Issue,Phone,20.7,5.0,"The item I received was damaged during shipping, need a replacement."
TIX100534,CUST005734,2025-08-12,Product Question,Email,34.4,4.0,"Great service, just wanted to confirm my order status."
TIX100535,CUST005068,2025-04-10,Account Access,Live Chat,1.2,4.0,My order ORD125881 still hasn't arrived and it's been over a week.
TIX100536,CUST003887,2025-12-14,Return Request,Live Chat,0.6,5.0,Can you tell me the warranty period on this product?
TIX100537,CUST003564,2025-12-16,Account Access,Email,4.1,3.0,"I can't log into my account, it says my password is invalid."
TIX100538,CUST003829,2026-03-23,Refund Status,Live Chat,14.8,4.0,"Wrong item was shipped to me, I ordered a different color."
TIX100539,CUST003558,2025-05-15,Delivery Delay,Social Media,27.1,4.0,"Great service, just wanted to confirm my order status."
TIX100540,CUST004862,2025-10-08,Damaged Item,Phone,26.9,3.0,"Wrong item was shipped to me, I ordered a different color."
TIX100541,CUST006010,2025-03-15,Return Request,Live Chat,40.2,3.0,"The item I received was damaged during shipping, need a replacement."
TIX100542,CUST000082,2025-10-08,Refund Status,Social Media,14.6,5.0,"I can't log into my account, it says my password is invalid."
TIX100543,CUST000010,2025-12-08,Billing Issue,Email,14.8,5.0,My order ORD107057 still hasn't arrived and it's been over a week.
TIX100544,CUST005235,2025-03-30,Billing Issue,Live Chat,1.5,4.0,Can you tell me the warranty period on this product?
TIX100545,CUST004971,2025-03-20,Billing Issue,Phone,26.1,1.0,Can you tell me the warranty period on this product?
TIX100546,CUST002335,2024-10-06,Damaged Item,Live Chat,11.8,1.0,"The item I received was damaged during shipping, need a replacement."
TIX100547,CUST000939,2025-12-22,Refund Status,Phone,4.2,4.0,"The item I received was damaged during shipping, need a replacement."
TIX100548,CUST001159,2024-09-25,Damaged Item,Live Chat,48.0,4.0,My order ORD122383 still hasn't arrived and it's been over a week.
TIX100549,CUST004198,2025-01-18,Delivery Delay,Email,39.6,,"I was charged twice for order ORD114488, please refund the duplicate charge."
TIX100550,CUST002363,2025-10-26,Billing Issue,Phone,15.5,4.0,My order ORD124003 still hasn't arrived and it's been over a week.
TIX100551,CUST003574,2025-07-27,Product Question,Live Chat,17.3,,When will my refund for the returned item be processed?
TIX100552,CUST004224,2025-04-04,Delivery Delay,Email,5.0,3.0,"I want to return this item, it doesn't fit as expected."
TIX100553,CUST000923,2026-03-13,Refund Status,Phone,14.4,2.0,  the delivery guy left my package outside in the rain!!  
TIX100554,CUST004025,2025-06-25,Delivery Delay,Social Media,3.1,5.0,Can you tell me the warranty period on this product?
TIX100555,CUST005631,2025-10-20,Return Request,Email,9.8,5.0,"Wrong item was shipped to me, I ordered a different color."
TIX100556,CUST003779,2026-06-14,Product Question,Email,5.1,5.0,"Wrong item was shipped to me, I ordered a different color."
TIX100557,CUST001184,2026-03-11,Delivery Delay,Phone,3.3,5.0,  the delivery guy left my package outside in the rain!!  
TIX100558,CUST005715,2025-11-21,Delivery Delay,Email,28.9,3.0,  the delivery guy left my package outside in the rain!!  
TIX100559,CUST004295,2026-01-25,Return Request,Email,19.5,5.0,My order ORD117432 still hasn't arrived and it's been over a week.
TIX100560,CUST003967,2025-05-21,Return Request,Social Media,28.9,2.0,When will my refund for the returned item be processed?
TIX100561,CUST003923,2026-06-04,Account Access,Email,32.5,4.0,When will my refund for the returned item be processed?
TIX100562,CUST000436,2025-08-07,Delivery Delay,Email,8.9,5.0,"I can't log into my account, it says my password is invalid."
TIX100563,CUST004548,2026-02-12,Billing Issue,Email,25.4,5.0,"I was charged twice for order ORD119347, please refund the duplicate charge."
TIX100564,CUST003596,2024-09-16,Refund Status,Email,23.8,4.0,"I was charged twice for order ORD101054, please refund the duplicate charge."
TIX100565,CUST001505,2025-11-19,Product Question,Phone,5.1,,Can you tell me the warranty period on this product?
TIX100566,CUST002917,2025-10-02,Account Access,Email,21.0,4.0,"I can't log into my account, it says my password is invalid."
TIX100567,CUST000199,2025-01-28,Damaged Item,Email,47.4,5.0,Can you tell me the warranty period on this product?
TIX100568,CUST005483,2025-02-01,Delivery Delay,Live Chat,20.8,5.0,"I can't log into my account, it says my password is invalid."
TIX100569,CUST003979,2025-09-19,Damaged Item,Social Media,7.1,5.0,My order ORD109371 still hasn't arrived and it's been over a week.
TIX100570,CUST002986,2025-05-16,Delivery Delay,Phone,21.8,5.0,"I want to return this item, it doesn't fit as expected."
TIX100571,CUST005683,2026-02-12,Billing Issue,Social Media,15.7,5.0,"The item I received was damaged during shipping, need a replacement."
TIX100572,CUST004207,2026-05-29,Product Question,Live Chat,29.5,4.0,"Great service, just wanted to confirm my order status."
TIX100573,CUST002971,2025-09-16,Billing Issue,Phone,5.7,3.0,When will my refund for the returned item be processed?
TIX100574,CUST002275,2025-10-24,Product Question,Phone,3.2,3.0,When will my refund for the returned item be processed?
TIX100575,CUST003195,2026-04-15,Delivery Delay,Live Chat,10.2,5.0,"I can't log into my account, it says my password is invalid."
TIX100576,CUST002810,2025-11-18,Delivery Delay,Phone,17.7,4.0,"Great service, just wanted to confirm my order status."
TIX100577,CUST004940,2025-11-08,Refund Status,Social Media,1.8,4.0,Can you tell me the warranty period on this product?
TIX100578,CUST004657,2025-04-25,Delivery Delay,Social Media,5.5,3.0,"I want to return this item, it doesn't fit as expected."
TIX100579,CUST004476,2025-01-24,Product Question,Live Chat,3.3,4.0,"I can't log into my account, it says my password is invalid."
TIX100580,CUST002594,2026-01-18,Refund Status,Social Media,26.5,3.0,My order ORD108626 still hasn't arrived and it's been over a week.
TIX100581,CUST006015,2025-01-15,Delivery Delay,Email,21.9,4.0,My order ORD114216 still hasn't arrived and it's been over a week.
TIX100582,CUST002610,2025-08-05,Account Access,Email,17.7,4.0,"I can't log into my account, it says my password is invalid."
TIX100583,CUST002271,2025-09-23,Return Request,Social Media,11.2,,  the delivery guy left my package outside in the rain!!  
TIX100584,CUST004275,2026-01-02,Return Request,Live Chat,10.7,3.0,"Great service, just wanted to confirm my order status."
TIX100585,CUST004358,2025-09-25,Refund Status,Social Media,13.1,,Can you tell me the warranty period on this product?
TIX100586,CUST004342,2025-02-03,Product Question,Social Media,30.7,3.0,My order ORD122545 still hasn't arrived and it's been over a week.
TIX100587,CUST004452,2025-11-09,Delivery Delay,Email,16.3,5.0,"I can't log into my account, it says my password is invalid."
TIX100588,CUST001797,2024-12-28,Account Access,Social Media,24.7,5.0,When will my refund for the returned item be processed?
TIX100589,CUST002387,2025-06-08,Billing Issue,Social Media,5.4,5.0,"I want to return this item, it doesn't fit as expected."
TIX100590,CUST002947,2025-03-02,Return Request,Live Chat,11.7,3.0,"I want to return this item, it doesn't fit as expected."
TIX100591,CUST003196,2025-12-29,Refund Status,Social Media,17.9,5.0,"I want to return this item, it doesn't fit as expected."
TIX100592,CUST002780,2026-04-02,Delivery Delay,Live Chat,6.8,4.0,"I was charged twice for order ORD127447, please refund the duplicate charge."
TIX100593,CUST000056,2025-01-04,Refund Status,Email,13.2,2.0,My order ORD117417 still hasn't arrived and it's been over a week.
TIX100594,CUST001787,2025-07-12,Product Question,Live Chat,33.0,3.0,Can you tell me the warranty period on this product?
TIX100595,CUST003290,2025-12-27,Damaged Item,Phone,1.4,,"I was charged twice for order ORD122160, please refund the duplicate charge."
TIX100596,CUST004310,2024-10-17,Return Request,Phone,29.8,5.0,My order ORD127533 still hasn't arrived and it's been over a week.
TIX100597,CUST000563,2025-04-03,Delivery Delay,Email,16.6,4.0,  the delivery guy left my package outside in the rain!!  
TIX100598,CUST002876,2025-07-03,Return Request,Social Media,9.5,,When will my refund for the returned item be processed?
TIX100599,CUST000586,2025-04-23,Return Request,Social Media,14.8,5.0,"I want to return this item, it doesn't fit as expected."
TIX100600,CUST000705,2024-12-30,Refund Status,Email,16.8,4.0,"I was charged twice for order ORD127616, please refund the duplicate charge."
TIX100601,CUST001276,2025-09-15,Refund Status,Social Media,27.3,4.0,"I want to return this item, it doesn't fit as expected."
TIX100602,CUST004289,2026-02-26,Damaged Item,Email,29.2,5.0,"I can't log into my account, it says my password is invalid."
TIX100603,CUST001014,2025-08-10,Wrong Item Shipped,Email,24.2,5.0,"I can't log into my account, it says my password is invalid."
TIX100604,CUST005840,2026-06-26,Refund Status,Social Media,0.3,1.0,"The item I received was damaged during shipping, need a replacement."
TIX100605,CUST003560,2025-04-12,Billing Issue,Email,14.7,4.0,  the delivery guy left my package outside in the rain!!  
TIX100606,CUST000565,2024-12-19,Account Access,Phone,10.2,3.0,"I want to return this item, it doesn't fit as expected."
TIX100607,CUST004559,2024-10-09,Return Request,Social Media,15.5,3.0,"I want to return this item, it doesn't fit as expected."
TIX100608,CUST001057,2025-07-28,Product Question,Social Media,16.7,3.0,"Great service, just wanted to confirm my order status."
TIX100609,CUST003285,2024-09-08,Billing Issue,Phone,17.2,5.0,"I can't log into my account, it says my password is invalid."
TIX100610,CUST004164,2025-01-12,Product Question,Live Chat,7.8,4.0,"I was charged twice for order ORD104302, please refund the duplicate charge."
TIX100611,CUST002357,2025-09-20,Billing Issue,Phone,10.7,5.0,"I want to return this item, it doesn't fit as expected."
TIX100612,CUST001945,2025-05-11,Account Access,Social Media,0.3,5.0,When will my refund for the returned item be processed?
TIX100613,CUST004015,2024-12-06,Wrong Item Shipped,Phone,49.3,4.0,Can you tell me the warranty period on this product?
TIX100614,CUST001517,2024-10-28,Damaged Item,Email,79.6,4.0,When will my refund for the returned item be processed?
TIX100615,CUST005076,2025-02-15,Refund Status,Live Chat,9.2,4.0,"I was charged twice for order ORD105123, please refund the duplicate charge."
TIX100616,CUST001604,2025-06-01,Refund Status,Social Media,9.8,4.0,"The item I received was damaged during shipping, need a replacement."
TIX100617,CUST004699,2026-03-11,Delivery Delay,Email,11.1,,"I want to return this item, it doesn't fit as expected."
TIX100618,CUST003096,2025-08-30,Refund Status,Social Media,6.3,3.0,"I can't log into my account, it says my password is invalid."
TIX100619,CUST000538,2024-11-23,Return Request,Phone,10.3,5.0,"The item I received was damaged during shipping, need a replacement."
TIX100620,CUST001493,2025-08-17,Product Question,Social Media,8.0,2.0,Can you tell me the warranty period on this product?
TIX100621,CUST005882,2026-05-31,Delivery Delay,Live Chat,0.4,,"I was charged twice for order ORD102225, please refund the duplicate charge."
TIX100622,CUST000047,2025-07-17,Damaged Item,Email,2.4,5.0,"I was charged twice for order ORD125421, please refund the duplicate charge."
TIX100623,CUST004146,2025-09-12,Damaged Item,Live Chat,1.5,4.0,"Wrong item was shipped to me, I ordered a different color."
TIX100624,CUST001109,2025-07-05,Return Request,Phone,4.9,4.0,"The item I received was damaged during shipping, need a replacement."
TIX100625,CUST003551,2025-09-25,Return Request,Phone,1.9,4.0,My order ORD112207 still hasn't arrived and it's been over a week.
TIX100626,CUST000050,2025-10-30,Refund Status,Social Media,4.7,4.0,My order ORD115384 still hasn't arrived and it's been over a week.
TIX100627,CUST005208,2025-03-31,Delivery Delay,Live Chat,0.1,5.0,Can you tell me the warranty period on this product?
TIX100628,CUST000845,2025-08-26,Product Question,Email,80.8,5.0,"I want to return this item, it doesn't fit as expected."
TIX100629,CUST005700,2026-01-19,Account Access,Social Media,2.1,,"I want to return this item, it doesn't fit as expected."
TIX100630,CUST002870,2026-04-08,Delivery Delay,Phone,33.0,4.0,"I was charged twice for order ORD109367, please refund the duplicate charge."
TIX100631,CUST005166,2025-06-14,Wrong Item Shipped,Live Chat,1.9,4.0,"Great service, just wanted to confirm my order status."
TIX100632,CUST005840,2025-06-11,Account Access,Live Chat,6.7,4.0,When will my refund for the returned item be processed?
TIX100633,CUST002163,2025-05-10,Return Request,Phone,51.1,3.0,"Great service, just wanted to confirm my order status."
TIX100634,CUST000140,2026-01-23,Billing Issue,Live Chat,6.7,4.0,  the delivery guy left my package outside in the rain!!  
TIX100635,CUST005792,2026-01-31,Delivery Delay,Phone,19.1,,My order ORD126593 still hasn't arrived and it's been over a week.
TIX100636,CUST001980,2025-02-20,Product Question,Phone,6.9,4.0,  the delivery guy left my package outside in the rain!!  
TIX100637,CUST003762,2025-04-27,Return Request,Phone,51.5,3.0,"I want to return this item, it doesn't fit as expected."
TIX100638,CUST003484,2026-06-03,Billing Issue,Email,0.2,2.0,"Wrong item was shipped to me, I ordered a different color."
TIX100639,CUST002720,2025-10-23,Product Question,Social Media,5.2,5.0,"I want to return this item, it doesn't fit as expected."
TIX100640,CUST000932,2026-04-16,Delivery Delay,Social Media,9.6,,"The item I received was damaged during shipping, need a replacement."
TIX100641,CUST002634,2025-03-30,Delivery Delay,Phone,31.3,4.0,"Great service, just wanted to confirm my order status."
TIX100642,CUST006075,2024-09-21,Refund Status,Live Chat,15.3,,When will my refund for the returned item be processed?
TIX100643,CUST004678,2026-06-07,Return Request,Live Chat,40.5,4.0,"I can't log into my account, it says my password is invalid."
TIX100644,CUST000711,2025-06-17,Return Request,Social Media,38.7,,"The item I received was damaged during shipping, need a replacement."
TIX100645,CUST000928,2025-07-28,Billing Issue,Live Chat,55.9,1.0,"I want to return this item, it doesn't fit as expected."
TIX100646,CUST004480,2025-12-05,Account Access,Phone,3.6,4.0,"I was charged twice for order ORD113389, please refund the duplicate charge."
TIX100647,CUST002246,2025-10-29,Return Request,Social Media,9.9,,"I was charged twice for order ORD103990, please refund the duplicate charge."
TIX100648,CUST000904,2025-05-18,Account Access,Social Media,10.0,2.0,"Wrong item was shipped to me, I ordered a different color."
TIX100649,CUST001802,2025-11-25,Account Access,Email,2.4,4.0,"I want to return this item, it doesn't fit as expected."
TIX100650,CUST001943,2025-09-24,Delivery Delay,Email,52.2,4.0,"I can't log into my account, it says my password is invalid."
TIX100651,CUST002311,2025-09-28,Damaged Item,Email,8.1,4.0,My order ORD118014 still hasn't arrived and it's been over a week.
TIX100652,CUST002063,2025-10-30,Billing Issue,Email,18.4,5.0,My order ORD126229 still hasn't arrived and it's been over a week.
TIX100653,CUST004331,2026-06-20,Product Question,Social Media,16.7,4.0,"Wrong item was shipped to me, I ordered a different color."
TIX100654,CUST000089,2025-05-16,Damaged Item,Email,4.9,5.0,"I was charged twice for order ORD100500, please refund the duplicate charge."
TIX100655,CUST000640,2025-07-27,Damaged Item,Phone,15.3,3.0,"I want to return this item, it doesn't fit as expected."
TIX100656,CUST001748,2026-06-25,Billing Issue,Phone,5.3,1.0,  the delivery guy left my package outside in the rain!!  
TIX100657,CUST004586,2025-07-06,Return Request,Phone,6.1,,"Great service, just wanted to confirm my order status."
TIX100658,CUST001522,2025-08-22,Refund Status,Live Chat,14.4,3.0,"I can't log into my account, it says my password is invalid."
TIX100659,CUST000209,2025-11-01,Refund Status,Email,11.0,2.0,Can you tell me the warranty period on this product?
TIX100660,CUST003368,2026-03-07,Billing Issue,Phone,9.9,5.0,"I want to return this item, it doesn't fit as expected."
TIX100661,CUST006081,2025-03-01,Product Question,Email,9.0,3.0,  the delivery guy left my package outside in the rain!!  
TIX100662,CUST003657,2025-03-18,Product Question,Social Media,25.3,5.0,"I was charged twice for order ORD120426, please refund the duplicate charge."
TIX100663,CUST002063,2025-02-14,Account Access,Phone,5.9,4.0,"The item I received was damaged during shipping, need a replacement."
TIX100664,CUST002496,2026-01-15,Damaged Item,Social Media,6.7,3.0,"The item I received was damaged during shipping, need a replacement."
TIX100665,CUST001717,2026-03-25,Billing Issue,Email,15.6,4.0,My order ORD104190 still hasn't arrived and it's been over a week.
TIX100666,CUST001271,2026-02-25,Account Access,Phone,60.0,4.0,  the delivery guy left my package outside in the rain!!  
TIX100667,CUST001303,2024-10-25,Return Request,Email,6.2,5.0,  the delivery guy left my package outside in the rain!!  
TIX100668,CUST001496,2025-08-28,Refund Status,Phone,9.7,4.0,My order ORD110361 still hasn't arrived and it's been over a week.
TIX100669,CUST001589,2025-02-24,Account Access,Social Media,2.5,4.0,"Great service, just wanted to confirm my order status."
TIX100670,CUST003065,2025-04-13,Account Access,Social Media,18.4,3.0,"I can't log into my account, it says my password is invalid."
TIX100671,CUST003974,2026-04-01,Return Request,Phone,5.2,4.0,"I want to return this item, it doesn't fit as expected."
TIX100672,CUST001514,2025-06-01,Wrong Item Shipped,Social Media,13.4,5.0,"I was charged twice for order ORD127123, please refund the duplicate charge."
TIX100673,CUST004402,2026-03-23,Delivery Delay,Email,9.8,5.0,"I can't log into my account, it says my password is invalid."
TIX100674,CUST000484,2026-03-06,Damaged Item,Live Chat,26.9,2.0,Can you tell me the warranty period on this product?
TIX100675,CUST005248,2025-07-20,Account Access,Email,32.2,,"I was charged twice for order ORD108752, please refund the duplicate charge."
TIX100676,CUST004884,2025-07-06,Delivery Delay,Live Chat,24.1,5.0,Can you tell me the warranty period on this product?
TIX100677,CUST004047,2024-10-17,Product Question,Social Media,10.8,4.0,  the delivery guy left my package outside in the rain!!  
TIX100678,CUST006046,2025-09-17,Product Question,Live Chat,9.6,4.0,"Wrong item was shipped to me, I ordered a different color."
TIX100679,CUST002416,2026-06-13,Refund Status,Live Chat,9.6,4.0,Can you tell me the warranty period on this product?
TIX100680,CUST000631,2025-03-30,Damaged Item,Phone,12.5,,"The item I received was damaged during shipping, need a replacement."
TIX100681,CUST000283,2025-02-02,Wrong Item Shipped,Email,17.4,4.0,  the delivery guy left my package outside in the rain!!  
TIX100682,CUST004942,2026-04-25,Product Question,Email,7.1,,Can you tell me the warranty period on this product?
TIX100683,CUST002785,2026-04-29,Billing Issue,Social Media,23.7,3.0,"Great service, just wanted to confirm my order status."
TIX100684,CUST004969,2025-05-03,Refund Status,Phone,42.6,4.0,  the delivery guy left my package outside in the rain!!  
TIX100685,CUST001374,2026-03-16,Wrong Item Shipped,Social Media,1.3,4.0,"Wrong item was shipped to me, I ordered a different color."
TIX100686,CUST001876,2026-03-07,Billing Issue,Live Chat,0.4,4.0,  the delivery guy left my package outside in the rain!!  
TIX100687,CUST001986,2025-07-25,Product Question,Social Media,20.3,5.0,"I was charged twice for order ORD105095, please refund the duplicate charge."
TIX100688,CUST005630,2025-05-30,Billing Issue,Phone,18.7,4.0,"I was charged twice for order ORD105147, please refund the duplicate charge."
TIX100689,CUST002071,2024-12-25,Delivery Delay,Social Media,11.0,5.0,"Wrong item was shipped to me, I ordered a different color."
TIX100690,CUST000847,2025-04-09,Return Request,Live Chat,31.7,2.0,When will my refund for the returned item be processed?
TIX100691,CUST005847,2024-12-07,Damaged Item,Email,24.9,5.0,  the delivery guy left my package outside in the rain!!  
TIX100692,CUST000393,2026-01-29,Product Question,Email,61.2,4.0,When will my refund for the returned item be processed?
TIX100693,CUST005182,2025-08-18,Product Question,Email,32.5,3.0,"I was charged twice for order ORD122834, please refund the duplicate charge."
TIX100694,CUST000275,2026-01-11,Wrong Item Shipped,Live Chat,1.5,2.0,"Great service, just wanted to confirm my order status."
TIX100695,CUST003921,2026-03-13,Delivery Delay,Email,9.7,3.0,My order ORD120116 still hasn't arrived and it's been over a week.
TIX100696,CUST003941,2025-01-05,Delivery Delay,Live Chat,7.9,5.0,"I was charged twice for order ORD114979, please refund the duplicate charge."
TIX100697,CUST001035,2026-03-13,Damaged Item,Phone,32.4,5.0,  the delivery guy left my package outside in the rain!!  
TIX100698,CUST004588,2026-04-19,Damaged Item,Phone,4.8,,"I can't log into my account, it says my password is invalid."
TIX100699,CUST005928,2026-04-30,Delivery Delay,Social Media,2.1,2.0,Can you tell me the warranty period on this product?
TIX100700,CUST001941,2025-08-10,Wrong Item Shipped,Email,1.5,4.0,"I was charged twice for order ORD108045, please refund the duplicate charge."
TIX100701,CUST004809,2025-03-06,Billing Issue,Phone,14.9,5.0,"I want to return this item, it doesn't fit as expected."
TIX100702,CUST004873,2025-07-13,Refund Status,Social Media,6.6,5.0,Can you tell me the warranty period on this product?
TIX100703,CUST005674,2024-12-10,Refund Status,Phone,3.8,5.0,Can you tell me the warranty period on this product?
TIX100704,CUST004356,2025-05-12,Refund Status,Live Chat,43.2,5.0,When will my refund for the returned item be processed?
TIX100705,CUST001574,2025-01-16,Return Request,Social Media,0.3,5.0,"Great service, just wanted to confirm my order status."
TIX100706,CUST000277,2025-02-04,Refund Status,Social Media,10.5,4.0,"Great service, just wanted to confirm my order status."
TIX100707,CUST002799,2026-03-05,Wrong Item Shipped,Phone,12.0,3.0,"I can't log into my account, it says my password is invalid."
TIX100708,CUST004745,2024-10-29,Wrong Item Shipped,Phone,13.9,5.0,"Great service, just wanted to confirm my order status."
TIX100709,CUST002645,2026-01-10,Delivery Delay,Live Chat,25.7,4.0,"I was charged twice for order ORD127194, please refund the duplicate charge."
TIX100710,CUST004995,2025-07-21,Account Access,Email,0.1,,"I can't log into my account, it says my password is invalid."
TIX100711,CUST005639,2026-04-07,Wrong Item Shipped,Phone,4.9,4.0,"The item I received was damaged during shipping, need a replacement."
TIX100712,CUST003220,2024-11-02,Damaged Item,Phone,27.4,4.0,"Great service, just wanted to confirm my order status."
TIX100713,CUST002283,2025-11-04,Wrong Item Shipped,Social Media,7.5,5.0,  the delivery guy left my package outside in the rain!!  
TIX100714,CUST000763,2024-11-23,Account Access,Social Media,15.4,5.0,"Wrong item was shipped to me, I ordered a different color."
TIX100715,CUST004289,2024-11-05,Damaged Item,Social Media,6.0,3.0,"I want to return this item, it doesn't fit as expected."
TIX100716,CUST000088,2025-03-26,Billing Issue,Email,1.6,,  the delivery guy left my package outside in the rain!!  
TIX100717,CUST004784,2025-01-30,Refund Status,Email,5.2,1.0,"The item I received was damaged during shipping, need a replacement."
TIX100718,CUST000876,2025-12-08,Account Access,Phone,31.3,5.0,Can you tell me the warranty period on this product?
TIX100719,CUST000244,2024-11-05,Product Question,Social Media,7.5,4.0,"Great service, just wanted to confirm my order status."
TIX100720,CUST003663,2025-12-20,Delivery Delay,Live Chat,14.3,3.0,"Wrong item was shipped to me, I ordered a different color."
TIX100721,CUST002750,2025-12-26,Product Question,Phone,0.2,5.0,  the delivery guy left my package outside in the rain!!  
TIX100722,CUST005378,2024-10-14,Wrong Item Shipped,Phone,13.3,4.0,When will my refund for the returned item be processed?
TIX100723,CUST000139,2025-03-10,Wrong Item Shipped,Social Media,23.2,5.0,"I was charged twice for order ORD104107, please refund the duplicate charge."
TIX100724,CUST000356,2025-01-02,Return Request,Live Chat,15.7,5.0,"I want to return this item, it doesn't fit as expected."
TIX100725,CUST004609,2025-03-16,Wrong Item Shipped,Live Chat,0.4,5.0,"I want to return this item, it doesn't fit as expected."
TIX100726,CUST002983,2025-10-17,Return Request,Email,0.4,5.0,"Wrong item was shipped to me, I ordered a different color."
TIX100727,CUST000260,2025-01-06,Delivery Delay,Social Media,39.3,,Can you tell me the warranty period on this product?
TIX100728,CUST004986,2025-07-18,Refund Status,Phone,4.3,4.0,"I can't log into my account, it says my password is invalid."
TIX100729,CUST004619,2025-08-26,Account Access,Phone,20.7,4.0,Can you tell me the warranty period on this product?
TIX100730,CUST004083,2024-09-04,Return Request,Social Media,0.6,,"Great service, just wanted to confirm my order status."
TIX100731,CUST003220,2025-01-26,Billing Issue,Phone,6.5,5.0,"I can't log into my account, it says my password is invalid."
TIX100732,CUST005145,2025-08-10,Account Access,Live Chat,7.1,4.0,"The item I received was damaged during shipping, need a replacement."
TIX100733,CUST000523,2025-05-01,Damaged Item,Live Chat,34.4,5.0,My order ORD109685 still hasn't arrived and it's been over a week.
TIX100734,CUST001582,2024-10-24,Billing Issue,Social Media,29.4,4.0,Can you tell me the warranty period on this product?
TIX100735,CUST003170,2026-03-14,Product Question,Live Chat,32.1,5.0,"I want to return this item, it doesn't fit as expected."
TIX100736,CUST002916,2025-06-12,Product Question,Social Media,51.2,4.0,My order ORD106167 still hasn't arrived and it's been over a week.
TIX100737,CUST004881,2025-08-31,Account Access,Phone,8.4,5.0,Can you tell me the warranty period on this product?
TIX100738,CUST003759,2025-03-13,Refund Status,Live Chat,4.4,3.0,  the delivery guy left my package outside in the rain!!  
TIX100739,CUST002541,2026-02-25,Wrong Item Shipped,Live Chat,24.0,5.0,"I want to return this item, it doesn't fit as expected."
TIX100740,CUST000078,2025-08-24,Delivery Delay,Social Media,1.6,5.0,"Wrong item was shipped to me, I ordered a different color."
TIX100741,CUST000046,2024-11-20,Damaged Item,Social Media,68.3,5.0,When will my refund for the returned item be processed?
TIX100742,CUST000433,2025-10-16,Account Access,Live Chat,24.6,4.0,  the delivery guy left my package outside in the rain!!  
TIX100743,CUST001758,2025-06-27,Billing Issue,Social Media,6.0,5.0,When will my refund for the returned item be processed?
TIX100744,CUST000326,2026-02-10,Account Access,Phone,28.2,2.0,  the delivery guy left my package outside in the rain!!  
TIX100745,CUST004164,2024-09-25,Refund Status,Live Chat,43.6,5.0,"I was charged twice for order ORD113204, please refund the duplicate charge."
TIX100746,CUST003229,2025-09-30,Refund Status,Phone,3.0,5.0,"The item I received was damaged during shipping, need a replacement."
TIX100747,CUST005609,2026-06-17,Wrong Item Shipped,Social Media,19.5,5.0,"Wrong item was shipped to me, I ordered a different color."
TIX100748,CUST001588,2026-03-26,Refund Status,Phone,2.8,4.0,Can you tell me the warranty period on this product?
TIX100749,CUST002213,2025-10-28,Account Access,Phone,15.1,4.0,"Wrong item was shipped to me, I ordered a different color."
TIX100750,CUST003534,2025-04-26,Billing Issue,Social Media,3.6,5.0,When will my refund for the returned item be processed?
TIX100751,CUST001145,2026-02-23,Delivery Delay,Live Chat,12.9,4.0,Can you tell me the warranty period on this product?
TIX100752,CUST005076,2024-09-30,Damaged Item,Social Media,12.4,3.0,Can you tell me the warranty period on this product?
TIX100753,CUST004835,2025-03-12,Billing Issue,Phone,6.4,3.0,"Great service, just wanted to confirm my order status."
TIX100754,CUST004813,2026-04-25,Billing Issue,Email,1.0,5.0,"I was charged twice for order ORD112652, please refund the duplicate charge."
TIX100755,CUST006012,2024-10-11,Product Question,Email,27.9,5.0,"I want to return this item, it doesn't fit as expected."
TIX100756,CUST001616,2025-10-27,Return Request,Social Media,11.6,5.0,Can you tell me the warranty period on this product?
TIX100757,CUST001629,2025-10-13,Damaged Item,Phone,20.4,5.0,"I can't log into my account, it says my password is invalid."
TIX100758,CUST002016,2026-02-04,Product Question,Phone,37.2,1.0,"I was charged twice for order ORD110803, please refund the duplicate charge."
TIX100759,CUST005213,2025-01-04,Refund Status,Live Chat,5.3,5.0,"Great service, just wanted to confirm my order status."
TIX100760,CUST001433,2025-06-24,Product Question,Social Media,15.6,5.0,"Great service, just wanted to confirm my order status."
TIX100761,CUST000717,2025-08-10,Delivery Delay,Social Media,30.8,5.0,"I can't log into my account, it says my password is invalid."
TIX100762,CUST001629,2024-10-16,Delivery Delay,Social Media,48.6,4.0,Can you tell me the warranty period on this product?
TIX100763,CUST004887,2025-06-08,Damaged Item,Email,1.3,4.0,When will my refund for the returned item be processed?
TIX100764,CUST000237,2025-03-07,Account Access,Social Media,2.9,4.0,"The item I received was damaged during shipping, need a replacement."
TIX100765,CUST002227,2026-03-08,Refund Status,Live Chat,2.3,3.0,  the delivery guy left my package outside in the rain!!  
TIX100766,CUST004042,2025-01-14,Product Question,Phone,2.0,1.0,"I want to return this item, it doesn't fit as expected."
TIX100767,CUST002023,2025-05-05,Product Question,Live Chat,45.8,4.0,"Great service, just wanted to confirm my order status."
TIX100768,CUST003035,2024-10-12,Billing Issue,Live Chat,18.4,5.0,  the delivery guy left my package outside in the rain!!  
TIX100769,CUST005989,2024-11-09,Delivery Delay,Phone,37.6,5.0,"I was charged twice for order ORD102067, please refund the duplicate charge."
TIX100770,CUST004786,2025-10-13,Damaged Item,Live Chat,10.1,4.0,  the delivery guy left my package outside in the rain!!  
TIX100771,CUST001805,2025-04-04,Delivery Delay,Live Chat,40.1,5.0,"I was charged twice for order ORD103582, please refund the duplicate charge."
TIX100772,CUST004413,2025-07-09,Return Request,Phone,18.2,5.0,"I want to return this item, it doesn't fit as expected."
TIX100773,CUST002475,2025-09-18,Billing Issue,Live Chat,28.8,5.0,  the delivery guy left my package outside in the rain!!  
TIX100774,CUST004191,2025-02-11,Refund Status,Email,15.5,4.0,My order ORD111191 still hasn't arrived and it's been over a week.
TIX100775,CUST005264,2024-11-20,Refund Status,Social Media,6.4,4.0,"I want to return this item, it doesn't fit as expected."
TIX100776,CUST003419,2025-09-23,Damaged Item,Phone,15.0,,  the delivery guy left my package outside in the rain!!  
TIX100777,CUST003223,2026-04-22,Damaged Item,Live Chat,23.4,4.0,"Wrong item was shipped to me, I ordered a different color."
TIX100778,CUST005223,2026-02-23,Billing Issue,Social Media,19.9,,"The item I received was damaged during shipping, need a replacement."
TIX100779,CUST000791,2026-05-26,Product Question,Phone,11.3,2.0,Can you tell me the warranty period on this product?
TIX100780,CUST000758,2025-09-30,Wrong Item Shipped,Social Media,0.4,5.0,  the delivery guy left my package outside in the rain!!  
TIX100781,CUST001227,2025-07-04,Product Question,Phone,312.0,,Can you tell me the warranty period on this product?
TIX100782,CUST005743,2025-05-08,Account Access,Social Media,46.8,5.0,My order ORD119673 still hasn't arrived and it's been over a week.
TIX100783,CUST003614,2025-09-12,Refund Status,Phone,46.7,5.0,"I was charged twice for order ORD111165, please refund the duplicate charge."
TIX100784,CUST004322,2024-09-27,Delivery Delay,Phone,35.5,5.0,Can you tell me the warranty period on this product?
TIX100785,CUST000437,2024-09-21,Delivery Delay,Live Chat,17.4,5.0,"I was charged twice for order ORD100357, please refund the duplicate charge."
TIX100786,CUST001341,2025-10-24,Wrong Item Shipped,Email,12.8,2.0,"I can't log into my account, it says my password is invalid."
TIX100787,CUST001106,2024-10-24,Account Access,Live Chat,0.4,4.0,My order ORD112247 still hasn't arrived and it's been over a week.
TIX100788,CUST001655,2025-09-03,Billing Issue,Phone,7.8,,  the delivery guy left my package outside in the rain!!  
TIX100789,CUST002156,2025-05-06,Product Question,Live Chat,34.6,,"Great service, just wanted to confirm my order status."
TIX100790,CUST000200,2025-09-18,Delivery Delay,Email,3.1,2.0,"Great service, just wanted to confirm my order status."
TIX100791,CUST003385,2026-01-02,Refund Status,Phone,29.6,5.0,"Wrong item was shipped to me, I ordered a different color."
TIX100792,CUST003983,2026-01-13,Damaged Item,Social Media,5.7,5.0,"I can't log into my account, it says my password is invalid."
TIX100793,CUST004858,2026-05-17,Billing Issue,Email,14.3,5.0,Can you tell me the warranty period on this product?
TIX100794,CUST003661,2025-01-31,Return Request,Email,6.2,,"Wrong item was shipped to me, I ordered a different color."
TIX100795,CUST000609,2026-01-27,Refund Status,Social Media,5.8,4.0,"The item I received was damaged during shipping, need a replacement."
TIX100796,CUST000422,2026-03-28,Account Access,Phone,37.1,4.0,"I was charged twice for order ORD101882, please refund the duplicate charge."
TIX100797,CUST004843,2025-01-23,Account Access,Email,21.2,2.0,"Great service, just wanted to confirm my order status."
TIX100798,CUST003418,2024-09-29,Billing Issue,Social Media,4.4,5.0,"I was charged twice for order ORD116050, please refund the duplicate charge."
TIX100799,CUST003475,2025-01-14,Return Request,Social Media,11.7,4.0,"I was charged twice for order ORD118186, please refund the duplicate charge."
TIX100800,CUST003264,2025-08-21,Wrong Item Shipped,Live Chat,12.9,5.0,Can you tell me the warranty period on this product?
TIX100801,CUST004065,2025-06-15,Refund Status,Phone,23.5,5.0,  the delivery guy left my package outside in the rain!!  
TIX100802,CUST003861,2024-09-06,Wrong Item Shipped,Live Chat,20.5,,My order ORD109307 still hasn't arrived and it's been over a week.
TIX100803,CUST004484,2025-03-16,Refund Status,Live Chat,20.2,2.0,When will my refund for the returned item be processed?
TIX100804,CUST004381,2026-01-15,Account Access,Email,8.6,2.0,"Great service, just wanted to confirm my order status."
TIX100805,CUST004455,2025-10-26,Damaged Item,Email,4.7,,"The item I received was damaged during shipping, need a replacement."
TIX100806,CUST001097,2026-05-18,Delivery Delay,Email,12.6,5.0,"I can't log into my account, it says my password is invalid."
TIX100807,CUST001621,2025-07-18,Return Request,Live Chat,25.3,5.0,"Wrong item was shipped to me, I ordered a different color."
TIX100808,CUST001627,2025-01-23,Damaged Item,Social Media,41.1,5.0,  the delivery guy left my package outside in the rain!!  
TIX100809,CUST002484,2025-12-08,Wrong Item Shipped,Email,23.8,2.0,My order ORD107159 still hasn't arrived and it's been over a week.
TIX100810,CUST001377,2025-10-27,Account Access,Phone,9.0,1.0,"I was charged twice for order ORD119153, please refund the duplicate charge."
TIX100811,CUST004746,2025-11-11,Delivery Delay,Phone,56.7,5.0,"The item I received was damaged during shipping, need a replacement."
TIX100812,CUST001920,2026-01-10,Account Access,Social Media,36.3,5.0,  the delivery guy left my package outside in the rain!!  
TIX100813,CUST004021,2026-06-19,Product Question,Live Chat,42.3,3.0,"Wrong item was shipped to me, I ordered a different color."
TIX100814,CUST004626,2025-03-03,Damaged Item,Live Chat,6.0,4.0,"I can't log into my account, it says my password is invalid."
TIX100815,CUST003055,2025-10-10,Damaged Item,Social Media,73.3,3.0,"I want to return this item, it doesn't fit as expected."
TIX100816,CUST004640,2024-09-07,Refund Status,Social Media,5.7,2.0,"I can't log into my account, it says my password is invalid."
TIX100817,CUST000461,2024-11-10,Damaged Item,Phone,3.2,3.0,"Great service, just wanted to confirm my order status."
TIX100818,CUST000083,2024-12-23,Delivery Delay,Social Media,4.3,4.0,  the delivery guy left my package outside in the rain!!  
TIX100819,CUST005115,2024-10-17,Return Request,Live Chat,18.8,5.0,"Great service, just wanted to confirm my order status."
TIX100820,CUST000999,2026-06-30,Delivery Delay,Social Media,9.2,,"I was charged twice for order ORD123999, please refund the duplicate charge."
TIX100821,CUST003283,2024-10-04,Delivery Delay,Email,3.2,,Can you tell me the warranty period on this product?
TIX100822,CUST000397,2026-05-09,Damaged Item,Phone,24.8,5.0,"I want to return this item, it doesn't fit as expected."
TIX100823,CUST002208,2025-11-03,Account Access,Phone,2.7,5.0,"I was charged twice for order ORD105202, please refund the duplicate charge."
TIX100824,CUST005780,2025-03-17,Product Question,Email,1.4,1.0,Can you tell me the warranty period on this product?
TIX100825,CUST001569,2025-11-06,Product Question,Live Chat,35.0,,  the delivery guy left my package outside in the rain!!  
TIX100826,CUST000757,2024-09-07,Wrong Item Shipped,Email,14.0,4.0,"I want to return this item, it doesn't fit as expected."
TIX100827,CUST002625,2025-12-09,Damaged Item,Email,18.3,2.0,"Wrong item was shipped to me, I ordered a different color."
TIX100828,CUST004593,2026-05-07,Account Access,Email,122.0,2.0,"Great service, just wanted to confirm my order status."
TIX100829,CUST001390,2025-09-17,Damaged Item,Live Chat,56.2,1.0,  the delivery guy left my package outside in the rain!!  
TIX100830,CUST006049,2026-04-05,Wrong Item Shipped,Email,9.7,2.0,  the delivery guy left my package outside in the rain!!  
TIX100831,CUST005740,2024-11-29,Billing Issue,Social Media,12.2,1.0,My order ORD114692 still hasn't arrived and it's been over a week.
TIX100832,CUST003007,2025-06-02,Refund Status,Live Chat,1.1,5.0,"I want to return this item, it doesn't fit as expected."
TIX100833,CUST000211,2025-08-08,Billing Issue,Phone,12.1,1.0,When will my refund for the returned item be processed?
TIX100834,CUST002850,2026-05-27,Wrong Item Shipped,Phone,5.9,5.0,Can you tell me the warranty period on this product?
TIX100835,CUST001034,2026-04-23,Delivery Delay,Email,25.5,2.0,"I want to return this item, it doesn't fit as expected."
TIX100836,CUST003140,2025-07-01,Billing Issue,Social Media,8.1,4.0,"I can't log into my account, it says my password is invalid."
TIX100837,CUST002166,2024-12-11,Wrong Item Shipped,Email,0.2,5.0,"The item I received was damaged during shipping, need a replacement."
TIX100838,CUST001770,2025-07-07,Damaged Item,Social Media,22.4,4.0,"Great service, just wanted to confirm my order status."
TIX100839,CUST005826,2025-11-01,Return Request,Social Media,4.1,4.0,"The item I received was damaged during shipping, need a replacement."
TIX100840,CUST001262,2025-05-18,Damaged Item,Social Media,5.8,,My order ORD124365 still hasn't arrived and it's been over a week.
TIX100841,CUST001832,2024-09-20,Account Access,Social Media,1.5,4.0,"I was charged twice for order ORD127448, please refund the duplicate charge."
TIX100842,CUST005640,2025-09-15,Return Request,Social Media,27.3,4.0,"I want to return this item, it doesn't fit as expected."
TIX100843,CUST005290,2026-02-18,Delivery Delay,Social Media,5.1,3.0,"I can't log into my account, it says my password is invalid."
TIX100844,CUST005252,2025-02-13,Return Request,Social Media,25.9,5.0,"I can't log into my account, it says my password is invalid."
TIX100845,CUST000282,2025-06-12,Refund Status,Live Chat,0.4,,"The item I received was damaged during shipping, need a replacement."
TIX100846,CUST001900,2025-11-15,Damaged Item,Email,18.6,,Can you tell me the warranty period on this product?
TIX100847,CUST001415,2024-10-08,Account Access,Email,2.3,4.0,Can you tell me the warranty period on this product?
TIX100848,CUST004547,2025-07-15,Wrong Item Shipped,Email,9.9,3.0,"I want to return this item, it doesn't fit as expected."
TIX100849,CUST003964,2025-02-25,Wrong Item Shipped,Phone,6.7,5.0,"I can't log into my account, it says my password is invalid."
TIX100850,CUST003462,2026-05-21,Product Question,Email,27.3,4.0,Can you tell me the warranty period on this product?
TIX100851,CUST003411,2025-03-07,Account Access,Social Media,28.4,,  the delivery guy left my package outside in the rain!!  
TIX100852,CUST004068,2025-09-19,Billing Issue,Email,34.4,3.0,"I was charged twice for order ORD118530, please refund the duplicate charge."
TIX100853,CUST001196,2024-10-20,Damaged Item,Email,0.3,5.0,My order ORD102387 still hasn't arrived and it's been over a week.
TIX100854,CUST005117,2026-06-01,Billing Issue,Phone,682.0,5.0,"I can't log into my account, it says my password is invalid."
TIX100855,CUST001275,2025-07-28,Damaged Item,Phone,5.0,3.0,"I was charged twice for order ORD103855, please refund the duplicate charge."
TIX100856,CUST003911,2024-12-09,Refund Status,Social Media,32.4,5.0,My order ORD103982 still hasn't arrived and it's been over a week.
TIX100857,CUST005901,2026-05-11,Wrong Item Shipped,Social Media,32.6,5.0,My order ORD116902 still hasn't arrived and it's been over a week.
TIX100858,CUST000064,2026-01-26,Refund Status,Email,4.5,4.0,"I was charged twice for order ORD113953, please refund the duplicate charge."
TIX100859,CUST002125,2025-06-16,Account Access,Email,5.1,3.0,"I was charged twice for order ORD126795, please refund the duplicate charge."
TIX100860,CUST001900,2025-12-19,Return Request,Social Media,3.2,4.0,"The item I received was damaged during shipping, need a replacement."
TIX100861,CUST005702,2026-01-23,Account Access,Live Chat,3.5,4.0,When will my refund for the returned item be processed?
TIX100862,CUST003467,2026-05-24,Delivery Delay,Live Chat,55.8,3.0,"I was charged twice for order ORD111956, please refund the duplicate charge."
TIX100863,CUST000290,2025-01-22,Wrong Item Shipped,Phone,8.7,5.0,"I can't log into my account, it says my password is invalid."
TIX100864,CUST004283,2026-04-13,Refund Status,Email,0.7,,"I can't log into my account, it says my password is invalid."
TIX100865,CUST004516,2025-02-18,Account Access,Phone,7.2,5.0,My order ORD114043 still hasn't arrived and it's been over a week.
TIX100866,CUST001947,2025-02-25,Account Access,Phone,0.9,4.0,"Great service, just wanted to confirm my order status."
TIX100867,CUST000025,2025-05-11,Billing Issue,Live Chat,71.8,4.0,Can you tell me the warranty period on this product?
TIX100868,CUST002596,2025-07-14,Damaged Item,Social Media,19.7,,"The item I received was damaged during shipping, need a replacement."
TIX100869,CUST001829,2025-06-09,Billing Issue,Social Media,12.9,2.0,"Wrong item was shipped to me, I ordered a different color."
TIX100870,CUST001165,2025-08-31,Account Access,Social Media,2.1,5.0,  the delivery guy left my package outside in the rain!!  
TIX100871,CUST000985,2026-01-16,Damaged Item,Live Chat,5.6,3.0,"The item I received was damaged during shipping, need a replacement."
TIX100872,CUST001810,2026-03-09,Account Access,Phone,26.5,,"Great service, just wanted to confirm my order status."
TIX100873,CUST005274,2026-04-28,Damaged Item,Social Media,41.8,5.0,"The item I received was damaged during shipping, need a replacement."
TIX100874,CUST001478,2025-10-23,Account Access,Live Chat,30.9,5.0,"The item I received was damaged during shipping, need a replacement."
TIX100875,CUST002280,2024-10-26,Product Question,Phone,19.9,1.0,Can you tell me the warranty period on this product?
TIX100876,CUST003433,2024-11-21,Delivery Delay,Email,14.1,5.0,"I can't log into my account, it says my password is invalid."
TIX100877,CUST002694,2026-02-25,Product Question,Live Chat,11.2,3.0,"Wrong item was shipped to me, I ordered a different color."
TIX100878,CUST000175,2025-11-12,Refund Status,Email,3.1,4.0,"The item I received was damaged during shipping, need a replacement."
TIX100879,CUST002669,2025-11-06,Damaged Item,Phone,2.3,5.0,My order ORD108577 still hasn't arrived and it's been over a week.
TIX100880,CUST000466,2025-07-04,Delivery Delay,Phone,29.7,4.0,"Wrong item was shipped to me, I ordered a different color."
TIX100881,CUST004091,2025-05-06,Return Request,Live Chat,28.1,,When will my refund for the returned item be processed?
TIX100882,CUST000478,2025-11-14,Delivery Delay,Social Media,0.3,5.0,My order ORD108180 still hasn't arrived and it's been over a week.
TIX100883,CUST001401,2025-03-09,Return Request,Phone,13.2,3.0,My order ORD120309 still hasn't arrived and it's been over a week.
TIX100884,CUST003845,2025-11-14,Damaged Item,Email,3.0,4.0,"The item I received was damaged during shipping, need a replacement."
TIX100885,CUST005784,2025-03-21,Damaged Item,Social Media,26.2,5.0,When will my refund for the returned item be processed?
TIX100886,CUST004778,2026-05-26,Return Request,Social Media,3.7,5.0,"Great service, just wanted to confirm my order status."
TIX100887,CUST002699,2024-10-07,Delivery Delay,Social Media,12.9,4.0,"Wrong item was shipped to me, I ordered a different color."
TIX100888,CUST004779,2025-01-03,Account Access,Phone,20.1,5.0,"I can't log into my account, it says my password is invalid."
TIX100889,CUST003370,2024-11-26,Damaged Item,Social Media,8.9,4.0,"Great service, just wanted to confirm my order status."
TIX100890,CUST001249,2025-03-09,Return Request,Email,20.0,5.0,  the delivery guy left my package outside in the rain!!  
TIX100891,CUST003557,2025-11-29,Refund Status,Phone,44.2,3.0,"The item I received was damaged during shipping, need a replacement."
TIX100892,CUST006025,2025-12-29,Wrong Item Shipped,Live Chat,22.9,,"Wrong item was shipped to me, I ordered a different color."
TIX100893,CUST004466,2025-07-30,Return Request,Social Media,7.0,5.0,"I was charged twice for order ORD107778, please refund the duplicate charge."
TIX100894,CUST005665,2025-11-08,Return Request,Live Chat,7.8,,"I want to return this item, it doesn't fit as expected."
TIX100895,CUST000722,2025-06-12,Product Question,Social Media,7.3,2.0,"Wrong item was shipped to me, I ordered a different color."
TIX100896,CUST005534,2026-05-26,Wrong Item Shipped,Social Media,11.8,5.0,"I was charged twice for order ORD117493, please refund the duplicate charge."
TIX100897,CUST004694,2026-04-21,Billing Issue,Email,1.7,5.0,"Great service, just wanted to confirm my order status."
TIX100898,CUST002051,2026-06-13,Damaged Item,Social Media,0.4,1.0,Can you tell me the warranty period on this product?
TIX100899,CUST004629,2026-03-14,Product Question,Live Chat,6.7,2.0,"I was charged twice for order ORD114756, please refund the duplicate charge."
TIX100900,CUST004829,2025-05-12,Account Access,Email,30.6,4.0,My order ORD109808 still hasn't arrived and it's been over a week.
TIX100901,CUST005723,2025-07-18,Damaged Item,Phone,36.5,,"Wrong item was shipped to me, I ordered a different color."
TIX100902,CUST004910,2026-03-16,Product Question,Live Chat,24.8,4.0,"I can't log into my account, it says my password is invalid."
TIX100903,CUST002979,2025-01-23,Refund Status,Email,3.7,4.0,"I can't log into my account, it says my password is invalid."
TIX100904,CUST004198,2024-12-02,Billing Issue,Social Media,12.3,3.0,"Wrong item was shipped to me, I ordered a different color."
TIX100905,CUST004136,2025-06-09,Refund Status,Live Chat,12.7,,"I can't log into my account, it says my password is invalid."
TIX100906,CUST002585,2026-04-29,Delivery Delay,Social Media,3.8,4.0,"I was charged twice for order ORD110765, please refund the duplicate charge."
TIX100907,CUST005842,2025-03-24,Product Question,Live Chat,8.2,5.0,"Wrong item was shipped to me, I ordered a different color."
TIX100908,CUST003060,2026-03-02,Delivery Delay,Email,6.3,5.0,"I can't log into my account, it says my password is invalid."
TIX100909,CUST000356,2025-03-27,Wrong Item Shipped,Social Media,5.3,4.0,"I can't log into my account, it says my password is invalid."
TIX100910,CUST005744,2024-10-15,Wrong Item Shipped,Social Media,9.4,5.0,  the delivery guy left my package outside in the rain!!  
TIX100911,CUST003202,2024-12-30,Wrong Item Shipped,Email,6.9,4.0,  the delivery guy left my package outside in the rain!!  
TIX100912,CUST001776,2025-06-18,Wrong Item Shipped,Email,47.5,4.0,  the delivery guy left my package outside in the rain!!  
TIX100913,CUST004437,2025-05-12,Wrong Item Shipped,Social Media,17.9,4.0,My order ORD124088 still hasn't arrived and it's been over a week.
TIX100914,CUST004403,2025-04-18,Account Access,Live Chat,15.7,,"Great service, just wanted to confirm my order status."
TIX100915,CUST002538,2025-02-15,Refund Status,Email,9.7,5.0,"I can't log into my account, it says my password is invalid."
TIX100916,CUST005550,2025-08-25,Wrong Item Shipped,Phone,10.9,4.0,My order ORD109849 still hasn't arrived and it's been over a week.
TIX100917,CUST003037,2025-01-18,Wrong Item Shipped,Phone,10.8,5.0,"I was charged twice for order ORD102374, please refund the duplicate charge."
TIX100918,CUST003359,2025-10-02,Damaged Item,Live Chat,0.3,4.0,"I can't log into my account, it says my password is invalid."
TIX100919,CUST001659,2025-10-21,Delivery Delay,Live Chat,57.0,5.0,My order ORD124909 still hasn't arrived and it's been over a week.
TIX100920,CUST004558,2025-12-16,Wrong Item Shipped,Phone,22.7,3.0,"The item I received was damaged during shipping, need a replacement."
TIX100921,CUST002236,2025-05-09,Account Access,Phone,14.3,2.0,"I was charged twice for order ORD105179, please refund the duplicate charge."
TIX100922,CUST000264,2026-01-02,Wrong Item Shipped,Email,4.9,,"I was charged twice for order ORD113137, please refund the duplicate charge."
TIX100923,CUST001567,2026-05-13,Refund Status,Phone,0.1,5.0,"I want to return this item, it doesn't fit as expected."
TIX100924,CUST002306,2026-05-31,Damaged Item,Email,5.9,5.0,When will my refund for the returned item be processed?
TIX100925,CUST001635,2024-10-13,Damaged Item,Live Chat,27.4,3.0,"The item I received was damaged during shipping, need a replacement."
TIX100926,CUST002602,2026-05-20,Return Request,Live Chat,63.9,4.0,"Wrong item was shipped to me, I ordered a different color."
TIX100927,CUST002824,2026-03-17,Return Request,Phone,25.7,1.0,  the delivery guy left my package outside in the rain!!  
TIX100928,CUST004414,2025-09-06,Wrong Item Shipped,Email,10.2,1.0,Can you tell me the warranty period on this product?
TIX100929,CUST006024,2025-09-19,Delivery Delay,Email,33.9,5.0,My order ORD107086 still hasn't arrived and it's been over a week.
TIX100930,CUST000683,2025-03-29,Return Request,Phone,99.1,3.0,My order ORD120983 still hasn't arrived and it's been over a week.
TIX100931,CUST004301,2024-09-06,Account Access,Social Media,6.6,4.0,"Great service, just wanted to confirm my order status."
TIX100932,CUST000439,2025-05-26,Damaged Item,Email,9.5,4.0,"Great service, just wanted to confirm my order status."
TIX100933,CUST005824,2025-02-26,Refund Status,Live Chat,10.2,4.0,Can you tell me the warranty period on this product?
TIX100934,CUST002248,2025-07-04,Wrong Item Shipped,Social Media,8.7,5.0,My order ORD127236 still hasn't arrived and it's been over a week.
TIX100935,CUST006014,2025-11-23,Account Access,Live Chat,18.6,5.0,"I was charged twice for order ORD111064, please refund the duplicate charge."
TIX100936,CUST000594,2025-05-29,Billing Issue,Phone,37.0,4.0,Can you tell me the warranty period on this product?
TIX100937,CUST000562,2026-05-20,Damaged Item,Live Chat,36.2,4.0,My order ORD109362 still hasn't arrived and it's been over a week.
TIX100938,CUST000223,2025-07-19,Delivery Delay,Live Chat,2.0,2.0,"Wrong item was shipped to me, I ordered a different color."
TIX100939,CUST004804,2025-11-02,Damaged Item,Live Chat,0.5,1.0,  the delivery guy left my package outside in the rain!!  
TIX100940,CUST003545,2026-04-16,Billing Issue,Phone,10.3,1.0,"I was charged twice for order ORD123694, please refund the duplicate charge."
TIX100941,CUST003058,2025-05-03,Delivery Delay,Phone,2.8,4.0,  the delivery guy left my package outside in the rain!!  
TIX100942,CUST001002,2025-12-04,Delivery Delay,Social Media,1.3,3.0,  the delivery guy left my package outside in the rain!!  
TIX100943,CUST000849,2025-05-19,Delivery Delay,Phone,2.1,5.0,"I can't log into my account, it says my password is invalid."
TIX100944,CUST002270,2025-12-08,Account Access,Social Media,18.1,4.0,Can you tell me the warranty period on this product?
TIX100945,CUST000515,2025-08-05,Wrong Item Shipped,Phone,7.8,4.0,  the delivery guy left my package outside in the rain!!  
TIX100946,CUST000061,2025-11-25,Delivery Delay,Phone,18.0,5.0,Can you tell me the warranty period on this product?
TIX100947,CUST003553,2026-04-27,Account Access,Live Chat,0.9,5.0,"The item I received was damaged during shipping, need a replacement."
TIX100948,CUST003614,2024-12-01,Wrong Item Shipped,Social Media,48.6,4.0,"Wrong item was shipped to me, I ordered a different color."
TIX100949,CUST003063,2025-04-19,Product Question,Social Media,61.4,5.0,"I can't log into my account, it says my password is invalid."
TIX100950,CUST000451,2026-04-30,Billing Issue,Live Chat,49.0,2.0,  the delivery guy left my package outside in the rain!!  
TIX100951,CUST000392,2025-08-22,Return Request,Phone,4.9,3.0,"I can't log into my account, it says my password is invalid."
TIX100952,CUST002556,2024-10-05,Wrong Item Shipped,Live Chat,35.4,5.0,When will my refund for the returned item be processed?
TIX100953,CUST003729,2025-05-03,Product Question,Live Chat,8.8,4.0,"Wrong item was shipped to me, I ordered a different color."
TIX100954,CUST002148,2024-12-09,Delivery Delay,Live Chat,21.6,5.0,"I was charged twice for order ORD120381, please refund the duplicate charge."
TIX100955,CUST005243,2026-01-01,Refund Status,Phone,3.8,3.0,"I can't log into my account, it says my password is invalid."
TIX100956,CUST005114,2024-10-31,Wrong Item Shipped,Phone,9.8,5.0,My order ORD126308 still hasn't arrived and it's been over a week.
TIX100957,CUST000230,2025-01-15,Account Access,Live Chat,40.5,4.0,When will my refund for the returned item be processed?
TIX100958,CUST003854,2026-01-19,Refund Status,Social Media,11.0,4.0,Can you tell me the warranty period on this product?
TIX100959,CUST000538,2025-10-08,Return Request,Social Media,48.0,4.0,When will my refund for the returned item be processed?
TIX100960,CUST001142,2024-12-23,Damaged Item,Social Media,8.0,5.0,My order ORD102229 still hasn't arrived and it's been over a week.
TIX100961,CUST006038,2026-06-08,Damaged Item,Email,16.3,2.0,  the delivery guy left my package outside in the rain!!  
TIX100962,CUST000263,2026-04-24,Return Request,Social Media,10.5,3.0,"I was charged twice for order ORD125937, please refund the duplicate charge."
TIX100963,CUST006007,2025-05-09,Damaged Item,Email,2.5,5.0,My order ORD123775 still hasn't arrived and it's been over a week.
TIX100964,CUST001471,2025-11-15,Delivery Delay,Email,11.8,5.0,When will my refund for the returned item be processed?
TIX100965,CUST001982,2024-09-26,Wrong Item Shipped,Phone,8.0,3.0,"I want to return this item, it doesn't fit as expected."
TIX100966,CUST002493,2024-09-18,Refund Status,Phone,3.9,5.0,My order ORD122361 still hasn't arrived and it's been over a week.
TIX100967,CUST000028,2025-05-20,Billing Issue,Phone,9.9,4.0,"I want to return this item, it doesn't fit as expected."
TIX100968,CUST004456,2026-04-09,Billing Issue,Live Chat,6.0,4.0,"I want to return this item, it doesn't fit as expected."
TIX100969,CUST005990,2025-11-24,Delivery Delay,Email,5.4,5.0,"Wrong item was shipped to me, I ordered a different color."
TIX100970,CUST005775,2026-06-19,Refund Status,Social Media,35.2,,"I want to return this item, it doesn't fit as expected."
TIX100971,CUST000255,2024-12-02,Billing Issue,Phone,26.2,4.0,"The item I received was damaged during shipping, need a replacement."
TIX100972,CUST002440,2025-08-24,Account Access,Email,20.3,3.0,"I can't log into my account, it says my password is invalid."
TIX100973,CUST001033,2024-12-10,Wrong Item Shipped,Email,8.2,,"The item I received was damaged during shipping, need a replacement."
TIX100974,CUST002340,2026-05-21,Product Question,Social Media,4.7,4.0,"I want to return this item, it doesn't fit as expected."
TIX100975,CUST001214,2025-02-01,Damaged Item,Social Media,18.0,3.0,"I was charged twice for order ORD101757, please refund the duplicate charge."
TIX100976,CUST002076,2025-02-19,Wrong Item Shipped,Phone,5.9,5.0,Can you tell me the warranty period on this product?
TIX100977,CUST000692,2024-09-23,Return Request,Social Media,24.9,,"The item I received was damaged during shipping, need a replacement."
TIX100978,CUST004819,2026-05-11,Refund Status,Email,11.8,,"I can't log into my account, it says my password is invalid."
TIX100979,CUST000221,2025-10-18,Damaged Item,Email,43.4,,Can you tell me the warranty period on this product?
TIX100980,CUST000966,2025-04-24,Refund Status,Live Chat,41.0,4.0,"I can't log into my account, it says my password is invalid."
TIX100981,CUST001170,2026-03-31,Damaged Item,Social Media,10.5,3.0,"I was charged twice for order ORD114149, please refund the duplicate charge."
TIX100982,CUST002042,2024-10-11,Return Request,Social Media,55.5,4.0,"I was charged twice for order ORD110380, please refund the duplicate charge."
TIX100983,CUST000587,2024-11-08,Damaged Item,Phone,19.5,5.0,"I can't log into my account, it says my password is invalid."
TIX100984,CUST001420,2026-03-23,Refund Status,Email,16.7,5.0,"I want to return this item, it doesn't fit as expected."
TIX100985,CUST005608,2024-11-12,Refund Status,Social Media,1.8,5.0,Can you tell me the warranty period on this product?
TIX100986,CUST002032,2025-08-30,Refund Status,Social Media,72.8,5.0,"The item I received was damaged during shipping, need a replacement."
TIX100987,CUST002725,2024-09-11,Wrong Item Shipped,Phone,1.7,3.0,"I was charged twice for order ORD113951, please refund the duplicate charge."
TIX100988,CUST000063,2024-10-24,Product Question,Social Media,5.7,3.0,  the delivery guy left my package outside in the rain!!  
TIX100989,CUST005203,2025-01-08,Delivery Delay,Live Chat,3.4,1.0,"I was charged twice for order ORD109953, please refund the duplicate charge."
TIX100990,CUST002264,2025-08-24,Account Access,Live Chat,1.1,5.0,My order ORD105122 still hasn't arrived and it's been over a week.
TIX100991,CUST001927,2024-09-18,Account Access,Social Media,121.1,2.0,"I was charged twice for order ORD106667, please refund the duplicate charge."
TIX100992,CUST005317,2026-03-25,Wrong Item Shipped,Live Chat,6.9,5.0,When will my refund for the returned item be processed?
TIX100993,CUST003193,2025-05-17,Refund Status,Live Chat,0.8,,"I want to return this item, it doesn't fit as expected."
TIX100994,CUST000609,2025-04-16,Refund Status,Live Chat,2.4,4.0,"I was charged twice for order ORD113644, please refund the duplicate charge."
TIX100995,CUST001610,2024-12-08,Refund Status,Email,4.9,2.0,"I can't log into my account, it says my password is invalid."
TIX100996,CUST003904,2025-06-16,Account Access,Phone,0.7,4.0,"Wrong item was shipped to me, I ordered a different color."
TIX100997,CUST005140,2025-04-24,Product Question,Social Media,2.9,5.0,Can you tell me the warranty period on this product?
TIX100998,CUST002267,2025-04-06,Wrong Item Shipped,Live Chat,0.6,3.0,"I was charged twice for order ORD109691, please refund the duplicate charge."
TIX100999,CUST001681,2025-11-30,Damaged Item,Phone,3.3,,"Wrong item was shipped to me, I ordered a different color."
TIX101000,CUST000248,2025-04-09,Delivery Delay,Social Media,10.6,2.0,"The item I received was damaged during shipping, need a replacement."
TIX101001,CUST005684,2026-03-26,Account Access,Phone,67.0,3.0,"The item I received was damaged during shipping, need a replacement."
TIX101002,CUST002247,2025-09-15,Delivery Delay,Live Chat,20.3,5.0,"Wrong item was shipped to me, I ordered a different color."
TIX101003,CUST004424,2025-03-04,Return Request,Phone,13.9,3.0,"I was charged twice for order ORD120360, please refund the duplicate charge."
TIX101004,CUST001126,2025-04-01,Delivery Delay,Social Media,82.2,5.0,Can you tell me the warranty period on this product?
TIX101005,CUST003400,2026-05-15,Product Question,Live Chat,21.9,5.0,When will my refund for the returned item be processed?
TIX101006,CUST004763,2024-10-22,Delivery Delay,Email,8.3,4.0,"I was charged twice for order ORD102516, please refund the duplicate charge."
TIX101007,CUST003034,2025-08-25,Refund Status,Phone,28.3,5.0,When will my refund for the returned item be processed?
TIX101008,CUST005994,2026-01-31,Refund Status,Live Chat,11.8,3.0,"I can't log into my account, it says my password is invalid."
TIX101009,CUST002134,2025-02-15,Billing Issue,Email,0.7,1.0,"Wrong item was shipped to me, I ordered a different color."
TIX101010,CUST002604,2025-08-20,Damaged Item,Social Media,18.2,,  the delivery guy left my package outside in the rain!!  
TIX101011,CUST003552,2026-05-07,Product Question,Social Media,23.6,5.0,"I want to return this item, it doesn't fit as expected."
TIX101012,CUST004655,2025-01-16,Delivery Delay,Email,69.5,5.0,"I want to return this item, it doesn't fit as expected."
TIX101013,CUST002872,2026-04-25,Account Access,Phone,1.9,5.0,"I want to return this item, it doesn't fit as expected."
TIX101014,CUST002949,2025-01-23,Damaged Item,Email,7.0,3.0,  the delivery guy left my package outside in the rain!!  
TIX101015,CUST000672,2025-10-13,Account Access,Phone,23.1,1.0,Can you tell me the warranty period on this product?
TIX101016,CUST004716,2025-04-05,Product Question,Live Chat,18.7,5.0,"I want to return this item, it doesn't fit as expected."
TIX101017,CUST000060,2026-02-25,Return Request,Phone,13.1,3.0,"Great service, just wanted to confirm my order status."
TIX101018,CUST002949,2025-01-16,Return Request,Social Media,3.8,5.0,"The item I received was damaged during shipping, need a replacement."
TIX101019,CUST000847,2025-04-25,Product Question,Live Chat,4.3,4.0,"I was charged twice for order ORD125134, please refund the duplicate charge."
TIX101020,CUST003607,2025-07-09,Wrong Item Shipped,Email,62.2,3.0,Can you tell me the warranty period on this product?
TIX101021,CUST003615,2025-03-15,Product Question,Social Media,2.0,4.0,"Wrong item was shipped to me, I ordered a different color."
TIX101022,CUST001356,2025-10-13,Damaged Item,Live Chat,23.6,2.0,"Great service, just wanted to confirm my order status."
TIX101023,CUST005348,2026-04-11,Damaged Item,Phone,0.0,5.0,"I want to return this item, it doesn't fit as expected."
TIX101024,CUST002128,2025-07-24,Account Access,Phone,2.4,5.0,"Wrong item was shipped to me, I ordered a different color."
TIX101025,CUST003131,2025-11-11,Billing Issue,Live Chat,34.7,4.0,"The item I received was damaged during shipping, need a replacement."
TIX101026,CUST003995,2025-10-13,Billing Issue,Email,6.7,4.0,"I want to return this item, it doesn't fit as expected."
TIX101027,CUST002148,2024-09-15,Damaged Item,Email,94.5,5.0,"I can't log into my account, it says my password is invalid."
TIX101028,CUST003057,2025-01-24,Damaged Item,Phone,23.7,5.0,"I was charged twice for order ORD116218, please refund the duplicate charge."
TIX101029,CUST003946,2024-12-24,Return Request,Social Media,8.2,,"I was charged twice for order ORD115637, please refund the duplicate charge."
TIX101030,CUST003995,2026-04-07,Account Access,Email,10.0,5.0,  the delivery guy left my package outside in the rain!!  
TIX101031,CUST000966,2025-05-05,Product Question,Phone,5.0,5.0,"The item I received was damaged during shipping, need a replacement."
TIX101032,CUST004280,2025-01-12,Account Access,Phone,30.6,1.0,"I can't log into my account, it says my password is invalid."
TIX101033,CUST004619,2025-03-15,Damaged Item,Email,0.1,2.0,  the delivery guy left my package outside in the rain!!  
TIX101034,CUST001056,2025-05-04,Billing Issue,Phone,4.9,5.0,My order ORD113818 still hasn't arrived and it's been over a week.
TIX101035,CUST005338,2025-10-12,Return Request,Email,36.8,4.0,Can you tell me the warranty period on this product?
TIX101036,CUST000226,2026-04-09,Damaged Item,Email,65.6,1.0,My order ORD106661 still hasn't arrived and it's been over a week.
TIX101037,CUST003067,2025-06-27,Refund Status,Social Media,10.4,5.0,"I can't log into my account, it says my password is invalid."
TIX101038,CUST000619,2025-10-21,Damaged Item,Social Media,31.6,4.0,"The item I received was damaged during shipping, need a replacement."
TIX101039,CUST001605,2025-09-13,Billing Issue,Social Media,30.4,5.0,  the delivery guy left my package outside in the rain!!  
TIX101040,CUST005036,2026-02-16,Account Access,Live Chat,26.6,,My order ORD117303 still hasn't arrived and it's been over a week.
TIX101041,CUST003683,2025-09-01,Product Question,Email,33.2,2.0,When will my refund for the returned item be processed?
TIX101042,CUST000956,2025-08-25,Delivery Delay,Phone,52.5,5.0,"I can't log into my account, it says my password is invalid."
TIX101043,CUST003136,2025-02-10,Wrong Item Shipped,Email,1.0,5.0,My order ORD107213 still hasn't arrived and it's been over a week.
TIX101044,CUST005923,2026-05-10,Refund Status,Live Chat,8.0,5.0,When will my refund for the returned item be processed?
TIX101045,CUST005338,2025-06-21,Billing Issue,Phone,21.7,4.0,"I can't log into my account, it says my password is invalid."
TIX101046,CUST006080,2026-05-08,Return Request,Live Chat,3.9,3.0,My order ORD125306 still hasn't arrived and it's been over a week.
TIX101047,CUST004018,2025-05-21,Refund Status,Email,13.6,,"The item I received was damaged during shipping, need a replacement."
TIX101048,CUST001219,2026-04-04,Wrong Item Shipped,Social Media,17.6,5.0,"I can't log into my account, it says my password is invalid."
TIX101049,CUST000111,2025-03-01,Delivery Delay,Social Media,3.3,4.0,"I was charged twice for order ORD122024, please refund the duplicate charge."
TIX101050,CUST001958,2025-05-24,Delivery Delay,Phone,20.8,5.0,"I can't log into my account, it says my password is invalid."
TIX101051,CUST004708,2026-03-15,Refund Status,Phone,0.7,5.0,"I want to return this item, it doesn't fit as expected."
TIX101052,CUST005910,2026-02-04,Delivery Delay,Live Chat,0.5,3.0,My order ORD122980 still hasn't arrived and it's been over a week.
TIX101053,CUST003554,2026-05-04,Billing Issue,Live Chat,24.4,3.0,"The item I received was damaged during shipping, need a replacement."
TIX101054,CUST004302,2024-11-05,Damaged Item,Phone,19.0,4.0,When will my refund for the returned item be processed?
TIX101055,CUST005797,2026-01-30,Account Access,Live Chat,26.1,4.0,  the delivery guy left my package outside in the rain!!  
TIX101056,CUST002451,2025-03-18,Account Access,Phone,0.3,5.0,My order ORD122945 still hasn't arrived and it's been over a week.
TIX101057,CUST000521,2026-03-27,Refund Status,Live Chat,1.5,5.0,"Wrong item was shipped to me, I ordered a different color."
TIX101058,CUST000845,2025-06-29,Account Access,Phone,6.6,5.0,"Wrong item was shipped to me, I ordered a different color."
TIX101059,CUST000832,2024-09-30,Return Request,Phone,2.0,,"Great service, just wanted to confirm my order status."
TIX101060,CUST003917,2025-12-23,Billing Issue,Phone,7.3,1.0,Can you tell me the warranty period on this product?
TIX101061,CUST001345,2025-01-27,Wrong Item Shipped,Phone,14.8,4.0,"I was charged twice for order ORD119926, please refund the duplicate charge."
TIX101062,CUST003683,2024-10-18,Return Request,Phone,14.5,5.0,"The item I received was damaged during shipping, need a replacement."
TIX101063,CUST003875,2024-09-19,Wrong Item Shipped,Social Media,1.7,3.0,"Great service, just wanted to confirm my order status."
TIX101064,CUST004439,2025-05-31,Account Access,Email,1.3,3.0,"I was charged twice for order ORD100617, please refund the duplicate charge."
TIX101065,CUST004514,2024-11-10,Product Question,Live Chat,0.8,5.0,"I want to return this item, it doesn't fit as expected."
TIX101066,CUST001532,2025-08-06,Wrong Item Shipped,Live Chat,38.1,4.0,"I was charged twice for order ORD105060, please refund the duplicate charge."
TIX101067,CUST003081,2024-09-12,Account Access,Social Media,25.9,4.0,"The item I received was damaged during shipping, need a replacement."
TIX101068,CUST002676,2026-02-04,Account Access,Social Media,31.2,,My order ORD118925 still hasn't arrived and it's been over a week.
TIX101069,CUST000287,2026-05-12,Refund Status,Social Media,0.3,5.0,"I want to return this item, it doesn't fit as expected."
TIX101070,CUST001285,2025-08-23,Refund Status,Email,22.8,4.0,  the delivery guy left my package outside in the rain!!  
TIX101071,CUST000929,2024-11-25,Product Question,Phone,18.1,4.0,"Wrong item was shipped to me, I ordered a different color."
TIX101072,CUST005683,2026-02-09,Account Access,Social Media,1.8,2.0,My order ORD100805 still hasn't arrived and it's been over a week.
TIX101073,CUST001524,2025-07-02,Damaged Item,Phone,15.7,3.0,"I was charged twice for order ORD101971, please refund the duplicate charge."
TIX101074,CUST000187,2025-07-28,Refund Status,Phone,1.2,5.0,Can you tell me the warranty period on this product?
TIX101075,CUST002505,2026-06-06,Billing Issue,Social Media,10.9,,Can you tell me the warranty period on this product?
TIX101076,CUST002969,2025-11-09,Damaged Item,Social Media,20.7,4.0,"I want to return this item, it doesn't fit as expected."
TIX101077,CUST005549,2024-11-14,Return Request,Phone,1.1,4.0,When will my refund for the returned item be processed?
TIX101078,CUST004151,2025-01-07,Damaged Item,Email,12.9,2.0,  the delivery guy left my package outside in the rain!!  
TIX101079,CUST002609,2025-12-08,Product Question,Live Chat,21.1,5.0,"I was charged twice for order ORD107188, please refund the duplicate charge."
TIX101080,CUST000769,2024-10-20,Refund Status,Social Media,-0.9,3.0,"Wrong item was shipped to me, I ordered a different color."
TIX101081,CUST001460,2026-06-27,Return Request,Email,36.8,,"Great service, just wanted to confirm my order status."
TIX101082,CUST002685,2026-01-23,Refund Status,Phone,7.9,4.0,My order ORD103623 still hasn't arrived and it's been over a week.
TIX101083,CUST000800,2025-12-01,Delivery Delay,Live Chat,6.8,5.0,"The item I received was damaged during shipping, need a replacement."
TIX101084,CUST005319,2025-01-26,Account Access,Live Chat,2.3,3.0,My order ORD115809 still hasn't arrived and it's been over a week.
TIX101085,CUST000932,2025-11-16,Refund Status,Live Chat,76.0,2.0,"I can't log into my account, it says my password is invalid."
TIX101086,CUST004218,2025-09-23,Return Request,Social Media,15.5,4.0,When will my refund for the returned item be processed?
TIX101087,CUST000379,2026-02-21,Account Access,Live Chat,15.8,5.0,My order ORD120761 still hasn't arrived and it's been over a week.
TIX101088,CUST004367,2024-09-07,Product Question,Phone,16.9,5.0,"I can't log into my account, it says my password is invalid."
TIX101089,CUST000777,2024-10-12,Account Access,Phone,9.7,5.0,"I want to return this item, it doesn't fit as expected."
TIX101090,CUST002148,2025-05-26,Refund Status,Social Media,8.7,4.0,"Wrong item was shipped to me, I ordered a different color."
TIX101091,CUST000173,2024-11-09,Refund Status,Social Media,14.3,4.0,My order ORD127753 still hasn't arrived and it's been over a week.
TIX101092,CUST002686,2025-10-25,Account Access,Live Chat,3.2,5.0,"The item I received was damaged during shipping, need a replacement."
TIX101093,CUST004851,2025-09-27,Product Question,Social Media,16.0,5.0,My order ORD120123 still hasn't arrived and it's been over a week.
TIX101094,CUST003106,2025-04-10,Wrong Item Shipped,Live Chat,12.4,5.0,"I was charged twice for order ORD120836, please refund the duplicate charge."
TIX101095,CUST002060,2026-05-06,Product Question,Email,2.9,5.0,My order ORD123320 still hasn't arrived and it's been over a week.
TIX101096,CUST004245,2024-10-12,Damaged Item,Social Media,27.2,3.0,When will my refund for the returned item be processed?
TIX101097,CUST000760,2025-04-21,Wrong Item Shipped,Phone,1.4,4.0,  the delivery guy left my package outside in the rain!!  
TIX101098,CUST004155,2026-02-22,Damaged Item,Phone,4.9,4.0,"I want to return this item, it doesn't fit as expected."
TIX101099,CUST005043,2026-01-02,Return Request,Social Media,3.3,3.0,"The item I received was damaged during shipping, need a replacement."
TIX101100,CUST000144,2025-05-22,Refund Status,Email,11.0,2.0,"I can't log into my account, it says my password is invalid."
TIX101101,CUST001127,2025-01-01,Account Access,Phone,22.2,2.0,"I want to return this item, it doesn't fit as expected."
TIX101102,CUST003466,2025-12-23,Delivery Delay,Email,5.0,4.0,When will my refund for the returned item be processed?
TIX101103,CUST001018,2025-03-04,Refund Status,Email,3.0,5.0,When will my refund for the returned item be processed?
TIX101104,CUST002859,2025-12-04,Return Request,Social Media,15.0,3.0,"I was charged twice for order ORD114624, please refund the duplicate charge."
TIX101105,CUST001626,2024-10-22,Damaged Item,Social Media,19.7,5.0,"Wrong item was shipped to me, I ordered a different color."
TIX101106,CUST003835,2026-03-10,Damaged Item,Live Chat,54.3,1.0,"Great service, just wanted to confirm my order status."
TIX101107,CUST003891,2025-11-03,Wrong Item Shipped,Email,16.9,1.0,Can you tell me the warranty period on this product?
TIX101108,CUST005234,2026-03-28,Return Request,Live Chat,15.1,4.0,"Great service, just wanted to confirm my order status."
TIX101109,CUST000953,2025-09-23,Delivery Delay,Phone,230.0,5.0,My order ORD107418 still hasn't arrived and it's been over a week.
TIX101110,CUST005281,2025-04-12,Wrong Item Shipped,Email,5.9,4.0,"I was charged twice for order ORD122465, please refund the duplicate charge."
TIX101111,CUST000241,2024-12-18,Damaged Item,Phone,54.3,1.0,"I can't log into my account, it says my password is invalid."
TIX101112,CUST000042,2026-02-01,Refund Status,Social Media,22.3,3.0,Can you tell me the warranty period on this product?
TIX101113,CUST005059,2024-10-06,Return Request,Email,11.6,4.0,"Wrong item was shipped to me, I ordered a different color."
TIX101114,CUST003689,2025-08-09,Return Request,Live Chat,13.7,5.0,"The item I received was damaged during shipping, need a replacement."
TIX101115,CUST002619,2024-12-24,Damaged Item,Email,57.1,5.0,My order ORD120457 still hasn't arrived and it's been over a week.
TIX101116,CUST003980,2024-11-12,Damaged Item,Phone,12.0,,  the delivery guy left my package outside in the rain!!  
TIX101117,CUST002360,2025-11-24,Refund Status,Email,90.3,,My order ORD109705 still hasn't arrived and it's been over a week.
TIX101118,CUST002184,2024-11-24,Damaged Item,Social Media,15.2,5.0,"I was charged twice for order ORD126428, please refund the duplicate charge."
TIX101119,CUST001696,2025-04-04,Account Access,Email,44.8,5.0,"I was charged twice for order ORD115818, please refund the duplicate charge."
TIX101120,CUST002590,2026-01-10,Refund Status,Social Media,23.2,,"I want to return this item, it doesn't fit as expected."
TIX101121,CUST000513,2026-02-04,Product Question,Phone,2.1,4.0,"Great service, just wanted to confirm my order status."
TIX101122,CUST000268,2025-11-13,Delivery Delay,Social Media,17.2,4.0,My order ORD114290 still hasn't arrived and it's been over a week.
TIX101123,CUST001579,2026-01-02,Damaged Item,Live Chat,55.0,4.0,When will my refund for the returned item be processed?
TIX101124,CUST002805,2026-03-03,Wrong Item Shipped,Phone,7.3,3.0,"I can't log into my account, it says my password is invalid."
TIX101125,CUST003937,2025-12-27,Product Question,Phone,8.0,5.0,Can you tell me the warranty period on this product?
TIX101126,CUST002871,2024-10-04,Damaged Item,Social Media,2.2,5.0,"The item I received was damaged during shipping, need a replacement."
TIX101127,CUST002599,2025-12-03,Damaged Item,Social Media,12.9,3.0,"I was charged twice for order ORD102524, please refund the duplicate charge."
TIX101128,CUST001247,2026-01-22,Damaged Item,Email,6.4,4.0,"The item I received was damaged during shipping, need a replacement."
TIX101129,CUST001888,2025-05-27,Return Request,Social Media,26.6,4.0,"Wrong item was shipped to me, I ordered a different color."
TIX101130,CUST001261,2024-12-07,Account Access,Social Media,4.2,,"I can't log into my account, it says my password is invalid."
TIX101131,CUST004006,2025-04-21,Damaged Item,Phone,24.1,5.0,"I can't log into my account, it says my password is invalid."
TIX101132,CUST003340,2025-08-08,Product Question,Social Media,9.5,4.0,"I was charged twice for order ORD120080, please refund the duplicate charge."
TIX101133,CUST005632,2026-02-19,Delivery Delay,Phone,50.3,5.0,"The item I received was damaged during shipping, need a replacement."
TIX101134,CUST003073,2025-10-07,Account Access,Live Chat,15.3,4.0,My order ORD103758 still hasn't arrived and it's been over a week.
TIX101135,CUST000518,2024-12-23,Return Request,Email,39.1,5.0,"Great service, just wanted to confirm my order status."
TIX101136,CUST003845,2025-07-16,Wrong Item Shipped,Email,5.4,3.0,"Great service, just wanted to confirm my order status."
TIX101137,CUST005190,2025-04-06,Return Request,Phone,52.9,4.0,"The item I received was damaged during shipping, need a replacement."
TIX101138,CUST004286,2025-01-16,Account Access,Email,4.4,4.0,"I want to return this item, it doesn't fit as expected."
TIX101139,CUST005698,2025-07-20,Wrong Item Shipped,Live Chat,52.4,3.0,"Great service, just wanted to confirm my order status."
TIX101140,CUST001853,2025-04-16,Return Request,Social Media,37.5,5.0,"Wrong item was shipped to me, I ordered a different color."
TIX101141,CUST002720,2024-10-02,Refund Status,Social Media,4.1,4.0,"Great service, just wanted to confirm my order status."
TIX101142,CUST005317,2025-08-16,Wrong Item Shipped,Phone,19.2,5.0,My order ORD120369 still hasn't arrived and it's been over a week.
TIX101143,CUST000875,2025-03-09,Delivery Delay,Email,8.3,,"Great service, just wanted to confirm my order status."
TIX101144,CUST004249,2025-02-16,Account Access,Email,9.2,5.0,"I was charged twice for order ORD116641, please refund the duplicate charge."
TIX101145,CUST005627,2025-05-08,Return Request,Social Media,0.7,1.0,"I was charged twice for order ORD108753, please refund the duplicate charge."
TIX101146,CUST000935,2025-03-30,Damaged Item,Email,31.7,2.0,"Wrong item was shipped to me, I ordered a different color."
TIX101147,CUST001506,2025-04-03,Billing Issue,Social Media,5.4,5.0,  the delivery guy left my package outside in the rain!!  
TIX101148,CUST005701,2026-03-25,Return Request,Social Media,26.4,5.0,Can you tell me the warranty period on this product?
TIX101149,CUST001472,2025-03-21,Wrong Item Shipped,Live Chat,16.0,5.0,"Great service, just wanted to confirm my order status."
TIX101150,CUST002137,2025-08-09,Return Request,Live Chat,63.6,3.0,"I can't log into my account, it says my password is invalid."
TIX101151,CUST006052,2025-10-09,Account Access,Phone,4.0,4.0,"I can't log into my account, it says my password is invalid."
TIX101152,CUST005085,2025-09-03,Refund Status,Live Chat,7.0,4.0,"Wrong item was shipped to me, I ordered a different color."
TIX101153,CUST004534,2025-04-10,Damaged Item,Phone,3.3,,My order ORD113644 still hasn't arrived and it's been over a week.
TIX101154,CUST000046,2026-05-03,Product Question,Live Chat,32.1,4.0,"I can't log into my account, it says my password is invalid."
TIX101155,CUST003196,2025-04-20,Return Request,Live Chat,7.2,5.0,"I can't log into my account, it says my password is invalid."
TIX101156,CUST000066,2026-05-23,Account Access,Live Chat,3.9,4.0,"I can't log into my account, it says my password is invalid."
TIX101157,CUST000821,2025-01-15,Refund Status,Email,16.1,5.0,"I was charged twice for order ORD116700, please refund the duplicate charge."
TIX101158,CUST002079,2026-06-09,Return Request,Phone,8.5,,  the delivery guy left my package outside in the rain!!  
TIX101159,CUST006060,2025-03-20,Refund Status,Live Chat,30.1,2.0,"I can't log into my account, it says my password is invalid."
TIX101160,CUST002396,2026-04-30,Billing Issue,Email,26.0,,  the delivery guy left my package outside in the rain!!  
TIX101161,CUST002808,2024-11-05,Wrong Item Shipped,Social Media,2.3,4.0,  the delivery guy left my package outside in the rain!!  
TIX101162,CUST003443,2025-04-18,Delivery Delay,Social Media,34.9,4.0,  the delivery guy left my package outside in the rain!!  
TIX101163,CUST004297,2025-07-01,Wrong Item Shipped,Email,72.9,2.0,"I can't log into my account, it says my password is invalid."
TIX101164,CUST002113,2024-11-20,Refund Status,Phone,25.0,5.0,"I want to return this item, it doesn't fit as expected."
TIX101165,CUST001995,2025-09-13,Wrong Item Shipped,Social Media,31.3,,"I want to return this item, it doesn't fit as expected."
TIX101166,CUST004065,2025-09-26,Return Request,Live Chat,44.9,5.0,"Great service, just wanted to confirm my order status."
TIX101167,CUST001354,2025-01-21,Account Access,Live Chat,27.7,4.0,"Great service, just wanted to confirm my order status."
TIX101168,CUST000655,2025-12-22,Product Question,Live Chat,15.8,4.0,"I was charged twice for order ORD122957, please refund the duplicate charge."
TIX101169,CUST005636,2025-08-26,Damaged Item,Phone,1.3,,Can you tell me the warranty period on this product?
TIX101170,CUST001142,2025-05-30,Delivery Delay,Email,11.9,4.0,"I want to return this item, it doesn't fit as expected."
TIX101171,CUST003348,2025-02-26,Delivery Delay,Live Chat,27.5,5.0,My order ORD101337 still hasn't arrived and it's been over a week.
TIX101172,CUST003188,2024-10-11,Billing Issue,Live Chat,5.3,5.0,When will my refund for the returned item be processed?
TIX101173,CUST003349,2025-12-27,Return Request,Phone,19.1,4.0,Can you tell me the warranty period on this product?
TIX101174,CUST000499,2026-05-09,Damaged Item,Email,6.8,1.0,"Great service, just wanted to confirm my order status."
TIX101175,CUST004562,2025-09-17,Damaged Item,Live Chat,35.7,4.0,"The item I received was damaged during shipping, need a replacement."
TIX101176,CUST005275,2026-03-14,Product Question,Live Chat,8.1,3.0,"The item I received was damaged during shipping, need a replacement."
TIX101177,CUST005113,2026-03-18,Damaged Item,Phone,0.8,,"Wrong item was shipped to me, I ordered a different color."
TIX101178,CUST005988,2026-06-18,Billing Issue,Phone,15.7,,"I want to return this item, it doesn't fit as expected."
TIX101179,CUST001477,2025-04-15,Return Request,Live Chat,0.8,1.0,"I want to return this item, it doesn't fit as expected."
TIX101180,CUST001681,2024-09-06,Account Access,Live Chat,4.4,,  the delivery guy left my package outside in the rain!!  
TIX101181,CUST001165,2025-04-06,Damaged Item,Phone,12.5,4.0,"Great service, just wanted to confirm my order status."
TIX101182,CUST001209,2025-09-12,Return Request,Live Chat,28.4,2.0,"I was charged twice for order ORD116531, please refund the duplicate charge."
TIX101183,CUST003416,2026-02-06,Billing Issue,Social Media,6.9,1.0,"I was charged twice for order ORD127165, please refund the duplicate charge."
TIX101184,CUST005885,2026-03-14,Billing Issue,Email,6.1,4.0,"Great service, just wanted to confirm my order status."
TIX101185,CUST003037,2026-04-28,Wrong Item Shipped,Email,2.2,5.0,"I want to return this item, it doesn't fit as expected."
TIX101186,CUST005150,2025-04-03,Damaged Item,Social Media,15.9,5.0,"Wrong item was shipped to me, I ordered a different color."
TIX101187,CUST003559,2026-05-08,Account Access,Social Media,13.7,3.0,"I can't log into my account, it says my password is invalid."
TIX101188,CUST000175,2025-03-28,Return Request,Live Chat,0.2,3.0,Can you tell me the warranty period on this product?
TIX101189,CUST002144,2025-09-11,Damaged Item,Phone,21.8,4.0,"I can't log into my account, it says my password is invalid."
TIX101190,CUST004651,2025-02-25,Wrong Item Shipped,Email,11.1,,My order ORD126314 still hasn't arrived and it's been over a week.
TIX101191,CUST005458,2025-04-05,Damaged Item,Live Chat,6.1,,When will my refund for the returned item be processed?
TIX101192,CUST003888,2025-08-01,Damaged Item,Social Media,22.3,4.0,"The item I received was damaged during shipping, need a replacement."
TIX101193,CUST004334,2026-01-02,Product Question,Live Chat,30.1,5.0,My order ORD113391 still hasn't arrived and it's been over a week.
TIX101194,CUST005588,2025-09-07,Return Request,Phone,16.4,4.0,Can you tell me the warranty period on this product?
TIX101195,CUST000922,2025-12-16,Billing Issue,Phone,1.8,5.0,My order ORD117295 still hasn't arrived and it's been over a week.
TIX101196,CUST005767,2025-03-17,Return Request,Phone,42.5,2.0,When will my refund for the returned item be processed?
TIX101197,CUST005116,2025-08-22,Delivery Delay,Email,0.3,4.0,"Wrong item was shipped to me, I ordered a different color."
TIX101198,CUST004796,2026-05-10,Damaged Item,Live Chat,4.2,3.0,"I want to return this item, it doesn't fit as expected."
TIX101199,CUST004811,2025-01-26,Return Request,Email,5.5,5.0,"I was charged twice for order ORD105942, please refund the duplicate charge."
TIX101200,CUST002701,2025-03-08,Refund Status,Social Media,8.3,5.0,"I want to return this item, it doesn't fit as expected."
TIX101201,CUST003757,2026-02-19,Refund Status,Email,7.9,1.0,Can you tell me the warranty period on this product?
TIX101202,CUST002341,2024-11-30,Product Question,Social Media,41.3,5.0,"Great service, just wanted to confirm my order status."
TIX101203,CUST002278,2024-10-28,Refund Status,Live Chat,28.6,,My order ORD106441 still hasn't arrived and it's been over a week.
TIX101204,CUST004420,2025-03-08,Product Question,Social Media,4.0,2.0,"I was charged twice for order ORD108216, please refund the duplicate charge."
TIX101205,CUST003969,2025-06-06,Account Access,Email,55.5,4.0,"I want to return this item, it doesn't fit as expected."
TIX101206,CUST005349,2024-11-06,Damaged Item,Live Chat,8.1,3.0,  the delivery guy left my package outside in the rain!!  
TIX101207,CUST001344,2025-12-04,Return Request,Phone,4.4,,  the delivery guy left my package outside in the rain!!  
TIX101208,CUST005547,2026-03-11,Delivery Delay,Email,52.4,3.0,"I can't log into my account, it says my password is invalid."
TIX101209,CUST003239,2024-12-28,Wrong Item Shipped,Email,15.3,4.0,When will my refund for the returned item be processed?
TIX101210,CUST000857,2025-02-05,Return Request,Live Chat,16.0,4.0,"Great service, just wanted to confirm my order status."
TIX101211,CUST000485,2025-10-03,Refund Status,Phone,19.2,3.0,My order ORD128072 still hasn't arrived and it's been over a week.
TIX101212,CUST003209,2024-10-16,Damaged Item,Email,17.7,5.0,"I was charged twice for order ORD103562, please refund the duplicate charge."
TIX101213,CUST005432,2024-12-01,Damaged Item,Phone,17.9,2.0,"I want to return this item, it doesn't fit as expected."
TIX101214,CUST005065,2025-04-18,Damaged Item,Email,0.0,5.0,"Wrong item was shipped to me, I ordered a different color."
TIX101215,CUST003498,2026-02-19,Delivery Delay,Email,20.8,5.0,"I can't log into my account, it says my password is invalid."
TIX101216,CUST003230,2025-04-17,Product Question,Email,24.4,5.0,When will my refund for the returned item be processed?
TIX101217,CUST000457,2025-04-16,Refund Status,Email,0.5,,When will my refund for the returned item be processed?
TIX101218,CUST000190,2025-11-04,Delivery Delay,Email,17.6,,"I can't log into my account, it says my password is invalid."
TIX101219,CUST000881,2024-12-16,Wrong Item Shipped,Phone,5.5,5.0,"I want to return this item, it doesn't fit as expected."
TIX101220,CUST000802,2025-03-25,Refund Status,Social Media,17.8,4.0,Can you tell me the warranty period on this product?
TIX101221,CUST002971,2024-11-05,Product Question,Social Media,5.5,5.0,"The item I received was damaged during shipping, need a replacement."
TIX101222,CUST003537,2026-02-11,Wrong Item Shipped,Phone,1.8,3.0,My order ORD114115 still hasn't arrived and it's been over a week.
TIX101223,CUST004584,2025-07-28,Refund Status,Live Chat,3.5,5.0,"I can't log into my account, it says my password is invalid."
TIX101224,CUST004860,2026-03-20,Refund Status,Live Chat,45.0,1.0,"Wrong item was shipped to me, I ordered a different color."
TIX101225,CUST003412,2026-03-09,Product Question,Phone,10.4,,"I want to return this item, it doesn't fit as expected."
TIX101226,CUST002278,2025-08-05,Delivery Delay,Live Chat,44.7,,"I was charged twice for order ORD100421, please refund the duplicate charge."
TIX101227,CUST002517,2024-12-08,Refund Status,Social Media,11.9,3.0,My order ORD126049 still hasn't arrived and it's been over a week.
TIX101228,CUST002353,2024-12-11,Product Question,Email,41.2,3.0,My order ORD110308 still hasn't arrived and it's been over a week.
TIX101229,CUST003140,2025-06-23,Damaged Item,Phone,15.1,3.0,My order ORD108513 still hasn't arrived and it's been over a week.
TIX101230,CUST000639,2025-06-20,Refund Status,Social Media,7.8,5.0,"I can't log into my account, it says my password is invalid."
TIX101231,CUST002184,2025-08-20,Return Request,Email,4.5,4.0,"I was charged twice for order ORD125907, please refund the duplicate charge."
TIX101232,CUST005751,2025-02-05,Wrong Item Shipped,Social Media,8.4,,"Wrong item was shipped to me, I ordered a different color."
TIX101233,CUST005639,2026-03-31,Wrong Item Shipped,Email,3.5,4.0,"I want to return this item, it doesn't fit as expected."
TIX101234,CUST001020,2025-04-02,Refund Status,Live Chat,71.8,5.0,My order ORD109228 still hasn't arrived and it's been over a week.
TIX101235,CUST005783,2025-10-22,Product Question,Email,7.7,4.0,Can you tell me the warranty period on this product?
TIX101236,CUST004096,2025-08-11,Delivery Delay,Live Chat,14.7,4.0,"I want to return this item, it doesn't fit as expected."
TIX101237,CUST005965,2025-03-27,Delivery Delay,Social Media,102.8,3.0,"The item I received was damaged during shipping, need a replacement."
TIX101238,CUST000311,2024-12-22,Refund Status,Social Media,13.2,2.0,"Great service, just wanted to confirm my order status."
TIX101239,CUST001193,2024-11-17,Damaged Item,Email,6.7,5.0,"I was charged twice for order ORD111821, please refund the duplicate charge."
TIX101240,CUST005212,2026-01-16,Wrong Item Shipped,Email,17.1,5.0,When will my refund for the returned item be processed?
TIX101241,CUST000596,2026-04-23,Delivery Delay,Email,30.6,2.0,"I was charged twice for order ORD117534, please refund the duplicate charge."
TIX101242,CUST002380,2025-09-21,Wrong Item Shipped,Live Chat,17.2,5.0,"Wrong item was shipped to me, I ordered a different color."
TIX101243,CUST004082,2025-01-06,Wrong Item Shipped,Social Media,4.5,4.0,"The item I received was damaged during shipping, need a replacement."
TIX101244,CUST001487,2025-06-04,Damaged Item,Phone,3.8,4.0,"I want to return this item, it doesn't fit as expected."
TIX101245,CUST003559,2025-04-20,Billing Issue,Social Media,22.7,5.0,"The item I received was damaged during shipping, need a replacement."
TIX101246,CUST004728,2025-11-22,Wrong Item Shipped,Email,34.0,5.0,Can you tell me the warranty period on this product?
TIX101247,CUST005823,2026-06-29,Delivery Delay,Phone,21.6,3.0,When will my refund for the returned item be processed?
TIX101248,CUST002675,2025-12-16,Billing Issue,Live Chat,1.8,,"Wrong item was shipped to me, I ordered a different color."
TIX101249,CUST005759,2025-06-26,Wrong Item Shipped,Email,7.0,4.0,"I want to return this item, it doesn't fit as expected."
TIX101250,CUST004125,2024-11-13,Product Question,Phone,20.8,,My order ORD106757 still hasn't arrived and it's been over a week.
TIX101251,CUST006043,2026-05-14,Damaged Item,Phone,22.3,5.0,Can you tell me the warranty period on this product?
TIX101252,CUST002671,2025-07-03,Damaged Item,Phone,11.2,3.0,"I can't log into my account, it says my password is invalid."
TIX101253,CUST005956,2024-11-12,Billing Issue,Live Chat,6.4,3.0,When will my refund for the returned item be processed?
TIX101254,CUST006075,2024-10-07,Return Request,Phone,1.7,5.0,"Great service, just wanted to confirm my order status."
TIX101255,CUST001854,2026-05-10,Delivery Delay,Email,1.0,4.0,"I can't log into my account, it says my password is invalid."
TIX101256,CUST004128,2026-06-09,Wrong Item Shipped,Social Media,2.2,4.0,"I was charged twice for order ORD125773, please refund the duplicate charge."
TIX101257,CUST001904,2025-06-21,Damaged Item,Phone,7.4,3.0,  the delivery guy left my package outside in the rain!!  
TIX101258,CUST003298,2025-03-08,Billing Issue,Phone,16.9,,"Wrong item was shipped to me, I ordered a different color."
TIX101259,CUST003851,2024-11-10,Wrong Item Shipped,Email,33.9,,"The item I received was damaged during shipping, need a replacement."
TIX101260,CUST003195,2025-12-19,Damaged Item,Social Media,5.2,4.0,  the delivery guy left my package outside in the rain!!  
TIX101261,CUST002082,2026-04-23,Product Question,Phone,1.4,5.0,"Great service, just wanted to confirm my order status."
TIX101262,CUST002781,2025-07-08,Delivery Delay,Email,60.8,4.0,"I want to return this item, it doesn't fit as expected."
TIX101263,CUST005823,2025-11-05,Billing Issue,Live Chat,17.3,4.0,"I was charged twice for order ORD109026, please refund the duplicate charge."
TIX101264,CUST005618,2025-04-14,Product Question,Phone,2.8,4.0,"Great service, just wanted to confirm my order status."
TIX101265,CUST002196,2026-04-06,Damaged Item,Phone,5.2,,  the delivery guy left my package outside in the rain!!  
TIX101266,CUST002335,2025-06-08,Damaged Item,Social Media,9.8,5.0,When will my refund for the returned item be processed?
TIX101267,CUST001139,2025-01-20,Product Question,Email,61.6,5.0,Can you tell me the warranty period on this product?
TIX101268,CUST001124,2026-03-17,Refund Status,Email,2.2,4.0,Can you tell me the warranty period on this product?
TIX101269,CUST001834,2025-04-22,Wrong Item Shipped,Email,10.0,3.0,"Great service, just wanted to confirm my order status."
TIX101270,CUST000604,2025-10-08,Return Request,Social Media,10.3,4.0,Can you tell me the warranty period on this product?
TIX101271,CUST004893,2025-02-03,Billing Issue,Social Media,87.3,5.0,"The item I received was damaged during shipping, need a replacement."
TIX101272,CUST000696,2025-02-04,Damaged Item,Phone,3.9,3.0,My order ORD124454 still hasn't arrived and it's been over a week.
TIX101273,CUST000294,2026-03-21,Delivery Delay,Live Chat,11.4,,"I can't log into my account, it says my password is invalid."
TIX101274,CUST003354,2024-12-25,Wrong Item Shipped,Live Chat,78.0,5.0,"The item I received was damaged during shipping, need a replacement."
TIX101275,CUST003511,2024-10-05,Refund Status,Phone,19.3,4.0,"I was charged twice for order ORD112409, please refund the duplicate charge."
TIX101276,CUST003852,2026-03-09,Account Access,Phone,3.2,5.0,My order ORD100948 still hasn't arrived and it's been over a week.
TIX101277,CUST003432,2025-07-02,Refund Status,Phone,49.5,4.0,"I was charged twice for order ORD100226, please refund the duplicate charge."
TIX101278,CUST004061,2026-04-04,Account Access,Social Media,14.1,4.0,"Wrong item was shipped to me, I ordered a different color."
TIX101279,CUST002507,2024-12-12,Wrong Item Shipped,Social Media,30.3,5.0,  the delivery guy left my package outside in the rain!!  
TIX101280,CUST002432,2024-10-02,Refund Status,Live Chat,29.5,5.0,When will my refund for the returned item be processed?
TIX101281,CUST000313,2025-05-28,Product Question,Phone,14.5,4.0,"Wrong item was shipped to me, I ordered a different color."
TIX101282,CUST001857,2025-09-17,Billing Issue,Phone,30.5,3.0,"I can't log into my account, it says my password is invalid."
TIX101283,CUST005777,2026-04-10,Refund Status,Social Media,38.9,4.0,"Wrong item was shipped to me, I ordered a different color."
TIX101284,CUST003708,2025-05-30,Wrong Item Shipped,Email,30.1,,"I can't log into my account, it says my password is invalid."
TIX101285,CUST005507,2026-05-15,Return Request,Social Media,17.9,4.0,Can you tell me the warranty period on this product?
TIX101286,CUST006065,2026-02-05,Return Request,Live Chat,15.9,5.0,  the delivery guy left my package outside in the rain!!  
TIX101287,CUST000320,2025-07-18,Damaged Item,Social Media,11.2,,"I want to return this item, it doesn't fit as expected."
TIX101288,CUST003254,2025-11-01,Billing Issue,Phone,1.5,5.0,"I was charged twice for order ORD123660, please refund the duplicate charge."
TIX101289,CUST001618,2026-02-25,Wrong Item Shipped,Social Media,11.7,4.0,"Great service, just wanted to confirm my order status."
TIX101290,CUST004425,2025-07-01,Delivery Delay,Live Chat,17.9,5.0,"I can't log into my account, it says my password is invalid."
TIX101291,CUST000618,2026-03-27,Product Question,Email,10.8,4.0,"Wrong item was shipped to me, I ordered a different color."
TIX101292,CUST002564,2026-04-20,Wrong Item Shipped,Live Chat,9.8,5.0,  the delivery guy left my package outside in the rain!!  
TIX101293,CUST002717,2025-04-17,Product Question,Phone,4.8,5.0,"I can't log into my account, it says my password is invalid."
TIX101294,CUST004512,2026-04-26,Account Access,Live Chat,8.2,3.0,"I was charged twice for order ORD109220, please refund the duplicate charge."
TIX101295,CUST000073,2025-08-17,Account Access,Phone,4.1,5.0,"Great service, just wanted to confirm my order status."
TIX101296,CUST004639,2025-11-21,Damaged Item,Live Chat,1.5,4.0,"Wrong item was shipped to me, I ordered a different color."
TIX101297,CUST000089,2025-10-04,Product Question,Social Media,23.2,4.0,"I want to return this item, it doesn't fit as expected."
TIX101298,CUST005963,2025-09-11,Wrong Item Shipped,Live Chat,21.7,4.0,"I want to return this item, it doesn't fit as expected."
TIX101299,CUST003439,2026-03-19,Wrong Item Shipped,Phone,13.1,5.0,When will my refund for the returned item be processed?
TIX101300,CUST004462,2025-06-28,Damaged Item,Live Chat,1.5,4.0,"The item I received was damaged during shipping, need a replacement."
TIX101301,CUST002244,2025-06-16,Product Question,Live Chat,17.3,2.0,My order ORD106373 still hasn't arrived and it's been over a week.
TIX101302,CUST003411,2025-08-29,Damaged Item,Social Media,5.9,5.0,  the delivery guy left my package outside in the rain!!  
TIX101303,CUST000651,2025-11-07,Account Access,Email,53.6,5.0,"I was charged twice for order ORD107698, please refund the duplicate charge."
TIX101304,CUST003923,2026-02-10,Billing Issue,Email,0.9,3.0,"Wrong item was shipped to me, I ordered a different color."
TIX101305,CUST005052,2024-11-13,Wrong Item Shipped,Live Chat,0.1,5.0,"I can't log into my account, it says my password is invalid."
TIX101306,CUST001590,2025-05-21,Account Access,Social Media,32.2,4.0,  the delivery guy left my package outside in the rain!!  
TIX101307,CUST004791,2025-12-29,Account Access,Social Media,4.8,5.0,My order ORD101686 still hasn't arrived and it's been over a week.
TIX101308,CUST005625,2025-03-21,Billing Issue,Live Chat,20.0,4.0,"Great service, just wanted to confirm my order status."
TIX101309,CUST003147,2024-11-02,Product Question,Live Chat,7.7,5.0,"I can't log into my account, it says my password is invalid."
TIX101310,CUST005505,2025-08-08,Return Request,Email,31.2,5.0,When will my refund for the returned item be processed?
TIX101311,CUST000339,2025-06-30,Delivery Delay,Email,34.6,5.0,"Great service, just wanted to confirm my order status."
TIX101312,CUST002080,2024-12-26,Account Access,Live Chat,51.2,3.0,"I can't log into my account, it says my password is invalid."
TIX101313,CUST002841,2024-11-05,Billing Issue,Phone,8.8,1.0,  the delivery guy left my package outside in the rain!!  
TIX101314,CUST003867,2025-05-15,Billing Issue,Social Media,0.1,1.0,My order ORD102764 still hasn't arrived and it's been over a week.
TIX101315,CUST002494,2025-07-05,Damaged Item,Email,2.8,4.0,"Wrong item was shipped to me, I ordered a different color."
TIX101316,CUST003652,2025-04-06,Refund Status,Phone,6.6,5.0,Can you tell me the warranty period on this product?
TIX101317,CUST001213,2024-10-06,Damaged Item,Live Chat,29.7,5.0,  the delivery guy left my package outside in the rain!!  
TIX101318,CUST003893,2024-09-04,Refund Status,Email,43.4,4.0,"Great service, just wanted to confirm my order status."
TIX101319,CUST002291,2025-10-03,Damaged Item,Social Media,4.2,4.0,"The item I received was damaged during shipping, need a replacement."
TIX101320,CUST006000,2025-11-27,Billing Issue,Email,8.9,5.0,"The item I received was damaged during shipping, need a replacement."
TIX101321,CUST003436,2024-10-16,Product Question,Phone,15.0,5.0,"Wrong item was shipped to me, I ordered a different color."
TIX101322,CUST005644,2026-06-08,Delivery Delay,Social Media,5.8,3.0,Can you tell me the warranty period on this product?
TIX101323,CUST003536,2026-05-24,Delivery Delay,Social Media,7.6,5.0,When will my refund for the returned item be processed?
TIX101324,CUST000264,2025-01-14,Damaged Item,Social Media,27.8,5.0,"I can't log into my account, it says my password is invalid."
TIX101325,CUST000120,2025-09-09,Billing Issue,Live Chat,3.3,3.0,When will my refund for the returned item be processed?
TIX101326,CUST003697,2025-10-16,Billing Issue,Email,13.9,4.0,"Wrong item was shipped to me, I ordered a different color."
TIX101327,CUST000967,2025-11-08,Wrong Item Shipped,Social Media,15.7,4.0,"I was charged twice for order ORD100187, please refund the duplicate charge."
TIX101328,CUST005853,2025-01-05,Product Question,Live Chat,2.8,5.0,Can you tell me the warranty period on this product?
TIX101329,CUST000388,2025-01-14,Damaged Item,Phone,21.8,2.0,Can you tell me the warranty period on this product?
TIX101330,CUST004559,2025-08-19,Delivery Delay,Email,4.0,4.0,  the delivery guy left my package outside in the rain!!  
TIX101331,CUST002040,2026-02-08,Wrong Item Shipped,Phone,21.5,,"Wrong item was shipped to me, I ordered a different color."
TIX101332,CUST003766,2025-10-19,Product Question,Phone,9.2,5.0,"Great service, just wanted to confirm my order status."
TIX101333,CUST002231,2026-05-21,Delivery Delay,Email,17.0,,My order ORD106776 still hasn't arrived and it's been over a week.
TIX101334,CUST005036,2026-04-13,Account Access,Social Media,15.7,4.0,  the delivery guy left my package outside in the rain!!  
TIX101335,CUST003689,2024-11-12,Product Question,Email,74.8,4.0,  the delivery guy left my package outside in the rain!!  
TIX101336,CUST005121,2025-02-20,Billing Issue,Social Media,1.2,2.0,"Wrong item was shipped to me, I ordered a different color."
TIX101337,CUST004680,2026-05-15,Billing Issue,Email,5.9,5.0,  the delivery guy left my package outside in the rain!!  
TIX101338,CUST005660,2026-02-12,Delivery Delay,Live Chat,16.0,5.0,My order ORD121055 still hasn't arrived and it's been over a week.
TIX101339,CUST001311,2025-03-26,Wrong Item Shipped,Email,25.4,3.0,When will my refund for the returned item be processed?
TIX101340,CUST005436,2025-07-30,Delivery Delay,Social Media,40.4,5.0,  the delivery guy left my package outside in the rain!!  
TIX101341,CUST002124,2025-11-10,Refund Status,Phone,1.9,,My order ORD104516 still hasn't arrived and it's been over a week.
TIX101342,CUST003425,2025-10-07,Account Access,Social Media,5.9,4.0,"I want to return this item, it doesn't fit as expected."
TIX101343,CUST002878,2026-05-16,Account Access,Phone,2.2,5.0,  the delivery guy left my package outside in the rain!!  
TIX101344,CUST001753,2025-05-16,Account Access,Email,1.4,3.0,When will my refund for the returned item be processed?
TIX101345,CUST001577,2026-04-05,Wrong Item Shipped,Email,0.3,5.0,"Wrong item was shipped to me, I ordered a different color."
TIX101346,CUST000038,2025-09-12,Account Access,Email,29.3,4.0,"I can't log into my account, it says my password is invalid."
TIX101347,CUST004171,2025-05-18,Delivery Delay,Email,3.1,5.0,Can you tell me the warranty period on this product?
TIX101348,CUST002703,2024-09-20,Return Request,Phone,8.8,5.0,Can you tell me the warranty period on this product?
TIX101349,CUST003162,2024-11-10,Damaged Item,Social Media,0.2,4.0,"Great service, just wanted to confirm my order status."
TIX101350,CUST005618,2025-10-29,Wrong Item Shipped,Phone,31.9,3.0,"I want to return this item, it doesn't fit as expected."
TIX101351,CUST002092,2026-03-10,Account Access,Phone,2.1,1.0,My order ORD108642 still hasn't arrived and it's been over a week.
TIX101352,CUST004675,2026-06-13,Product Question,Social Media,10.6,4.0,"The item I received was damaged during shipping, need a replacement."
TIX101353,CUST002172,2025-06-27,Wrong Item Shipped,Social Media,8.0,5.0,"I was charged twice for order ORD120883, please refund the duplicate charge."
TIX101354,CUST002648,2025-07-10,Return Request,Live Chat,5.3,4.0,"I want to return this item, it doesn't fit as expected."
TIX101355,CUST004223,2025-09-25,Account Access,Phone,11.1,4.0,"Great service, just wanted to confirm my order status."
TIX101356,CUST006074,2025-05-25,Billing Issue,Email,0.7,4.0,My order ORD123818 still hasn't arrived and it's been over a week.
TIX101357,CUST002585,2025-09-28,Billing Issue,Live Chat,8.2,3.0,"I was charged twice for order ORD127849, please refund the duplicate charge."
TIX101358,CUST000713,2024-10-19,Refund Status,Live Chat,13.9,5.0,  the delivery guy left my package outside in the rain!!  
TIX101359,CUST005291,2025-02-16,Billing Issue,Live Chat,16.8,4.0,"Great service, just wanted to confirm my order status."
TIX101360,CUST003599,2026-06-19,Damaged Item,Social Media,14.3,4.0,"The item I received was damaged during shipping, need a replacement."
TIX101361,CUST004996,2026-01-12,Damaged Item,Phone,10.9,3.0,"I want to return this item, it doesn't fit as expected."
TIX101362,CUST003319,2025-05-31,Delivery Delay,Phone,15.8,4.0,"The item I received was damaged during shipping, need a replacement."
TIX101363,CUST005738,2025-09-10,Product Question,Social Media,1.7,5.0,"Wrong item was shipped to me, I ordered a different color."
TIX101364,CUST006038,2026-03-12,Return Request,Live Chat,6.7,5.0,"The item I received was damaged during shipping, need a replacement."
TIX101365,CUST004723,2025-09-09,Return Request,Email,61.2,,My order ORD114667 still hasn't arrived and it's been over a week.
TIX101366,CUST004265,2026-01-27,Account Access,Email,56.6,5.0,My order ORD113064 still hasn't arrived and it's been over a week.
TIX101367,CUST006027,2025-06-10,Return Request,Email,17.9,5.0,"Wrong item was shipped to me, I ordered a different color."
TIX101368,CUST005627,2025-08-24,Billing Issue,Live Chat,12.5,3.0,"I was charged twice for order ORD118460, please refund the duplicate charge."
TIX101369,CUST005324,2026-04-03,Refund Status,Live Chat,4.7,3.0,When will my refund for the returned item be processed?
TIX101370,CUST002703,2025-05-10,Billing Issue,Social Media,8.0,4.0,My order ORD116890 still hasn't arrived and it's been over a week.
TIX101371,CUST002635,2026-05-24,Account Access,Social Media,18.7,5.0,"I can't log into my account, it says my password is invalid."
TIX101372,CUST001460,2026-01-29,Account Access,Email,30.1,3.0,Can you tell me the warranty period on this product?
TIX101373,CUST002811,2024-11-30,Return Request,Live Chat,31.6,5.0,"The item I received was damaged during shipping, need a replacement."
TIX101374,CUST001778,2025-02-11,Account Access,Social Media,2.7,3.0,"Great service, just wanted to confirm my order status."
TIX101375,CUST000126,2025-09-19,Damaged Item,Email,12.7,5.0,"The item I received was damaged during shipping, need a replacement."
TIX101376,CUST003863,2025-04-19,Product Question,Live Chat,22.5,4.0,"The item I received was damaged during shipping, need a replacement."
TIX101377,CUST003534,2026-03-29,Account Access,Live Chat,21.4,4.0,"The item I received was damaged during shipping, need a replacement."
TIX101378,CUST001503,2024-10-17,Refund Status,Live Chat,65.4,4.0,"Great service, just wanted to confirm my order status."
TIX101379,CUST005738,2024-10-20,Wrong Item Shipped,Social Media,2.4,4.0,"I can't log into my account, it says my password is invalid."
TIX101380,CUST004733,2024-11-16,Return Request,Live Chat,11.1,4.0,"Great service, just wanted to confirm my order status."
TIX101381,CUST000687,2025-10-04,Delivery Delay,Live Chat,1.5,5.0,"Wrong item was shipped to me, I ordered a different color."
TIX101382,CUST005861,2024-11-28,Refund Status,Phone,15.2,5.0,  the delivery guy left my package outside in the rain!!  
TIX101383,CUST001552,2026-02-17,Damaged Item,Social Media,20.7,2.0,When will my refund for the returned item be processed?
TIX101384,CUST005033,2025-03-06,Billing Issue,Live Chat,1.4,4.0,"The item I received was damaged during shipping, need a replacement."
TIX101385,CUST004270,2025-10-19,Account Access,Phone,13.7,1.0,"Wrong item was shipped to me, I ordered a different color."
TIX101386,CUST001911,2025-10-20,Delivery Delay,Phone,64.6,5.0,"I want to return this item, it doesn't fit as expected."
TIX101387,CUST005299,2024-11-02,Refund Status,Social Media,0.6,4.0,"Great service, just wanted to confirm my order status."
TIX101388,CUST001486,2026-06-15,Return Request,Phone,3.5,5.0,"Wrong item was shipped to me, I ordered a different color."
TIX101389,CUST001303,2026-03-20,Refund Status,Email,14.2,5.0,"Wrong item was shipped to me, I ordered a different color."
TIX101390,CUST003808,2026-05-15,Billing Issue,Phone,22.4,4.0,When will my refund for the returned item be processed?
TIX101391,CUST004563,2025-10-25,Wrong Item Shipped,Live Chat,31.3,3.0,  the delivery guy left my package outside in the rain!!  
TIX101392,CUST002933,2025-03-16,Account Access,Live Chat,6.4,4.0,"I want to return this item, it doesn't fit as expected."
TIX101393,CUST005395,2024-12-24,Damaged Item,Email,7.3,5.0,Can you tell me the warranty period on this product?
TIX101394,CUST002874,2026-03-14,Delivery Delay,Email,28.0,5.0,"I can't log into my account, it says my password is invalid."
TIX101395,CUST000155,2025-08-10,Product Question,Live Chat,9.8,3.0,"I want to return this item, it doesn't fit as expected."
TIX101396,CUST005557,2025-03-14,Delivery Delay,Social Media,37.5,,Can you tell me the warranty period on this product?
TIX101397,CUST004381,2024-12-23,Billing Issue,Live Chat,45.5,5.0,"Great service, just wanted to confirm my order status."
TIX101398,CUST003638,2025-06-12,Product Question,Live Chat,34.3,3.0,  the delivery guy left my package outside in the rain!!  
TIX101399,CUST000808,2024-09-13,Wrong Item Shipped,Live Chat,1.6,5.0,Can you tell me the warranty period on this product?
TIX101400,CUST002711,2025-11-17,Product Question,Social Media,14.0,5.0,When will my refund for the returned item be processed?
TIX101401,CUST000647,2026-05-15,Damaged Item,Email,52.6,4.0,"I can't log into my account, it says my password is invalid."
TIX101402,CUST002176,2024-10-31,Wrong Item Shipped,Social Media,59.7,3.0,"Great service, just wanted to confirm my order status."
TIX101403,CUST003658,2025-07-20,Account Access,Social Media,13.4,5.0,Can you tell me the warranty period on this product?
TIX101404,CUST000928,2025-02-28,Return Request,Phone,10.2,5.0,Can you tell me the warranty period on this product?
TIX101405,CUST004233,2026-06-13,Return Request,Phone,3.8,1.0,"Great service, just wanted to confirm my order status."
TIX101406,CUST005917,2025-05-13,Product Question,Social Media,105.7,,"I was charged twice for order ORD110093, please refund the duplicate charge."
TIX101407,CUST001106,2025-02-11,Damaged Item,Email,17.4,4.0,"I want to return this item, it doesn't fit as expected."
TIX101408,CUST000937,2025-08-15,Billing Issue,Live Chat,1.5,5.0,My order ORD120188 still hasn't arrived and it's been over a week.
TIX101409,CUST005150,2025-09-28,Refund Status,Phone,37.7,5.0,When will my refund for the returned item be processed?
TIX101410,CUST004277,2024-12-29,Return Request,Social Media,19.2,1.0,  the delivery guy left my package outside in the rain!!  
TIX101411,CUST002992,2026-01-08,Account Access,Social Media,7.3,4.0,  the delivery guy left my package outside in the rain!!  
TIX101412,CUST000099,2025-04-10,Damaged Item,Email,3.7,3.0,"Great service, just wanted to confirm my order status."
TIX101413,CUST004896,2025-05-31,Return Request,Email,19.7,2.0,"The item I received was damaged during shipping, need a replacement."
TIX101414,CUST001737,2025-08-06,Billing Issue,Live Chat,0.2,4.0,"I was charged twice for order ORD102822, please refund the duplicate charge."
TIX101415,CUST001323,2025-09-11,Refund Status,Live Chat,35.9,5.0,"Great service, just wanted to confirm my order status."
TIX101416,CUST004092,2025-09-18,Delivery Delay,Social Media,17.9,4.0,"The item I received was damaged during shipping, need a replacement."
TIX101417,CUST004338,2025-04-17,Damaged Item,Live Chat,4.3,5.0,"I want to return this item, it doesn't fit as expected."
TIX101418,CUST005739,2025-12-07,Return Request,Email,21.4,,"I want to return this item, it doesn't fit as expected."
TIX101419,CUST004209,2025-08-16,Refund Status,Phone,5.5,2.0,"Wrong item was shipped to me, I ordered a different color."
TIX101420,CUST004648,2025-02-04,Damaged Item,Phone,38.9,3.0,"Wrong item was shipped to me, I ordered a different color."
TIX101421,CUST001307,2025-01-01,Return Request,Phone,19.5,4.0,"Wrong item was shipped to me, I ordered a different color."
TIX101422,CUST002565,2025-04-16,Billing Issue,Phone,782.0,4.0,  the delivery guy left my package outside in the rain!!  
TIX101423,CUST003179,2024-12-29,Product Question,Live Chat,23.6,5.0,"I want to return this item, it doesn't fit as expected."
TIX101424,CUST001628,2026-04-03,Account Access,Email,9.0,5.0,When will my refund for the returned item be processed?
TIX101425,CUST003818,2026-04-01,Damaged Item,Live Chat,30.4,3.0,My order ORD108441 still hasn't arrived and it's been over a week.
TIX101426,CUST003167,2024-10-18,Billing Issue,Social Media,30.5,4.0,"I can't log into my account, it says my password is invalid."
TIX101427,CUST005805,2025-08-23,Refund Status,Social Media,63.6,2.0,Can you tell me the warranty period on this product?
TIX101428,CUST005671,2026-06-26,Refund Status,Live Chat,17.4,5.0,"I want to return this item, it doesn't fit as expected."
TIX101429,CUST000608,2024-11-01,Account Access,Phone,20.9,1.0,"I can't log into my account, it says my password is invalid."
TIX101430,CUST003966,2025-05-02,Product Question,Phone,11.8,4.0,  the delivery guy left my package outside in the rain!!  
TIX101431,CUST002400,2025-01-02,Wrong Item Shipped,Social Media,5.7,,  the delivery guy left my package outside in the rain!!  
TIX101432,CUST004147,2025-09-21,Billing Issue,Social Media,1.5,4.0,  the delivery guy left my package outside in the rain!!  
TIX101433,CUST005521,2025-03-01,Return Request,Live Chat,25.3,2.0,  the delivery guy left my package outside in the rain!!  
TIX101434,CUST001583,2026-05-23,Product Question,Social Media,11.4,3.0,Can you tell me the warranty period on this product?
TIX101435,CUST005057,2025-11-17,Account Access,Social Media,33.5,4.0,Can you tell me the warranty period on this product?
TIX101436,CUST000127,2026-06-29,Account Access,Live Chat,10.2,,"The item I received was damaged during shipping, need a replacement."
TIX101437,CUST000842,2025-07-20,Delivery Delay,Phone,51.4,,"I was charged twice for order ORD126846, please refund the duplicate charge."
TIX101438,CUST002141,2025-09-15,Delivery Delay,Live Chat,8.4,3.0,Can you tell me the warranty period on this product?
TIX101439,CUST001784,2026-05-15,Refund Status,Email,10.3,5.0,When will my refund for the returned item be processed?
TIX101440,CUST000049,2024-12-25,Billing Issue,Social Media,19.3,,"I can't log into my account, it says my password is invalid."
TIX101441,CUST000293,2025-09-06,Return Request,Live Chat,6.9,1.0,"I was charged twice for order ORD108526, please refund the duplicate charge."
TIX101442,CUST000696,2025-05-15,Damaged Item,Phone,17.8,4.0,"The item I received was damaged during shipping, need a replacement."
TIX101443,CUST003163,2025-08-24,Refund Status,Social Media,0.2,4.0,"I want to return this item, it doesn't fit as expected."
TIX101444,CUST000600,2025-11-04,Billing Issue,Email,5.1,,"Wrong item was shipped to me, I ordered a different color."
TIX101445,CUST004225,2025-03-26,Product Question,Social Media,4.8,5.0,My order ORD127158 still hasn't arrived and it's been over a week.
TIX101446,CUST000248,2025-07-26,Wrong Item Shipped,Live Chat,2.1,5.0,"Great service, just wanted to confirm my order status."
TIX101447,CUST000364,2025-12-25,Billing Issue,Social Media,46.7,4.0,"I was charged twice for order ORD127792, please refund the duplicate charge."
TIX101448,CUST001760,2026-02-05,Refund Status,Phone,74.4,5.0,When will my refund for the returned item be processed?
TIX101449,CUST001717,2024-12-26,Account Access,Social Media,0.7,4.0,Can you tell me the warranty period on this product?
TIX101450,CUST004086,2025-10-25,Damaged Item,Phone,10.6,5.0,My order ORD101927 still hasn't arrived and it's been over a week.
TIX101451,CUST005825,2026-06-06,Refund Status,Social Media,3.3,,"I want to return this item, it doesn't fit as expected."
TIX101452,CUST001354,2025-09-28,Account Access,Phone,31.8,1.0,"Great service, just wanted to confirm my order status."
TIX101453,CUST003172,2025-09-02,Billing Issue,Live Chat,2.9,2.0,"I was charged twice for order ORD111768, please refund the duplicate charge."
TIX101454,CUST005860,2024-11-15,Damaged Item,Social Media,3.7,3.0,  the delivery guy left my package outside in the rain!!  
TIX101455,CUST001424,2025-02-21,Billing Issue,Live Chat,23.9,4.0,"I want to return this item, it doesn't fit as expected."
TIX101456,CUST003293,2026-06-14,Product Question,Live Chat,1.7,4.0,"I want to return this item, it doesn't fit as expected."
TIX101457,CUST005929,2026-01-25,Return Request,Live Chat,53.7,4.0,"Great service, just wanted to confirm my order status."
TIX101458,CUST001012,2025-01-14,Refund Status,Social Media,23.8,1.0,"The item I received was damaged during shipping, need a replacement."
TIX101459,CUST004484,2024-12-12,Damaged Item,Phone,68.0,4.0,"I want to return this item, it doesn't fit as expected."
TIX101460,CUST003073,2025-01-16,Delivery Delay,Live Chat,10.7,4.0,My order ORD115953 still hasn't arrived and it's been over a week.
TIX101461,CUST002808,2024-12-14,Refund Status,Live Chat,4.7,2.0,When will my refund for the returned item be processed?
TIX101462,CUST005195,2024-10-03,Refund Status,Phone,49.5,4.0,"I can't log into my account, it says my password is invalid."
TIX101463,CUST004436,2026-04-14,Return Request,Email,12.7,4.0,"I was charged twice for order ORD105361, please refund the duplicate charge."
TIX101464,CUST002312,2025-07-19,Billing Issue,Email,53.9,2.0,"I want to return this item, it doesn't fit as expected."
TIX101465,CUST006037,2024-11-11,Product Question,Email,55.2,,"I can't log into my account, it says my password is invalid."
TIX101466,CUST005978,2025-06-22,Damaged Item,Live Chat,28.9,,"Great service, just wanted to confirm my order status."
TIX101467,CUST004648,2026-06-03,Wrong Item Shipped,Social Media,4.6,,"The item I received was damaged during shipping, need a replacement."
TIX101468,CUST003226,2025-07-30,Account Access,Phone,4.8,4.0,"I can't log into my account, it says my password is invalid."
TIX101469,CUST005517,2025-11-22,Damaged Item,Live Chat,18.7,5.0,"Wrong item was shipped to me, I ordered a different color."
TIX101470,CUST002692,2025-01-08,Damaged Item,Live Chat,11.7,4.0,"I want to return this item, it doesn't fit as expected."
TIX101471,CUST004778,2025-01-12,Refund Status,Email,9.7,5.0,"I want to return this item, it doesn't fit as expected."
TIX101472,CUST003817,2026-01-06,Account Access,Live Chat,4.1,5.0,"I was charged twice for order ORD102578, please refund the duplicate charge."
TIX101473,CUST001834,2025-08-02,Wrong Item Shipped,Phone,4.5,5.0,"The item I received was damaged during shipping, need a replacement."
TIX101474,CUST003183,2024-11-21,Damaged Item,Social Media,8.2,5.0,My order ORD106004 still hasn't arrived and it's been over a week.
TIX101475,CUST004009,2026-03-09,Wrong Item Shipped,Phone,18.0,,"The item I received was damaged during shipping, need a replacement."
TIX101476,CUST001864,2025-01-31,Return Request,Email,0.8,5.0,"Great service, just wanted to confirm my order status."
TIX101477,CUST004384,2025-02-22,Refund Status,Social Media,8.9,4.0,  the delivery guy left my package outside in the rain!!  
TIX101478,CUST000803,2026-04-10,Damaged Item,Phone,24.8,,My order ORD127190 still hasn't arrived and it's been over a week.
TIX101479,CUST004751,2025-04-23,Product Question,Live Chat,9.8,1.0,"I was charged twice for order ORD111085, please refund the duplicate charge."
TIX101480,CUST000581,2025-11-01,Delivery Delay,Phone,16.4,4.0,"Wrong item was shipped to me, I ordered a different color."
TIX101481,CUST005133,2026-01-08,Return Request,Live Chat,1.9,4.0,"The item I received was damaged during shipping, need a replacement."
TIX101482,CUST004324,2024-10-30,Delivery Delay,Phone,50.3,4.0,"Great service, just wanted to confirm my order status."
TIX101483,CUST002484,2026-04-05,Billing Issue,Live Chat,2.7,5.0,My order ORD112699 still hasn't arrived and it's been over a week.
TIX101484,CUST000696,2026-01-07,Billing Issue,Email,18.9,4.0,Can you tell me the warranty period on this product?
TIX101485,CUST004637,2025-03-19,Wrong Item Shipped,Social Media,3.3,4.0,"Great service, just wanted to confirm my order status."
TIX101486,CUST002971,2026-05-09,Damaged Item,Live Chat,74.7,4.0,"I can't log into my account, it says my password is invalid."
TIX101487,CUST002786,2025-03-02,Damaged Item,Email,18.0,5.0,"Wrong item was shipped to me, I ordered a different color."
TIX101488,CUST002368,2025-08-01,Account Access,Email,13.2,4.0,"I want to return this item, it doesn't fit as expected."
TIX101489,CUST003788,2025-02-26,Wrong Item Shipped,Social Media,33.6,3.0,Can you tell me the warranty period on this product?
TIX101490,CUST000772,2026-01-29,Refund Status,Live Chat,3.4,5.0,"I can't log into my account, it says my password is invalid."
TIX101491,CUST002964,2026-02-04,Wrong Item Shipped,Social Media,9.9,4.0,"I was charged twice for order ORD122059, please refund the duplicate charge."
TIX101492,CUST000610,2025-06-21,Refund Status,Phone,68.1,5.0,My order ORD124317 still hasn't arrived and it's been over a week.
TIX101493,CUST004732,2025-04-01,Wrong Item Shipped,Live Chat,12.7,4.0,My order ORD103958 still hasn't arrived and it's been over a week.
TIX101494,CUST004440,2024-12-20,Refund Status,Live Chat,17.8,3.0,Can you tell me the warranty period on this product?
TIX101495,CUST001938,2025-08-05,Return Request,Phone,1.3,5.0,"The item I received was damaged during shipping, need a replacement."
TIX101496,CUST004421,2025-01-18,Damaged Item,Live Chat,1.3,4.0,Can you tell me the warranty period on this product?
TIX101497,CUST002086,2025-09-05,Delivery Delay,Email,1.1,5.0,Can you tell me the warranty period on this product?
TIX101498,CUST000810,2024-10-27,Product Question,Social Media,12.1,5.0,Can you tell me the warranty period on this product?
TIX101499,CUST005754,2025-10-16,Damaged Item,Email,22.8,3.0,"The item I received was damaged during shipping, need a replacement."
TIX101500,CUST003784,2025-01-05,Billing Issue,Live Chat,7.1,,  the delivery guy left my package outside in the rain!!  
TIX101501,CUST005818,2025-01-05,Return Request,Live Chat,15.4,4.0,"I want to return this item, it doesn't fit as expected."
TIX101502,CUST004558,2026-05-11,Account Access,Social Media,15.5,4.0,When will my refund for the returned item be processed?
TIX101503,CUST000759,2025-09-08,Damaged Item,Live Chat,3.1,,"The item I received was damaged during shipping, need a replacement."
TIX101504,CUST003802,2024-09-20,Delivery Delay,Phone,25.0,5.0,"Great service, just wanted to confirm my order status."
TIX101505,CUST005757,2026-04-30,Refund Status,Live Chat,14.2,5.0,  the delivery guy left my package outside in the rain!!  
TIX101506,CUST001445,2026-05-03,Billing Issue,Email,2.3,4.0,"Great service, just wanted to confirm my order status."
TIX101507,CUST004119,2025-02-24,Damaged Item,Email,53.1,4.0,My order ORD121393 still hasn't arrived and it's been over a week.
TIX101508,CUST000676,2025-03-05,Wrong Item Shipped,Social Media,5.1,2.0,"I can't log into my account, it says my password is invalid."
TIX101509,CUST001936,2026-03-08,Wrong Item Shipped,Live Chat,9.6,5.0,Can you tell me the warranty period on this product?
TIX101510,CUST001438,2026-04-26,Delivery Delay,Social Media,52.0,5.0,Can you tell me the warranty period on this product?
TIX101511,CUST003823,2024-09-18,Return Request,Live Chat,7.3,4.0,Can you tell me the warranty period on this product?
TIX101512,CUST001084,2025-08-15,Account Access,Live Chat,3.7,5.0,My order ORD108391 still hasn't arrived and it's been over a week.
TIX101513,CUST003474,2025-02-24,Return Request,Social Media,72.8,3.0,"Wrong item was shipped to me, I ordered a different color."
TIX101514,CUST000075,2024-12-30,Product Question,Phone,98.0,5.0,"I can't log into my account, it says my password is invalid."
TIX101515,CUST002908,2025-03-27,Damaged Item,Email,21.0,5.0,"The item I received was damaged during shipping, need a replacement."
TIX101516,CUST004425,2025-08-09,Damaged Item,Social Media,40.4,5.0,My order ORD107075 still hasn't arrived and it's been over a week.
TIX101517,CUST002592,2025-10-07,Account Access,Email,121.0,3.0,"The item I received was damaged during shipping, need a replacement."
TIX101518,CUST004561,2026-01-12,Product Question,Phone,2.8,4.0,  the delivery guy left my package outside in the rain!!  
TIX101519,CUST001715,2024-12-10,Billing Issue,Email,33.2,,"Great service, just wanted to confirm my order status."
TIX101520,CUST005579,2025-02-10,Damaged Item,Social Media,0.9,5.0,"The item I received was damaged during shipping, need a replacement."
TIX101521,CUST000723,2026-02-08,Wrong Item Shipped,Live Chat,18.6,5.0,"The item I received was damaged during shipping, need a replacement."
TIX101522,CUST004423,2026-05-01,Delivery Delay,Phone,17.6,3.0,"The item I received was damaged during shipping, need a replacement."
TIX101523,CUST004553,2025-08-14,Damaged Item,Live Chat,12.0,5.0,"The item I received was damaged during shipping, need a replacement."
TIX101524,CUST003874,2026-05-15,Product Question,Social Media,15.4,5.0,"I want to return this item, it doesn't fit as expected."
TIX101525,CUST001999,2025-05-23,Refund Status,Live Chat,5.9,1.0,"The item I received was damaged during shipping, need a replacement."
TIX101526,CUST002675,2025-06-07,Account Access,Live Chat,0.1,5.0,"I can't log into my account, it says my password is invalid."
TIX101527,CUST002264,2025-02-23,Product Question,Social Media,3.8,3.0,"Wrong item was shipped to me, I ordered a different color."
TIX101528,CUST005520,2024-11-23,Damaged Item,Phone,48.9,5.0,My order ORD103021 still hasn't arrived and it's been over a week.
TIX101529,CUST000857,2024-10-22,Billing Issue,Social Media,5.7,2.0,"I can't log into my account, it says my password is invalid."
TIX101530,CUST003530,2025-08-09,Wrong Item Shipped,Phone,22.5,3.0,"The item I received was damaged during shipping, need a replacement."
TIX101531,CUST005010,2025-09-21,Product Question,Social Media,10.9,3.0,"The item I received was damaged during shipping, need a replacement."
TIX101532,CUST006080,2026-06-06,Product Question,Phone,71.5,4.0,"Wrong item was shipped to me, I ordered a different color."
TIX101533,CUST002495,2026-04-02,Billing Issue,Email,69.2,5.0,"I want to return this item, it doesn't fit as expected."
TIX101534,CUST004015,2025-09-02,Refund Status,Social Media,13.6,5.0,"The item I received was damaged during shipping, need a replacement."
TIX101535,CUST002835,2025-06-18,Delivery Delay,Phone,7.6,5.0,  the delivery guy left my package outside in the rain!!  
TIX101536,CUST002835,2026-04-04,Billing Issue,Live Chat,9.3,4.0,Can you tell me the warranty period on this product?
TIX101537,CUST000898,2025-05-11,Product Question,Email,8.0,4.0,Can you tell me the warranty period on this product?
TIX101538,CUST003129,2025-11-29,Damaged Item,Phone,1.1,4.0,"I can't log into my account, it says my password is invalid."
TIX101539,CUST006048,2025-03-08,Account Access,Email,0.9,4.0,Can you tell me the warranty period on this product?
TIX101540,CUST003112,2025-02-03,Refund Status,Phone,14.8,,"The item I received was damaged during shipping, need a replacement."
TIX101541,CUST002253,2025-07-13,Product Question,Social Media,15.4,,"I can't log into my account, it says my password is invalid."
TIX101542,CUST005728,2026-01-17,Return Request,Social Media,1.4,2.0,"Great service, just wanted to confirm my order status."
TIX101543,CUST003311,2025-06-07,Damaged Item,Live Chat,8.8,4.0,Can you tell me the warranty period on this product?
TIX101544,CUST004964,2025-08-24,Return Request,Social Media,45.5,5.0,"Wrong item was shipped to me, I ordered a different color."
TIX101545,CUST005407,2024-12-16,Damaged Item,Phone,10.3,5.0,My order ORD117942 still hasn't arrived and it's been over a week.
TIX101546,CUST002897,2026-02-12,Return Request,Social Media,7.9,5.0,My order ORD114001 still hasn't arrived and it's been over a week.
TIX101547,CUST005293,2025-01-26,Product Question,Live Chat,1.4,2.0,Can you tell me the warranty period on this product?
TIX101548,CUST002024,2026-02-03,Account Access,Email,31.6,2.0,"I was charged twice for order ORD109818, please refund the duplicate charge."
TIX101549,CUST005821,2025-07-25,Account Access,Live Chat,16.1,5.0,"I want to return this item, it doesn't fit as expected."
TIX101550,CUST005022,2026-06-27,Product Question,Email,3.3,4.0,"Great service, just wanted to confirm my order status."
TIX101551,CUST001994,2026-02-02,Damaged Item,Phone,9.7,5.0,"Great service, just wanted to confirm my order status."
TIX101552,CUST005825,2026-05-27,Account Access,Phone,23.5,5.0,When will my refund for the returned item be processed?
TIX101553,CUST002599,2024-09-29,Billing Issue,Email,5.5,3.0,"I was charged twice for order ORD121651, please refund the duplicate charge."
TIX101554,CUST005849,2026-06-20,Delivery Delay,Email,12.0,4.0,"Wrong item was shipped to me, I ordered a different color."
TIX101555,CUST005971,2025-12-04,Damaged Item,Email,14.1,3.0,When will my refund for the returned item be processed?
TIX101556,CUST002874,2026-02-09,Billing Issue,Social Media,22.5,4.0,"Great service, just wanted to confirm my order status."
TIX101557,CUST002595,2025-05-15,Refund Status,Social Media,15.3,4.0,"Wrong item was shipped to me, I ordered a different color."
TIX101558,CUST001125,2026-05-22,Return Request,Email,11.0,3.0,"I was charged twice for order ORD127520, please refund the duplicate charge."
TIX101559,CUST003827,2026-01-15,Wrong Item Shipped,Phone,3.4,5.0,When will my refund for the returned item be processed?
TIX101560,CUST004117,2025-04-23,Return Request,Email,6.7,,"I want to return this item, it doesn't fit as expected."
TIX101561,CUST003116,2025-05-30,Return Request,Social Media,8.8,4.0,"I was charged twice for order ORD115251, please refund the duplicate charge."
TIX101562,CUST001147,2026-01-07,Product Question,Social Media,44.2,4.0,My order ORD107062 still hasn't arrived and it's been over a week.
TIX101563,CUST002784,2024-11-29,Wrong Item Shipped,Email,19.3,3.0,"Wrong item was shipped to me, I ordered a different color."
TIX101564,CUST001268,2025-05-30,Wrong Item Shipped,Email,14.0,5.0,  the delivery guy left my package outside in the rain!!  
TIX101565,CUST003249,2025-09-21,Return Request,Live Chat,12.8,4.0,"I want to return this item, it doesn't fit as expected."
TIX101566,CUST003301,2025-10-03,Return Request,Phone,19.2,2.0,"The item I received was damaged during shipping, need a replacement."
TIX101567,CUST002997,2026-05-16,Account Access,Email,4.7,2.0,"I can't log into my account, it says my password is invalid."
TIX101568,CUST001282,2024-11-27,Refund Status,Social Media,10.1,5.0,"The item I received was damaged during shipping, need a replacement."
TIX101569,CUST005888,2025-10-10,Damaged Item,Email,15.0,3.0,When will my refund for the returned item be processed?
TIX101570,CUST006071,2025-02-25,Account Access,Phone,8.3,2.0,My order ORD124548 still hasn't arrived and it's been over a week.
TIX101571,CUST004891,2025-09-08,Damaged Item,Live Chat,1.0,4.0,"I want to return this item, it doesn't fit as expected."
TIX101572,CUST001495,2024-09-24,Product Question,Phone,10.1,4.0,  the delivery guy left my package outside in the rain!!  
TIX101573,CUST000197,2026-06-25,Product Question,Live Chat,2.7,5.0,My order ORD113494 still hasn't arrived and it's been over a week.
TIX101574,CUST002883,2025-08-13,Refund Status,Live Chat,27.6,5.0,When will my refund for the returned item be processed?
TIX101575,CUST002200,2026-04-01,Account Access,Email,12.7,4.0,"Great service, just wanted to confirm my order status."
TIX101576,CUST002663,2025-07-09,Product Question,Email,61.1,4.0,Can you tell me the warranty period on this product?
TIX101577,CUST000017,2025-08-01,Return Request,Email,8.2,5.0,"Wrong item was shipped to me, I ordered a different color."
TIX101578,CUST001238,2026-01-09,Billing Issue,Social Media,5.6,1.0,My order ORD105025 still hasn't arrived and it's been over a week.
TIX101579,CUST001540,2025-02-28,Billing Issue,Phone,108.5,4.0,"Wrong item was shipped to me, I ordered a different color."
TIX101580,CUST005675,2025-12-03,Refund Status,Email,7.0,,"Great service, just wanted to confirm my order status."
TIX101581,CUST001421,2024-09-16,Refund Status,Email,9.2,4.0,Can you tell me the warranty period on this product?
TIX101582,CUST002592,2024-12-16,Account Access,Social Media,0.2,3.0,"I want to return this item, it doesn't fit as expected."
TIX101583,CUST003853,2026-02-12,Delivery Delay,Email,4.3,4.0,"I want to return this item, it doesn't fit as expected."
TIX101584,CUST000511,2024-09-25,Delivery Delay,Phone,26.9,4.0,"Wrong item was shipped to me, I ordered a different color."
TIX101585,CUST003188,2025-11-01,Product Question,Social Media,22.0,5.0,"The item I received was damaged during shipping, need a replacement."
TIX101586,CUST002334,2025-02-12,Damaged Item,Email,9.2,4.0,"I was charged twice for order ORD120875, please refund the duplicate charge."
TIX101587,CUST002851,2026-05-11,Delivery Delay,Live Chat,45.1,1.0,  the delivery guy left my package outside in the rain!!  
TIX101588,CUST005061,2025-03-22,Return Request,Social Media,14.1,1.0,Can you tell me the warranty period on this product?
TIX101589,CUST004763,2026-03-11,Damaged Item,Email,17.8,3.0,"Wrong item was shipped to me, I ordered a different color."
TIX101590,CUST005416,2025-12-06,Billing Issue,Phone,29.3,4.0,When will my refund for the returned item be processed?
TIX101591,CUST002271,2026-04-04,Billing Issue,Live Chat,21.9,5.0,"I can't log into my account, it says my password is invalid."
TIX101592,CUST003096,2026-02-21,Refund Status,Phone,2.9,4.0,"I can't log into my account, it says my password is invalid."
TIX101593,CUST005378,2026-06-21,Return Request,Email,11.7,,When will my refund for the returned item be processed?
TIX101594,CUST003464,2025-09-23,Billing Issue,Email,16.7,5.0,My order ORD106573 still hasn't arrived and it's been over a week.
TIX101595,CUST002285,2026-04-14,Return Request,Phone,0.9,3.0,"Great service, just wanted to confirm my order status."
TIX101596,CUST002064,2026-04-08,Account Access,Live Chat,5.1,5.0,Can you tell me the warranty period on this product?
TIX101597,CUST000168,2026-01-08,Product Question,Phone,27.5,5.0,Can you tell me the warranty period on this product?
TIX101598,CUST003202,2024-09-25,Product Question,Live Chat,55.9,4.0,"Wrong item was shipped to me, I ordered a different color."
TIX101599,CUST001645,2026-03-12,Account Access,Phone,70.7,4.0,My order ORD112234 still hasn't arrived and it's been over a week.
TIX101600,CUST006022,2025-02-02,Wrong Item Shipped,Live Chat,22.8,4.0,"Great service, just wanted to confirm my order status."
TIX101601,CUST000159,2025-04-27,Delivery Delay,Email,21.8,,"I was charged twice for order ORD127619, please refund the duplicate charge."
TIX101602,CUST001350,2025-02-02,Damaged Item,Live Chat,22.0,3.0,"I was charged twice for order ORD101157, please refund the duplicate charge."
TIX101603,CUST002058,2024-12-18,Account Access,Social Media,6.3,5.0,"Great service, just wanted to confirm my order status."
TIX101604,CUST002771,2025-04-14,Account Access,Social Media,9.5,5.0,"Wrong item was shipped to me, I ordered a different color."
TIX101605,CUST004333,2025-12-13,Wrong Item Shipped,Phone,3.6,4.0,"I can't log into my account, it says my password is invalid."
TIX101606,CUST001138,2025-11-05,Account Access,Phone,11.4,4.0,My order ORD127852 still hasn't arrived and it's been over a week.
TIX101607,CUST004294,2025-01-21,Product Question,Email,0.7,3.0,"Wrong item was shipped to me, I ordered a different color."
TIX101608,CUST003345,2026-06-22,Damaged Item,Email,31.8,4.0,"I can't log into my account, it says my password is invalid."
TIX101609,CUST001602,2024-12-17,Billing Issue,Social Media,53.0,5.0,  the delivery guy left my package outside in the rain!!  
TIX101610,CUST001469,2025-06-15,Damaged Item,Live Chat,2.7,4.0,When will my refund for the returned item be processed?
TIX101611,CUST003213,2025-09-03,Billing Issue,Email,11.9,5.0,"I want to return this item, it doesn't fit as expected."
TIX101612,CUST004117,2025-04-05,Damaged Item,Live Chat,10.4,5.0,"I was charged twice for order ORD120870, please refund the duplicate charge."
TIX101613,CUST003152,2025-04-12,Damaged Item,Email,24.7,5.0,My order ORD102363 still hasn't arrived and it's been over a week.
TIX101614,CUST001030,2025-02-27,Account Access,Social Media,13.0,5.0,"Great service, just wanted to confirm my order status."
TIX101615,CUST003894,2025-12-15,Delivery Delay,Live Chat,10.7,,"I can't log into my account, it says my password is invalid."
TIX101616,CUST004145,2026-03-26,Refund Status,Phone,2.7,5.0,"I can't log into my account, it says my password is invalid."
TIX101617,CUST005219,2026-01-29,Damaged Item,Phone,6.1,4.0,"I want to return this item, it doesn't fit as expected."
TIX101618,CUST004291,2024-10-31,Wrong Item Shipped,Email,16.0,4.0,"I can't log into my account, it says my password is invalid."
TIX101619,CUST005283,2025-01-10,Product Question,Social Media,0.7,,"Wrong item was shipped to me, I ordered a different color."
TIX101620,CUST001569,2024-12-09,Return Request,Phone,7.3,5.0,"The item I received was damaged during shipping, need a replacement."
TIX101621,CUST002588,2025-06-19,Return Request,Live Chat,2.8,5.0,My order ORD126899 still hasn't arrived and it's been over a week.
TIX101622,CUST000120,2025-03-05,Product Question,Live Chat,1.4,5.0,"Wrong item was shipped to me, I ordered a different color."
TIX101623,CUST004920,2024-10-28,Billing Issue,Social Media,10.0,1.0,"Great service, just wanted to confirm my order status."
TIX101624,CUST005241,2025-05-14,Account Access,Live Chat,6.6,5.0,"The item I received was damaged during shipping, need a replacement."
TIX101625,CUST003066,2025-03-25,Delivery Delay,Email,15.3,5.0,  the delivery guy left my package outside in the rain!!  
TIX101626,CUST001437,2026-04-10,Delivery Delay,Social Media,4.1,5.0,"I want to return this item, it doesn't fit as expected."
TIX101627,CUST004506,2024-11-06,Product Question,Phone,1.0,,"Wrong item was shipped to me, I ordered a different color."
TIX101628,CUST004292,2024-10-23,Delivery Delay,Live Chat,0.6,4.0,"The item I received was damaged during shipping, need a replacement."
TIX101629,CUST000587,2025-11-29,Damaged Item,Social Media,10.2,2.0,Can you tell me the warranty period on this product?
TIX101630,CUST003836,2025-04-26,Wrong Item Shipped,Social Media,0.1,5.0,"I want to return this item, it doesn't fit as expected."
TIX101631,CUST004670,2026-06-20,Delivery Delay,Phone,1.0,,"I want to return this item, it doesn't fit as expected."
TIX101632,CUST001331,2025-05-27,Delivery Delay,Social Media,7.6,3.0,"The item I received was damaged during shipping, need a replacement."
TIX101633,CUST005725,2024-11-16,Account Access,Social Media,50.8,5.0,  the delivery guy left my package outside in the rain!!  
TIX101634,CUST002797,2025-11-17,Account Access,Social Media,22.6,5.0,"I want to return this item, it doesn't fit as expected."
TIX101635,CUST000491,2025-03-26,Refund Status,Social Media,24.2,5.0,"I want to return this item, it doesn't fit as expected."
TIX101636,CUST005473,2025-11-11,Delivery Delay,Live Chat,3.4,4.0,My order ORD108278 still hasn't arrived and it's been over a week.
TIX101637,CUST001234,2025-11-13,Return Request,Live Chat,15.2,3.0,"I can't log into my account, it says my password is invalid."
TIX101638,CUST001637,2024-11-24,Billing Issue,Email,4.7,5.0,My order ORD114800 still hasn't arrived and it's been over a week.
TIX101639,CUST001799,2026-01-03,Delivery Delay,Live Chat,13.1,4.0,"I was charged twice for order ORD110434, please refund the duplicate charge."
TIX101640,CUST000771,2025-03-24,Damaged Item,Email,30.2,3.0,My order ORD122374 still hasn't arrived and it's been over a week.
TIX101641,CUST001654,2025-10-08,Damaged Item,Email,10.2,4.0,"The item I received was damaged during shipping, need a replacement."
TIX101642,CUST004375,2026-06-10,Wrong Item Shipped,Social Media,4.7,,My order ORD100813 still hasn't arrived and it's been over a week.
TIX101643,CUST004640,2026-05-02,Billing Issue,Live Chat,6.6,3.0,"I can't log into my account, it says my password is invalid."
TIX101644,CUST003819,2026-06-04,Delivery Delay,Phone,12.1,2.0,"I was charged twice for order ORD105523, please refund the duplicate charge."
TIX101645,CUST004737,2025-10-17,Account Access,Live Chat,29.9,,My order ORD123137 still hasn't arrived and it's been over a week.
TIX101646,CUST000899,2026-04-20,Wrong Item Shipped,Social Media,18.1,4.0,When will my refund for the returned item be processed?
TIX101647,CUST004798,2025-05-13,Return Request,Email,56.0,4.0,My order ORD108309 still hasn't arrived and it's been over a week.
TIX101648,CUST004971,2025-06-18,Damaged Item,Social Media,67.6,5.0,When will my refund for the returned item be processed?
TIX101649,CUST000737,2026-06-04,Billing Issue,Social Media,6.8,,My order ORD124524 still hasn't arrived and it's been over a week.
TIX101650,CUST001341,2024-10-01,Damaged Item,Phone,19.4,5.0,When will my refund for the returned item be processed?
TIX101651,CUST003803,2026-01-10,Delivery Delay,Live Chat,22.2,5.0,  the delivery guy left my package outside in the rain!!  
TIX101652,CUST000841,2026-01-17,Wrong Item Shipped,Live Chat,14.8,4.0,"I was charged twice for order ORD110499, please refund the duplicate charge."
TIX101653,CUST002485,2025-07-18,Refund Status,Live Chat,29.3,3.0,"I can't log into my account, it says my password is invalid."
TIX101654,CUST003998,2025-03-01,Damaged Item,Live Chat,5.8,5.0,"Great service, just wanted to confirm my order status."
TIX101655,CUST001621,2025-12-13,Wrong Item Shipped,Phone,25.8,5.0,"The item I received was damaged during shipping, need a replacement."
TIX101656,CUST006001,2025-11-05,Account Access,Live Chat,5.2,5.0,"I was charged twice for order ORD107658, please refund the duplicate charge."
TIX101657,CUST004114,2026-04-03,Billing Issue,Live Chat,14.1,4.0,"I was charged twice for order ORD121108, please refund the duplicate charge."
TIX101658,CUST000639,2025-07-31,Damaged Item,Social Media,2.2,5.0,"I can't log into my account, it says my password is invalid."
TIX101659,CUST002793,2025-12-08,Delivery Delay,Phone,20.8,5.0,  the delivery guy left my package outside in the rain!!  
TIX101660,CUST002336,2025-08-01,Product Question,Live Chat,35.0,4.0,My order ORD101788 still hasn't arrived and it's been over a week.
TIX101661,CUST003530,2026-02-17,Damaged Item,Social Media,24.3,5.0,When will my refund for the returned item be processed?
TIX101662,CUST001478,2025-02-23,Product Question,Phone,55.3,4.0,Can you tell me the warranty period on this product?
TIX101663,CUST005837,2025-05-25,Wrong Item Shipped,Phone,80.8,5.0,Can you tell me the warranty period on this product?
TIX101664,CUST003846,2025-01-29,Product Question,Social Media,11.1,,When will my refund for the returned item be processed?
TIX101665,CUST006018,2025-11-30,Product Question,Live Chat,3.0,4.0,"The item I received was damaged during shipping, need a replacement."
TIX101666,CUST002065,2025-08-17,Billing Issue,Social Media,22.4,,"Wrong item was shipped to me, I ordered a different color."
TIX101667,CUST002151,2026-02-13,Product Question,Live Chat,9.8,2.0,"I can't log into my account, it says my password is invalid."
TIX101668,CUST001802,2026-06-04,Product Question,Email,8.7,4.0,  the delivery guy left my package outside in the rain!!  
TIX101669,CUST000668,2026-03-28,Wrong Item Shipped,Email,3.6,5.0,Can you tell me the warranty period on this product?
TIX101670,CUST005465,2026-04-04,Damaged Item,Phone,0.7,4.0,"I want to return this item, it doesn't fit as expected."
TIX101671,CUST004086,2024-10-12,Refund Status,Email,26.0,4.0,"I want to return this item, it doesn't fit as expected."
TIX101672,CUST002748,2024-10-16,Return Request,Phone,11.8,5.0,  the delivery guy left my package outside in the rain!!  
TIX101673,CUST004754,2025-12-09,Wrong Item Shipped,Social Media,9.1,4.0,"I can't log into my account, it says my password is invalid."
TIX101674,CUST004686,2026-03-31,Billing Issue,Live Chat,8.2,5.0,"The item I received was damaged during shipping, need a replacement."
TIX101675,CUST004973,2025-12-27,Damaged Item,Social Media,12.6,5.0,"Great service, just wanted to confirm my order status."
TIX101676,CUST004688,2026-04-27,Damaged Item,Live Chat,24.4,5.0,My order ORD112444 still hasn't arrived and it's been over a week.
TIX101677,CUST005938,2024-12-31,Account Access,Phone,10.3,2.0,When will my refund for the returned item be processed?
TIX101678,CUST002560,2024-10-18,Wrong Item Shipped,Phone,1.8,5.0,"Wrong item was shipped to me, I ordered a different color."
TIX101679,CUST005784,2025-06-21,Product Question,Phone,5.4,4.0,When will my refund for the returned item be processed?
TIX101680,CUST004046,2026-03-13,Return Request,Live Chat,2.6,5.0,"I was charged twice for order ORD118537, please refund the duplicate charge."
TIX101681,CUST001430,2025-06-17,Account Access,Email,3.8,4.0,"I was charged twice for order ORD127203, please refund the duplicate charge."
TIX101682,CUST000343,2025-04-07,Wrong Item Shipped,Email,37.4,4.0,"Wrong item was shipped to me, I ordered a different color."
TIX101683,CUST002031,2025-06-20,Wrong Item Shipped,Social Media,3.4,5.0,"I want to return this item, it doesn't fit as expected."
TIX101684,CUST000394,2025-03-06,Return Request,Phone,23.3,4.0,When will my refund for the returned item be processed?
TIX101685,CUST004960,2026-05-10,Refund Status,Social Media,6.5,2.0,"Wrong item was shipped to me, I ordered a different color."
TIX101686,CUST004344,2025-12-08,Account Access,Email,41.7,4.0,When will my refund for the returned item be processed?
TIX101687,CUST003822,2025-11-19,Delivery Delay,Email,17.5,2.0,"I can't log into my account, it says my password is invalid."
TIX101688,CUST004351,2025-01-06,Account Access,Social Media,20.2,5.0,Can you tell me the warranty period on this product?
TIX101689,CUST004274,2025-10-01,Delivery Delay,Phone,13.4,5.0,Can you tell me the warranty period on this product?
TIX101690,CUST003227,2024-09-19,Account Access,Live Chat,47.1,5.0,When will my refund for the returned item be processed?
TIX101691,CUST001799,2025-05-20,Delivery Delay,Phone,3.1,5.0,"The item I received was damaged during shipping, need a replacement."
TIX101692,CUST000920,2025-05-08,Refund Status,Social Media,6.1,5.0,"The item I received was damaged during shipping, need a replacement."
TIX101693,CUST003782,2026-01-01,Damaged Item,Email,42.3,,"I was charged twice for order ORD114758, please refund the duplicate charge."
TIX101694,CUST001349,2025-06-04,Product Question,Social Media,81.2,5.0,"Great service, just wanted to confirm my order status."
TIX101695,CUST001910,2025-06-03,Damaged Item,Live Chat,26.5,5.0,My order ORD118223 still hasn't arrived and it's been over a week.
TIX101696,CUST001981,2025-02-21,Account Access,Email,4.3,4.0,"Wrong item was shipped to me, I ordered a different color."
TIX101697,CUST003446,2024-10-05,Wrong Item Shipped,Phone,43.0,4.0,"Great service, just wanted to confirm my order status."
TIX101698,CUST005353,2025-02-24,Return Request,Social Media,3.3,3.0,"Wrong item was shipped to me, I ordered a different color."
TIX101699,CUST003292,2026-02-15,Delivery Delay,Social Media,37.4,5.0,When will my refund for the returned item be processed?
TIX101700,CUST000467,2025-01-24,Delivery Delay,Social Media,8.7,2.0,Can you tell me the warranty period on this product?
TIX101701,CUST001552,2025-04-25,Return Request,Live Chat,0.9,5.0,"The item I received was damaged during shipping, need a replacement."
TIX101702,CUST000707,2025-10-31,Refund Status,Email,17.0,1.0,  the delivery guy left my package outside in the rain!!  
TIX101703,CUST000057,2025-10-05,Product Question,Live Chat,8.3,5.0,My order ORD115809 still hasn't arrived and it's been over a week.
TIX101704,CUST003646,2025-03-18,Product Question,Phone,0.3,5.0,"Wrong item was shipped to me, I ordered a different color."
TIX101705,CUST001764,2026-04-25,Refund Status,Phone,2.9,1.0,"I can't log into my account, it says my password is invalid."
TIX101706,CUST000690,2025-07-16,Return Request,Live Chat,11.0,2.0,My order ORD126910 still hasn't arrived and it's been over a week.
TIX101707,CUST005297,2025-11-17,Delivery Delay,Phone,19.0,1.0,"I was charged twice for order ORD107627, please refund the duplicate charge."
TIX101708,CUST005397,2025-05-04,Wrong Item Shipped,Email,0.6,4.0,  the delivery guy left my package outside in the rain!!  
TIX101709,CUST001743,2024-12-16,Damaged Item,Phone,13.2,3.0,"I want to return this item, it doesn't fit as expected."
TIX101710,CUST002747,2026-01-04,Billing Issue,Live Chat,0.9,5.0,"The item I received was damaged during shipping, need a replacement."
TIX101711,CUST006081,2024-10-15,Refund Status,Email,41.9,5.0,"I want to return this item, it doesn't fit as expected."
TIX101712,CUST005284,2025-08-05,Product Question,Live Chat,22.1,5.0,"I can't log into my account, it says my password is invalid."
TIX101713,CUST004943,2026-04-15,Delivery Delay,Live Chat,1.6,1.0,"I want to return this item, it doesn't fit as expected."
TIX101714,CUST002509,2025-06-22,Product Question,Email,12.8,5.0,"I was charged twice for order ORD116972, please refund the duplicate charge."
TIX101715,CUST000662,2026-04-22,Refund Status,Live Chat,23.9,5.0,"I was charged twice for order ORD119439, please refund the duplicate charge."
TIX101716,CUST001049,2025-10-07,Delivery Delay,Phone,6.1,4.0,"Great service, just wanted to confirm my order status."
TIX101717,CUST003325,2025-07-10,Product Question,Phone,3.7,4.0,Can you tell me the warranty period on this product?
TIX101718,CUST002080,2025-12-25,Billing Issue,Email,20.3,3.0,"Wrong item was shipped to me, I ordered a different color."
TIX101719,CUST003035,2025-10-01,Delivery Delay,Live Chat,27.2,5.0,"I can't log into my account, it says my password is invalid."
TIX101720,CUST004250,2024-12-04,Damaged Item,Phone,9.2,,  the delivery guy left my package outside in the rain!!  
TIX101721,CUST002199,2025-10-14,Billing Issue,Live Chat,4.9,4.0,"I was charged twice for order ORD104216, please refund the duplicate charge."
TIX101722,CUST005235,2024-10-24,Return Request,Live Chat,51.2,4.0,  the delivery guy left my package outside in the rain!!  
TIX101723,CUST005200,2026-05-19,Account Access,Phone,13.8,,When will my refund for the returned item be processed?
TIX101724,CUST004636,2025-02-09,Damaged Item,Live Chat,12.1,2.0,  the delivery guy left my package outside in the rain!!  
TIX101725,CUST000571,2024-10-28,Wrong Item Shipped,Live Chat,23.6,5.0,"I want to return this item, it doesn't fit as expected."
TIX101726,CUST004648,2026-01-29,Account Access,Social Media,40.8,,When will my refund for the returned item be processed?
TIX101727,CUST000264,2026-02-28,Product Question,Phone,6.6,4.0,When will my refund for the returned item be processed?
TIX101728,CUST003749,2026-05-18,Refund Status,Social Media,-30.2,,"Great service, just wanted to confirm my order status."
TIX101729,CUST004878,2026-05-09,Wrong Item Shipped,Social Media,48.8,5.0,"The item I received was damaged during shipping, need a replacement."
TIX101730,CUST000088,2025-04-06,Refund Status,Social Media,58.8,5.0,"Great service, just wanted to confirm my order status."
TIX101731,CUST002745,2026-05-03,Wrong Item Shipped,Live Chat,21.0,5.0,When will my refund for the returned item be processed?
TIX101732,CUST001738,2024-12-15,Product Question,Phone,26.5,3.0,"I want to return this item, it doesn't fit as expected."
TIX101733,CUST000878,2024-12-26,Product Question,Email,33.3,5.0,  the delivery guy left my package outside in the rain!!  
TIX101734,CUST004520,2025-04-21,Billing Issue,Email,28.3,4.0,When will my refund for the returned item be processed?
TIX101735,CUST005795,2024-12-20,Wrong Item Shipped,Phone,3.7,4.0,"Wrong item was shipped to me, I ordered a different color."
TIX101736,CUST002221,2026-06-16,Product Question,Email,0.0,4.0,"Great service, just wanted to confirm my order status."
TIX101737,CUST005105,2026-06-30,Return Request,Social Media,15.4,3.0,My order ORD106192 still hasn't arrived and it's been over a week.
TIX101738,CUST001973,2026-02-11,Damaged Item,Live Chat,17.6,4.0,"I want to return this item, it doesn't fit as expected."
TIX101739,CUST004301,2025-07-20,Account Access,Social Media,4.6,3.0,"I was charged twice for order ORD108335, please refund the duplicate charge."
TIX101740,CUST005509,2024-12-12,Product Question,Live Chat,3.7,5.0,"The item I received was damaged during shipping, need a replacement."
TIX101741,CUST001493,2025-08-09,Delivery Delay,Phone,13.7,3.0,My order ORD118338 still hasn't arrived and it's been over a week.
TIX101742,CUST004059,2025-08-21,Product Question,Live Chat,40.3,,"Great service, just wanted to confirm my order status."
TIX101743,CUST002960,2025-11-27,Delivery Delay,Social Media,3.7,5.0,My order ORD102856 still hasn't arrived and it's been over a week.
TIX101744,CUST003614,2026-04-12,Damaged Item,Email,37.4,2.0,"Great service, just wanted to confirm my order status."
TIX101745,CUST001864,2025-06-24,Delivery Delay,Phone,35.8,5.0,"The item I received was damaged during shipping, need a replacement."
TIX101746,CUST000719,2025-01-26,Product Question,Phone,5.2,5.0,  the delivery guy left my package outside in the rain!!  
TIX101747,CUST001500,2025-06-05,Billing Issue,Email,28.8,5.0,"Wrong item was shipped to me, I ordered a different color."
TIX101748,CUST004390,2025-11-24,Billing Issue,Phone,57.4,4.0,"I can't log into my account, it says my password is invalid."
TIX101749,CUST004044,2025-11-17,Billing Issue,Email,3.1,3.0,My order ORD102600 still hasn't arrived and it's been over a week.
TIX101750,CUST003487,2025-03-29,Refund Status,Phone,14.2,4.0,"I was charged twice for order ORD123072, please refund the duplicate charge."
TIX101751,CUST004550,2024-12-15,Delivery Delay,Live Chat,29.6,,"I was charged twice for order ORD100133, please refund the duplicate charge."
TIX101752,CUST000919,2024-12-30,Wrong Item Shipped,Live Chat,7.3,4.0,"Great service, just wanted to confirm my order status."
TIX101753,CUST005891,2025-05-31,Billing Issue,Live Chat,1.4,5.0,"I can't log into my account, it says my password is invalid."
TIX101754,CUST005979,2025-01-12,Damaged Item,Phone,2.4,4.0,"Great service, just wanted to confirm my order status."
TIX101755,CUST004982,2025-06-03,Refund Status,Social Media,7.3,3.0,My order ORD111638 still hasn't arrived and it's been over a week.
TIX101756,CUST004987,2024-10-05,Damaged Item,Phone,-0.8,4.0,Can you tell me the warranty period on this product?
TIX101757,CUST001961,2025-04-13,Delivery Delay,Live Chat,0.8,4.0,"Great service, just wanted to confirm my order status."
TIX101758,CUST005268,2025-08-02,Refund Status,Social Media,66.2,5.0,  the delivery guy left my package outside in the rain!!  
TIX101759,CUST004274,2025-02-20,Delivery Delay,Phone,2.4,5.0,"Great service, just wanted to confirm my order status."
TIX101760,CUST001331,2026-06-24,Return Request,Live Chat,3.2,5.0,"The item I received was damaged during shipping, need a replacement."
TIX101761,CUST001224,2025-02-12,Delivery Delay,Social Media,16.1,5.0,When will my refund for the returned item be processed?
TIX101762,CUST001094,2025-08-17,Refund Status,Live Chat,30.4,5.0,  the delivery guy left my package outside in the rain!!  
TIX101763,CUST000819,2024-09-26,Wrong Item Shipped,Phone,3.1,3.0,"The item I received was damaged during shipping, need a replacement."
TIX101764,CUST004099,2024-10-02,Refund Status,Social Media,0.8,5.0,My order ORD113155 still hasn't arrived and it's been over a week.
TIX101765,CUST002335,2025-04-02,Return Request,Live Chat,4.5,3.0,  the delivery guy left my package outside in the rain!!  
TIX101766,CUST005676,2025-01-27,Billing Issue,Social Media,12.6,1.0,"I was charged twice for order ORD104292, please refund the duplicate charge."
TIX101767,CUST001527,2025-11-02,Refund Status,Social Media,85.7,3.0,My order ORD119202 still hasn't arrived and it's been over a week.
TIX101768,CUST004538,2025-01-13,Damaged Item,Social Media,17.3,,"Wrong item was shipped to me, I ordered a different color."
TIX101769,CUST000526,2025-02-04,Delivery Delay,Email,4.5,5.0,"The item I received was damaged during shipping, need a replacement."
TIX101770,CUST001833,2026-01-03,Damaged Item,Live Chat,0.2,5.0,Can you tell me the warranty period on this product?
TIX101771,CUST002186,2026-04-24,Wrong Item Shipped,Live Chat,3.3,1.0,"Great service, just wanted to confirm my order status."
TIX101772,CUST002284,2025-09-22,Damaged Item,Phone,19.2,,  the delivery guy left my package outside in the rain!!  
TIX101773,CUST005293,2026-01-13,Damaged Item,Live Chat,6.9,3.0,"The item I received was damaged during shipping, need a replacement."
TIX101774,CUST000025,2026-06-14,Return Request,Phone,14.6,5.0,"The item I received was damaged during shipping, need a replacement."
TIX101775,CUST002999,2026-01-07,Account Access,Email,15.9,4.0,  the delivery guy left my package outside in the rain!!  
TIX101776,CUST003378,2026-03-12,Refund Status,Social Media,3.1,5.0,"The item I received was damaged during shipping, need a replacement."
TIX101777,CUST005982,2024-09-11,Refund Status,Live Chat,9.5,5.0,"The item I received was damaged during shipping, need a replacement."
TIX101778,CUST000731,2025-10-02,Refund Status,Live Chat,14.5,3.0,  the delivery guy left my package outside in the rain!!  
TIX101779,CUST001409,2024-09-10,Account Access,Email,36.3,4.0,When will my refund for the returned item be processed?
TIX101780,CUST002787,2026-06-23,Product Question,Phone,28.9,5.0,"The item I received was damaged during shipping, need a replacement."
TIX101781,CUST005116,2025-11-06,Refund Status,Phone,20.1,3.0,When will my refund for the returned item be processed?
TIX101782,CUST003289,2025-03-07,Wrong Item Shipped,Social Media,27.0,,Can you tell me the warranty period on this product?
TIX101783,CUST000279,2025-11-23,Billing Issue,Social Media,57.3,,"Wrong item was shipped to me, I ordered a different color."
TIX101784,CUST001432,2025-10-22,Return Request,Phone,25.9,1.0,"Great service, just wanted to confirm my order status."
TIX101785,CUST005153,2024-09-05,Return Request,Live Chat,4.1,4.0,"Wrong item was shipped to me, I ordered a different color."
TIX101786,CUST004829,2025-04-10,Wrong Item Shipped,Phone,7.4,1.0,"The item I received was damaged during shipping, need a replacement."
TIX101787,CUST005733,2026-01-14,Damaged Item,Email,8.3,5.0,"Great service, just wanted to confirm my order status."
TIX101788,CUST001351,2025-11-20,Return Request,Phone,10.4,,When will my refund for the returned item be processed?
TIX101789,CUST002612,2026-01-11,Billing Issue,Live Chat,18.1,2.0,"Wrong item was shipped to me, I ordered a different color."
TIX101790,CUST003621,2024-10-30,Wrong Item Shipped,Email,9.8,3.0,"I was charged twice for order ORD122773, please refund the duplicate charge."
TIX101791,CUST005764,2024-09-18,Billing Issue,Email,11.3,3.0,"Wrong item was shipped to me, I ordered a different color."
TIX101792,CUST004013,2025-10-20,Billing Issue,Phone,16.2,1.0,  the delivery guy left my package outside in the rain!!  
TIX101793,CUST004086,2025-01-23,Damaged Item,Phone,29.9,4.0,My order ORD125574 still hasn't arrived and it's been over a week.
TIX101794,CUST000301,2025-01-08,Product Question,Phone,10.7,4.0,"The item I received was damaged during shipping, need a replacement."
TIX101795,CUST001089,2026-02-19,Refund Status,Social Media,17.9,4.0,My order ORD115555 still hasn't arrived and it's been over a week.
TIX101796,CUST002999,2024-10-16,Product Question,Social Media,11.3,4.0,"I can't log into my account, it says my password is invalid."
TIX101797,CUST004263,2025-07-03,Billing Issue,Email,108.3,5.0,"I can't log into my account, it says my password is invalid."
TIX101798,CUST004286,2025-03-02,Product Question,Phone,51.7,5.0,"I was charged twice for order ORD112095, please refund the duplicate charge."
TIX101799,CUST004106,2026-05-12,Product Question,Social Media,14.0,5.0,  the delivery guy left my package outside in the rain!!  
TIX101800,CUST004087,2025-06-03,Product Question,Phone,30.4,1.0,"Wrong item was shipped to me, I ordered a different color."
TIX101801,CUST005237,2026-01-16,Wrong Item Shipped,Live Chat,35.8,4.0,Can you tell me the warranty period on this product?
TIX101802,CUST005501,2025-06-25,Return Request,Social Media,0.5,3.0,"The item I received was damaged during shipping, need a replacement."
TIX101803,CUST002236,2025-04-18,Account Access,Social Media,45.5,4.0,My order ORD103152 still hasn't arrived and it's been over a week.
TIX101804,CUST005530,2024-11-12,Damaged Item,Social Media,35.4,5.0,"The item I received was damaged during shipping, need a replacement."
TIX101805,CUST003166,2025-05-29,Refund Status,Email,30.8,4.0,  the delivery guy left my package outside in the rain!!  
TIX101806,CUST003312,2025-07-29,Delivery Delay,Email,15.1,1.0,"I can't log into my account, it says my password is invalid."
TIX101807,CUST000118,2025-01-25,Account Access,Email,4.7,,  the delivery guy left my package outside in the rain!!  
TIX101808,CUST005036,2026-06-09,Wrong Item Shipped,Social Media,12.5,5.0,"I want to return this item, it doesn't fit as expected."
TIX101809,CUST001266,2024-12-28,Billing Issue,Social Media,28.9,5.0,Can you tell me the warranty period on this product?
TIX101810,CUST000627,2025-07-05,Delivery Delay,Live Chat,10.8,5.0,When will my refund for the returned item be processed?
TIX101811,CUST004554,2026-01-01,Account Access,Social Media,78.7,1.0,Can you tell me the warranty period on this product?
TIX101812,CUST003539,2024-11-06,Damaged Item,Live Chat,4.6,5.0,"I want to return this item, it doesn't fit as expected."
TIX101813,CUST000562,2026-03-12,Delivery Delay,Phone,43.5,5.0,  the delivery guy left my package outside in the rain!!  
TIX101814,CUST000679,2026-03-09,Damaged Item,Live Chat,7.0,3.0,"I want to return this item, it doesn't fit as expected."
TIX101815,CUST001637,2025-08-03,Billing Issue,Email,32.8,5.0,"Great service, just wanted to confirm my order status."
TIX101816,CUST000170,2024-11-18,Product Question,Email,10.3,3.0,"Wrong item was shipped to me, I ordered a different color."
TIX101817,CUST004874,2024-10-14,Damaged Item,Email,32.2,5.0,"I was charged twice for order ORD113597, please refund the duplicate charge."
TIX101818,CUST002899,2025-01-08,Wrong Item Shipped,Social Media,16.0,2.0,"I was charged twice for order ORD123828, please refund the duplicate charge."
TIX101819,CUST002046,2025-10-30,Billing Issue,Phone,42.8,,"Great service, just wanted to confirm my order status."
TIX101820,CUST005025,2024-12-05,Billing Issue,Social Media,11.7,5.0,"I was charged twice for order ORD106158, please refund the duplicate charge."
TIX101821,CUST003328,2025-02-03,Wrong Item Shipped,Social Media,48.7,4.0,My order ORD119087 still hasn't arrived and it's been over a week.
TIX101822,CUST000067,2024-12-09,Product Question,Email,2.5,5.0,"I can't log into my account, it says my password is invalid."
TIX101823,CUST002405,2025-05-05,Billing Issue,Live Chat,29.8,3.0,"I was charged twice for order ORD118195, please refund the duplicate charge."
TIX101824,CUST005778,2025-09-17,Wrong Item Shipped,Email,90.0,5.0,My order ORD126819 still hasn't arrived and it's been over a week.
TIX101825,CUST002995,2026-05-19,Delivery Delay,Live Chat,4.7,4.0,When will my refund for the returned item be processed?
TIX101826,CUST005849,2025-12-03,Wrong Item Shipped,Social Media,1.2,4.0,"I want to return this item, it doesn't fit as expected."
TIX101827,CUST002114,2025-09-09,Wrong Item Shipped,Phone,23.7,5.0,"I was charged twice for order ORD104096, please refund the duplicate charge."
TIX101828,CUST005114,2025-08-12,Refund Status,Phone,18.6,5.0,"I want to return this item, it doesn't fit as expected."
TIX101829,CUST005631,2024-11-18,Return Request,Phone,7.3,,"I want to return this item, it doesn't fit as expected."
TIX101830,CUST001310,2024-11-07,Return Request,Live Chat,67.0,3.0,When will my refund for the returned item be processed?
TIX101831,CUST002657,2025-04-19,Account Access,Phone,1.1,5.0,My order ORD120592 still hasn't arrived and it's been over a week.
TIX101832,CUST005024,2024-11-11,Refund Status,Social Media,26.4,2.0,My order ORD113048 still hasn't arrived and it's been over a week.
TIX101833,CUST002712,2025-10-12,Delivery Delay,Email,5.5,2.0,"I was charged twice for order ORD111906, please refund the duplicate charge."
TIX101834,CUST003569,2026-05-12,Product Question,Email,1.2,1.0,Can you tell me the warranty period on this product?
TIX101835,CUST005879,2024-10-07,Wrong Item Shipped,Phone,18.2,5.0,"Great service, just wanted to confirm my order status."
TIX101836,CUST003538,2025-09-30,Refund Status,Social Media,7.2,1.0,"Great service, just wanted to confirm my order status."
TIX101837,CUST001161,2026-03-31,Billing Issue,Phone,10.8,3.0,"Great service, just wanted to confirm my order status."
TIX101838,CUST005981,2025-10-10,Return Request,Email,11.5,5.0,When will my refund for the returned item be processed?
TIX101839,CUST005576,2024-11-05,Billing Issue,Social Media,0.7,4.0,My order ORD102594 still hasn't arrived and it's been over a week.
TIX101840,CUST004834,2024-11-23,Return Request,Phone,13.7,2.0,Can you tell me the warranty period on this product?
TIX101841,CUST003277,2025-06-03,Return Request,Email,0.7,4.0,"Great service, just wanted to confirm my order status."
TIX101842,CUST005330,2025-09-15,Damaged Item,Live Chat,3.6,,"Wrong item was shipped to me, I ordered a different color."
TIX101843,CUST003437,2024-11-05,Billing Issue,Social Media,22.7,4.0,"I can't log into my account, it says my password is invalid."
TIX101844,CUST004433,2025-02-12,Return Request,Live Chat,23.1,5.0,  the delivery guy left my package outside in the rain!!  
TIX101845,CUST003940,2025-10-14,Wrong Item Shipped,Phone,0.1,5.0,"I can't log into my account, it says my password is invalid."
TIX101846,CUST000146,2025-07-09,Account Access,Live Chat,34.0,4.0,"Wrong item was shipped to me, I ordered a different color."
TIX101847,CUST000192,2025-05-06,Delivery Delay,Social Media,0.2,5.0,"The item I received was damaged during shipping, need a replacement."
TIX101848,CUST002565,2025-12-09,Wrong Item Shipped,Live Chat,62.5,,"The item I received was damaged during shipping, need a replacement."
TIX101849,CUST001445,2025-01-26,Refund Status,Social Media,14.8,4.0,"Wrong item was shipped to me, I ordered a different color."
TIX101850,CUST000271,2024-11-11,Account Access,Phone,8.3,4.0,"Great service, just wanted to confirm my order status."
TIX101851,CUST001159,2024-10-06,Billing Issue,Social Media,16.8,4.0,"Great service, just wanted to confirm my order status."
TIX101852,CUST002113,2025-04-03,Product Question,Live Chat,2.9,5.0,"I was charged twice for order ORD102655, please refund the duplicate charge."
TIX101853,CUST001098,2026-01-09,Account Access,Social Media,11.7,5.0,"The item I received was damaged during shipping, need a replacement."
TIX101854,CUST003306,2025-01-21,Account Access,Live Chat,21.0,5.0,"I want to return this item, it doesn't fit as expected."
TIX101855,CUST003877,2026-02-28,Refund Status,Email,19.1,5.0,Can you tell me the warranty period on this product?
TIX101856,CUST003834,2025-12-08,Product Question,Phone,42.9,4.0,My order ORD115109 still hasn't arrived and it's been over a week.
TIX101857,CUST002312,2025-10-14,Refund Status,Social Media,6.0,4.0,"I was charged twice for order ORD122012, please refund the duplicate charge."
TIX101858,CUST001190,2026-06-21,Damaged Item,Social Media,1.3,,Can you tell me the warranty period on this product?
TIX101859,CUST003666,2025-08-03,Billing Issue,Live Chat,8.4,1.0,"I want to return this item, it doesn't fit as expected."
TIX101860,CUST005760,2025-10-05,Account Access,Social Media,2.6,5.0,  the delivery guy left my package outside in the rain!!  
TIX101861,CUST005009,2025-03-30,Product Question,Email,40.3,4.0,"Great service, just wanted to confirm my order status."
TIX101862,CUST003391,2025-06-23,Delivery Delay,Phone,71.7,5.0,  the delivery guy left my package outside in the rain!!  
TIX101863,CUST005832,2026-06-06,Return Request,Phone,18.1,1.0,"I want to return this item, it doesn't fit as expected."
TIX101864,CUST004851,2025-06-13,Damaged Item,Social Media,28.4,4.0,"Wrong item was shipped to me, I ordered a different color."
TIX101865,CUST005785,2025-11-15,Damaged Item,Phone,21.5,5.0,"Great service, just wanted to confirm my order status."
TIX101866,CUST000097,2024-11-08,Product Question,Phone,14.3,4.0,  the delivery guy left my package outside in the rain!!  
TIX101867,CUST002970,2024-11-02,Wrong Item Shipped,Live Chat,31.7,2.0,Can you tell me the warranty period on this product?
TIX101868,CUST000431,2025-09-20,Return Request,Social Media,40.3,4.0,"I want to return this item, it doesn't fit as expected."
TIX101869,CUST002238,2024-10-23,Return Request,Live Chat,12.9,4.0,"I can't log into my account, it says my password is invalid."
TIX101870,CUST005382,2025-04-14,Wrong Item Shipped,Live Chat,30.0,4.0,"I want to return this item, it doesn't fit as expected."
TIX101871,CUST004333,2026-01-16,Product Question,Phone,8.9,3.0,"I was charged twice for order ORD124904, please refund the duplicate charge."
TIX101872,CUST001151,2024-11-17,Account Access,Phone,4.8,5.0,Can you tell me the warranty period on this product?
TIX101873,CUST003261,2025-10-24,Account Access,Social Media,11.2,4.0,Can you tell me the warranty period on this product?
TIX101874,CUST004473,2025-03-26,Billing Issue,Social Media,5.1,5.0,"The item I received was damaged during shipping, need a replacement."
TIX101875,CUST004625,2025-05-19,Wrong Item Shipped,Social Media,9.0,4.0,"I was charged twice for order ORD123524, please refund the duplicate charge."
TIX101876,CUST002523,2024-10-30,Return Request,Phone,18.4,4.0,My order ORD107830 still hasn't arrived and it's been over a week.
TIX101877,CUST002103,2026-05-09,Wrong Item Shipped,Social Media,3.4,3.0,"Wrong item was shipped to me, I ordered a different color."
TIX101878,CUST003755,2025-01-13,Wrong Item Shipped,Social Media,23.2,5.0,"I want to return this item, it doesn't fit as expected."
TIX101879,CUST000748,2025-06-07,Wrong Item Shipped,Email,40.8,5.0,"The item I received was damaged during shipping, need a replacement."
TIX101880,CUST001196,2025-07-13,Delivery Delay,Social Media,8.7,3.0,"Wrong item was shipped to me, I ordered a different color."
TIX101881,CUST005916,2025-11-24,Wrong Item Shipped,Social Media,66.1,3.0,"Great service, just wanted to confirm my order status."
TIX101882,CUST002278,2025-07-06,Product Question,Email,21.0,4.0,When will my refund for the returned item be processed?
TIX101883,CUST003915,2025-11-24,Delivery Delay,Email,15.4,3.0,  the delivery guy left my package outside in the rain!!  
TIX101884,CUST002613,2025-12-07,Product Question,Phone,6.5,4.0,My order ORD103140 still hasn't arrived and it's been over a week.
TIX101885,CUST001398,2025-01-24,Delivery Delay,Phone,0.3,3.0,"Wrong item was shipped to me, I ordered a different color."
TIX101886,CUST000200,2026-05-27,Refund Status,Email,9.6,,"I want to return this item, it doesn't fit as expected."
TIX101887,CUST005936,2026-03-20,Delivery Delay,Live Chat,43.7,2.0,Can you tell me the warranty period on this product?
TIX101888,CUST003865,2024-10-29,Return Request,Social Media,29.3,5.0,"I want to return this item, it doesn't fit as expected."
TIX101889,CUST000131,2025-11-09,Refund Status,Live Chat,73.1,5.0,"Great service, just wanted to confirm my order status."
TIX101890,CUST004774,2024-11-24,Delivery Delay,Email,29.7,3.0,My order ORD111804 still hasn't arrived and it's been over a week.
TIX101891,CUST000380,2025-09-16,Damaged Item,Live Chat,23.5,5.0,When will my refund for the returned item be processed?
TIX101892,CUST004627,2025-12-13,Return Request,Phone,1.6,4.0,"Wrong item was shipped to me, I ordered a different color."
TIX101893,CUST004719,2024-12-14,Billing Issue,Social Media,70.1,4.0,When will my refund for the returned item be processed?
TIX101894,CUST001991,2025-03-28,Billing Issue,Phone,6.2,5.0,When will my refund for the returned item be processed?
TIX101895,CUST003255,2026-03-20,Billing Issue,Email,5.0,4.0,"I can't log into my account, it says my password is invalid."
TIX101896,CUST006012,2025-03-05,Product Question,Social Media,0.5,4.0,"Wrong item was shipped to me, I ordered a different color."
TIX101897,CUST000154,2025-11-05,Refund Status,Phone,9.2,3.0,"I want to return this item, it doesn't fit as expected."
TIX101898,CUST000357,2025-01-31,Return Request,Phone,40.5,2.0,"The item I received was damaged during shipping, need a replacement."
TIX101899,CUST002461,2024-11-05,Account Access,Live Chat,26.4,2.0,My order ORD118129 still hasn't arrived and it's been over a week.
TIX101900,CUST005893,2025-11-06,Refund Status,Social Media,15.9,5.0,"I was charged twice for order ORD114244, please refund the duplicate charge."
TIX101901,CUST002568,2025-02-12,Billing Issue,Phone,24.7,4.0,"Wrong item was shipped to me, I ordered a different color."
TIX101902,CUST002790,2025-01-03,Wrong Item Shipped,Email,1.0,3.0,"Wrong item was shipped to me, I ordered a different color."
TIX101903,CUST005243,2025-06-25,Refund Status,Social Media,3.7,4.0,"I was charged twice for order ORD122753, please refund the duplicate charge."
TIX101904,CUST000518,2024-10-08,Refund Status,Phone,11.4,4.0,"I was charged twice for order ORD103600, please refund the duplicate charge."
TIX101905,CUST002063,2025-03-08,Return Request,Social Media,19.9,2.0,  the delivery guy left my package outside in the rain!!  
TIX101906,CUST002226,2024-12-06,Account Access,Email,15.1,4.0,My order ORD111536 still hasn't arrived and it's been over a week.
TIX101907,CUST003043,2025-11-09,Billing Issue,Social Media,3.0,2.0,My order ORD126586 still hasn't arrived and it's been over a week.
TIX101908,CUST003046,2024-11-04,Wrong Item Shipped,Email,31.0,4.0,"The item I received was damaged during shipping, need a replacement."
TIX101909,CUST001427,2026-01-08,Refund Status,Live Chat,2.6,5.0,"I was charged twice for order ORD123204, please refund the duplicate charge."
TIX101910,CUST002912,2026-06-30,Account Access,Email,5.2,4.0,When will my refund for the returned item be processed?
TIX101911,CUST003400,2025-10-22,Damaged Item,Phone,52.8,3.0,"Wrong item was shipped to me, I ordered a different color."
TIX101912,CUST000198,2025-09-10,Product Question,Live Chat,50.0,4.0,"I was charged twice for order ORD109781, please refund the duplicate charge."
TIX101913,CUST001872,2024-09-19,Product Question,Phone,3.3,5.0,"Great service, just wanted to confirm my order status."
TIX101914,CUST001078,2025-09-26,Billing Issue,Live Chat,4.7,4.0,"I want to return this item, it doesn't fit as expected."
TIX101915,CUST000241,2026-02-20,Delivery Delay,Social Media,18.6,3.0,"I was charged twice for order ORD116660, please refund the duplicate charge."
TIX101916,CUST005081,2025-12-17,Return Request,Live Chat,32.8,5.0,  the delivery guy left my package outside in the rain!!  
TIX101917,CUST002150,2026-05-10,Return Request,Social Media,14.7,5.0,"I want to return this item, it doesn't fit as expected."
TIX101918,CUST000365,2026-03-01,Delivery Delay,Social Media,5.9,4.0,  the delivery guy left my package outside in the rain!!  
TIX101919,CUST003767,2024-09-03,Wrong Item Shipped,Social Media,6.0,2.0,"I was charged twice for order ORD121863, please refund the duplicate charge."
TIX101920,CUST001150,2025-06-18,Product Question,Live Chat,0.7,5.0,"I can't log into my account, it says my password is invalid."
TIX101921,CUST002993,2025-04-25,Damaged Item,Phone,0.1,4.0,"I was charged twice for order ORD108334, please refund the duplicate charge."
TIX101922,CUST005894,2025-07-27,Account Access,Email,2.5,2.0,"I was charged twice for order ORD113937, please refund the duplicate charge."
TIX101923,CUST004918,2024-09-12,Damaged Item,Email,89.3,3.0,"The item I received was damaged during shipping, need a replacement."
TIX101924,CUST001504,2025-08-19,Refund Status,Email,3.9,5.0,"I can't log into my account, it says my password is invalid."
TIX101925,CUST005721,2025-02-19,Return Request,Phone,14.3,4.0,  the delivery guy left my package outside in the rain!!  
TIX101926,CUST003204,2025-12-08,Wrong Item Shipped,Email,3.4,3.0,"I can't log into my account, it says my password is invalid."
TIX101927,CUST003896,2025-11-06,Billing Issue,Live Chat,36.2,3.0,"I want to return this item, it doesn't fit as expected."
TIX101928,CUST005740,2025-05-12,Wrong Item Shipped,Phone,19.5,5.0,Can you tell me the warranty period on this product?
TIX101929,CUST004345,2024-10-07,Product Question,Live Chat,24.4,5.0,"Great service, just wanted to confirm my order status."
TIX101930,CUST002427,2025-10-21,Delivery Delay,Social Media,30.5,3.0,"Wrong item was shipped to me, I ordered a different color."
TIX101931,CUST000628,2025-11-11,Billing Issue,Phone,30.0,1.0,"Great service, just wanted to confirm my order status."
TIX101932,CUST001629,2025-10-29,Delivery Delay,Email,0.1,4.0,  the delivery guy left my package outside in the rain!!  
TIX101933,CUST002497,2024-09-22,Product Question,Email,20.1,4.0,My order ORD100031 still hasn't arrived and it's been over a week.
TIX101934,CUST002894,2025-08-20,Refund Status,Phone,31.1,1.0,  the delivery guy left my package outside in the rain!!  
TIX101935,CUST003917,2024-12-11,Wrong Item Shipped,Live Chat,1.0,,"Great service, just wanted to confirm my order status."
TIX101936,CUST001698,2025-02-27,Wrong Item Shipped,Phone,13.7,4.0,"Great service, just wanted to confirm my order status."
TIX101937,CUST003423,2024-11-06,Return Request,Email,3.4,3.0,When will my refund for the returned item be processed?
TIX101938,CUST003183,2025-04-18,Refund Status,Social Media,4.3,,"Great service, just wanted to confirm my order status."
TIX101939,CUST003622,2025-04-06,Wrong Item Shipped,Phone,33.2,5.0,"I can't log into my account, it says my password is invalid."
TIX101940,CUST005101,2025-10-20,Account Access,Social Media,11.1,,  the delivery guy left my package outside in the rain!!  
TIX101941,CUST002785,2025-10-03,Billing Issue,Social Media,3.7,5.0,"I can't log into my account, it says my password is invalid."
TIX101942,CUST003385,2026-05-24,Wrong Item Shipped,Phone,24.7,3.0,When will my refund for the returned item be processed?
TIX101943,CUST000693,2025-07-13,Damaged Item,Social Media,40.0,5.0,"I can't log into my account, it says my password is invalid."
TIX101944,CUST000494,2025-05-11,Billing Issue,Email,20.4,3.0,"I was charged twice for order ORD118827, please refund the duplicate charge."
TIX101945,CUST002118,2025-04-03,Delivery Delay,Social Media,45.6,5.0,  the delivery guy left my package outside in the rain!!  
TIX101946,CUST003388,2025-06-03,Product Question,Email,6.1,4.0,"The item I received was damaged during shipping, need a replacement."
TIX101947,CUST004100,2025-07-28,Damaged Item,Social Media,10.2,5.0,"I want to return this item, it doesn't fit as expected."
TIX101948,CUST003299,2025-08-30,Delivery Delay,Social Media,2.0,4.0,When will my refund for the returned item be processed?
TIX101949,CUST005270,2025-04-21,Return Request,Social Media,1.4,5.0,"Great service, just wanted to confirm my order status."
TIX101950,CUST002518,2026-01-15,Refund Status,Live Chat,9.3,5.0,"I can't log into my account, it says my password is invalid."
TIX101951,CUST000610,2024-12-17,Return Request,Email,20.6,1.0,"I was charged twice for order ORD113651, please refund the duplicate charge."
TIX101952,CUST004463,2024-11-30,Return Request,Social Media,25.3,3.0,"I want to return this item, it doesn't fit as expected."
TIX101953,CUST005608,2025-07-21,Product Question,Phone,2.9,5.0,"I was charged twice for order ORD111755, please refund the duplicate charge."
TIX101954,CUST002701,2025-10-07,Delivery Delay,Social Media,17.1,3.0,"I was charged twice for order ORD106899, please refund the duplicate charge."
TIX101955,CUST001695,2025-07-29,Product Question,Phone,13.4,4.0,"Wrong item was shipped to me, I ordered a different color."
TIX101956,CUST004640,2026-02-21,Wrong Item Shipped,Phone,29.7,4.0,"I was charged twice for order ORD125640, please refund the duplicate charge."
TIX101957,CUST004540,2026-02-18,Product Question,Live Chat,23.5,3.0,  the delivery guy left my package outside in the rain!!  
TIX101958,CUST005245,2025-05-23,Account Access,Phone,12.5,5.0,When will my refund for the returned item be processed?
TIX101959,CUST000119,2026-03-13,Account Access,Phone,5.1,5.0,"I can't log into my account, it says my password is invalid."
TIX101960,CUST003373,2025-03-07,Product Question,Phone,37.7,4.0,When will my refund for the returned item be processed?
TIX101961,CUST002610,2025-06-20,Product Question,Social Media,3.3,4.0,"The item I received was damaged during shipping, need a replacement."
TIX101962,CUST004023,2026-06-02,Billing Issue,Email,5.4,5.0,"I want to return this item, it doesn't fit as expected."
TIX101963,CUST000865,2025-03-10,Product Question,Email,20.2,4.0,Can you tell me the warranty period on this product?
TIX101964,CUST003530,2025-01-15,Return Request,Social Media,13.5,3.0,  the delivery guy left my package outside in the rain!!  
TIX101965,CUST002380,2026-04-07,Delivery Delay,Social Media,2.0,4.0,Can you tell me the warranty period on this product?
TIX101966,CUST004501,2024-09-21,Refund Status,Phone,11.9,5.0,"Wrong item was shipped to me, I ordered a different color."
TIX101967,CUST004794,2026-04-19,Return Request,Live Chat,2.3,4.0,  the delivery guy left my package outside in the rain!!  
TIX101968,CUST002322,2026-04-21,Product Question,Social Media,2.1,4.0,  the delivery guy left my package outside in the rain!!  
TIX101969,CUST002926,2025-02-06,Delivery Delay,Social Media,5.3,4.0,"I can't log into my account, it says my password is invalid."
TIX101970,CUST002714,2025-09-29,Refund Status,Email,3.4,5.0,"Great service, just wanted to confirm my order status."
TIX101971,CUST000515,2025-01-11,Refund Status,Live Chat,86.4,,Can you tell me the warranty period on this product?
TIX101972,CUST004155,2026-02-05,Product Question,Social Media,57.0,3.0,"I want to return this item, it doesn't fit as expected."
TIX101973,CUST002016,2026-03-05,Account Access,Email,23.2,5.0,  the delivery guy left my package outside in the rain!!  
TIX101974,CUST003412,2025-01-31,Delivery Delay,Email,32.9,3.0,  the delivery guy left my package outside in the rain!!  
TIX101975,CUST004544,2026-03-01,Account Access,Live Chat,41.1,5.0,When will my refund for the returned item be processed?
TIX101976,CUST003800,2025-05-06,Wrong Item Shipped,Email,13.6,5.0,  the delivery guy left my package outside in the rain!!  
TIX101977,CUST002781,2025-11-23,Account Access,Social Media,29.7,4.0,"Wrong item was shipped to me, I ordered a different color."
TIX101978,CUST005910,2024-11-03,Return Request,Live Chat,41.9,,  the delivery guy left my package outside in the rain!!  
TIX101979,CUST002006,2025-06-28,Damaged Item,Phone,0.9,4.0,Can you tell me the warranty period on this product?
TIX101980,CUST002327,2025-09-06,Billing Issue,Live Chat,29.5,,Can you tell me the warranty period on this product?
TIX101981,CUST006089,2025-02-05,Wrong Item Shipped,Social Media,1.6,5.0,"The item I received was damaged during shipping, need a replacement."
TIX101982,CUST001172,2025-11-19,Billing Issue,Live Chat,51.9,2.0,"I want to return this item, it doesn't fit as expected."
TIX101983,CUST001504,2025-05-06,Damaged Item,Phone,20.1,4.0,My order ORD119980 still hasn't arrived and it's been over a week.
TIX101984,CUST001314,2026-06-18,Product Question,Social Media,115.2,,  the delivery guy left my package outside in the rain!!  
TIX101985,CUST000018,2025-02-07,Wrong Item Shipped,Live Chat,9.3,4.0,When will my refund for the returned item be processed?
TIX101986,CUST002106,2026-01-21,Billing Issue,Email,35.3,4.0,"The item I received was damaged during shipping, need a replacement."
TIX101987,CUST003770,2026-05-26,Damaged Item,Phone,56.3,4.0,When will my refund for the returned item be processed?
TIX101988,CUST002473,2025-04-05,Refund Status,Email,6.3,5.0,"Wrong item was shipped to me, I ordered a different color."
TIX101989,CUST001301,2025-01-12,Damaged Item,Live Chat,35.5,2.0,When will my refund for the returned item be processed?
TIX101990,CUST003121,2026-02-18,Billing Issue,Phone,8.4,5.0,"Wrong item was shipped to me, I ordered a different color."
TIX101991,CUST000132,2025-03-24,Damaged Item,Phone,9.8,4.0,Can you tell me the warranty period on this product?
TIX101992,CUST002911,2025-04-23,Damaged Item,Live Chat,36.9,4.0,"Wrong item was shipped to me, I ordered a different color."
TIX101993,CUST004693,2025-08-08,Damaged Item,Live Chat,14.0,5.0,"I was charged twice for order ORD104177, please refund the duplicate charge."
TIX101994,CUST000835,2025-06-22,Account Access,Social Media,9.3,2.0,"I want to return this item, it doesn't fit as expected."
TIX101995,CUST006032,2026-04-01,Wrong Item Shipped,Social Media,3.0,5.0,When will my refund for the returned item be processed?
TIX101996,CUST006013,2025-03-09,Product Question,Phone,10.3,3.0,My order ORD111125 still hasn't arrived and it's been over a week.
TIX101997,CUST003429,2025-10-20,Product Question,Social Media,23.6,5.0,"I want to return this item, it doesn't fit as expected."
TIX101998,CUST005190,2026-06-16,Billing Issue,Email,21.1,4.0,When will my refund for the returned item be processed?
TIX101999,CUST000858,2025-09-17,Return Request,Email,27.5,5.0,"The item I received was damaged during shipping, need a replacement."
TIX102000,CUST004214,2026-03-12,Product Question,Email,25.4,5.0,"The item I received was damaged during shipping, need a replacement."
TIX102001,CUST000482,2026-05-08,Damaged Item,Phone,8.1,3.0,"I want to return this item, it doesn't fit as expected."
TIX102002,CUST002770,2025-11-06,Delivery Delay,Phone,32.8,2.0,"I want to return this item, it doesn't fit as expected."
TIX102003,CUST000731,2025-01-02,Delivery Delay,Social Media,0.7,,"I can't log into my account, it says my password is invalid."
TIX102004,CUST002325,2026-01-15,Wrong Item Shipped,Phone,0.5,5.0,Can you tell me the warranty period on this product?
TIX102005,CUST003514,2026-06-23,Product Question,Live Chat,56.3,3.0,"Wrong item was shipped to me, I ordered a different color."
TIX102006,CUST002016,2025-05-09,Product Question,Live Chat,37.6,,"I was charged twice for order ORD115087, please refund the duplicate charge."
TIX102007,CUST005129,2026-05-21,Wrong Item Shipped,Email,9.3,5.0,"I was charged twice for order ORD126017, please refund the duplicate charge."
TIX102008,CUST005545,2024-11-26,Wrong Item Shipped,Social Media,33.3,5.0,"I want to return this item, it doesn't fit as expected."
TIX102009,CUST000217,2024-10-06,Product Question,Email,18.9,5.0,"Great service, just wanted to confirm my order status."
TIX102010,CUST003703,2025-12-04,Delivery Delay,Social Media,3.4,,"I was charged twice for order ORD103558, please refund the duplicate charge."
TIX102011,CUST000093,2025-12-05,Product Question,Social Media,11.0,,"Wrong item was shipped to me, I ordered a different color."
TIX102012,CUST003037,2026-05-30,Delivery Delay,Social Media,1.2,4.0,"I want to return this item, it doesn't fit as expected."
TIX102013,CUST003614,2026-05-05,Return Request,Email,7.3,3.0,"Wrong item was shipped to me, I ordered a different color."
TIX102014,CUST002919,2025-05-16,Refund Status,Email,4.2,1.0,"I can't log into my account, it says my password is invalid."
TIX102015,CUST003694,2025-12-18,Billing Issue,Phone,31.0,5.0,"Great service, just wanted to confirm my order status."
TIX102016,CUST003110,2024-09-23,Account Access,Live Chat,24.1,4.0,"I was charged twice for order ORD120674, please refund the duplicate charge."
TIX102017,CUST005243,2026-01-27,Billing Issue,Social Media,1.1,4.0,"I can't log into my account, it says my password is invalid."
TIX102018,CUST004897,2024-12-19,Damaged Item,Social Media,13.9,5.0,"The item I received was damaged during shipping, need a replacement."
TIX102019,CUST005854,2025-09-10,Billing Issue,Social Media,23.3,5.0,"I want to return this item, it doesn't fit as expected."
TIX102020,CUST003537,2026-06-02,Delivery Delay,Live Chat,17.6,5.0,"I can't log into my account, it says my password is invalid."
TIX102021,CUST002062,2024-09-09,Return Request,Phone,1.0,4.0,My order ORD118231 still hasn't arrived and it's been over a week.
TIX102022,CUST002119,2026-04-08,Damaged Item,Live Chat,4.0,4.0,Can you tell me the warranty period on this product?
TIX102023,CUST005918,2025-11-01,Delivery Delay,Email,8.7,2.0,Can you tell me the warranty period on this product?
TIX102024,CUST004485,2026-04-02,Product Question,Email,2.5,3.0,"Wrong item was shipped to me, I ordered a different color."
TIX102025,CUST004357,2025-05-07,Wrong Item Shipped,Phone,2.9,3.0,Can you tell me the warranty period on this product?
TIX102026,CUST000275,2025-03-02,Billing Issue,Live Chat,8.8,5.0,"I was charged twice for order ORD121222, please refund the duplicate charge."
TIX102027,CUST001411,2025-04-04,Billing Issue,Social Media,12.1,5.0,Can you tell me the warranty period on this product?
TIX102028,CUST000348,2025-04-16,Product Question,Email,1.2,5.0,My order ORD111226 still hasn't arrived and it's been over a week.
TIX102029,CUST002235,2026-01-03,Billing Issue,Email,23.5,5.0,  the delivery guy left my package outside in the rain!!  
TIX102030,CUST004556,2025-08-24,Wrong Item Shipped,Live Chat,14.1,4.0,"The item I received was damaged during shipping, need a replacement."
TIX102031,CUST002854,2026-02-18,Refund Status,Email,58.5,4.0,"The item I received was damaged during shipping, need a replacement."
TIX102032,CUST002782,2025-07-02,Delivery Delay,Live Chat,5.9,3.0,"Wrong item was shipped to me, I ordered a different color."
TIX102033,CUST004893,2025-09-24,Product Question,Social Media,5.4,5.0,"I can't log into my account, it says my password is invalid."
TIX102034,CUST003811,2025-08-07,Billing Issue,Live Chat,7.5,5.0,"I want to return this item, it doesn't fit as expected."
TIX102035,CUST001930,2025-10-01,Billing Issue,Email,14.1,3.0,When will my refund for the returned item be processed?
TIX102036,CUST003172,2026-06-25,Product Question,Social Media,6.6,2.0,"Great service, just wanted to confirm my order status."
TIX102037,CUST005315,2025-09-18,Damaged Item,Live Chat,6.5,4.0,My order ORD115894 still hasn't arrived and it's been over a week.
TIX102038,CUST003203,2025-01-09,Billing Issue,Social Media,35.3,,"Great service, just wanted to confirm my order status."
TIX102039,CUST004188,2025-09-28,Account Access,Social Media,1.8,4.0,When will my refund for the returned item be processed?
TIX102040,CUST001547,2025-11-21,Delivery Delay,Live Chat,12.5,4.0,"I was charged twice for order ORD103055, please refund the duplicate charge."
TIX102041,CUST001665,2024-10-02,Damaged Item,Phone,25.3,1.0,"I want to return this item, it doesn't fit as expected."
TIX102042,CUST005497,2025-07-04,Delivery Delay,Email,56.6,4.0,"Wrong item was shipped to me, I ordered a different color."
TIX102043,CUST002819,2025-08-11,Refund Status,Social Media,38.4,5.0,"I was charged twice for order ORD100458, please refund the duplicate charge."
TIX102044,CUST004058,2025-02-24,Product Question,Social Media,4.3,,"Great service, just wanted to confirm my order status."
TIX102045,CUST000799,2025-12-21,Refund Status,Live Chat,11.1,5.0,"Great service, just wanted to confirm my order status."
TIX102046,CUST003093,2025-03-23,Delivery Delay,Live Chat,15.7,4.0,"I can't log into my account, it says my password is invalid."
TIX102047,CUST005792,2025-01-07,Return Request,Email,7.1,,Can you tell me the warranty period on this product?
TIX102048,CUST004918,2025-09-20,Return Request,Social Media,6.9,1.0,"I was charged twice for order ORD122755, please refund the duplicate charge."
TIX102049,CUST005281,2025-04-03,Damaged Item,Social Media,3.7,,"I can't log into my account, it says my password is invalid."
TIX102050,CUST005639,2024-09-29,Return Request,Live Chat,0.9,5.0,When will my refund for the returned item be processed?
TIX102051,CUST001379,2024-12-24,Damaged Item,Email,27.1,4.0,  the delivery guy left my package outside in the rain!!  
TIX102052,CUST004571,2025-08-27,Return Request,Live Chat,10.7,4.0,When will my refund for the returned item be processed?
TIX102053,CUST005248,2025-09-22,Damaged Item,Live Chat,37.0,3.0,When will my refund for the returned item be processed?
TIX102054,CUST000700,2025-02-23,Refund Status,Phone,3.8,5.0,"Great service, just wanted to confirm my order status."
TIX102055,CUST004167,2025-08-20,Wrong Item Shipped,Live Chat,8.4,3.0,"Wrong item was shipped to me, I ordered a different color."
TIX102056,CUST005942,2026-06-07,Billing Issue,Email,7.9,4.0,"The item I received was damaged during shipping, need a replacement."
TIX102057,CUST004953,2025-05-26,Wrong Item Shipped,Social Media,16.7,5.0,"I was charged twice for order ORD124758, please refund the duplicate charge."
TIX102058,CUST005673,2026-02-22,Account Access,Live Chat,12.1,5.0,When will my refund for the returned item be processed?
TIX102059,CUST003620,2025-06-21,Wrong Item Shipped,Live Chat,16.8,1.0,"I was charged twice for order ORD121204, please refund the duplicate charge."
TIX102060,CUST000818,2026-04-15,Product Question,Email,7.9,4.0,Can you tell me the warranty period on this product?
TIX102061,CUST003129,2025-09-20,Billing Issue,Email,51.1,5.0,"Great service, just wanted to confirm my order status."
TIX102062,CUST003852,2025-04-24,Product Question,Live Chat,48.7,5.0,"I can't log into my account, it says my password is invalid."
TIX102063,CUST000611,2025-03-14,Delivery Delay,Email,27.1,3.0,"I want to return this item, it doesn't fit as expected."
TIX102064,CUST000244,2025-09-24,Delivery Delay,Social Media,98.2,3.0,  the delivery guy left my package outside in the rain!!  
TIX102065,CUST005988,2024-09-14,Account Access,Phone,4.2,3.0,"Great service, just wanted to confirm my order status."
TIX102066,CUST001479,2024-09-15,Account Access,Social Media,10.2,2.0,"Great service, just wanted to confirm my order status."
TIX102067,CUST004025,2025-10-19,Product Question,Social Media,18.0,,When will my refund for the returned item be processed?
TIX102068,CUST004305,2024-09-09,Return Request,Phone,8.9,4.0,"I was charged twice for order ORD105906, please refund the duplicate charge."
TIX102069,CUST002477,2025-10-29,Billing Issue,Email,4.7,4.0,"Great service, just wanted to confirm my order status."
TIX102070,CUST004838,2026-04-18,Product Question,Social Media,0.8,5.0,"The item I received was damaged during shipping, need a replacement."
TIX102071,CUST004073,2026-02-04,Product Question,Live Chat,52.4,1.0,Can you tell me the warranty period on this product?
TIX102072,CUST003387,2025-10-05,Refund Status,Live Chat,4.7,3.0,"Great service, just wanted to confirm my order status."
TIX102073,CUST000058,2024-12-27,Return Request,Social Media,11.5,5.0,"I want to return this item, it doesn't fit as expected."
TIX102074,CUST001119,2024-11-17,Product Question,Social Media,0.4,,"The item I received was damaged during shipping, need a replacement."
TIX102075,CUST000492,2025-11-01,Billing Issue,Email,13.9,5.0,When will my refund for the returned item be processed?
TIX102076,CUST003877,2024-10-04,Account Access,Social Media,32.7,,"Great service, just wanted to confirm my order status."
TIX102077,CUST004830,2026-03-31,Account Access,Email,11.0,1.0,"Wrong item was shipped to me, I ordered a different color."
TIX102078,CUST005156,2025-11-12,Product Question,Live Chat,43.7,2.0,"I want to return this item, it doesn't fit as expected."
TIX102079,CUST003151,2025-09-30,Product Question,Social Media,4.3,5.0,"I want to return this item, it doesn't fit as expected."
TIX102080,CUST003806,2026-04-16,Billing Issue,Live Chat,4.1,3.0,Can you tell me the warranty period on this product?
TIX102081,CUST005864,2025-08-17,Account Access,Phone,16.4,4.0,"I was charged twice for order ORD119506, please refund the duplicate charge."
TIX102082,CUST005734,2025-02-13,Billing Issue,Email,29.9,3.0,"Wrong item was shipped to me, I ordered a different color."
TIX102083,CUST002596,2025-05-23,Wrong Item Shipped,Live Chat,0.1,1.0,  the delivery guy left my package outside in the rain!!  
TIX102084,CUST000691,2025-07-07,Refund Status,Social Media,5.3,4.0,"I was charged twice for order ORD128172, please refund the duplicate charge."
TIX102085,CUST005816,2026-03-12,Product Question,Social Media,5.1,5.0,"The item I received was damaged during shipping, need a replacement."
TIX102086,CUST002007,2025-11-21,Return Request,Social Media,12.9,5.0,"The item I received was damaged during shipping, need a replacement."
TIX102087,CUST004079,2024-12-24,Account Access,Social Media,17.3,4.0,When will my refund for the returned item be processed?
TIX102088,CUST001870,2024-09-06,Return Request,Live Chat,14.1,5.0,Can you tell me the warranty period on this product?
TIX102089,CUST004916,2025-08-01,Damaged Item,Live Chat,5.0,5.0,My order ORD126224 still hasn't arrived and it's been over a week.
TIX102090,CUST003444,2024-12-13,Account Access,Phone,36.8,4.0,"I want to return this item, it doesn't fit as expected."
TIX102091,CUST005634,2025-06-20,Refund Status,Live Chat,26.8,5.0,"Wrong item was shipped to me, I ordered a different color."
TIX102092,CUST003799,2026-05-22,Wrong Item Shipped,Social Media,18.2,5.0,"I can't log into my account, it says my password is invalid."
TIX102093,CUST001719,2024-12-01,Return Request,Phone,8.4,4.0,"I want to return this item, it doesn't fit as expected."
TIX102094,CUST003234,2024-11-30,Product Question,Live Chat,7.2,4.0,"I was charged twice for order ORD127682, please refund the duplicate charge."
TIX102095,CUST005858,2025-08-15,Delivery Delay,Email,24.4,2.0,My order ORD127544 still hasn't arrived and it's been over a week.
TIX102096,CUST003542,2025-06-13,Delivery Delay,Phone,2.4,4.0,Can you tell me the warranty period on this product?
TIX102097,CUST005952,2025-03-11,Refund Status,Phone,0.6,4.0,"I can't log into my account, it says my password is invalid."
TIX102098,CUST002465,2025-12-04,Refund Status,Email,61.9,3.0,"I was charged twice for order ORD100699, please refund the duplicate charge."
TIX102099,CUST001265,2024-09-17,Return Request,Phone,53.7,5.0,"I can't log into my account, it says my password is invalid."
TIX102100,CUST005536,2026-02-14,Account Access,Phone,51.5,3.0,"I was charged twice for order ORD108067, please refund the duplicate charge."
TIX102101,CUST004215,2025-02-16,Return Request,Email,14.3,4.0,"I want to return this item, it doesn't fit as expected."
TIX102102,CUST003799,2026-03-10,Refund Status,Live Chat,1.8,4.0,Can you tell me the warranty period on this product?
TIX102103,CUST000007,2026-05-08,Delivery Delay,Social Media,12.5,3.0,"I can't log into my account, it says my password is invalid."
TIX102104,CUST003964,2024-12-05,Wrong Item Shipped,Live Chat,8.0,4.0,Can you tell me the warranty period on this product?
TIX102105,CUST004322,2025-03-06,Wrong Item Shipped,Social Media,15.6,3.0,"Wrong item was shipped to me, I ordered a different color."
TIX102106,CUST004589,2026-05-09,Delivery Delay,Social Media,41.4,5.0,"The item I received was damaged during shipping, need a replacement."
TIX102107,CUST004909,2026-02-16,Delivery Delay,Email,11.3,4.0,"Great service, just wanted to confirm my order status."
TIX102108,CUST001915,2025-03-13,Return Request,Social Media,30.6,5.0,  the delivery guy left my package outside in the rain!!  
TIX102109,CUST000373,2025-06-18,Delivery Delay,Email,12.1,4.0,When will my refund for the returned item be processed?
TIX102110,CUST004271,2025-09-04,Refund Status,Live Chat,54.5,3.0,"Wrong item was shipped to me, I ordered a different color."
TIX102111,CUST002529,2026-04-20,Wrong Item Shipped,Live Chat,11.5,4.0,My order ORD116018 still hasn't arrived and it's been over a week.
TIX102112,CUST003198,2026-04-15,Product Question,Email,22.4,3.0,"The item I received was damaged during shipping, need a replacement."
TIX102113,CUST000480,2025-04-21,Damaged Item,Social Media,11.0,5.0,When will my refund for the returned item be processed?
TIX102114,CUST001731,2024-09-08,Damaged Item,Live Chat,9.3,4.0,"I can't log into my account, it says my password is invalid."
TIX102115,CUST005303,2025-12-02,Refund Status,Social Media,24.9,,"I was charged twice for order ORD114677, please refund the duplicate charge."
TIX102116,CUST000352,2025-07-07,Billing Issue,Live Chat,24.6,4.0,Can you tell me the warranty period on this product?
TIX102117,CUST000243,2026-03-16,Refund Status,Social Media,4.4,4.0,When will my refund for the returned item be processed?
TIX102118,CUST001643,2025-08-13,Delivery Delay,Social Media,9.5,5.0,When will my refund for the returned item be processed?
TIX102119,CUST003067,2026-03-02,Refund Status,Phone,0.2,4.0,When will my refund for the returned item be processed?
TIX102120,CUST001726,2024-12-31,Refund Status,Phone,0.3,5.0,"I want to return this item, it doesn't fit as expected."
TIX102121,CUST000141,2026-03-12,Billing Issue,Phone,2.8,5.0,"The item I received was damaged during shipping, need a replacement."
TIX102122,CUST004271,2025-01-31,Billing Issue,Phone,25.9,5.0,Can you tell me the warranty period on this product?
TIX102123,CUST001042,2026-05-18,Product Question,Email,1.4,,"I can't log into my account, it says my password is invalid."
TIX102124,CUST001679,2024-11-05,Delivery Delay,Live Chat,50.8,3.0,"I can't log into my account, it says my password is invalid."
TIX102125,CUST005112,2026-03-09,Delivery Delay,Social Media,3.9,,"I was charged twice for order ORD115871, please refund the duplicate charge."
TIX102126,CUST005560,2025-11-24,Return Request,Phone,39.2,5.0,"I can't log into my account, it says my password is invalid."
TIX102127,CUST004638,2025-10-26,Billing Issue,Live Chat,54.1,,"Wrong item was shipped to me, I ordered a different color."
TIX102128,CUST005794,2026-04-08,Wrong Item Shipped,Live Chat,10.0,5.0,"I want to return this item, it doesn't fit as expected."
TIX102129,CUST004863,2024-10-24,Account Access,Live Chat,13.3,5.0,  the delivery guy left my package outside in the rain!!  
TIX102130,CUST000387,2025-09-12,Delivery Delay,Social Media,7.0,,Can you tell me the warranty period on this product?
TIX102131,CUST001850,2024-11-26,Damaged Item,Email,41.4,3.0,"I want to return this item, it doesn't fit as expected."
TIX102132,CUST005958,2025-12-03,Billing Issue,Live Chat,12.8,4.0,"I was charged twice for order ORD114363, please refund the duplicate charge."
TIX102133,CUST000665,2025-06-12,Delivery Delay,Live Chat,71.9,4.0,"Great service, just wanted to confirm my order status."
TIX102134,CUST003865,2026-04-17,Damaged Item,Social Media,62.5,5.0,"I was charged twice for order ORD102873, please refund the duplicate charge."
TIX102135,CUST002600,2026-02-12,Refund Status,Phone,54.7,5.0,My order ORD125584 still hasn't arrived and it's been over a week.
TIX102136,CUST001033,2025-05-30,Refund Status,Social Media,7.9,4.0,"The item I received was damaged during shipping, need a replacement."
TIX102137,CUST005116,2025-01-10,Return Request,Email,1.5,5.0,"Great service, just wanted to confirm my order status."
TIX102138,CUST003790,2025-11-20,Refund Status,Email,19.9,4.0,When will my refund for the returned item be processed?
TIX102139,CUST004839,2026-02-07,Return Request,Phone,37.2,3.0,When will my refund for the returned item be processed?
TIX102140,CUST004621,2024-10-11,Account Access,Social Media,7.9,5.0,"I can't log into my account, it says my password is invalid."
TIX102141,CUST003268,2025-01-05,Account Access,Phone,59.2,4.0,"The item I received was damaged during shipping, need a replacement."
TIX102142,CUST001202,2025-03-30,Wrong Item Shipped,Social Media,43.5,,"The item I received was damaged during shipping, need a replacement."
TIX102143,CUST005663,2025-07-23,Delivery Delay,Live Chat,17.9,5.0,"Wrong item was shipped to me, I ordered a different color."
TIX102144,CUST001010,2026-06-24,Product Question,Email,2.2,3.0,"I want to return this item, it doesn't fit as expected."
TIX102145,CUST006036,2025-07-24,Refund Status,Live Chat,40.2,2.0,  the delivery guy left my package outside in the rain!!  
TIX102146,CUST004764,2025-08-19,Damaged Item,Email,2.4,4.0,When will my refund for the returned item be processed?
TIX102147,CUST001949,2026-01-25,Billing Issue,Live Chat,13.3,4.0,"I can't log into my account, it says my password is invalid."
TIX102148,CUST003533,2025-08-20,Damaged Item,Live Chat,0.3,,"Wrong item was shipped to me, I ordered a different color."
TIX102149,CUST000199,2026-03-14,Refund Status,Live Chat,3.0,5.0,"Great service, just wanted to confirm my order status."
TIX102150,CUST002219,2025-06-09,Account Access,Email,14.9,2.0,"Wrong item was shipped to me, I ordered a different color."
TIX102151,CUST000911,2026-02-24,Refund Status,Email,0.0,,When will my refund for the returned item be processed?
TIX102152,CUST002907,2026-04-20,Damaged Item,Phone,3.0,,My order ORD122210 still hasn't arrived and it's been over a week.
TIX102153,CUST002465,2025-12-03,Wrong Item Shipped,Phone,4.5,2.0,Can you tell me the warranty period on this product?
TIX102154,CUST003031,2025-09-29,Account Access,Phone,0.8,2.0,"I can't log into my account, it says my password is invalid."
TIX102155,CUST000595,2026-05-11,Refund Status,Email,15.6,5.0,When will my refund for the returned item be processed?
TIX102156,CUST002836,2025-01-16,Account Access,Live Chat,26.0,3.0,"I can't log into my account, it says my password is invalid."
TIX102157,CUST005087,2025-08-26,Refund Status,Phone,0.7,3.0,When will my refund for the returned item be processed?
TIX102158,CUST001786,2024-12-09,Return Request,Live Chat,9.7,3.0,"I can't log into my account, it says my password is invalid."
TIX102159,CUST005494,2025-08-22,Account Access,Phone,14.1,3.0,"The item I received was damaged during shipping, need a replacement."
TIX102160,CUST000723,2026-03-30,Wrong Item Shipped,Phone,13.3,3.0,My order ORD120819 still hasn't arrived and it's been over a week.
TIX102161,CUST001078,2024-10-01,Wrong Item Shipped,Social Media,11.9,5.0,My order ORD108523 still hasn't arrived and it's been over a week.
TIX102162,CUST001403,2025-04-09,Damaged Item,Email,1.8,5.0,"I want to return this item, it doesn't fit as expected."
TIX102163,CUST001241,2024-12-01,Billing Issue,Social Media,5.2,,"Great service, just wanted to confirm my order status."
TIX102164,CUST002475,2025-05-27,Refund Status,Email,47.3,5.0,"I was charged twice for order ORD119792, please refund the duplicate charge."
TIX102165,CUST001572,2025-02-01,Delivery Delay,Social Media,3.6,3.0,"The item I received was damaged during shipping, need a replacement."
TIX102166,CUST004324,2026-02-17,Damaged Item,Social Media,27.6,3.0,"I was charged twice for order ORD104078, please refund the duplicate charge."
TIX102167,CUST003612,2025-05-25,Delivery Delay,Phone,2.9,1.0,"I want to return this item, it doesn't fit as expected."
TIX102168,CUST004263,2024-12-16,Return Request,Live Chat,24.3,,"I want to return this item, it doesn't fit as expected."
TIX102169,CUST002596,2025-09-21,Refund Status,Phone,20.4,4.0,My order ORD108538 still hasn't arrived and it's been over a week.
TIX102170,CUST002086,2025-05-11,Product Question,Live Chat,87.4,5.0,"I can't log into my account, it says my password is invalid."
TIX102171,CUST000986,2025-04-06,Billing Issue,Email,3.0,5.0,"Great service, just wanted to confirm my order status."
TIX102172,CUST001469,2025-04-01,Account Access,Email,5.8,4.0,My order ORD120339 still hasn't arrived and it's been over a week.
TIX102173,CUST001082,2024-10-28,Wrong Item Shipped,Phone,33.3,5.0,"The item I received was damaged during shipping, need a replacement."
TIX102174,CUST002476,2025-07-31,Damaged Item,Live Chat,14.7,5.0,"Great service, just wanted to confirm my order status."
TIX102175,CUST000169,2025-12-14,Billing Issue,Email,7.2,4.0,When will my refund for the returned item be processed?
TIX102176,CUST005243,2026-04-14,Account Access,Phone,2.9,5.0,When will my refund for the returned item be processed?
TIX102177,CUST001720,2024-12-14,Billing Issue,Social Media,14.7,5.0,"I was charged twice for order ORD102672, please refund the duplicate charge."
TIX102178,CUST002124,2025-03-03,Account Access,Live Chat,11.9,1.0,  the delivery guy left my package outside in the rain!!  
TIX102179,CUST002016,2026-01-07,Damaged Item,Live Chat,5.1,5.0,My order ORD123059 still hasn't arrived and it's been over a week.
TIX102180,CUST003423,2024-11-19,Damaged Item,Live Chat,17.8,4.0,"I was charged twice for order ORD122710, please refund the duplicate charge."
TIX102181,CUST001465,2025-05-04,Account Access,Social Media,20.7,5.0,"Great service, just wanted to confirm my order status."
TIX102182,CUST004271,2025-08-05,Product Question,Email,14.5,3.0,"Wrong item was shipped to me, I ordered a different color."
TIX102183,CUST003835,2025-02-14,Return Request,Live Chat,19.7,5.0,My order ORD121859 still hasn't arrived and it's been over a week.
TIX102184,CUST003041,2025-03-25,Damaged Item,Phone,5.3,5.0,"I can't log into my account, it says my password is invalid."
TIX102185,CUST001551,2026-01-12,Wrong Item Shipped,Live Chat,42.3,4.0,"Great service, just wanted to confirm my order status."
TIX102186,CUST002654,2025-07-26,Account Access,Live Chat,1.0,4.0,"Great service, just wanted to confirm my order status."
TIX102187,CUST005909,2025-08-29,Delivery Delay,Phone,3.4,5.0,Can you tell me the warranty period on this product?
TIX102188,CUST000357,2025-01-01,Delivery Delay,Email,4.5,2.0,"I was charged twice for order ORD102235, please refund the duplicate charge."
TIX102189,CUST000666,2025-11-24,Account Access,Live Chat,55.2,4.0,"The item I received was damaged during shipping, need a replacement."
TIX102190,CUST005269,2025-02-22,Delivery Delay,Live Chat,6.1,5.0,"I can't log into my account, it says my password is invalid."
TIX102191,CUST004325,2025-10-07,Product Question,Email,48.3,3.0,  the delivery guy left my package outside in the rain!!  
TIX102192,CUST001821,2025-03-25,Delivery Delay,Live Chat,11.7,4.0,My order ORD124011 still hasn't arrived and it's been over a week.
TIX102193,CUST004224,2025-02-18,Account Access,Phone,22.8,2.0,"The item I received was damaged during shipping, need a replacement."
TIX102194,CUST001278,2024-10-12,Return Request,Phone,5.9,,Can you tell me the warranty period on this product?
TIX102195,CUST003720,2025-03-26,Delivery Delay,Email,21.9,5.0,When will my refund for the returned item be processed?
TIX102196,CUST005070,2025-01-08,Product Question,Live Chat,36.8,4.0,When will my refund for the returned item be processed?
TIX102197,CUST001140,2025-07-29,Refund Status,Live Chat,15.5,5.0,  the delivery guy left my package outside in the rain!!  
TIX102198,CUST004498,2025-06-08,Refund Status,Live Chat,43.9,4.0,When will my refund for the returned item be processed?
TIX102199,CUST001785,2026-02-02,Account Access,Email,8.9,1.0,"Wrong item was shipped to me, I ordered a different color."
TIX102200,CUST004890,2025-05-27,Return Request,Phone,17.4,4.0,Can you tell me the warranty period on this product?
TIX102201,CUST002730,2025-03-24,Delivery Delay,Email,5.9,2.0,  the delivery guy left my package outside in the rain!!  
TIX102202,CUST001007,2025-06-10,Return Request,Phone,2.9,5.0,When will my refund for the returned item be processed?
TIX102203,CUST001423,2026-06-13,Billing Issue,Social Media,3.2,4.0,"I was charged twice for order ORD115328, please refund the duplicate charge."
TIX102204,CUST003210,2026-02-03,Delivery Delay,Social Media,10.6,4.0,"Wrong item was shipped to me, I ordered a different color."
TIX102205,CUST005166,2024-09-11,Wrong Item Shipped,Phone,49.8,5.0,  the delivery guy left my package outside in the rain!!  
TIX102206,CUST000989,2025-07-27,Return Request,Live Chat,6.3,4.0,When will my refund for the returned item be processed?
TIX102207,CUST002676,2025-10-25,Wrong Item Shipped,Phone,1.8,5.0,When will my refund for the returned item be processed?
TIX102208,CUST000261,2025-03-09,Return Request,Email,10.6,5.0,"Wrong item was shipped to me, I ordered a different color."
TIX102209,CUST005748,2025-09-13,Wrong Item Shipped,Phone,2.8,4.0,"I can't log into my account, it says my password is invalid."
TIX102210,CUST003194,2025-10-31,Billing Issue,Email,4.2,2.0,"I was charged twice for order ORD124072, please refund the duplicate charge."
TIX102211,CUST003809,2024-12-30,Product Question,Social Media,43.7,5.0,"I can't log into my account, it says my password is invalid."
TIX102212,CUST003809,2025-12-02,Billing Issue,Phone,18.5,5.0,"Wrong item was shipped to me, I ordered a different color."
TIX102213,CUST005015,2025-02-01,Account Access,Phone,13.2,5.0,My order ORD109239 still hasn't arrived and it's been over a week.
TIX102214,CUST000882,2025-12-09,Damaged Item,Email,4.6,1.0,"The item I received was damaged during shipping, need a replacement."
TIX102215,CUST005675,2026-01-06,Delivery Delay,Email,1.8,4.0,"Wrong item was shipped to me, I ordered a different color."
TIX102216,CUST002818,2026-05-21,Return Request,Social Media,51.3,5.0,"Wrong item was shipped to me, I ordered a different color."
TIX102217,CUST002820,2025-10-01,Wrong Item Shipped,Live Chat,13.8,3.0,My order ORD106391 still hasn't arrived and it's been over a week.
TIX102218,CUST002002,2025-10-12,Billing Issue,Social Media,2.5,5.0,When will my refund for the returned item be processed?
TIX102219,CUST000537,2025-07-04,Refund Status,Email,11.2,5.0,When will my refund for the returned item be processed?
TIX102220,CUST005758,2025-02-14,Billing Issue,Email,17.2,1.0,"The item I received was damaged during shipping, need a replacement."
TIX102221,CUST004821,2025-04-20,Refund Status,Phone,20.9,3.0,"Great service, just wanted to confirm my order status."
TIX102222,CUST003043,2024-09-09,Wrong Item Shipped,Live Chat,1.7,5.0,"Great service, just wanted to confirm my order status."
TIX102223,CUST005980,2025-11-23,Refund Status,Live Chat,22.0,4.0,"I was charged twice for order ORD114115, please refund the duplicate charge."
TIX102224,CUST003094,2026-06-19,Product Question,Live Chat,26.9,4.0,  the delivery guy left my package outside in the rain!!  
TIX102225,CUST000282,2026-05-07,Return Request,Email,8.2,5.0,"The item I received was damaged during shipping, need a replacement."
TIX102226,CUST002559,2024-11-07,Delivery Delay,Email,19.9,3.0,When will my refund for the returned item be processed?
TIX102227,CUST003852,2025-08-25,Product Question,Phone,1.9,5.0,When will my refund for the returned item be processed?
TIX102228,CUST002264,2026-04-30,Delivery Delay,Email,92.1,,"I can't log into my account, it says my password is invalid."
TIX102229,CUST000329,2025-10-14,Delivery Delay,Phone,1.3,5.0,Can you tell me the warranty period on this product?
TIX102230,CUST001305,2026-06-27,Damaged Item,Phone,4.1,5.0,When will my refund for the returned item be processed?
TIX102231,CUST001493,2025-05-11,Account Access,Phone,25.6,3.0,"The item I received was damaged during shipping, need a replacement."
TIX102232,CUST002293,2026-03-11,Wrong Item Shipped,Social Media,57.9,2.0,"I can't log into my account, it says my password is invalid."
TIX102233,CUST000406,2025-08-16,Refund Status,Phone,5.3,5.0,"The item I received was damaged during shipping, need a replacement."
TIX102234,CUST001862,2024-11-06,Wrong Item Shipped,Phone,1.9,4.0,"The item I received was damaged during shipping, need a replacement."
TIX102235,CUST001689,2025-08-07,Return Request,Social Media,2.7,4.0,"Great service, just wanted to confirm my order status."
TIX102236,CUST003794,2025-03-09,Return Request,Social Media,20.7,3.0,"The item I received was damaged during shipping, need a replacement."
TIX102237,CUST001395,2024-11-30,Wrong Item Shipped,Social Media,12.8,4.0,  the delivery guy left my package outside in the rain!!  
TIX102238,CUST005404,2026-04-22,Return Request,Live Chat,38.6,4.0,Can you tell me the warranty period on this product?
TIX102239,CUST000617,2024-10-24,Refund Status,Phone,1.9,5.0,  the delivery guy left my package outside in the rain!!  
TIX102240,CUST002648,2026-05-25,Damaged Item,Live Chat,12.5,5.0,"Wrong item was shipped to me, I ordered a different color."
TIX102241,CUST005680,2024-12-02,Wrong Item Shipped,Email,17.1,5.0,"I can't log into my account, it says my password is invalid."
TIX102242,CUST002515,2024-12-23,Refund Status,Live Chat,35.7,3.0,"I want to return this item, it doesn't fit as expected."
TIX102243,CUST000761,2025-01-18,Refund Status,Social Media,14.5,5.0,"Great service, just wanted to confirm my order status."
TIX102244,CUST003467,2025-05-05,Billing Issue,Live Chat,3.6,,"I want to return this item, it doesn't fit as expected."
TIX102245,CUST003130,2025-05-12,Wrong Item Shipped,Phone,39.5,4.0,  the delivery guy left my package outside in the rain!!  
TIX102246,CUST003039,2026-03-22,Product Question,Live Chat,36.1,,"I was charged twice for order ORD108513, please refund the duplicate charge."
TIX102247,CUST002845,2025-03-23,Billing Issue,Phone,37.2,4.0,When will my refund for the returned item be processed?
TIX102248,CUST003562,2025-01-15,Account Access,Phone,15.9,5.0,"The item I received was damaged during shipping, need a replacement."
TIX102249,CUST004684,2026-03-13,Account Access,Live Chat,59.5,5.0,"I was charged twice for order ORD118057, please refund the duplicate charge."
TIX102250,CUST004302,2025-08-31,Product Question,Phone,14.6,4.0,"I want to return this item, it doesn't fit as expected."
TIX102251,CUST000002,2024-11-29,Billing Issue,Social Media,2.9,4.0,My order ORD103076 still hasn't arrived and it's been over a week.
TIX102252,CUST004617,2025-01-07,Return Request,Email,9.2,,"I was charged twice for order ORD113665, please refund the duplicate charge."
TIX102253,CUST005261,2024-11-11,Return Request,Social Media,31.4,3.0,My order ORD112331 still hasn't arrived and it's been over a week.
TIX102254,CUST005759,2025-08-03,Return Request,Live Chat,69.0,5.0,Can you tell me the warranty period on this product?
TIX102255,CUST005916,2025-03-19,Refund Status,Live Chat,32.0,4.0,"I want to return this item, it doesn't fit as expected."
TIX102256,CUST000186,2026-06-02,Delivery Delay,Phone,8.1,2.0,"I want to return this item, it doesn't fit as expected."
TIX102257,CUST005282,2026-02-20,Product Question,Social Media,0.2,5.0,"Wrong item was shipped to me, I ordered a different color."
TIX102258,CUST003546,2025-09-15,Billing Issue,Live Chat,3.5,4.0,My order ORD114720 still hasn't arrived and it's been over a week.
TIX102259,CUST002888,2026-02-24,Product Question,Phone,0.7,5.0,"I can't log into my account, it says my password is invalid."
TIX102260,CUST004111,2026-03-06,Refund Status,Social Media,31.0,4.0,My order ORD110738 still hasn't arrived and it's been over a week.
TIX102261,CUST003195,2024-12-07,Wrong Item Shipped,Live Chat,6.6,1.0,Can you tell me the warranty period on this product?
TIX102262,CUST002148,2025-05-05,Damaged Item,Live Chat,21.4,,"Great service, just wanted to confirm my order status."
TIX102263,CUST000573,2025-08-05,Return Request,Live Chat,9.5,,My order ORD127768 still hasn't arrived and it's been over a week.
TIX102264,CUST004202,2025-01-02,Damaged Item,Email,5.7,2.0,My order ORD119446 still hasn't arrived and it's been over a week.
TIX102265,CUST000722,2025-11-20,Damaged Item,Live Chat,13.4,,Can you tell me the warranty period on this product?
TIX102266,CUST001011,2025-03-27,Damaged Item,Phone,12.1,4.0,"Wrong item was shipped to me, I ordered a different color."
TIX102267,CUST005368,2025-07-11,Wrong Item Shipped,Live Chat,31.2,4.0,  the delivery guy left my package outside in the rain!!  
TIX102268,CUST001652,2025-12-08,Product Question,Email,21.4,4.0,"Wrong item was shipped to me, I ordered a different color."
TIX102269,CUST002027,2025-12-15,Wrong Item Shipped,Phone,6.7,4.0,  the delivery guy left my package outside in the rain!!  
TIX102270,CUST005098,2026-03-26,Return Request,Email,29.5,4.0,"Great service, just wanted to confirm my order status."
TIX102271,CUST004859,2024-09-04,Billing Issue,Live Chat,16.4,5.0,"The item I received was damaged during shipping, need a replacement."
TIX102272,CUST006005,2026-06-27,Product Question,Social Media,7.5,3.0,"Great service, just wanted to confirm my order status."
TIX102273,CUST005315,2026-02-20,Refund Status,Live Chat,29.9,4.0,"The item I received was damaged during shipping, need a replacement."
TIX102274,CUST002787,2025-06-27,Return Request,Live Chat,8.3,4.0,"Great service, just wanted to confirm my order status."
TIX102275,CUST005311,2025-03-20,Delivery Delay,Social Media,1.0,3.0,"Great service, just wanted to confirm my order status."
TIX102276,CUST000317,2024-11-19,Return Request,Email,38.0,4.0,"Wrong item was shipped to me, I ordered a different color."
TIX102277,CUST004851,2025-10-31,Return Request,Live Chat,10.6,5.0,"The item I received was damaged during shipping, need a replacement."
TIX102278,CUST003229,2026-01-17,Billing Issue,Phone,7.0,5.0,My order ORD119602 still hasn't arrived and it's been over a week.
TIX102279,CUST002175,2025-11-10,Billing Issue,Phone,44.1,5.0,"The item I received was damaged during shipping, need a replacement."
TIX102280,CUST001501,2026-03-01,Refund Status,Social Media,5.2,4.0,"Great service, just wanted to confirm my order status."
TIX102281,CUST004912,2024-12-11,Billing Issue,Social Media,63.2,5.0,"Wrong item was shipped to me, I ordered a different color."
TIX102282,CUST004733,2025-12-13,Refund Status,Email,0.5,4.0,"I want to return this item, it doesn't fit as expected."
TIX102283,CUST006053,2025-10-10,Billing Issue,Live Chat,19.9,3.0,"I was charged twice for order ORD120724, please refund the duplicate charge."
TIX102284,CUST003375,2024-10-22,Product Question,Email,1.1,4.0,My order ORD108363 still hasn't arrived and it's been over a week.
TIX102285,CUST002850,2025-12-05,Product Question,Live Chat,1.7,2.0,"I want to return this item, it doesn't fit as expected."
TIX102286,CUST005900,2024-10-18,Return Request,Phone,58.3,4.0,  the delivery guy left my package outside in the rain!!  
TIX102287,CUST000517,2025-02-17,Damaged Item,Phone,45.5,5.0,When will my refund for the returned item be processed?
TIX102288,CUST002622,2025-09-07,Refund Status,Email,33.4,5.0,When will my refund for the returned item be processed?
TIX102289,CUST005957,2024-12-06,Account Access,Social Media,20.5,4.0,"I can't log into my account, it says my password is invalid."
TIX102290,CUST001416,2025-08-08,Billing Issue,Phone,11.3,4.0,"I was charged twice for order ORD105700, please refund the duplicate charge."
TIX102291,CUST000123,2024-09-23,Return Request,Social Media,20.4,5.0,  the delivery guy left my package outside in the rain!!  
TIX102292,CUST001779,2025-04-29,Refund Status,Email,14.7,,  the delivery guy left my package outside in the rain!!  
TIX102293,CUST002980,2025-01-14,Account Access,Social Media,34.4,3.0,"I want to return this item, it doesn't fit as expected."
TIX102294,CUST003273,2025-06-03,Damaged Item,Social Media,24.5,5.0,"Great service, just wanted to confirm my order status."
TIX102295,CUST000354,2024-12-28,Account Access,Email,20.6,5.0,"I was charged twice for order ORD110939, please refund the duplicate charge."
TIX102296,CUST002343,2025-07-19,Account Access,Live Chat,3.9,4.0,"The item I received was damaged during shipping, need a replacement."
TIX102297,CUST004670,2026-06-29,Refund Status,Email,19.4,5.0,Can you tell me the warranty period on this product?
TIX102298,CUST002702,2025-01-21,Account Access,Live Chat,12.0,,When will my refund for the returned item be processed?
TIX102299,CUST000532,2025-06-20,Product Question,Social Media,27.1,4.0,When will my refund for the returned item be processed?
TIX102300,CUST002159,2026-01-03,Product Question,Email,10.9,2.0,"I want to return this item, it doesn't fit as expected."
TIX102301,CUST001104,2025-08-23,Account Access,Phone,12.4,4.0,"Great service, just wanted to confirm my order status."
TIX102302,CUST000513,2025-09-16,Wrong Item Shipped,Phone,9.7,,"Great service, just wanted to confirm my order status."
TIX102303,CUST000716,2026-05-24,Product Question,Social Media,74.6,2.0,"Wrong item was shipped to me, I ordered a different color."
TIX102304,CUST000759,2025-11-16,Damaged Item,Phone,16.2,1.0,"Great service, just wanted to confirm my order status."
TIX102305,CUST005234,2026-05-19,Wrong Item Shipped,Live Chat,43.6,3.0,"I can't log into my account, it says my password is invalid."
TIX102306,CUST002994,2024-12-13,Damaged Item,Email,37.0,1.0,"I want to return this item, it doesn't fit as expected."
TIX102307,CUST004544,2025-10-03,Refund Status,Phone,25.2,3.0,"Great service, just wanted to confirm my order status."
TIX102308,CUST005786,2026-04-16,Delivery Delay,Email,12.6,4.0,"Wrong item was shipped to me, I ordered a different color."
TIX102309,CUST000745,2024-10-31,Return Request,Live Chat,13.9,4.0,  the delivery guy left my package outside in the rain!!  
TIX102310,CUST000093,2025-02-19,Account Access,Email,49.0,5.0,"I was charged twice for order ORD122378, please refund the duplicate charge."
TIX102311,CUST000241,2025-07-22,Delivery Delay,Social Media,4.7,,  the delivery guy left my package outside in the rain!!  
TIX102312,CUST001606,2025-07-13,Damaged Item,Live Chat,27.6,4.0,When will my refund for the returned item be processed?
TIX102313,CUST005635,2025-10-17,Damaged Item,Email,6.4,5.0,  the delivery guy left my package outside in the rain!!  
TIX102314,CUST004986,2025-10-17,Product Question,Phone,1.1,3.0,"I want to return this item, it doesn't fit as expected."
TIX102315,CUST005959,2026-06-30,Billing Issue,Social Media,9.0,,My order ORD113824 still hasn't arrived and it's been over a week.
TIX102316,CUST002355,2025-12-28,Account Access,Email,13.3,5.0,My order ORD121977 still hasn't arrived and it's been over a week.
TIX102317,CUST000240,2025-05-24,Refund Status,Social Media,2.5,,"Great service, just wanted to confirm my order status."
TIX102318,CUST004532,2024-09-05,Billing Issue,Phone,24.8,5.0,"I want to return this item, it doesn't fit as expected."
TIX102319,CUST001542,2025-12-21,Refund Status,Email,24.4,3.0,"The item I received was damaged during shipping, need a replacement."
TIX102320,CUST001258,2025-03-12,Account Access,Live Chat,23.6,5.0,"I want to return this item, it doesn't fit as expected."
TIX102321,CUST005193,2025-01-22,Wrong Item Shipped,Social Media,7.0,5.0,"Great service, just wanted to confirm my order status."
TIX102322,CUST004676,2026-01-22,Refund Status,Social Media,12.4,,"The item I received was damaged during shipping, need a replacement."
TIX102323,CUST001709,2025-11-15,Product Question,Phone,3.4,4.0,"I can't log into my account, it says my password is invalid."
TIX102324,CUST004794,2025-08-28,Product Question,Email,10.4,5.0,Can you tell me the warranty period on this product?
TIX102325,CUST001158,2026-06-05,Product Question,Phone,55.9,3.0,  the delivery guy left my package outside in the rain!!  
TIX102326,CUST003230,2025-10-24,Damaged Item,Live Chat,6.5,1.0,  the delivery guy left my package outside in the rain!!  
TIX102327,CUST006088,2024-10-12,Refund Status,Live Chat,0.9,3.0,"The item I received was damaged during shipping, need a replacement."
TIX102328,CUST000324,2025-08-31,Return Request,Phone,6.7,4.0,"I was charged twice for order ORD113220, please refund the duplicate charge."
TIX102329,CUST003872,2025-07-25,Wrong Item Shipped,Live Chat,32.4,1.0,"Wrong item was shipped to me, I ordered a different color."
TIX102330,CUST004703,2025-02-18,Refund Status,Social Media,42.7,4.0,"Great service, just wanted to confirm my order status."
TIX102331,CUST003575,2025-01-18,Wrong Item Shipped,Phone,0.2,4.0,My order ORD110781 still hasn't arrived and it's been over a week.
TIX102332,CUST005990,2025-03-11,Wrong Item Shipped,Live Chat,11.8,4.0,"Great service, just wanted to confirm my order status."
TIX102333,CUST002522,2024-10-31,Return Request,Email,53.3,5.0,"I can't log into my account, it says my password is invalid."
TIX102334,CUST002336,2026-06-03,Wrong Item Shipped,Phone,2.4,5.0,"The item I received was damaged during shipping, need a replacement."
TIX102335,CUST002861,2025-05-13,Return Request,Social Media,1.2,5.0,"The item I received was damaged during shipping, need a replacement."
TIX102336,CUST001627,2024-10-13,Billing Issue,Email,25.5,5.0,"Wrong item was shipped to me, I ordered a different color."
TIX102337,CUST003911,2025-06-23,Product Question,Social Media,18.4,5.0,My order ORD106612 still hasn't arrived and it's been over a week.
TIX102338,CUST000894,2025-04-12,Wrong Item Shipped,Email,23.0,5.0,My order ORD110411 still hasn't arrived and it's been over a week.
TIX102339,CUST000356,2025-05-07,Account Access,Email,5.7,3.0,"I was charged twice for order ORD121462, please refund the duplicate charge."
TIX102340,CUST003615,2026-05-08,Refund Status,Phone,9.3,4.0,"I want to return this item, it doesn't fit as expected."
TIX102341,CUST003093,2024-09-22,Account Access,Social Media,15.3,2.0,When will my refund for the returned item be processed?
TIX102342,CUST005943,2025-02-18,Return Request,Phone,25.8,5.0,"Great service, just wanted to confirm my order status."
TIX102343,CUST003877,2026-02-03,Refund Status,Phone,6.9,,Can you tell me the warranty period on this product?
TIX102344,CUST000548,2025-11-06,Account Access,Email,9.4,5.0,Can you tell me the warranty period on this product?
TIX102345,CUST000066,2026-02-19,Wrong Item Shipped,Social Media,13.8,3.0,"I want to return this item, it doesn't fit as expected."
TIX102346,CUST003181,2026-04-03,Account Access,Live Chat,0.1,3.0,"I can't log into my account, it says my password is invalid."
TIX102347,CUST005625,2025-04-19,Refund Status,Social Media,33.8,5.0,  the delivery guy left my package outside in the rain!!  
TIX102348,CUST005812,2026-04-02,Product Question,Email,17.6,5.0,  the delivery guy left my package outside in the rain!!  
TIX102349,CUST005129,2025-03-24,Wrong Item Shipped,Social Media,1.5,4.0,"I want to return this item, it doesn't fit as expected."
TIX102350,CUST001548,2026-06-14,Damaged Item,Email,7.8,3.0,"I want to return this item, it doesn't fit as expected."
TIX102351,CUST001077,2025-07-05,Damaged Item,Live Chat,3.6,5.0,My order ORD117990 still hasn't arrived and it's been over a week.
TIX102352,CUST005837,2025-08-19,Account Access,Email,0.7,5.0,  the delivery guy left my package outside in the rain!!  
TIX102353,CUST001140,2025-09-09,Product Question,Phone,6.7,4.0,  the delivery guy left my package outside in the rain!!  
TIX102354,CUST004367,2025-09-15,Delivery Delay,Email,37.1,4.0,"Wrong item was shipped to me, I ordered a different color."
TIX102355,CUST002061,2025-08-10,Product Question,Live Chat,1.3,3.0,When will my refund for the returned item be processed?
TIX102356,CUST000638,2025-05-07,Wrong Item Shipped,Live Chat,37.8,4.0,"I can't log into my account, it says my password is invalid."
TIX102357,CUST002078,2025-04-25,Billing Issue,Email,4.4,4.0,"The item I received was damaged during shipping, need a replacement."
TIX102358,CUST005925,2026-03-18,Product Question,Email,56.0,5.0,My order ORD123144 still hasn't arrived and it's been over a week.
TIX102359,CUST001419,2026-03-08,Refund Status,Email,4.5,5.0,"The item I received was damaged during shipping, need a replacement."
TIX102360,CUST004672,2025-02-01,Damaged Item,Phone,34.9,,"Wrong item was shipped to me, I ordered a different color."
TIX102361,CUST005232,2025-02-22,Wrong Item Shipped,Social Media,44.9,5.0,When will my refund for the returned item be processed?
TIX102362,CUST005636,2026-01-04,Account Access,Live Chat,45.9,4.0,"I can't log into my account, it says my password is invalid."
TIX102363,CUST004573,2025-10-18,Delivery Delay,Email,2.4,4.0,"I want to return this item, it doesn't fit as expected."
TIX102364,CUST003045,2025-06-27,Account Access,Social Media,20.0,5.0,"I can't log into my account, it says my password is invalid."
TIX102365,CUST001329,2026-02-24,Refund Status,Live Chat,31.2,5.0,"Wrong item was shipped to me, I ordered a different color."
TIX102366,CUST004158,2024-12-04,Account Access,Live Chat,24.0,4.0,"The item I received was damaged during shipping, need a replacement."
TIX102367,CUST002768,2025-06-25,Account Access,Live Chat,11.5,3.0,  the delivery guy left my package outside in the rain!!  
TIX102368,CUST001874,2025-09-30,Billing Issue,Live Chat,51.1,5.0,  the delivery guy left my package outside in the rain!!  
TIX102369,CUST000345,2026-04-11,Wrong Item Shipped,Phone,3.6,4.0,"I want to return this item, it doesn't fit as expected."
TIX102370,CUST002769,2026-03-18,Refund Status,Social Media,37.8,4.0,When will my refund for the returned item be processed?
TIX102371,CUST001354,2024-12-03,Damaged Item,Phone,5.0,4.0,Can you tell me the warranty period on this product?
TIX102372,CUST004694,2024-12-07,Wrong Item Shipped,Live Chat,10.8,4.0,My order ORD104399 still hasn't arrived and it's been over a week.
TIX102373,CUST001097,2026-01-26,Return Request,Email,11.2,4.0,"I want to return this item, it doesn't fit as expected."
TIX102374,CUST000531,2025-02-24,Return Request,Email,6.2,5.0,  the delivery guy left my package outside in the rain!!  
TIX102375,CUST001551,2025-04-24,Billing Issue,Social Media,6.0,5.0,My order ORD126947 still hasn't arrived and it's been over a week.
TIX102376,CUST000062,2025-07-10,Damaged Item,Live Chat,8.4,3.0,"Great service, just wanted to confirm my order status."
TIX102377,CUST000755,2024-12-19,Account Access,Email,0.2,4.0,My order ORD114319 still hasn't arrived and it's been over a week.
TIX102378,CUST002912,2024-12-17,Account Access,Social Media,5.0,3.0,"I was charged twice for order ORD114431, please refund the duplicate charge."
TIX102379,CUST000329,2025-04-09,Wrong Item Shipped,Live Chat,54.4,5.0,"Wrong item was shipped to me, I ordered a different color."
TIX102380,CUST005134,2026-06-23,Account Access,Live Chat,22.9,5.0,"I was charged twice for order ORD109504, please refund the duplicate charge."
TIX102381,CUST004305,2025-11-12,Delivery Delay,Social Media,10.6,4.0,"I want to return this item, it doesn't fit as expected."
TIX102382,CUST005747,2026-02-11,Product Question,Live Chat,0.0,,"Great service, just wanted to confirm my order status."
TIX102383,CUST002952,2025-04-17,Refund Status,Social Media,22.2,4.0,"Wrong item was shipped to me, I ordered a different color."
TIX102384,CUST001774,2024-12-13,Return Request,Phone,12.2,4.0,"Wrong item was shipped to me, I ordered a different color."
TIX102385,CUST000868,2026-01-05,Account Access,Phone,19.2,5.0,"I was charged twice for order ORD118574, please refund the duplicate charge."
TIX102386,CUST000082,2024-12-22,Account Access,Phone,9.0,4.0,"Wrong item was shipped to me, I ordered a different color."
TIX102387,CUST005661,2026-02-14,Billing Issue,Live Chat,0.0,,When will my refund for the returned item be processed?
TIX102388,CUST003469,2026-01-01,Delivery Delay,Phone,15.8,1.0,"Great service, just wanted to confirm my order status."
TIX102389,CUST003502,2026-03-03,Refund Status,Phone,27.9,3.0,My order ORD119494 still hasn't arrived and it's been over a week.
TIX102390,CUST001672,2026-05-29,Account Access,Live Chat,4.4,4.0,"I can't log into my account, it says my password is invalid."
TIX102391,CUST004376,2026-01-02,Product Question,Live Chat,19.6,4.0,"I want to return this item, it doesn't fit as expected."
TIX102392,CUST001822,2024-12-06,Damaged Item,Email,7.8,5.0,My order ORD118157 still hasn't arrived and it's been over a week.
TIX102393,CUST000275,2024-09-04,Billing Issue,Social Media,32.2,3.0,  the delivery guy left my package outside in the rain!!  
TIX102394,CUST001299,2025-10-09,Product Question,Email,10.4,5.0,When will my refund for the returned item be processed?
TIX102395,CUST004899,2025-06-10,Wrong Item Shipped,Phone,1.2,3.0,  the delivery guy left my package outside in the rain!!  
TIX102396,CUST000470,2025-04-07,Billing Issue,Social Media,13.6,5.0,  the delivery guy left my package outside in the rain!!  
TIX102397,CUST004786,2026-03-15,Billing Issue,Email,16.8,5.0,"I was charged twice for order ORD100762, please refund the duplicate charge."
TIX102398,CUST003720,2025-07-31,Wrong Item Shipped,Email,6.9,1.0,"I was charged twice for order ORD114570, please refund the duplicate charge."
TIX102399,CUST005429,2025-10-28,Billing Issue,Phone,1.5,,Can you tell me the warranty period on this product?
TIX102400,CUST001092,2025-02-14,Delivery Delay,Live Chat,25.2,5.0,  the delivery guy left my package outside in the rain!!  
TIX102401,CUST004710,2026-05-01,Return Request,Phone,14.0,4.0,"I can't log into my account, it says my password is invalid."
TIX102402,CUST005762,2024-12-20,Billing Issue,Social Media,4.2,,"Wrong item was shipped to me, I ordered a different color."
TIX102403,CUST003721,2026-04-05,Return Request,Social Media,3.7,3.0,My order ORD125715 still hasn't arrived and it's been over a week.
TIX102404,CUST005913,2025-01-18,Account Access,Phone,14.2,5.0,"Wrong item was shipped to me, I ordered a different color."
TIX102405,CUST001107,2025-10-31,Damaged Item,Email,6.7,5.0,"Wrong item was shipped to me, I ordered a different color."
TIX102406,CUST003982,2024-10-31,Delivery Delay,Email,21.2,5.0,When will my refund for the returned item be processed?
TIX102407,CUST000710,2026-05-22,Product Question,Phone,7.7,4.0,My order ORD126101 still hasn't arrived and it's been over a week.
TIX102408,CUST003793,2025-09-28,Refund Status,Email,11.4,1.0,"The item I received was damaged during shipping, need a replacement."
TIX102409,CUST005099,2025-09-08,Product Question,Email,1.1,5.0,When will my refund for the returned item be processed?
TIX102410,CUST005833,2025-05-28,Wrong Item Shipped,Social Media,11.1,5.0,"The item I received was damaged during shipping, need a replacement."
TIX102411,CUST005875,2025-06-07,Product Question,Social Media,0.2,4.0,"I was charged twice for order ORD110183, please refund the duplicate charge."
TIX102412,CUST001888,2025-02-17,Delivery Delay,Live Chat,8.1,5.0,My order ORD127265 still hasn't arrived and it's been over a week.
TIX102413,CUST005011,2025-10-19,Account Access,Live Chat,6.7,3.0,"I want to return this item, it doesn't fit as expected."
TIX102414,CUST004070,2025-09-15,Return Request,Live Chat,25.4,4.0,"Great service, just wanted to confirm my order status."
TIX102415,CUST005203,2026-05-21,Account Access,Phone,26.4,3.0,"I was charged twice for order ORD127653, please refund the duplicate charge."
TIX102416,CUST005946,2026-05-11,Delivery Delay,Social Media,9.8,1.0,Can you tell me the warranty period on this product?
TIX102417,CUST004314,2025-01-12,Delivery Delay,Email,67.0,,When will my refund for the returned item be processed?
TIX102418,CUST002200,2025-08-01,Billing Issue,Email,5.2,4.0,When will my refund for the returned item be processed?
TIX102419,CUST000813,2026-06-17,Account Access,Social Media,3.3,5.0,When will my refund for the returned item be processed?
TIX102420,CUST000271,2024-11-30,Return Request,Phone,30.3,3.0,"Great service, just wanted to confirm my order status."
TIX102421,CUST002057,2025-08-07,Product Question,Live Chat,12.8,4.0,  the delivery guy left my package outside in the rain!!  
TIX102422,CUST004509,2025-12-14,Wrong Item Shipped,Phone,3.9,3.0,When will my refund for the returned item be processed?
TIX102423,CUST004396,2024-12-14,Refund Status,Live Chat,7.3,4.0,"The item I received was damaged during shipping, need a replacement."
TIX102424,CUST001946,2025-08-02,Refund Status,Live Chat,1.8,3.0,"I can't log into my account, it says my password is invalid."
TIX102425,CUST001651,2024-11-29,Account Access,Phone,21.4,5.0,  the delivery guy left my package outside in the rain!!  
TIX102426,CUST005786,2024-09-06,Delivery Delay,Live Chat,12.4,5.0,"I can't log into my account, it says my password is invalid."
TIX102427,CUST003418,2024-12-29,Billing Issue,Live Chat,15.0,1.0,"I can't log into my account, it says my password is invalid."
TIX102428,CUST002366,2025-02-20,Product Question,Live Chat,1.4,5.0,My order ORD103029 still hasn't arrived and it's been over a week.
TIX102429,CUST004997,2026-06-09,Account Access,Phone,-21.6,5.0,My order ORD117842 still hasn't arrived and it's been over a week.
TIX102430,CUST006026,2026-03-13,Account Access,Email,6.3,4.0,"I was charged twice for order ORD104738, please refund the duplicate charge."
TIX102431,CUST002839,2024-12-03,Delivery Delay,Social Media,3.1,5.0,"I can't log into my account, it says my password is invalid."
TIX102432,CUST003468,2025-12-15,Refund Status,Email,10.0,2.0,  the delivery guy left my package outside in the rain!!  
TIX102433,CUST006044,2026-01-29,Wrong Item Shipped,Email,34.7,5.0,My order ORD103577 still hasn't arrived and it's been over a week.
TIX102434,CUST005599,2024-11-07,Refund Status,Live Chat,8.4,3.0,"I can't log into my account, it says my password is invalid."
TIX102435,CUST001455,2026-04-02,Return Request,Social Media,2.1,,"I was charged twice for order ORD107939, please refund the duplicate charge."
TIX102436,CUST001509,2024-11-25,Refund Status,Email,51.3,4.0,"I want to return this item, it doesn't fit as expected."
TIX102437,CUST003071,2026-04-03,Account Access,Live Chat,18.4,5.0,"I can't log into my account, it says my password is invalid."
TIX102438,CUST000745,2024-09-20,Damaged Item,Email,6.5,1.0,Can you tell me the warranty period on this product?
TIX102439,CUST001644,2026-04-28,Refund Status,Live Chat,15.7,5.0,"Wrong item was shipped to me, I ordered a different color."
TIX102440,CUST006043,2026-04-17,Product Question,Live Chat,1.7,3.0,My order ORD107879 still hasn't arrived and it's been over a week.
TIX102441,CUST002080,2025-08-01,Return Request,Email,15.0,3.0,  the delivery guy left my package outside in the rain!!  
TIX102442,CUST003055,2025-11-06,Product Question,Social Media,30.8,5.0,"I was charged twice for order ORD127938, please refund the duplicate charge."
TIX102443,CUST000100,2026-04-02,Account Access,Phone,2.7,,"I can't log into my account, it says my password is invalid."
TIX102444,CUST003265,2026-06-14,Wrong Item Shipped,Email,32.4,5.0,My order ORD114478 still hasn't arrived and it's been over a week.
TIX102445,CUST003162,2025-12-30,Billing Issue,Phone,14.5,5.0,  the delivery guy left my package outside in the rain!!  
TIX102446,CUST001328,2026-04-04,Product Question,Phone,3.8,5.0,"I want to return this item, it doesn't fit as expected."
TIX102447,CUST005299,2025-01-28,Billing Issue,Email,4.3,4.0,"Wrong item was shipped to me, I ordered a different color."
TIX102448,CUST003285,2024-09-12,Damaged Item,Social Media,38.6,4.0,"I can't log into my account, it says my password is invalid."
TIX102449,CUST005878,2026-05-09,Product Question,Email,11.6,4.0,"I was charged twice for order ORD124104, please refund the duplicate charge."
TIX102450,CUST000486,2025-10-03,Billing Issue,Email,6.0,,"I want to return this item, it doesn't fit as expected."
TIX102451,CUST002923,2025-09-04,Wrong Item Shipped,Email,5.2,4.0,When will my refund for the returned item be processed?
TIX102452,CUST005593,2024-11-07,Refund Status,Email,9.2,3.0,Can you tell me the warranty period on this product?
TIX102453,CUST002308,2026-05-18,Product Question,Phone,27.1,3.0,"I was charged twice for order ORD110743, please refund the duplicate charge."
TIX102454,CUST003490,2025-05-05,Billing Issue,Live Chat,0.5,4.0,"I was charged twice for order ORD122351, please refund the duplicate charge."
TIX102455,CUST005813,2026-01-25,Damaged Item,Phone,2.1,2.0,When will my refund for the returned item be processed?
TIX102456,CUST003915,2025-03-18,Damaged Item,Email,10.6,,"Wrong item was shipped to me, I ordered a different color."
TIX102457,CUST003179,2026-05-23,Product Question,Live Chat,42.9,5.0,Can you tell me the warranty period on this product?
TIX102458,CUST000458,2025-07-16,Billing Issue,Phone,38.7,4.0,"I can't log into my account, it says my password is invalid."
TIX102459,CUST005876,2025-08-23,Billing Issue,Social Media,27.4,4.0,Can you tell me the warranty period on this product?
TIX102460,CUST002842,2025-02-13,Refund Status,Live Chat,69.4,5.0,Can you tell me the warranty period on this product?
TIX102461,CUST005830,2025-05-18,Billing Issue,Phone,2.0,,Can you tell me the warranty period on this product?
TIX102462,CUST003791,2025-11-12,Return Request,Phone,38.7,2.0,When will my refund for the returned item be processed?
TIX102463,CUST005827,2025-08-31,Return Request,Email,0.4,4.0,"The item I received was damaged during shipping, need a replacement."
TIX102464,CUST006071,2025-07-21,Return Request,Social Media,9.7,4.0,Can you tell me the warranty period on this product?
TIX102465,CUST000869,2024-12-07,Billing Issue,Social Media,4.6,4.0,  the delivery guy left my package outside in the rain!!  
TIX102466,CUST000682,2025-03-11,Product Question,Live Chat,8.1,5.0,"The item I received was damaged during shipping, need a replacement."
TIX102467,CUST001910,2026-05-09,Billing Issue,Email,65.7,4.0,"The item I received was damaged during shipping, need a replacement."
TIX102468,CUST000094,2024-12-27,Return Request,Social Media,7.2,4.0,"I was charged twice for order ORD126556, please refund the duplicate charge."
TIX102469,CUST004799,2025-10-23,Delivery Delay,Live Chat,17.9,4.0,"Wrong item was shipped to me, I ordered a different color."
TIX102470,CUST001723,2025-03-31,Wrong Item Shipped,Email,21.0,5.0,"Wrong item was shipped to me, I ordered a different color."
TIX102471,CUST003889,2025-10-29,Wrong Item Shipped,Live Chat,14.4,5.0,"I want to return this item, it doesn't fit as expected."
TIX102472,CUST003922,2025-10-06,Product Question,Live Chat,1.7,3.0,When will my refund for the returned item be processed?
TIX102473,CUST004149,2024-12-24,Wrong Item Shipped,Email,34.9,2.0,"Wrong item was shipped to me, I ordered a different color."
TIX102474,CUST003353,2026-05-15,Wrong Item Shipped,Email,27.9,5.0,My order ORD124784 still hasn't arrived and it's been over a week.
TIX102475,CUST005530,2026-03-09,Billing Issue,Live Chat,24.9,2.0,"The item I received was damaged during shipping, need a replacement."
TIX102476,CUST004126,2026-04-21,Damaged Item,Social Media,43.4,4.0,  the delivery guy left my package outside in the rain!!  
TIX102477,CUST005890,2024-11-02,Wrong Item Shipped,Email,7.7,4.0,"Wrong item was shipped to me, I ordered a different color."
TIX102478,CUST005076,2025-02-11,Return Request,Live Chat,15.4,5.0,  the delivery guy left my package outside in the rain!!  
TIX102479,CUST005680,2025-04-30,Wrong Item Shipped,Phone,27.5,5.0,My order ORD115987 still hasn't arrived and it's been over a week.
TIX102480,CUST001733,2025-09-21,Account Access,Phone,10.6,5.0,"Wrong item was shipped to me, I ordered a different color."
TIX102481,CUST003852,2024-11-08,Wrong Item Shipped,Live Chat,59.4,4.0,"I want to return this item, it doesn't fit as expected."
TIX102482,CUST001769,2026-03-26,Account Access,Phone,34.0,4.0,"Wrong item was shipped to me, I ordered a different color."
TIX102483,CUST005645,2026-06-06,Return Request,Phone,13.6,4.0,My order ORD124761 still hasn't arrived and it's been over a week.
TIX102484,CUST005036,2025-06-03,Delivery Delay,Email,2.9,,"I can't log into my account, it says my password is invalid."
TIX102485,CUST005846,2025-01-27,Return Request,Social Media,12.6,5.0,"I want to return this item, it doesn't fit as expected."
TIX102486,CUST001925,2026-06-30,Return Request,Live Chat,4.2,5.0,Can you tell me the warranty period on this product?
TIX102487,CUST002659,2024-11-01,Product Question,Live Chat,9.4,2.0,Can you tell me the warranty period on this product?
TIX102488,CUST003151,2025-07-07,Return Request,Email,5.6,4.0,"Great service, just wanted to confirm my order status."
TIX102489,CUST001924,2026-04-08,Return Request,Phone,30.2,5.0,My order ORD112102 still hasn't arrived and it's been over a week.
TIX102490,CUST001102,2026-02-08,Return Request,Live Chat,5.4,5.0,"Great service, just wanted to confirm my order status."
TIX102491,CUST004363,2025-09-01,Billing Issue,Live Chat,16.1,4.0,"I want to return this item, it doesn't fit as expected."
TIX102492,CUST004091,2025-10-20,Billing Issue,Live Chat,1.0,4.0,  the delivery guy left my package outside in the rain!!  
TIX102493,CUST005272,2025-07-29,Wrong Item Shipped,Live Chat,25.2,5.0,"I can't log into my account, it says my password is invalid."
TIX102494,CUST001378,2025-07-14,Billing Issue,Social Media,10.7,5.0,  the delivery guy left my package outside in the rain!!  
TIX102495,CUST005267,2025-10-19,Billing Issue,Live Chat,9.7,4.0,Can you tell me the warranty period on this product?
TIX102496,CUST005041,2025-03-12,Account Access,Live Chat,10.3,2.0,"I want to return this item, it doesn't fit as expected."
TIX102497,CUST005518,2024-11-05,Wrong Item Shipped,Email,22.5,2.0,"I can't log into my account, it says my password is invalid."
TIX102498,CUST000335,2024-10-13,Product Question,Email,10.2,2.0,Can you tell me the warranty period on this product?
TIX102499,CUST005732,2026-01-21,Refund Status,Email,24.1,4.0,"I want to return this item, it doesn't fit as expected."
TIX102500,CUST004410,2025-03-16,Billing Issue,Email,6.0,,"I can't log into my account, it says my password is invalid."
TIX102501,CUST001356,2025-06-28,Delivery Delay,Live Chat,58.2,3.0,"Great service, just wanted to confirm my order status."
TIX102502,CUST003211,2025-05-18,Refund Status,Email,12.9,5.0,"Great service, just wanted to confirm my order status."
TIX102503,CUST002842,2025-03-01,Return Request,Live Chat,15.8,4.0,When will my refund for the returned item be processed?
TIX102504,CUST004888,2026-05-28,Product Question,Phone,21.4,1.0,"I was charged twice for order ORD128008, please refund the duplicate charge."
TIX102505,CUST002713,2024-09-11,Wrong Item Shipped,Email,15.8,4.0,"I was charged twice for order ORD100249, please refund the duplicate charge."
TIX102506,CUST004631,2025-03-11,Account Access,Live Chat,14.9,5.0,"Wrong item was shipped to me, I ordered a different color."
TIX102507,CUST002987,2024-10-15,Damaged Item,Email,0.0,5.0,"I can't log into my account, it says my password is invalid."
TIX102508,CUST004252,2024-11-26,Return Request,Live Chat,11.1,1.0,"I want to return this item, it doesn't fit as expected."
TIX102509,CUST001147,2025-03-27,Refund Status,Social Media,36.3,4.0,Can you tell me the warranty period on this product?
TIX102510,CUST002096,2026-03-10,Wrong Item Shipped,Live Chat,46.3,4.0,  the delivery guy left my package outside in the rain!!  
TIX102511,CUST003282,2026-03-30,Damaged Item,Email,6.1,5.0,"I can't log into my account, it says my password is invalid."
TIX102512,CUST003312,2025-11-29,Billing Issue,Live Chat,22.2,5.0,"I can't log into my account, it says my password is invalid."
TIX102513,CUST000719,2026-04-07,Account Access,Phone,35.2,3.0,"Great service, just wanted to confirm my order status."
TIX102514,CUST004862,2025-11-24,Return Request,Live Chat,10.4,2.0,"Wrong item was shipped to me, I ordered a different color."
TIX102515,CUST000506,2026-01-24,Account Access,Live Chat,16.4,3.0,"Wrong item was shipped to me, I ordered a different color."
TIX102516,CUST000034,2026-05-08,Wrong Item Shipped,Live Chat,18.4,,  the delivery guy left my package outside in the rain!!  
TIX102517,CUST003474,2024-11-22,Billing Issue,Live Chat,53.6,4.0,"Great service, just wanted to confirm my order status."
TIX102518,CUST001376,2025-05-26,Damaged Item,Social Media,11.8,5.0,  the delivery guy left my package outside in the rain!!  
TIX102519,CUST004267,2026-04-12,Return Request,Social Media,27.1,3.0,When will my refund for the returned item be processed?
TIX102520,CUST001083,2025-04-10,Damaged Item,Live Chat,3.7,,"I can't log into my account, it says my password is invalid."
TIX102521,CUST004493,2025-04-26,Damaged Item,Live Chat,15.9,3.0,  the delivery guy left my package outside in the rain!!  
TIX102522,CUST005200,2025-12-10,Product Question,Live Chat,10.9,5.0,When will my refund for the returned item be processed?
TIX102523,CUST002942,2025-09-28,Product Question,Phone,4.7,,"Great service, just wanted to confirm my order status."
TIX102524,CUST004185,2025-08-31,Return Request,Email,0.2,5.0,"I want to return this item, it doesn't fit as expected."
TIX102525,CUST005586,2025-01-28,Product Question,Live Chat,16.1,4.0,"I want to return this item, it doesn't fit as expected."
TIX102526,CUST004576,2025-09-19,Delivery Delay,Phone,29.8,5.0,"I want to return this item, it doesn't fit as expected."
TIX102527,CUST003906,2025-10-15,Product Question,Live Chat,29.6,5.0,My order ORD112471 still hasn't arrived and it's been over a week.
TIX102528,CUST000359,2024-11-06,Billing Issue,Phone,8.9,,My order ORD107283 still hasn't arrived and it's been over a week.
TIX102529,CUST006059,2025-01-28,Billing Issue,Phone,3.6,5.0,"I can't log into my account, it says my password is invalid."
TIX102530,CUST005213,2024-11-05,Account Access,Email,51.7,4.0,Can you tell me the warranty period on this product?
TIX102531,CUST003577,2026-06-06,Return Request,Email,8.7,3.0,"Wrong item was shipped to me, I ordered a different color."
TIX102532,CUST003675,2025-04-14,Account Access,Email,7.7,,"I want to return this item, it doesn't fit as expected."
TIX102533,CUST001502,2025-04-10,Damaged Item,Live Chat,17.2,5.0,"Great service, just wanted to confirm my order status."
TIX102534,CUST003757,2024-09-09,Damaged Item,Live Chat,10.4,5.0,My order ORD127503 still hasn't arrived and it's been over a week.
TIX102535,CUST003647,2024-12-18,Account Access,Email,7.6,5.0,When will my refund for the returned item be processed?
TIX102536,CUST002015,2025-06-21,Billing Issue,Email,7.1,5.0,My order ORD106908 still hasn't arrived and it's been over a week.
TIX102537,CUST004204,2026-04-16,Damaged Item,Social Media,9.0,4.0,When will my refund for the returned item be processed?
TIX102538,CUST003271,2025-01-03,Billing Issue,Phone,20.8,,My order ORD116224 still hasn't arrived and it's been over a week.
TIX102539,CUST001620,2026-01-09,Refund Status,Email,0.2,2.0,When will my refund for the returned item be processed?
TIX102540,CUST005261,2025-01-07,Product Question,Phone,4.1,3.0,"I want to return this item, it doesn't fit as expected."
TIX102541,CUST001769,2025-06-28,Return Request,Email,5.3,5.0,  the delivery guy left my package outside in the rain!!  
TIX102542,CUST004832,2025-11-23,Product Question,Live Chat,139.2,5.0,"I was charged twice for order ORD101217, please refund the duplicate charge."
TIX102543,CUST002860,2025-06-13,Delivery Delay,Social Media,38.8,5.0,When will my refund for the returned item be processed?
TIX102544,CUST002323,2025-02-16,Delivery Delay,Email,9.8,5.0,"I can't log into my account, it says my password is invalid."
TIX102545,CUST001593,2025-07-16,Account Access,Live Chat,21.7,3.0,"Great service, just wanted to confirm my order status."
TIX102546,CUST001775,2024-11-16,Refund Status,Phone,4.8,1.0,  the delivery guy left my package outside in the rain!!  
TIX102547,CUST003441,2025-06-19,Billing Issue,Email,50.4,5.0,"I want to return this item, it doesn't fit as expected."
TIX102548,CUST001295,2025-04-18,Billing Issue,Live Chat,47.4,5.0,"Great service, just wanted to confirm my order status."
TIX102549,CUST002365,2026-04-07,Refund Status,Live Chat,3.2,,"I can't log into my account, it says my password is invalid."
TIX102550,CUST003628,2026-06-14,Wrong Item Shipped,Social Media,47.5,4.0,"I was charged twice for order ORD126137, please refund the duplicate charge."
TIX102551,CUST005925,2025-09-04,Account Access,Social Media,9.5,5.0,  the delivery guy left my package outside in the rain!!  
TIX102552,CUST004427,2026-04-10,Billing Issue,Phone,12.2,5.0,"Great service, just wanted to confirm my order status."
TIX102553,CUST003955,2024-10-09,Product Question,Social Media,21.2,4.0,"The item I received was damaged during shipping, need a replacement."
TIX102554,CUST000860,2025-07-29,Account Access,Live Chat,11.7,4.0,"Great service, just wanted to confirm my order status."
TIX102555,CUST004331,2025-09-02,Wrong Item Shipped,Live Chat,15.3,2.0,"I was charged twice for order ORD125688, please refund the duplicate charge."
TIX102556,CUST004383,2024-09-04,Refund Status,Live Chat,10.7,2.0,My order ORD103912 still hasn't arrived and it's been over a week.
TIX102557,CUST001747,2026-04-19,Wrong Item Shipped,Live Chat,1.3,4.0,  the delivery guy left my package outside in the rain!!  
TIX102558,CUST004932,2026-05-24,Wrong Item Shipped,Email,14.4,2.0,"I was charged twice for order ORD115350, please refund the duplicate charge."
TIX102559,CUST001631,2025-02-22,Account Access,Phone,0.9,5.0,When will my refund for the returned item be processed?
TIX102560,CUST005314,2026-04-05,Account Access,Phone,1.9,1.0,"Wrong item was shipped to me, I ordered a different color."
TIX102561,CUST001345,2025-04-11,Billing Issue,Email,20.9,4.0,Can you tell me the warranty period on this product?
TIX102562,CUST005181,2026-03-04,Billing Issue,Phone,11.4,3.0,"I can't log into my account, it says my password is invalid."
TIX102563,CUST003205,2025-06-26,Refund Status,Live Chat,14.0,,  the delivery guy left my package outside in the rain!!  
TIX102564,CUST003612,2026-03-22,Wrong Item Shipped,Email,3.3,3.0,"The item I received was damaged during shipping, need a replacement."
TIX102565,CUST001338,2025-09-04,Product Question,Email,20.8,4.0,"I want to return this item, it doesn't fit as expected."
TIX102566,CUST000978,2024-12-11,Product Question,Live Chat,1.3,5.0,When will my refund for the returned item be processed?
TIX102567,CUST001422,2026-04-25,Delivery Delay,Social Media,5.3,2.0,"I want to return this item, it doesn't fit as expected."
TIX102568,CUST003914,2025-06-17,Return Request,Live Chat,42.0,5.0,My order ORD122224 still hasn't arrived and it's been over a week.
TIX102569,CUST005284,2024-09-12,Damaged Item,Live Chat,0.5,3.0,"I was charged twice for order ORD110160, please refund the duplicate charge."
TIX102570,CUST001363,2024-12-23,Billing Issue,Email,24.7,5.0,  the delivery guy left my package outside in the rain!!  
TIX102571,CUST002079,2024-09-20,Wrong Item Shipped,Phone,3.1,,  the delivery guy left my package outside in the rain!!  
TIX102572,CUST000229,2024-10-07,Account Access,Phone,32.2,1.0,When will my refund for the returned item be processed?
TIX102573,CUST001530,2025-03-22,Account Access,Live Chat,16.8,5.0,"Wrong item was shipped to me, I ordered a different color."
TIX102574,CUST004545,2025-05-17,Account Access,Social Media,0.6,4.0,Can you tell me the warranty period on this product?
TIX102575,CUST002745,2024-11-25,Refund Status,Live Chat,0.2,4.0,When will my refund for the returned item be processed?
TIX102576,CUST001161,2024-12-26,Product Question,Email,15.4,2.0,"I was charged twice for order ORD121603, please refund the duplicate charge."
TIX102577,CUST001800,2025-02-24,Delivery Delay,Live Chat,28.4,4.0,"I can't log into my account, it says my password is invalid."
TIX102578,CUST004723,2025-12-06,Account Access,Live Chat,22.5,3.0,My order ORD117000 still hasn't arrived and it's been over a week.
TIX102579,CUST004533,2024-11-14,Wrong Item Shipped,Phone,6.3,4.0,My order ORD105473 still hasn't arrived and it's been over a week.
TIX102580,CUST000203,2026-04-14,Return Request,Social Media,23.2,2.0,"The item I received was damaged during shipping, need a replacement."
TIX102581,CUST000194,2024-11-27,Billing Issue,Live Chat,5.9,,My order ORD123606 still hasn't arrived and it's been over a week.
TIX102582,CUST002653,2025-02-22,Return Request,Phone,12.3,4.0,When will my refund for the returned item be processed?
TIX102583,CUST003999,2024-11-19,Refund Status,Phone,4.5,2.0,When will my refund for the returned item be processed?
TIX102584,CUST004627,2025-02-23,Billing Issue,Phone,2.2,3.0,My order ORD126639 still hasn't arrived and it's been over a week.
TIX102585,CUST003351,2025-06-04,Account Access,Social Media,58.0,5.0,"Great service, just wanted to confirm my order status."
TIX102586,CUST001629,2026-02-10,Account Access,Social Media,18.8,4.0,"Wrong item was shipped to me, I ordered a different color."
TIX102587,CUST004650,2026-02-21,Product Question,Email,4.6,,"Wrong item was shipped to me, I ordered a different color."
TIX102588,CUST006028,2026-06-09,Return Request,Live Chat,2.4,2.0,"I want to return this item, it doesn't fit as expected."
TIX102589,CUST002573,2026-02-24,Refund Status,Phone,5.4,3.0,My order ORD108177 still hasn't arrived and it's been over a week.
TIX102590,CUST002755,2026-06-16,Wrong Item Shipped,Live Chat,8.4,4.0,"The item I received was damaged during shipping, need a replacement."
TIX102591,CUST002992,2025-12-26,Refund Status,Social Media,36.1,4.0,My order ORD107904 still hasn't arrived and it's been over a week.
TIX102592,CUST001289,2026-01-01,Product Question,Live Chat,20.6,3.0,"I can't log into my account, it says my password is invalid."
TIX102593,CUST005474,2026-01-25,Wrong Item Shipped,Phone,8.0,5.0,When will my refund for the returned item be processed?
TIX102594,CUST000413,2025-06-12,Damaged Item,Live Chat,7.1,4.0,Can you tell me the warranty period on this product?
TIX102595,CUST002587,2025-04-27,Damaged Item,Email,4.9,5.0,When will my refund for the returned item be processed?
TIX102596,CUST005751,2025-12-23,Billing Issue,Phone,2.2,4.0,"I was charged twice for order ORD101247, please refund the duplicate charge."
TIX102597,CUST005294,2025-06-11,Wrong Item Shipped,Email,35.6,3.0,"Great service, just wanted to confirm my order status."
TIX102598,CUST004206,2025-05-30,Wrong Item Shipped,Phone,11.5,5.0,"I want to return this item, it doesn't fit as expected."
TIX102599,CUST004867,2025-03-12,Product Question,Live Chat,52.6,5.0,  the delivery guy left my package outside in the rain!!  
TIX102600,CUST003891,2026-05-03,Delivery Delay,Phone,27.2,5.0,"Great service, just wanted to confirm my order status."
TIX102601,CUST005579,2025-10-02,Damaged Item,Email,21.3,4.0,"I was charged twice for order ORD127858, please refund the duplicate charge."
TIX102602,CUST004369,2025-10-24,Wrong Item Shipped,Email,7.6,4.0,When will my refund for the returned item be processed?
TIX102603,CUST005502,2024-11-26,Damaged Item,Email,11.5,,"Wrong item was shipped to me, I ordered a different color."
TIX102604,CUST003831,2024-12-13,Account Access,Live Chat,4.9,5.0,Can you tell me the warranty period on this product?
TIX102605,CUST005161,2025-02-24,Return Request,Phone,28.9,3.0,"I want to return this item, it doesn't fit as expected."
TIX102606,CUST003156,2025-07-09,Product Question,Phone,11.3,3.0,My order ORD123094 still hasn't arrived and it's been over a week.
TIX102607,CUST000481,2024-09-22,Account Access,Social Media,28.0,4.0,My order ORD121316 still hasn't arrived and it's been over a week.
TIX102608,CUST005209,2025-09-29,Return Request,Live Chat,1.5,2.0,"Great service, just wanted to confirm my order status."
TIX102609,CUST000303,2026-06-03,Account Access,Email,6.8,5.0,"Wrong item was shipped to me, I ordered a different color."
TIX102610,CUST003869,2025-03-18,Refund Status,Phone,1.7,4.0,When will my refund for the returned item be processed?
TIX102611,CUST002283,2024-09-13,Return Request,Live Chat,16.1,3.0,"I can't log into my account, it says my password is invalid."
TIX102612,CUST001053,2025-02-22,Return Request,Email,23.2,2.0,"The item I received was damaged during shipping, need a replacement."
TIX102613,CUST004156,2026-01-14,Refund Status,Social Media,27.7,5.0,"The item I received was damaged during shipping, need a replacement."
TIX102614,CUST004355,2025-02-13,Billing Issue,Email,8.3,,My order ORD106215 still hasn't arrived and it's been over a week.
TIX102615,CUST003849,2025-07-19,Account Access,Live Chat,2.6,3.0,Can you tell me the warranty period on this product?
TIX102616,CUST005002,2025-04-01,Return Request,Email,62.2,2.0,"Wrong item was shipped to me, I ordered a different color."
TIX102617,CUST004940,2026-03-22,Return Request,Phone,3.8,4.0,"Wrong item was shipped to me, I ordered a different color."
TIX102618,CUST002492,2025-11-29,Refund Status,Live Chat,7.0,,My order ORD116723 still hasn't arrived and it's been over a week.
TIX102619,CUST005364,2025-12-14,Wrong Item Shipped,Phone,6.5,4.0,"I can't log into my account, it says my password is invalid."
TIX102620,CUST005211,2026-01-25,Wrong Item Shipped,Live Chat,26.5,5.0,When will my refund for the returned item be processed?
TIX102621,CUST002291,2025-02-14,Account Access,Phone,32.6,1.0,  the delivery guy left my package outside in the rain!!  
TIX102622,CUST000544,2025-10-11,Return Request,Social Media,6.0,,My order ORD104587 still hasn't arrived and it's been over a week.
TIX102623,CUST005831,2026-06-26,Delivery Delay,Phone,6.0,2.0,"Great service, just wanted to confirm my order status."
TIX102624,CUST003704,2025-01-11,Product Question,Social Media,21.1,1.0,"Great service, just wanted to confirm my order status."
TIX102625,CUST004459,2026-04-12,Billing Issue,Social Media,35.3,2.0,"Wrong item was shipped to me, I ordered a different color."
TIX102626,CUST002660,2025-10-21,Delivery Delay,Email,3.0,4.0,"The item I received was damaged during shipping, need a replacement."
TIX102627,CUST001535,2025-11-22,Account Access,Phone,74.2,1.0,"I want to return this item, it doesn't fit as expected."
TIX102628,CUST001841,2026-01-31,Refund Status,Email,20.7,1.0,"I want to return this item, it doesn't fit as expected."
TIX102629,CUST001233,2025-12-22,Billing Issue,Social Media,6.5,5.0,"I want to return this item, it doesn't fit as expected."
TIX102630,CUST000970,2025-06-09,Product Question,Email,26.1,3.0,"Wrong item was shipped to me, I ordered a different color."
TIX102631,CUST002760,2025-03-27,Delivery Delay,Live Chat,0.9,5.0,Can you tell me the warranty period on this product?
TIX102632,CUST001089,2026-05-12,Billing Issue,Phone,43.3,5.0,"Great service, just wanted to confirm my order status."
TIX102633,CUST004951,2025-06-16,Refund Status,Live Chat,11.7,2.0,"Great service, just wanted to confirm my order status."
TIX102634,CUST002387,2025-08-02,Wrong Item Shipped,Phone,4.3,4.0,"I can't log into my account, it says my password is invalid."
TIX102635,CUST003782,2025-11-28,Product Question,Social Media,20.3,5.0,Can you tell me the warranty period on this product?
TIX102636,CUST000462,2025-06-30,Product Question,Live Chat,1.8,5.0,"I was charged twice for order ORD101747, please refund the duplicate charge."
TIX102637,CUST003433,2026-02-16,Product Question,Phone,11.6,5.0,"Great service, just wanted to confirm my order status."
TIX102638,CUST000144,2025-10-03,Account Access,Social Media,50.3,3.0,"I want to return this item, it doesn't fit as expected."
TIX102639,CUST000988,2025-07-01,Product Question,Phone,18.3,5.0,When will my refund for the returned item be processed?
TIX102640,CUST002156,2025-08-29,Product Question,Email,1.8,5.0,"I was charged twice for order ORD127661, please refund the duplicate charge."
TIX102641,CUST000178,2025-05-04,Damaged Item,Phone,37.6,5.0,When will my refund for the returned item be processed?
TIX102642,CUST001675,2025-01-23,Billing Issue,Email,31.8,1.0,When will my refund for the returned item be processed?
TIX102643,CUST000145,2025-02-23,Billing Issue,Phone,24.2,5.0,"Wrong item was shipped to me, I ordered a different color."
TIX102644,CUST005300,2026-03-19,Return Request,Social Media,3.2,3.0,"The item I received was damaged during shipping, need a replacement."
TIX102645,CUST005176,2026-05-11,Billing Issue,Phone,17.3,2.0,Can you tell me the warranty period on this product?
TIX102646,CUST002579,2026-06-25,Delivery Delay,Social Media,27.7,4.0,"Wrong item was shipped to me, I ordered a different color."
TIX102647,CUST001491,2025-02-27,Account Access,Phone,22.5,4.0,When will my refund for the returned item be processed?
TIX102648,CUST001794,2026-01-17,Account Access,Email,7.3,,"I was charged twice for order ORD123224, please refund the duplicate charge."
TIX102649,CUST002980,2025-09-16,Wrong Item Shipped,Social Media,53.9,5.0,My order ORD108511 still hasn't arrived and it's been over a week.
TIX102650,CUST000722,2025-04-09,Wrong Item Shipped,Live Chat,4.0,,"Great service, just wanted to confirm my order status."
TIX102651,CUST005529,2025-10-12,Return Request,Social Media,10.4,5.0,My order ORD102951 still hasn't arrived and it's been over a week.
TIX102652,CUST001293,2026-05-28,Refund Status,Live Chat,9.5,4.0,  the delivery guy left my package outside in the rain!!  
TIX102653,CUST002462,2024-09-19,Account Access,Social Media,40.8,3.0,"I want to return this item, it doesn't fit as expected."
TIX102654,CUST003215,2025-04-06,Billing Issue,Social Media,4.2,4.0,When will my refund for the returned item be processed?
TIX102655,CUST005451,2025-06-05,Product Question,Social Media,26.5,5.0,When will my refund for the returned item be processed?
TIX102656,CUST000341,2025-03-02,Account Access,Social Media,13.7,2.0,Can you tell me the warranty period on this product?
TIX102657,CUST005669,2025-09-15,Product Question,Phone,16.9,5.0,  the delivery guy left my package outside in the rain!!  
TIX102658,CUST004541,2026-04-19,Wrong Item Shipped,Email,0.3,4.0,"I was charged twice for order ORD107438, please refund the duplicate charge."
TIX102659,CUST000521,2024-10-05,Return Request,Email,20.2,5.0,When will my refund for the returned item be processed?
TIX102660,CUST000594,2026-05-12,Damaged Item,Email,4.6,3.0,When will my refund for the returned item be processed?
TIX102661,CUST005004,2026-03-05,Billing Issue,Email,10.9,5.0,"The item I received was damaged during shipping, need a replacement."
TIX102662,CUST000032,2025-03-25,Damaged Item,Social Media,11.6,4.0,"Great service, just wanted to confirm my order status."
TIX102663,CUST004006,2026-06-26,Account Access,Live Chat,58.9,5.0,"Wrong item was shipped to me, I ordered a different color."
TIX102664,CUST001296,2026-01-19,Delivery Delay,Live Chat,11.3,2.0,"The item I received was damaged during shipping, need a replacement."
TIX102665,CUST005872,2025-06-18,Refund Status,Phone,9.7,5.0,"I can't log into my account, it says my password is invalid."
TIX102666,CUST001990,2025-07-01,Billing Issue,Live Chat,25.7,5.0,My order ORD125191 still hasn't arrived and it's been over a week.
TIX102667,CUST003726,2026-02-25,Account Access,Phone,9.8,5.0,When will my refund for the returned item be processed?
TIX102668,CUST001139,2024-10-24,Damaged Item,Email,37.5,4.0,"I was charged twice for order ORD125956, please refund the duplicate charge."
TIX102669,CUST002380,2026-03-20,Refund Status,Phone,13.6,,"I was charged twice for order ORD103324, please refund the duplicate charge."
TIX102670,CUST002688,2025-07-19,Billing Issue,Phone,36.9,3.0,"Great service, just wanted to confirm my order status."
TIX102671,CUST005314,2026-01-31,Account Access,Phone,19.7,1.0,"I was charged twice for order ORD103529, please refund the duplicate charge."
TIX102672,CUST004716,2025-06-01,Product Question,Live Chat,19.0,5.0,"Great service, just wanted to confirm my order status."
TIX102673,CUST001090,2024-09-24,Damaged Item,Live Chat,15.0,5.0,"Wrong item was shipped to me, I ordered a different color."
TIX102674,CUST000030,2024-11-20,Wrong Item Shipped,Live Chat,12.3,5.0,"Great service, just wanted to confirm my order status."
TIX102675,CUST002101,2025-12-30,Wrong Item Shipped,Social Media,8.1,3.0,"Great service, just wanted to confirm my order status."
TIX102676,CUST004052,2024-11-26,Refund Status,Phone,29.1,5.0,"Great service, just wanted to confirm my order status."
TIX102677,CUST002574,2026-06-16,Product Question,Social Media,18.4,2.0,  the delivery guy left my package outside in the rain!!  
TIX102678,CUST001979,2024-09-29,Damaged Item,Email,1.8,1.0,"Wrong item was shipped to me, I ordered a different color."
TIX102679,CUST001351,2024-12-23,Damaged Item,Social Media,20.3,4.0,  the delivery guy left my package outside in the rain!!  
TIX102680,CUST004770,2025-12-16,Wrong Item Shipped,Live Chat,0.9,3.0,"Great service, just wanted to confirm my order status."
TIX102681,CUST003983,2025-04-21,Refund Status,Phone,67.1,2.0,"I was charged twice for order ORD116230, please refund the duplicate charge."
TIX102682,CUST005877,2025-01-18,Damaged Item,Social Media,7.0,5.0,"I want to return this item, it doesn't fit as expected."
TIX102683,CUST000919,2025-06-21,Refund Status,Phone,2.3,4.0,"The item I received was damaged during shipping, need a replacement."
TIX102684,CUST003898,2025-02-04,Refund Status,Email,4.7,,"The item I received was damaged during shipping, need a replacement."
TIX102685,CUST000876,2025-06-01,Billing Issue,Email,54.1,3.0,My order ORD103066 still hasn't arrived and it's been over a week.
TIX102686,CUST006039,2024-12-29,Account Access,Email,12.3,3.0,"I want to return this item, it doesn't fit as expected."
TIX102687,CUST005057,2025-04-12,Wrong Item Shipped,Email,68.0,,"I was charged twice for order ORD104923, please refund the duplicate charge."
TIX102688,CUST003006,2026-04-15,Return Request,Social Media,7.1,5.0,"Wrong item was shipped to me, I ordered a different color."
TIX102689,CUST005063,2025-11-05,Refund Status,Email,0.8,4.0,  the delivery guy left my package outside in the rain!!  
TIX102690,CUST004660,2025-10-05,Wrong Item Shipped,Social Media,45.2,5.0,"The item I received was damaged during shipping, need a replacement."
TIX102691,CUST002890,2026-06-13,Account Access,Email,45.0,4.0,"I want to return this item, it doesn't fit as expected."
TIX102692,CUST002967,2024-10-24,Billing Issue,Social Media,7.8,3.0,Can you tell me the warranty period on this product?
TIX102693,CUST005318,2025-06-08,Account Access,Live Chat,19.4,2.0,"Great service, just wanted to confirm my order status."
TIX102694,CUST005507,2025-12-06,Product Question,Live Chat,5.4,5.0,"I was charged twice for order ORD121148, please refund the duplicate charge."
TIX102695,CUST001811,2026-05-19,Wrong Item Shipped,Social Media,17.7,4.0,"Great service, just wanted to confirm my order status."
TIX102696,CUST006076,2025-06-30,Refund Status,Phone,1.2,4.0,  the delivery guy left my package outside in the rain!!  
TIX102697,CUST002152,2026-04-06,Return Request,Social Media,7.7,,"Wrong item was shipped to me, I ordered a different color."
TIX102698,CUST001734,2026-05-27,Product Question,Live Chat,8.8,4.0,"I want to return this item, it doesn't fit as expected."
TIX102699,CUST003000,2026-05-05,Return Request,Email,6.7,4.0,"I can't log into my account, it says my password is invalid."
TIX102700,CUST006019,2024-12-26,Return Request,Social Media,12.1,,"The item I received was damaged during shipping, need a replacement."
TIX102701,CUST004181,2025-05-10,Delivery Delay,Phone,19.3,,  the delivery guy left my package outside in the rain!!  
TIX102702,CUST000764,2026-01-29,Billing Issue,Phone,12.5,2.0,My order ORD116979 still hasn't arrived and it's been over a week.
TIX102703,CUST004074,2025-01-10,Delivery Delay,Social Media,10.7,5.0,When will my refund for the returned item be processed?
TIX102704,CUST002124,2025-08-13,Billing Issue,Social Media,19.5,5.0,"Great service, just wanted to confirm my order status."
TIX102705,CUST002702,2024-11-30,Wrong Item Shipped,Phone,33.7,,When will my refund for the returned item be processed?
TIX102706,CUST002980,2025-07-18,Billing Issue,Live Chat,10.6,4.0,Can you tell me the warranty period on this product?
TIX102707,CUST004702,2024-11-04,Product Question,Email,11.5,5.0,"Great service, just wanted to confirm my order status."
TIX102708,CUST003711,2026-06-06,Delivery Delay,Phone,36.6,4.0,"Great service, just wanted to confirm my order status."
TIX102709,CUST004898,2026-05-07,Wrong Item Shipped,Social Media,0.1,5.0,"I can't log into my account, it says my password is invalid."
TIX102710,CUST001504,2026-05-02,Refund Status,Live Chat,9.6,4.0,  the delivery guy left my package outside in the rain!!  
TIX102711,CUST000749,2024-10-29,Wrong Item Shipped,Phone,0.4,2.0,My order ORD113805 still hasn't arrived and it's been over a week.
TIX102712,CUST004402,2026-05-19,Account Access,Email,8.5,4.0,My order ORD104494 still hasn't arrived and it's been over a week.
TIX102713,CUST002577,2026-03-11,Product Question,Email,5.4,1.0,"I was charged twice for order ORD100034, please refund the duplicate charge."
TIX102714,CUST001654,2025-04-21,Refund Status,Phone,14.7,4.0,"I want to return this item, it doesn't fit as expected."
TIX102715,CUST000407,2025-06-16,Damaged Item,Social Media,11.3,,  the delivery guy left my package outside in the rain!!  
TIX102716,CUST005515,2026-02-19,Damaged Item,Phone,1.9,4.0,"The item I received was damaged during shipping, need a replacement."
TIX102717,CUST001531,2025-02-28,Product Question,Live Chat,13.7,5.0,  the delivery guy left my package outside in the rain!!  
TIX102718,CUST001232,2025-08-02,Billing Issue,Social Media,21.3,4.0,"I want to return this item, it doesn't fit as expected."
TIX102719,CUST000897,2026-04-11,Return Request,Live Chat,1.0,3.0,"The item I received was damaged during shipping, need a replacement."
TIX102720,CUST000805,2025-01-07,Delivery Delay,Social Media,0.6,5.0,  the delivery guy left my package outside in the rain!!  
TIX102721,CUST004338,2026-01-28,Return Request,Phone,38.9,4.0,"I was charged twice for order ORD101594, please refund the duplicate charge."
TIX102722,CUST004129,2025-07-31,Billing Issue,Live Chat,15.1,4.0,"Wrong item was shipped to me, I ordered a different color."
TIX102723,CUST005296,2026-03-01,Damaged Item,Live Chat,2.1,5.0,Can you tell me the warranty period on this product?
TIX102724,CUST005151,2024-10-18,Billing Issue,Email,22.8,,"I can't log into my account, it says my password is invalid."
TIX102725,CUST002618,2025-12-04,Wrong Item Shipped,Email,35.0,,"The item I received was damaged during shipping, need a replacement."
TIX102726,CUST003753,2026-03-16,Wrong Item Shipped,Social Media,61.4,5.0,  the delivery guy left my package outside in the rain!!  
TIX102727,CUST005988,2026-03-01,Billing Issue,Email,31.9,4.0,Can you tell me the warranty period on this product?
TIX102728,CUST002964,2025-02-22,Refund Status,Phone,25.0,4.0,"I want to return this item, it doesn't fit as expected."
TIX102729,CUST002816,2025-09-28,Account Access,Phone,37.9,,"I want to return this item, it doesn't fit as expected."
TIX102730,CUST004691,2025-11-01,Refund Status,Email,12.0,5.0,"Wrong item was shipped to me, I ordered a different color."
TIX102731,CUST003515,2025-08-24,Delivery Delay,Email,12.0,5.0,  the delivery guy left my package outside in the rain!!  
TIX102732,CUST000208,2026-06-21,Billing Issue,Live Chat,20.3,2.0,My order ORD123998 still hasn't arrived and it's been over a week.
TIX102733,CUST002673,2025-09-07,Refund Status,Social Media,37.5,5.0,"Great service, just wanted to confirm my order status."
TIX102734,CUST001512,2026-05-11,Delivery Delay,Phone,4.2,3.0,"I was charged twice for order ORD107363, please refund the duplicate charge."
TIX102735,CUST003948,2026-02-05,Wrong Item Shipped,Social Media,10.2,4.0,  the delivery guy left my package outside in the rain!!  
TIX102736,CUST005807,2025-04-14,Product Question,Email,25.3,5.0,"The item I received was damaged during shipping, need a replacement."
TIX102737,CUST000259,2025-09-04,Wrong Item Shipped,Social Media,6.0,4.0,  the delivery guy left my package outside in the rain!!  
TIX102738,CUST001882,2026-06-20,Wrong Item Shipped,Email,1.0,,"Great service, just wanted to confirm my order status."
TIX102739,CUST001151,2025-01-07,Wrong Item Shipped,Social Media,9.6,5.0,  the delivery guy left my package outside in the rain!!  
TIX102740,CUST001786,2025-03-25,Billing Issue,Phone,64.7,,"Wrong item was shipped to me, I ordered a different color."
TIX102741,CUST002889,2025-08-19,Delivery Delay,Social Media,18.7,2.0,"I can't log into my account, it says my password is invalid."
TIX102742,CUST005860,2026-06-06,Refund Status,Live Chat,27.1,5.0,"The item I received was damaged during shipping, need a replacement."
TIX102743,CUST003180,2026-05-07,Billing Issue,Live Chat,1.9,4.0,"Great service, just wanted to confirm my order status."
TIX102744,CUST000771,2026-03-06,Account Access,Email,13.5,4.0,"I want to return this item, it doesn't fit as expected."
TIX102745,CUST002158,2025-06-18,Return Request,Email,37.7,5.0,When will my refund for the returned item be processed?
TIX102746,CUST000776,2025-12-14,Product Question,Social Media,38.1,1.0,"The item I received was damaged during shipping, need a replacement."
TIX102747,CUST000872,2026-01-26,Damaged Item,Social Media,70.0,4.0,"I was charged twice for order ORD124077, please refund the duplicate charge."
TIX102748,CUST000433,2026-05-25,Billing Issue,Phone,31.3,1.0,"I want to return this item, it doesn't fit as expected."
TIX102749,CUST001265,2026-01-24,Wrong Item Shipped,Social Media,37.3,1.0,"I can't log into my account, it says my password is invalid."
TIX102750,CUST002399,2024-09-17,Wrong Item Shipped,Social Media,4.1,4.0,"Great service, just wanted to confirm my order status."
TIX102751,CUST000799,2025-10-10,Account Access,Phone,0.5,4.0,When will my refund for the returned item be processed?
TIX102752,CUST005301,2024-10-14,Return Request,Live Chat,19.2,5.0,My order ORD118167 still hasn't arrived and it's been over a week.
TIX102753,CUST002761,2024-12-26,Billing Issue,Social Media,21.1,1.0,When will my refund for the returned item be processed?
TIX102754,CUST004783,2026-02-13,Product Question,Email,44.9,5.0,"Wrong item was shipped to me, I ordered a different color."
TIX102755,CUST000394,2026-01-22,Account Access,Email,14.7,3.0,Can you tell me the warranty period on this product?
TIX102756,CUST004482,2024-12-10,Wrong Item Shipped,Phone,9.9,4.0,"I want to return this item, it doesn't fit as expected."
TIX102757,CUST003829,2025-05-24,Delivery Delay,Email,49.0,5.0,"Great service, just wanted to confirm my order status."
TIX102758,CUST003435,2025-01-03,Billing Issue,Phone,4.0,3.0,"I can't log into my account, it says my password is invalid."
TIX102759,CUST002859,2025-08-14,Product Question,Live Chat,11.4,3.0,"Great service, just wanted to confirm my order status."
TIX102760,CUST004975,2025-06-10,Refund Status,Social Media,0.8,5.0,When will my refund for the returned item be processed?
TIX102761,CUST005778,2024-12-03,Billing Issue,Email,28.5,,"I was charged twice for order ORD113960, please refund the duplicate charge."
TIX102762,CUST005324,2024-12-29,Return Request,Phone,17.6,,My order ORD119061 still hasn't arrived and it's been over a week.
TIX102763,CUST001792,2025-07-15,Delivery Delay,Email,6.2,,  the delivery guy left my package outside in the rain!!  
TIX102764,CUST004459,2025-04-20,Refund Status,Email,13.9,2.0,"Wrong item was shipped to me, I ordered a different color."
TIX102765,CUST005740,2026-02-16,Wrong Item Shipped,Live Chat,20.9,1.0,"Wrong item was shipped to me, I ordered a different color."
TIX102766,CUST002087,2026-01-17,Product Question,Live Chat,28.2,5.0,"I was charged twice for order ORD115458, please refund the duplicate charge."
TIX102767,CUST004583,2026-05-24,Billing Issue,Social Media,2.0,4.0,When will my refund for the returned item be processed?
TIX102768,CUST005029,2025-10-30,Refund Status,Phone,3.9,5.0,My order ORD111519 still hasn't arrived and it's been over a week.
TIX102769,CUST002357,2026-05-06,Billing Issue,Live Chat,13.3,4.0,"I was charged twice for order ORD105659, please refund the duplicate charge."
TIX102770,CUST002454,2024-10-11,Damaged Item,Email,22.3,4.0,Can you tell me the warranty period on this product?
TIX102771,CUST001085,2026-06-15,Account Access,Social Media,38.2,,My order ORD107555 still hasn't arrived and it's been over a week.
TIX102772,CUST002790,2026-04-18,Wrong Item Shipped,Live Chat,14.2,,My order ORD105065 still hasn't arrived and it's been over a week.
TIX102773,CUST001289,2026-06-29,Delivery Delay,Phone,6.5,3.0,"I was charged twice for order ORD127152, please refund the duplicate charge."
TIX102774,CUST004604,2025-05-23,Billing Issue,Email,35.1,5.0,"The item I received was damaged during shipping, need a replacement."
TIX102775,CUST001012,2024-10-21,Account Access,Phone,58.3,5.0,My order ORD107945 still hasn't arrived and it's been over a week.
TIX102776,CUST000214,2026-02-25,Billing Issue,Phone,5.2,5.0,Can you tell me the warranty period on this product?
TIX102777,CUST004571,2025-03-19,Refund Status,Email,16.6,1.0,"I want to return this item, it doesn't fit as expected."
TIX102778,CUST001783,2024-12-22,Return Request,Email,7.0,3.0,"The item I received was damaged during shipping, need a replacement."
TIX102779,CUST000624,2026-04-02,Account Access,Live Chat,35.3,1.0,When will my refund for the returned item be processed?
TIX102780,CUST001549,2025-06-25,Damaged Item,Email,9.5,3.0,"I was charged twice for order ORD105698, please refund the duplicate charge."
TIX102781,CUST002535,2024-11-02,Damaged Item,Live Chat,44.1,,"I want to return this item, it doesn't fit as expected."
TIX102782,CUST001007,2024-11-02,Billing Issue,Social Media,11.6,2.0,"Wrong item was shipped to me, I ordered a different color."
TIX102783,CUST003850,2025-10-23,Damaged Item,Live Chat,23.7,4.0,"I want to return this item, it doesn't fit as expected."
TIX102784,CUST002224,2026-02-08,Refund Status,Email,7.6,5.0,"Great service, just wanted to confirm my order status."
TIX102785,CUST000934,2025-07-01,Account Access,Social Media,13.5,3.0,  the delivery guy left my package outside in the rain!!  
TIX102786,CUST001204,2025-09-13,Product Question,Phone,21.1,5.0,"The item I received was damaged during shipping, need a replacement."
TIX102787,CUST003050,2025-06-23,Damaged Item,Live Chat,3.8,2.0,"Wrong item was shipped to me, I ordered a different color."
TIX102788,CUST001272,2025-09-24,Product Question,Social Media,3.4,,"I was charged twice for order ORD110861, please refund the duplicate charge."
TIX102789,CUST001641,2025-09-22,Billing Issue,Social Media,1.6,5.0,"I want to return this item, it doesn't fit as expected."
TIX102790,CUST001587,2024-11-05,Billing Issue,Live Chat,7.8,4.0,"I was charged twice for order ORD105430, please refund the duplicate charge."
TIX102791,CUST005489,2025-03-06,Wrong Item Shipped,Email,16.0,2.0,"I want to return this item, it doesn't fit as expected."
TIX102792,CUST005566,2025-09-10,Product Question,Social Media,2.1,4.0,"Wrong item was shipped to me, I ordered a different color."
TIX102793,CUST005733,2026-04-27,Refund Status,Social Media,2.9,3.0,"I was charged twice for order ORD119283, please refund the duplicate charge."
TIX102794,CUST005932,2026-03-07,Wrong Item Shipped,Live Chat,27.8,5.0,"I want to return this item, it doesn't fit as expected."
TIX102795,CUST001191,2025-05-20,Product Question,Social Media,10.3,5.0,"I can't log into my account, it says my password is invalid."
TIX102796,CUST000951,2026-06-30,Refund Status,Phone,1.7,2.0,"I was charged twice for order ORD104684, please refund the duplicate charge."
TIX102797,CUST002912,2025-04-04,Return Request,Live Chat,6.9,4.0,My order ORD107966 still hasn't arrived and it's been over a week.
TIX102798,CUST000648,2025-06-29,Wrong Item Shipped,Live Chat,11.2,5.0,"I want to return this item, it doesn't fit as expected."
TIX102799,CUST002970,2025-01-25,Damaged Item,Social Media,4.9,5.0,"Great service, just wanted to confirm my order status."
TIX102800,CUST000593,2024-12-17,Damaged Item,Phone,20.4,4.0,When will my refund for the returned item be processed?
TIX102801,CUST004324,2026-02-19,Return Request,Live Chat,29.6,5.0,Can you tell me the warranty period on this product?
TIX102802,CUST001038,2025-08-16,Account Access,Email,26.8,5.0,  the delivery guy left my package outside in the rain!!  
TIX102803,CUST004406,2026-04-01,Refund Status,Email,15.1,5.0,When will my refund for the returned item be processed?
TIX102804,CUST003586,2025-08-05,Billing Issue,Live Chat,11.0,5.0,"I want to return this item, it doesn't fit as expected."
TIX102805,CUST002195,2026-04-27,Return Request,Live Chat,47.0,4.0,"I was charged twice for order ORD110874, please refund the duplicate charge."
TIX102806,CUST002585,2026-03-27,Billing Issue,Social Media,2.2,5.0,"I want to return this item, it doesn't fit as expected."
TIX102807,CUST003163,2025-07-04,Wrong Item Shipped,Phone,12.9,4.0,Can you tell me the warranty period on this product?
TIX102808,CUST000227,2024-11-24,Damaged Item,Social Media,7.0,5.0,"Great service, just wanted to confirm my order status."
TIX102809,CUST004138,2025-07-07,Billing Issue,Social Media,10.6,5.0,"I was charged twice for order ORD118091, please refund the duplicate charge."
TIX102810,CUST003235,2025-02-03,Damaged Item,Email,18.4,5.0,My order ORD115397 still hasn't arrived and it's been over a week.
TIX102811,CUST001844,2026-02-05,Refund Status,Email,15.5,3.0,When will my refund for the returned item be processed?
TIX102812,CUST005630,2026-05-10,Product Question,Live Chat,22.5,3.0,Can you tell me the warranty period on this product?
TIX102813,CUST004426,2025-11-16,Billing Issue,Phone,0.3,5.0,When will my refund for the returned item be processed?
TIX102814,CUST000152,2024-11-18,Return Request,Social Media,11.8,,"The item I received was damaged during shipping, need a replacement."
TIX102815,CUST002337,2026-03-20,Account Access,Email,21.2,5.0,"I was charged twice for order ORD116034, please refund the duplicate charge."
TIX102816,CUST002007,2026-05-02,Billing Issue,Email,28.5,,When will my refund for the returned item be processed?
TIX102817,CUST001421,2024-10-05,Delivery Delay,Live Chat,2.2,4.0,"I can't log into my account, it says my password is invalid."
TIX102818,CUST002842,2025-03-29,Damaged Item,Email,6.9,3.0,"Great service, just wanted to confirm my order status."
TIX102819,CUST000730,2025-02-27,Damaged Item,Live Chat,15.8,5.0,When will my refund for the returned item be processed?
TIX102820,CUST000902,2025-10-23,Damaged Item,Live Chat,8.8,4.0,"I want to return this item, it doesn't fit as expected."
TIX102821,CUST005621,2025-01-24,Product Question,Social Media,8.9,4.0,When will my refund for the returned item be processed?
TIX102822,CUST000012,2024-10-06,Refund Status,Live Chat,3.2,5.0,"I was charged twice for order ORD100814, please refund the duplicate charge."
TIX102823,CUST005093,2026-02-14,Refund Status,Live Chat,4.5,5.0,"I can't log into my account, it says my password is invalid."
TIX102824,CUST001322,2025-02-28,Wrong Item Shipped,Phone,5.9,5.0,  the delivery guy left my package outside in the rain!!  
TIX102825,CUST001370,2025-08-15,Wrong Item Shipped,Social Media,22.8,3.0,  the delivery guy left my package outside in the rain!!  
TIX102826,CUST004522,2026-01-16,Account Access,Email,9.7,1.0,Can you tell me the warranty period on this product?
TIX102827,CUST002946,2025-02-21,Product Question,Live Chat,4.3,,Can you tell me the warranty period on this product?
TIX102828,CUST005148,2026-01-31,Return Request,Email,1.2,5.0,"I can't log into my account, it says my password is invalid."
TIX102829,CUST003745,2025-09-26,Billing Issue,Email,14.8,3.0,  the delivery guy left my package outside in the rain!!  
TIX102830,CUST004122,2024-10-23,Return Request,Email,4.1,5.0,"Wrong item was shipped to me, I ordered a different color."
TIX102831,CUST001242,2024-10-13,Delivery Delay,Live Chat,16.0,,My order ORD117340 still hasn't arrived and it's been over a week.
TIX102832,CUST001141,2025-10-23,Delivery Delay,Live Chat,14.2,5.0,When will my refund for the returned item be processed?
TIX102833,CUST004876,2025-01-22,Billing Issue,Phone,7.4,,"I can't log into my account, it says my password is invalid."
TIX102834,CUST005421,2025-04-03,Damaged Item,Email,4.8,5.0,Can you tell me the warranty period on this product?
TIX102835,CUST001307,2025-11-20,Billing Issue,Live Chat,10.3,3.0,Can you tell me the warranty period on this product?
TIX102836,CUST005439,2025-03-23,Return Request,Phone,7.4,5.0,When will my refund for the returned item be processed?
TIX102837,CUST005880,2024-12-26,Damaged Item,Phone,7.3,4.0,Can you tell me the warranty period on this product?
TIX102838,CUST004565,2026-06-26,Damaged Item,Phone,51.3,4.0,  the delivery guy left my package outside in the rain!!  
TIX102839,CUST000729,2025-11-20,Damaged Item,Live Chat,16.1,3.0,When will my refund for the returned item be processed?
TIX102840,CUST000657,2025-07-19,Billing Issue,Social Media,19.4,3.0,"I can't log into my account, it says my password is invalid."
TIX102841,CUST000310,2024-11-17,Refund Status,Phone,3.9,3.0,"I can't log into my account, it says my password is invalid."
TIX102842,CUST004588,2024-11-06,Delivery Delay,Phone,9.2,5.0,"I want to return this item, it doesn't fit as expected."
TIX102843,CUST005137,2026-02-23,Product Question,Social Media,5.4,5.0,"The item I received was damaged during shipping, need a replacement."
TIX102844,CUST002286,2026-02-06,Delivery Delay,Email,46.9,4.0,"Wrong item was shipped to me, I ordered a different color."
TIX102845,CUST002752,2025-11-07,Refund Status,Email,11.0,5.0,When will my refund for the returned item be processed?
TIX102846,CUST003540,2024-11-28,Damaged Item,Live Chat,44.3,,"The item I received was damaged during shipping, need a replacement."
TIX102847,CUST005998,2026-06-17,Wrong Item Shipped,Phone,12.6,4.0,"I was charged twice for order ORD126981, please refund the duplicate charge."
TIX102848,CUST005623,2026-05-15,Delivery Delay,Live Chat,66.4,5.0,"I want to return this item, it doesn't fit as expected."
TIX102849,CUST000877,2025-12-01,Product Question,Live Chat,21.1,3.0,Can you tell me the warranty period on this product?
TIX102850,CUST000031,2025-08-30,Product Question,Live Chat,15.7,4.0,My order ORD108291 still hasn't arrived and it's been over a week.
TIX102851,CUST004058,2026-04-28,Refund Status,Phone,18.9,3.0,"I can't log into my account, it says my password is invalid."
TIX102852,CUST003213,2025-02-17,Damaged Item,Social Media,1.9,5.0,"I was charged twice for order ORD116261, please refund the duplicate charge."
TIX102853,CUST002487,2024-10-08,Product Question,Phone,17.7,5.0,"I want to return this item, it doesn't fit as expected."
TIX102854,CUST000990,2024-09-05,Wrong Item Shipped,Phone,6.5,4.0,"Great service, just wanted to confirm my order status."
TIX102855,CUST001729,2026-05-25,Refund Status,Phone,26.8,4.0,"Wrong item was shipped to me, I ordered a different color."
TIX102856,CUST002223,2024-11-25,Return Request,Phone,9.3,3.0,"I want to return this item, it doesn't fit as expected."
TIX102857,CUST000427,2025-05-15,Product Question,Phone,37.0,5.0,"I want to return this item, it doesn't fit as expected."
TIX102858,CUST001510,2026-03-28,Billing Issue,Email,8.1,3.0,"I can't log into my account, it says my password is invalid."
TIX102859,CUST001523,2024-09-20,Product Question,Email,6.0,3.0,My order ORD115362 still hasn't arrived and it's been over a week.
TIX102860,CUST002969,2025-05-29,Billing Issue,Phone,12.7,4.0,"I was charged twice for order ORD117348, please refund the duplicate charge."
TIX102861,CUST001249,2026-06-12,Refund Status,Phone,11.0,5.0,"The item I received was damaged during shipping, need a replacement."
TIX102862,CUST005504,2024-12-03,Product Question,Live Chat,1.0,5.0,When will my refund for the returned item be processed?
TIX102863,CUST004603,2026-03-06,Product Question,Email,26.3,2.0,My order ORD124349 still hasn't arrived and it's been over a week.
TIX102864,CUST001821,2025-04-05,Product Question,Live Chat,8.9,,Can you tell me the warranty period on this product?
TIX102865,CUST004354,2025-02-22,Damaged Item,Live Chat,11.1,5.0,"Wrong item was shipped to me, I ordered a different color."
TIX102866,CUST002599,2024-11-18,Delivery Delay,Live Chat,22.3,5.0,  the delivery guy left my package outside in the rain!!  
TIX102867,CUST003940,2026-01-05,Wrong Item Shipped,Phone,0.9,4.0,When will my refund for the returned item be processed?
TIX102868,CUST004654,2026-01-08,Account Access,Live Chat,5.2,4.0,"I want to return this item, it doesn't fit as expected."
TIX102869,CUST002766,2025-03-17,Refund Status,Live Chat,4.5,3.0,My order ORD104235 still hasn't arrived and it's been over a week.
TIX102870,CUST002771,2026-02-16,Damaged Item,Email,13.5,1.0,My order ORD110815 still hasn't arrived and it's been over a week.
TIX102871,CUST001853,2026-05-22,Refund Status,Email,34.8,5.0,"I want to return this item, it doesn't fit as expected."
TIX102872,CUST001775,2025-02-26,Wrong Item Shipped,Email,11.7,4.0,"I want to return this item, it doesn't fit as expected."
TIX102873,CUST003116,2025-05-04,Product Question,Email,6.6,5.0,  the delivery guy left my package outside in the rain!!  
TIX102874,CUST005752,2026-03-15,Billing Issue,Email,1.9,5.0,"The item I received was damaged during shipping, need a replacement."
TIX102875,CUST003806,2024-09-20,Billing Issue,Live Chat,0.0,3.0,Can you tell me the warranty period on this product?
TIX102876,CUST002757,2024-12-19,Refund Status,Live Chat,6.0,5.0,When will my refund for the returned item be processed?
TIX102877,CUST000711,2026-01-04,Wrong Item Shipped,Live Chat,11.2,3.0,"Great service, just wanted to confirm my order status."
TIX102878,CUST003483,2025-07-11,Wrong Item Shipped,Email,7.9,4.0,"I want to return this item, it doesn't fit as expected."
TIX102879,CUST004247,2025-07-14,Wrong Item Shipped,Social Media,11.1,5.0,  the delivery guy left my package outside in the rain!!  
TIX102880,CUST004298,2025-05-23,Wrong Item Shipped,Social Media,10.4,5.0,  the delivery guy left my package outside in the rain!!  
TIX102881,CUST003242,2026-06-15,Account Access,Phone,10.8,5.0,"Wrong item was shipped to me, I ordered a different color."
TIX102882,CUST000667,2024-09-20,Delivery Delay,Social Media,20.0,3.0,"The item I received was damaged during shipping, need a replacement."
TIX102883,CUST002353,2026-06-24,Billing Issue,Email,8.4,5.0,Can you tell me the warranty period on this product?
TIX102884,CUST000147,2025-03-07,Wrong Item Shipped,Social Media,30.9,5.0,"Wrong item was shipped to me, I ordered a different color."
TIX102885,CUST001398,2024-12-09,Account Access,Phone,29.1,,"The item I received was damaged during shipping, need a replacement."
TIX102886,CUST002438,2025-03-22,Wrong Item Shipped,Social Media,4.7,5.0,When will my refund for the returned item be processed?
TIX102887,CUST002369,2025-05-01,Product Question,Email,2.2,5.0,When will my refund for the returned item be processed?
TIX102888,CUST001026,2025-12-10,Delivery Delay,Live Chat,42.3,5.0,"I want to return this item, it doesn't fit as expected."
TIX102889,CUST000781,2025-06-02,Account Access,Live Chat,3.4,4.0,When will my refund for the returned item be processed?
TIX102890,CUST000910,2026-06-17,Product Question,Social Media,18.8,5.0,My order ORD116288 still hasn't arrived and it's been over a week.
TIX102891,CUST005480,2026-06-24,Account Access,Social Media,36.2,5.0,Can you tell me the warranty period on this product?
TIX102892,CUST002866,2026-01-14,Product Question,Email,0.1,5.0,  the delivery guy left my package outside in the rain!!  
TIX102893,CUST005157,2025-09-19,Product Question,Phone,5.6,4.0,"I want to return this item, it doesn't fit as expected."
TIX102894,CUST005458,2024-10-26,Return Request,Social Media,6.1,2.0,My order ORD116376 still hasn't arrived and it's been over a week.
TIX102895,CUST002469,2025-11-23,Wrong Item Shipped,Live Chat,21.1,5.0,"I can't log into my account, it says my password is invalid."
TIX102896,CUST004918,2025-03-23,Product Question,Phone,18.7,5.0,"I was charged twice for order ORD125855, please refund the duplicate charge."
TIX102897,CUST001125,2026-02-23,Damaged Item,Phone,14.5,4.0,"The item I received was damaged during shipping, need a replacement."
TIX102898,CUST002049,2025-01-04,Damaged Item,Social Media,43.9,2.0,"I was charged twice for order ORD101817, please refund the duplicate charge."
TIX102899,CUST005039,2026-06-16,Wrong Item Shipped,Email,78.2,5.0,"I was charged twice for order ORD106746, please refund the duplicate charge."
TIX102900,CUST001481,2025-05-26,Refund Status,Email,1.3,4.0,"Wrong item was shipped to me, I ordered a different color."
TIX102901,CUST002103,2025-07-10,Wrong Item Shipped,Email,36.9,5.0,"I can't log into my account, it says my password is invalid."
TIX102902,CUST003386,2025-09-17,Delivery Delay,Social Media,4.3,4.0,"I want to return this item, it doesn't fit as expected."
TIX102903,CUST002748,2026-05-27,Wrong Item Shipped,Social Media,3.0,4.0,Can you tell me the warranty period on this product?
TIX102904,CUST004473,2024-10-13,Delivery Delay,Social Media,27.3,4.0,"I was charged twice for order ORD101500, please refund the duplicate charge."
TIX102905,CUST004935,2024-12-19,Billing Issue,Social Media,18.0,5.0,  the delivery guy left my package outside in the rain!!  
TIX102906,CUST004773,2025-03-04,Wrong Item Shipped,Live Chat,1.1,5.0,  the delivery guy left my package outside in the rain!!  
TIX102907,CUST005540,2024-12-02,Wrong Item Shipped,Email,4.4,5.0,"Wrong item was shipped to me, I ordered a different color."
TIX102908,CUST001132,2026-06-08,Wrong Item Shipped,Phone,22.4,4.0,When will my refund for the returned item be processed?
TIX102909,CUST003690,2024-10-16,Product Question,Live Chat,0.2,4.0,My order ORD119763 still hasn't arrived and it's been over a week.
TIX102910,CUST004167,2024-10-16,Refund Status,Email,6.0,5.0,"Wrong item was shipped to me, I ordered a different color."
TIX102911,CUST003167,2025-02-02,Product Question,Social Media,10.8,4.0,Can you tell me the warranty period on this product?
TIX102912,CUST005362,2024-10-24,Account Access,Email,43.9,4.0,My order ORD100824 still hasn't arrived and it's been over a week.
TIX102913,CUST003009,2025-10-20,Account Access,Email,34.2,4.0,"The item I received was damaged during shipping, need a replacement."
TIX102914,CUST000801,2025-10-27,Billing Issue,Live Chat,4.4,4.0,"I want to return this item, it doesn't fit as expected."
TIX102915,CUST004064,2025-02-20,Wrong Item Shipped,Email,6.6,5.0,"Great service, just wanted to confirm my order status."
TIX102916,CUST005733,2024-12-22,Account Access,Live Chat,13.2,2.0,"Great service, just wanted to confirm my order status."
TIX102917,CUST002967,2025-09-02,Damaged Item,Phone,10.3,1.0,  the delivery guy left my package outside in the rain!!  
TIX102918,CUST004714,2026-05-23,Product Question,Email,26.4,5.0,"I can't log into my account, it says my password is invalid."
TIX102919,CUST004894,2026-02-25,Product Question,Social Media,54.4,5.0,  the delivery guy left my package outside in the rain!!  
TIX102920,CUST006058,2025-12-22,Return Request,Phone,17.5,2.0,"I was charged twice for order ORD122787, please refund the duplicate charge."
TIX102921,CUST004282,2024-12-28,Product Question,Phone,2.1,5.0,"Wrong item was shipped to me, I ordered a different color."
TIX102922,CUST005955,2024-11-04,Billing Issue,Email,10.5,4.0,"I can't log into my account, it says my password is invalid."
TIX102923,CUST001596,2025-09-28,Wrong Item Shipped,Email,14.3,4.0,Can you tell me the warranty period on this product?
TIX102924,CUST001957,2026-03-14,Product Question,Phone,55.9,,When will my refund for the returned item be processed?
TIX102925,CUST003110,2026-03-16,Wrong Item Shipped,Social Media,7.6,5.0,My order ORD110968 still hasn't arrived and it's been over a week.
TIX102926,CUST000333,2024-10-13,Return Request,Social Media,19.9,1.0,"I can't log into my account, it says my password is invalid."
TIX102927,CUST005538,2025-04-30,Product Question,Live Chat,0.2,5.0,"I want to return this item, it doesn't fit as expected."
TIX102928,CUST003443,2026-04-25,Billing Issue,Phone,10.3,4.0,  the delivery guy left my package outside in the rain!!  
TIX102929,CUST001927,2026-02-24,Damaged Item,Social Media,0.7,4.0,"Wrong item was shipped to me, I ordered a different color."
TIX102930,CUST005092,2025-12-10,Billing Issue,Email,4.9,,Can you tell me the warranty period on this product?
TIX102931,CUST005168,2026-03-25,Delivery Delay,Phone,11.4,3.0,When will my refund for the returned item be processed?
TIX102932,CUST004324,2025-08-17,Damaged Item,Email,15.7,5.0,"I want to return this item, it doesn't fit as expected."
TIX102933,CUST005502,2024-11-21,Product Question,Phone,37.7,3.0,My order ORD112473 still hasn't arrived and it's been over a week.
TIX102934,CUST006012,2026-03-16,Product Question,Email,3.7,4.0,"I can't log into my account, it says my password is invalid."
TIX102935,CUST002895,2025-05-14,Product Question,Social Media,6.6,5.0,"Wrong item was shipped to me, I ordered a different color."
TIX102936,CUST004641,2025-11-16,Refund Status,Phone,14.7,5.0,  the delivery guy left my package outside in the rain!!  
TIX102937,CUST001821,2025-12-26,Wrong Item Shipped,Live Chat,4.3,1.0,"I was charged twice for order ORD100860, please refund the duplicate charge."
TIX102938,CUST005423,2025-03-26,Account Access,Email,42.9,5.0,"I was charged twice for order ORD118331, please refund the duplicate charge."
TIX102939,CUST004146,2026-03-09,Account Access,Live Chat,37.3,2.0,My order ORD118106 still hasn't arrived and it's been over a week.
TIX102940,CUST003883,2026-04-27,Refund Status,Social Media,39.2,3.0,"Great service, just wanted to confirm my order status."
TIX102941,CUST002030,2026-03-22,Refund Status,Live Chat,22.9,1.0,"The item I received was damaged during shipping, need a replacement."
TIX102942,CUST005994,2025-10-10,Refund Status,Email,100.5,3.0,"I was charged twice for order ORD107795, please refund the duplicate charge."
TIX102943,CUST003855,2025-02-19,Account Access,Live Chat,31.5,3.0,  the delivery guy left my package outside in the rain!!  
TIX102944,CUST003588,2024-09-06,Refund Status,Social Media,12.3,4.0,Can you tell me the warranty period on this product?
TIX102945,CUST000921,2025-05-22,Product Question,Live Chat,24.2,3.0,"Wrong item was shipped to me, I ordered a different color."
TIX102946,CUST005073,2025-09-06,Refund Status,Social Media,1.8,2.0,"I was charged twice for order ORD100655, please refund the duplicate charge."
TIX102947,CUST004147,2026-03-18,Product Question,Email,45.0,4.0,"Wrong item was shipped to me, I ordered a different color."
TIX102948,CUST003023,2025-08-17,Refund Status,Social Media,74.6,1.0,"Wrong item was shipped to me, I ordered a different color."
TIX102949,CUST004059,2026-06-06,Billing Issue,Phone,35.0,4.0,My order ORD117340 still hasn't arrived and it's been over a week.
TIX102950,CUST000397,2025-06-06,Wrong Item Shipped,Phone,0.7,5.0,My order ORD113247 still hasn't arrived and it's been over a week.
TIX102951,CUST002112,2024-10-11,Damaged Item,Live Chat,3.3,5.0,My order ORD122740 still hasn't arrived and it's been over a week.
TIX102952,CUST001419,2026-05-24,Delivery Delay,Email,2.0,4.0,"I can't log into my account, it says my password is invalid."
TIX102953,CUST001845,2026-01-05,Account Access,Live Chat,10.0,4.0,"I was charged twice for order ORD102227, please refund the duplicate charge."
TIX102954,CUST001113,2025-11-21,Product Question,Phone,0.7,5.0,When will my refund for the returned item be processed?
TIX102955,CUST002552,2025-06-12,Account Access,Phone,51.7,2.0,"The item I received was damaged during shipping, need a replacement."
TIX102956,CUST005991,2025-02-01,Account Access,Phone,15.8,5.0,"Great service, just wanted to confirm my order status."
TIX102957,CUST000220,2024-12-21,Account Access,Phone,15.1,5.0,When will my refund for the returned item be processed?
TIX102958,CUST003604,2025-05-24,Billing Issue,Live Chat,10.6,5.0,"The item I received was damaged during shipping, need a replacement."
TIX102959,CUST000195,2025-03-31,Wrong Item Shipped,Email,7.4,5.0,My order ORD104393 still hasn't arrived and it's been over a week.
TIX102960,CUST001954,2025-04-27,Product Question,Live Chat,11.9,2.0,  the delivery guy left my package outside in the rain!!  
TIX102961,CUST003394,2026-02-01,Damaged Item,Email,13.1,4.0,Can you tell me the warranty period on this product?
TIX102962,CUST006034,2025-10-05,Delivery Delay,Email,21.4,,"Great service, just wanted to confirm my order status."
TIX102963,CUST005287,2026-05-14,Wrong Item Shipped,Email,3.3,,"Wrong item was shipped to me, I ordered a different color."
TIX102964,CUST005499,2025-05-11,Account Access,Social Media,15.4,3.0,"I can't log into my account, it says my password is invalid."
TIX102965,CUST002237,2025-11-18,Delivery Delay,Social Media,15.6,4.0,My order ORD102302 still hasn't arrived and it's been over a week.
TIX102966,CUST004677,2025-07-20,Wrong Item Shipped,Social Media,8.2,4.0,"The item I received was damaged during shipping, need a replacement."
TIX102967,CUST002593,2025-04-14,Billing Issue,Email,60.0,3.0,"I want to return this item, it doesn't fit as expected."
TIX102968,CUST000172,2025-08-03,Damaged Item,Live Chat,24.6,5.0,  the delivery guy left my package outside in the rain!!  
TIX102969,CUST004188,2025-05-13,Refund Status,Live Chat,22.3,5.0,When will my refund for the returned item be processed?
TIX102970,CUST002320,2025-02-10,Wrong Item Shipped,Phone,37.2,5.0,"I was charged twice for order ORD122973, please refund the duplicate charge."
TIX102971,CUST004652,2025-05-02,Account Access,Phone,7.4,,"I was charged twice for order ORD106876, please refund the duplicate charge."
TIX102972,CUST005038,2025-10-18,Return Request,Phone,4.3,5.0,Can you tell me the warranty period on this product?
TIX102973,CUST001118,2026-06-02,Delivery Delay,Phone,10.4,4.0,  the delivery guy left my package outside in the rain!!  
TIX102974,CUST002562,2024-09-03,Refund Status,Phone,16.4,4.0,Can you tell me the warranty period on this product?
TIX102975,CUST005509,2025-12-11,Billing Issue,Phone,14.7,3.0,When will my refund for the returned item be processed?
TIX102976,CUST004370,2026-01-18,Damaged Item,Phone,4.5,4.0,When will my refund for the returned item be processed?
TIX102977,CUST004367,2025-11-20,Delivery Delay,Email,5.6,5.0,"I want to return this item, it doesn't fit as expected."
TIX102978,CUST005985,2025-09-20,Damaged Item,Social Media,46.8,,"I was charged twice for order ORD118947, please refund the duplicate charge."
TIX102979,CUST005944,2025-06-16,Wrong Item Shipped,Email,1.5,5.0,"I can't log into my account, it says my password is invalid."
TIX102980,CUST001430,2025-10-27,Product Question,Social Media,12.6,5.0,When will my refund for the returned item be processed?
TIX102981,CUST004013,2025-01-14,Return Request,Email,11.6,,"Great service, just wanted to confirm my order status."
TIX102982,CUST005529,2025-12-20,Product Question,Email,8.7,4.0,"I want to return this item, it doesn't fit as expected."
TIX102983,CUST001258,2025-12-26,Refund Status,Email,27.6,2.0,Can you tell me the warranty period on this product?
TIX102984,CUST000886,2024-09-09,Billing Issue,Live Chat,46.1,,"Great service, just wanted to confirm my order status."
TIX102985,CUST004196,2026-04-29,Return Request,Live Chat,106.3,5.0,"I can't log into my account, it says my password is invalid."
TIX102986,CUST003819,2025-07-12,Return Request,Live Chat,2.4,5.0,"I was charged twice for order ORD126544, please refund the duplicate charge."
TIX102987,CUST005886,2024-11-25,Billing Issue,Email,0.8,5.0,Can you tell me the warranty period on this product?
TIX102988,CUST000344,2024-09-08,Billing Issue,Live Chat,5.8,2.0,"Wrong item was shipped to me, I ordered a different color."
TIX102989,CUST000918,2025-05-12,Wrong Item Shipped,Live Chat,20.7,4.0,"Great service, just wanted to confirm my order status."
TIX102990,CUST000545,2026-03-23,Billing Issue,Live Chat,9.3,5.0,"The item I received was damaged during shipping, need a replacement."
TIX102991,CUST006032,2025-07-23,Delivery Delay,Phone,11.3,5.0,"Great service, just wanted to confirm my order status."
TIX102992,CUST003031,2025-08-03,Delivery Delay,Social Media,134.2,5.0,When will my refund for the returned item be processed?
TIX102993,CUST005613,2025-07-17,Account Access,Phone,12.2,4.0,My order ORD112421 still hasn't arrived and it's been over a week.
TIX102994,CUST004824,2025-12-22,Damaged Item,Social Media,44.4,4.0,"I want to return this item, it doesn't fit as expected."
TIX102995,CUST005089,2025-08-01,Delivery Delay,Social Media,9.5,,When will my refund for the returned item be processed?
TIX102996,CUST002713,2026-06-02,Account Access,Phone,10.4,,"I can't log into my account, it says my password is invalid."
TIX102997,CUST003652,2025-11-23,Damaged Item,Email,26.6,5.0,"Wrong item was shipped to me, I ordered a different color."
TIX102998,CUST004227,2025-01-28,Delivery Delay,Email,41.7,5.0,My order ORD119430 still hasn't arrived and it's been over a week.
TIX102999,CUST000491,2025-10-30,Return Request,Live Chat,30.2,,My order ORD105814 still hasn't arrived and it's been over a week.
TIX103000,CUST001318,2024-09-18,Return Request,Phone,11.5,5.0,"The item I received was damaged during shipping, need a replacement."
TIX103001,CUST003038,2025-02-19,Return Request,Email,21.6,5.0,Can you tell me the warranty period on this product?
TIX103002,CUST002243,2025-01-10,Account Access,Email,5.5,5.0,Can you tell me the warranty period on this product?
TIX103003,CUST001452,2025-06-07,Return Request,Live Chat,1.4,5.0,  the delivery guy left my package outside in the rain!!  
TIX103004,CUST005325,2026-04-09,Billing Issue,Live Chat,3.1,3.0,"I can't log into my account, it says my password is invalid."
TIX103005,CUST000737,2026-01-15,Billing Issue,Social Media,0.4,2.0,"I want to return this item, it doesn't fit as expected."
TIX103006,CUST005758,2024-10-25,Product Question,Social Media,10.6,1.0,My order ORD126042 still hasn't arrived and it's been over a week.
TIX103007,CUST005302,2025-04-01,Refund Status,Phone,19.2,5.0,"Great service, just wanted to confirm my order status."
TIX103008,CUST002654,2024-10-22,Account Access,Social Media,0.6,4.0,Can you tell me the warranty period on this product?
TIX103009,CUST002795,2026-01-08,Wrong Item Shipped,Live Chat,1.0,,"Great service, just wanted to confirm my order status."
TIX103010,CUST004630,2024-11-26,Product Question,Social Media,13.2,,"I can't log into my account, it says my password is invalid."
TIX103011,CUST003456,2026-04-02,Billing Issue,Email,50.5,4.0,My order ORD114677 still hasn't arrived and it's been over a week.
TIX103012,CUST002156,2026-06-07,Account Access,Phone,2.7,4.0,Can you tell me the warranty period on this product?
TIX103013,CUST001010,2024-11-11,Wrong Item Shipped,Phone,20.4,5.0,"I was charged twice for order ORD116875, please refund the duplicate charge."
TIX103014,CUST004255,2024-10-05,Return Request,Phone,19.1,,  the delivery guy left my package outside in the rain!!  
TIX103015,CUST002645,2025-10-04,Delivery Delay,Live Chat,6.6,,"I can't log into my account, it says my password is invalid."
TIX103016,CUST001431,2025-03-13,Wrong Item Shipped,Email,1.4,4.0,"Wrong item was shipped to me, I ordered a different color."
TIX103017,CUST002399,2024-12-10,Refund Status,Social Media,16.9,5.0,Can you tell me the warranty period on this product?
TIX103018,CUST005757,2025-12-27,Billing Issue,Email,10.5,5.0,"Wrong item was shipped to me, I ordered a different color."
TIX103019,CUST002458,2025-11-30,Refund Status,Live Chat,6.7,5.0,Can you tell me the warranty period on this product?
TIX103020,CUST004472,2025-07-23,Product Question,Live Chat,27.3,5.0,  the delivery guy left my package outside in the rain!!  
TIX103021,CUST004830,2025-02-18,Refund Status,Social Media,9.3,4.0,"I want to return this item, it doesn't fit as expected."
TIX103022,CUST005208,2026-03-03,Delivery Delay,Live Chat,17.3,5.0,When will my refund for the returned item be processed?
TIX103023,CUST000807,2026-03-11,Damaged Item,Email,5.3,3.0,"I was charged twice for order ORD105704, please refund the duplicate charge."
TIX103024,CUST002998,2024-11-28,Return Request,Phone,1.5,5.0,  the delivery guy left my package outside in the rain!!  
TIX103025,CUST003348,2025-08-03,Return Request,Phone,3.0,5.0,"The item I received was damaged during shipping, need a replacement."
TIX103026,CUST005302,2025-07-27,Account Access,Live Chat,8.2,,"Great service, just wanted to confirm my order status."
TIX103027,CUST001127,2025-12-28,Damaged Item,Phone,23.8,,"I want to return this item, it doesn't fit as expected."
TIX103028,CUST004519,2024-10-20,Return Request,Email,15.9,5.0,"The item I received was damaged during shipping, need a replacement."
TIX103029,CUST003031,2025-02-11,Account Access,Phone,8.5,4.0,"I want to return this item, it doesn't fit as expected."
TIX103030,CUST000456,2025-12-27,Wrong Item Shipped,Social Media,11.6,5.0,Can you tell me the warranty period on this product?
TIX103031,CUST005329,2025-12-10,Damaged Item,Email,15.7,4.0,"I was charged twice for order ORD125885, please refund the duplicate charge."
TIX103032,CUST003156,2024-09-26,Billing Issue,Phone,3.3,4.0,Can you tell me the warranty period on this product?
TIX103033,CUST001495,2025-10-01,Billing Issue,Social Media,5.7,4.0,"Great service, just wanted to confirm my order status."
TIX103034,CUST005225,2026-04-21,Return Request,Live Chat,5.8,5.0,"I can't log into my account, it says my password is invalid."
TIX103035,CUST002248,2025-11-11,Damaged Item,Phone,2.0,5.0,My order ORD122864 still hasn't arrived and it's been over a week.
TIX103036,CUST000640,2024-09-07,Delivery Delay,Social Media,4.0,,Can you tell me the warranty period on this product?
TIX103037,CUST001905,2026-04-30,Return Request,Social Media,14.7,4.0,My order ORD103544 still hasn't arrived and it's been over a week.
TIX103038,CUST002039,2026-01-04,Damaged Item,Social Media,4.6,,"Great service, just wanted to confirm my order status."
TIX103039,CUST004644,2024-09-10,Delivery Delay,Email,15.7,5.0,"I can't log into my account, it says my password is invalid."
TIX103040,CUST003714,2025-10-28,Billing Issue,Social Media,0.4,3.0,"The item I received was damaged during shipping, need a replacement."
TIX103041,CUST002705,2024-09-25,Delivery Delay,Phone,3.4,,"I can't log into my account, it says my password is invalid."
TIX103042,CUST003127,2025-04-12,Billing Issue,Email,17.0,,  the delivery guy left my package outside in the rain!!  
TIX103043,CUST003304,2024-10-05,Account Access,Social Media,15.8,5.0,Can you tell me the warranty period on this product?
TIX103044,CUST001700,2025-01-04,Damaged Item,Phone,5.8,5.0,My order ORD112507 still hasn't arrived and it's been over a week.
TIX103045,CUST002304,2025-06-17,Product Question,Live Chat,17.6,1.0,"I want to return this item, it doesn't fit as expected."
TIX103046,CUST004799,2025-02-16,Billing Issue,Phone,3.3,4.0,"I was charged twice for order ORD108893, please refund the duplicate charge."
TIX103047,CUST004399,2025-02-13,Refund Status,Email,30.6,4.0,"I was charged twice for order ORD108571, please refund the duplicate charge."
TIX103048,CUST002764,2025-01-07,Damaged Item,Email,5.2,,When will my refund for the returned item be processed?
TIX103049,CUST002771,2025-01-04,Wrong Item Shipped,Live Chat,11.3,,"I can't log into my account, it says my password is invalid."
TIX103050,CUST002138,2026-03-10,Product Question,Live Chat,53.0,4.0,"I was charged twice for order ORD114099, please refund the duplicate charge."
TIX103051,CUST003133,2026-04-18,Billing Issue,Social Media,15.5,4.0,"I can't log into my account, it says my password is invalid."
TIX103052,CUST004075,2025-07-01,Wrong Item Shipped,Live Chat,25.1,4.0,Can you tell me the warranty period on this product?
TIX103053,CUST003837,2026-05-04,Account Access,Email,24.6,1.0,My order ORD103754 still hasn't arrived and it's been over a week.
TIX103054,CUST000790,2025-05-16,Refund Status,Phone,8.6,1.0,When will my refund for the returned item be processed?
TIX103055,CUST000852,2025-04-27,Refund Status,Phone,1.9,5.0,  the delivery guy left my package outside in the rain!!  
TIX103056,CUST004721,2024-10-04,Delivery Delay,Social Media,7.5,1.0,"Great service, just wanted to confirm my order status."
TIX103057,CUST005659,2025-09-13,Product Question,Social Media,0.6,5.0,"I want to return this item, it doesn't fit as expected."
TIX103058,CUST000204,2026-01-06,Wrong Item Shipped,Live Chat,5.5,,"I can't log into my account, it says my password is invalid."
TIX103059,CUST004009,2026-03-27,Billing Issue,Phone,0.7,3.0,When will my refund for the returned item be processed?
TIX103060,CUST001442,2024-09-07,Delivery Delay,Phone,9.8,2.0,"Great service, just wanted to confirm my order status."
TIX103061,CUST002999,2026-02-06,Delivery Delay,Social Media,0.2,4.0,"I want to return this item, it doesn't fit as expected."
TIX103062,CUST005787,2025-11-09,Return Request,Phone,25.7,,"Wrong item was shipped to me, I ordered a different color."
TIX103063,CUST002051,2025-10-13,Account Access,Phone,59.4,,"Wrong item was shipped to me, I ordered a different color."
TIX103064,CUST001836,2025-03-28,Return Request,Social Media,0.6,2.0,"The item I received was damaged during shipping, need a replacement."
TIX103065,CUST000680,2025-10-10,Damaged Item,Social Media,15.5,3.0,"I can't log into my account, it says my password is invalid."
TIX103066,CUST001641,2025-11-12,Account Access,Social Media,5.7,4.0,  the delivery guy left my package outside in the rain!!  
TIX103067,CUST004719,2025-11-16,Return Request,Phone,13.4,1.0,"Wrong item was shipped to me, I ordered a different color."
TIX103068,CUST004742,2025-03-29,Account Access,Live Chat,51.6,2.0,"Great service, just wanted to confirm my order status."
TIX103069,CUST002397,2025-11-03,Product Question,Social Media,26.1,2.0,"I can't log into my account, it says my password is invalid."
TIX103070,CUST002386,2025-11-25,Return Request,Email,24.7,1.0,"I want to return this item, it doesn't fit as expected."
TIX103071,CUST002409,2025-09-08,Wrong Item Shipped,Phone,6.3,5.0,  the delivery guy left my package outside in the rain!!  
TIX103072,CUST005079,2026-04-30,Return Request,Phone,28.7,5.0,Can you tell me the warranty period on this product?
TIX103073,CUST003713,2024-10-06,Wrong Item Shipped,Phone,1.9,4.0,"The item I received was damaged during shipping, need a replacement."
TIX103074,CUST002800,2025-01-28,Billing Issue,Phone,22.1,4.0,"I can't log into my account, it says my password is invalid."
TIX103075,CUST003978,2024-11-03,Wrong Item Shipped,Live Chat,9.3,5.0,When will my refund for the returned item be processed?
TIX103076,CUST003396,2025-11-09,Return Request,Phone,10.3,,Can you tell me the warranty period on this product?
TIX103077,CUST005157,2026-03-07,Damaged Item,Phone,12.1,,"I was charged twice for order ORD119772, please refund the duplicate charge."
TIX103078,CUST001632,2024-12-27,Refund Status,Phone,26.3,4.0,My order ORD123846 still hasn't arrived and it's been over a week.
TIX103079,CUST002270,2024-10-25,Delivery Delay,Email,6.7,3.0,"I can't log into my account, it says my password is invalid."
TIX103080,CUST005862,2025-10-01,Return Request,Live Chat,7.0,5.0,  the delivery guy left my package outside in the rain!!  
TIX103081,CUST001215,2025-07-23,Return Request,Phone,13.2,4.0,"The item I received was damaged during shipping, need a replacement."
TIX103082,CUST005212,2026-04-03,Damaged Item,Email,5.6,4.0,"I can't log into my account, it says my password is invalid."
TIX103083,CUST005073,2025-02-25,Return Request,Social Media,10.6,5.0,When will my refund for the returned item be processed?
TIX103084,CUST005049,2025-02-05,Refund Status,Email,19.4,,"I can't log into my account, it says my password is invalid."
TIX103085,CUST001619,2025-11-03,Product Question,Social Media,82.6,3.0,"I can't log into my account, it says my password is invalid."
TIX103086,CUST000791,2026-01-24,Wrong Item Shipped,Social Media,5.5,4.0,"I was charged twice for order ORD103956, please refund the duplicate charge."
TIX103087,CUST003559,2024-11-28,Account Access,Email,5.5,4.0,"I was charged twice for order ORD107237, please refund the duplicate charge."
TIX103088,CUST004556,2025-03-06,Billing Issue,Phone,9.0,,"Wrong item was shipped to me, I ordered a different color."
TIX103089,CUST001557,2025-08-16,Account Access,Social Media,19.4,5.0,When will my refund for the returned item be processed?
TIX103090,CUST005276,2025-01-19,Return Request,Live Chat,46.9,5.0,"I can't log into my account, it says my password is invalid."
TIX103091,CUST002916,2025-08-20,Return Request,Live Chat,53.6,,"I want to return this item, it doesn't fit as expected."
TIX103092,CUST003879,2024-12-14,Refund Status,Phone,7.4,2.0,"I was charged twice for order ORD101250, please refund the duplicate charge."
TIX103093,CUST004777,2026-02-05,Refund Status,Phone,9.7,4.0,When will my refund for the returned item be processed?
TIX103094,CUST000917,2025-01-28,Product Question,Social Media,10.3,4.0,"Wrong item was shipped to me, I ordered a different color."
TIX103095,CUST003494,2026-02-26,Refund Status,Live Chat,7.7,5.0,"I can't log into my account, it says my password is invalid."
TIX103096,CUST003099,2025-12-27,Product Question,Live Chat,6.8,5.0,"Wrong item was shipped to me, I ordered a different color."
TIX103097,CUST005737,2025-08-30,Damaged Item,Phone,1.3,5.0,"Wrong item was shipped to me, I ordered a different color."
TIX103098,CUST004489,2025-06-06,Wrong Item Shipped,Live Chat,14.2,3.0,"I was charged twice for order ORD125272, please refund the duplicate charge."
TIX103099,CUST002346,2026-02-16,Account Access,Social Media,19.5,,Can you tell me the warranty period on this product?
TIX103100,CUST002713,2025-01-29,Damaged Item,Social Media,86.0,4.0,Can you tell me the warranty period on this product?
TIX103101,CUST001387,2024-11-29,Wrong Item Shipped,Phone,17.4,,"I can't log into my account, it says my password is invalid."
TIX103102,CUST004640,2025-05-19,Account Access,Email,17.0,4.0,When will my refund for the returned item be processed?
TIX103103,CUST005884,2025-03-21,Damaged Item,Email,8.3,4.0,"The item I received was damaged during shipping, need a replacement."
TIX103104,CUST003600,2025-01-23,Billing Issue,Email,1.1,1.0,"I can't log into my account, it says my password is invalid."
TIX103105,CUST005667,2026-05-06,Damaged Item,Social Media,17.1,3.0,"The item I received was damaged during shipping, need a replacement."
TIX103106,CUST004616,2025-10-14,Wrong Item Shipped,Phone,2.4,,My order ORD127906 still hasn't arrived and it's been over a week.
TIX103107,CUST002300,2026-05-07,Product Question,Email,24.5,3.0,"Great service, just wanted to confirm my order status."
TIX103108,CUST005266,2025-03-29,Refund Status,Email,25.3,3.0,My order ORD109019 still hasn't arrived and it's been over a week.
TIX103109,CUST004606,2026-02-20,Product Question,Email,2.0,5.0,"I can't log into my account, it says my password is invalid."
TIX103110,CUST003202,2024-12-18,Billing Issue,Live Chat,5.9,3.0,When will my refund for the returned item be processed?
TIX103111,CUST001510,2025-04-12,Delivery Delay,Phone,30.9,3.0,  the delivery guy left my package outside in the rain!!  
TIX103112,CUST001770,2025-12-26,Wrong Item Shipped,Phone,58.9,3.0,"Great service, just wanted to confirm my order status."
TIX103113,CUST004504,2025-08-06,Delivery Delay,Email,23.6,5.0,When will my refund for the returned item be processed?
TIX103114,CUST005325,2025-12-18,Billing Issue,Email,9.2,3.0,"I want to return this item, it doesn't fit as expected."
TIX103115,CUST003223,2026-03-09,Billing Issue,Phone,31.6,3.0,"I want to return this item, it doesn't fit as expected."
TIX103116,CUST003111,2024-09-15,Product Question,Email,6.2,1.0,My order ORD103150 still hasn't arrived and it's been over a week.
TIX103117,CUST004081,2025-02-21,Wrong Item Shipped,Live Chat,36.2,4.0,"I can't log into my account, it says my password is invalid."
TIX103118,CUST003851,2026-04-15,Billing Issue,Social Media,0.8,5.0,"I was charged twice for order ORD116983, please refund the duplicate charge."
TIX103119,CUST005602,2025-02-08,Account Access,Phone,89.1,1.0,"I can't log into my account, it says my password is invalid."
TIX103120,CUST004364,2025-12-14,Product Question,Social Media,2.1,5.0,"Great service, just wanted to confirm my order status."
TIX103121,CUST002540,2026-01-26,Product Question,Phone,44.4,4.0,My order ORD123082 still hasn't arrived and it's been over a week.
TIX103122,CUST004304,2025-11-12,Account Access,Social Media,34.5,5.0,"I want to return this item, it doesn't fit as expected."
TIX103123,CUST000861,2026-05-17,Refund Status,Email,6.2,5.0,"Wrong item was shipped to me, I ordered a different color."
TIX103124,CUST000849,2025-09-23,Damaged Item,Live Chat,11.2,1.0,My order ORD108890 still hasn't arrived and it's been over a week.
TIX103125,CUST000375,2026-01-02,Return Request,Social Media,4.3,5.0,"Wrong item was shipped to me, I ordered a different color."
TIX103126,CUST002162,2025-06-23,Billing Issue,Social Media,11.8,4.0,"I can't log into my account, it says my password is invalid."
TIX103127,CUST005014,2024-10-22,Delivery Delay,Email,3.6,4.0,When will my refund for the returned item be processed?
TIX103128,CUST000366,2025-12-09,Account Access,Live Chat,6.2,3.0,"The item I received was damaged during shipping, need a replacement."
TIX103129,CUST005902,2026-06-07,Refund Status,Live Chat,0.7,3.0,"Great service, just wanted to confirm my order status."
TIX103130,CUST004824,2025-06-30,Return Request,Social Media,14.4,4.0,Can you tell me the warranty period on this product?
TIX103131,CUST000910,2025-03-01,Return Request,Phone,23.1,5.0,"The item I received was damaged during shipping, need a replacement."
TIX103132,CUST000639,2025-12-09,Account Access,Phone,4.1,5.0,"Great service, just wanted to confirm my order status."
TIX103133,CUST004791,2024-10-22,Product Question,Social Media,17.0,4.0,"Great service, just wanted to confirm my order status."
TIX103134,CUST004090,2025-08-14,Damaged Item,Social Media,0.9,3.0,"I was charged twice for order ORD114362, please refund the duplicate charge."
TIX103135,CUST000299,2025-09-18,Refund Status,Social Media,1.6,5.0,  the delivery guy left my package outside in the rain!!  
TIX103136,CUST005808,2025-06-16,Product Question,Email,14.2,3.0,"I want to return this item, it doesn't fit as expected."
TIX103137,CUST005946,2024-09-17,Delivery Delay,Live Chat,1.1,5.0,"Great service, just wanted to confirm my order status."
TIX103138,CUST003489,2024-10-22,Damaged Item,Phone,11.0,3.0,"Great service, just wanted to confirm my order status."
TIX103139,CUST001254,2026-06-03,Damaged Item,Live Chat,1.2,4.0,My order ORD104829 still hasn't arrived and it's been over a week.
TIX103140,CUST002983,2025-06-05,Return Request,Live Chat,7.7,3.0,"Wrong item was shipped to me, I ordered a different color."
TIX103141,CUST000445,2025-06-26,Refund Status,Email,38.3,4.0,"The item I received was damaged during shipping, need a replacement."
TIX103142,CUST000978,2025-01-13,Account Access,Live Chat,24.7,5.0,"Great service, just wanted to confirm my order status."
TIX103143,CUST005178,2026-03-07,Product Question,Phone,9.6,4.0,"I can't log into my account, it says my password is invalid."
TIX103144,CUST002848,2025-05-12,Product Question,Phone,7.8,3.0,  the delivery guy left my package outside in the rain!!  
TIX103145,CUST002623,2026-04-26,Damaged Item,Email,8.2,5.0,"I was charged twice for order ORD124183, please refund the duplicate charge."
TIX103146,CUST004922,2025-06-24,Billing Issue,Social Media,2.5,5.0,"I can't log into my account, it says my password is invalid."
TIX103147,CUST001787,2026-05-03,Billing Issue,Social Media,8.9,2.0,"I was charged twice for order ORD119648, please refund the duplicate charge."
TIX103148,CUST000230,2026-05-31,Account Access,Social Media,15.9,,"Great service, just wanted to confirm my order status."
TIX103149,CUST000006,2025-05-27,Damaged Item,Live Chat,33.9,4.0,"I was charged twice for order ORD114992, please refund the duplicate charge."
TIX103150,CUST005481,2026-06-11,Refund Status,Email,20.7,1.0,"I was charged twice for order ORD121847, please refund the duplicate charge."
TIX103151,CUST002890,2025-12-03,Product Question,Email,18.3,2.0,"The item I received was damaged during shipping, need a replacement."
TIX103152,CUST003054,2026-03-28,Return Request,Social Media,1.3,,"Great service, just wanted to confirm my order status."
TIX103153,CUST000327,2025-09-24,Return Request,Social Media,2.8,3.0,My order ORD120101 still hasn't arrived and it's been over a week.
TIX103154,CUST004630,2026-02-13,Product Question,Live Chat,1.8,5.0,"I can't log into my account, it says my password is invalid."
TIX103155,CUST002015,2025-12-03,Refund Status,Phone,3.8,5.0,When will my refund for the returned item be processed?
TIX103156,CUST005748,2025-05-15,Delivery Delay,Live Chat,26.8,5.0,"I can't log into my account, it says my password is invalid."
TIX103157,CUST005799,2024-10-07,Billing Issue,Phone,17.4,,"I want to return this item, it doesn't fit as expected."
TIX103158,CUST000693,2025-03-20,Billing Issue,Live Chat,10.5,4.0,"Great service, just wanted to confirm my order status."
TIX103159,CUST003668,2025-02-12,Account Access,Phone,0.2,5.0,"I can't log into my account, it says my password is invalid."
TIX103160,CUST001112,2025-01-01,Refund Status,Email,19.9,4.0,When will my refund for the returned item be processed?
TIX103161,CUST004557,2025-04-20,Delivery Delay,Email,14.0,3.0,"I can't log into my account, it says my password is invalid."
TIX103162,CUST004983,2025-09-18,Wrong Item Shipped,Email,1.6,3.0,"I can't log into my account, it says my password is invalid."
TIX103163,CUST002060,2025-11-24,Damaged Item,Phone,21.7,5.0,  the delivery guy left my package outside in the rain!!  
TIX103164,CUST005782,2025-03-17,Account Access,Social Media,5.7,4.0,"I can't log into my account, it says my password is invalid."
TIX103165,CUST005837,2025-07-13,Billing Issue,Social Media,11.9,5.0,"I want to return this item, it doesn't fit as expected."
TIX103166,CUST005032,2026-03-20,Billing Issue,Phone,6.9,5.0,"The item I received was damaged during shipping, need a replacement."
TIX103167,CUST004134,2024-12-09,Damaged Item,Live Chat,7.0,3.0,My order ORD116902 still hasn't arrived and it's been over a week.
TIX103168,CUST004404,2025-08-31,Refund Status,Live Chat,1.1,,"I want to return this item, it doesn't fit as expected."
TIX103169,CUST000938,2026-04-16,Account Access,Live Chat,0.9,4.0,Can you tell me the warranty period on this product?
TIX103170,CUST002995,2026-04-21,Billing Issue,Email,27.1,3.0,"I was charged twice for order ORD108614, please refund the duplicate charge."
TIX103171,CUST003506,2025-08-10,Delivery Delay,Live Chat,0.1,,"I want to return this item, it doesn't fit as expected."
TIX103172,CUST005782,2024-09-05,Return Request,Phone,6.1,3.0,"I was charged twice for order ORD121891, please refund the duplicate charge."
TIX103173,CUST005031,2024-11-08,Refund Status,Live Chat,54.4,2.0,"Wrong item was shipped to me, I ordered a different color."
TIX103174,CUST000473,2025-03-27,Delivery Delay,Email,28.9,,Can you tell me the warranty period on this product?
TIX103175,CUST005396,2025-12-09,Billing Issue,Email,13.2,4.0,My order ORD105517 still hasn't arrived and it's been over a week.
TIX103176,CUST002543,2025-07-09,Wrong Item Shipped,Email,24.4,2.0,"I was charged twice for order ORD119263, please refund the duplicate charge."
TIX103177,CUST005193,2025-06-15,Damaged Item,Social Media,51.8,5.0,"Great service, just wanted to confirm my order status."
TIX103178,CUST005844,2025-10-26,Refund Status,Phone,50.6,3.0,"The item I received was damaged during shipping, need a replacement."
TIX103179,CUST000496,2025-02-14,Refund Status,Email,10.6,3.0,"I want to return this item, it doesn't fit as expected."
TIX103180,CUST004599,2024-11-17,Damaged Item,Social Media,7.0,4.0,My order ORD106473 still hasn't arrived and it's been over a week.
TIX103181,CUST000928,2025-01-30,Delivery Delay,Email,24.8,5.0,"The item I received was damaged during shipping, need a replacement."
TIX103182,CUST000464,2025-10-08,Account Access,Email,9.5,1.0,"I can't log into my account, it says my password is invalid."
TIX103183,CUST004989,2025-04-29,Wrong Item Shipped,Social Media,3.0,2.0,"I want to return this item, it doesn't fit as expected."
TIX103184,CUST000088,2026-03-03,Delivery Delay,Phone,3.9,1.0,  the delivery guy left my package outside in the rain!!  
TIX103185,CUST001216,2026-03-04,Delivery Delay,Phone,14.1,3.0,"Wrong item was shipped to me, I ordered a different color."
TIX103186,CUST000306,2025-12-06,Refund Status,Phone,12.8,1.0,"I can't log into my account, it says my password is invalid."
TIX103187,CUST000706,2024-10-11,Billing Issue,Live Chat,11.2,5.0,When will my refund for the returned item be processed?
TIX103188,CUST001515,2024-10-30,Account Access,Social Media,8.3,5.0,  the delivery guy left my package outside in the rain!!  
TIX103189,CUST002531,2025-08-13,Product Question,Phone,7.1,5.0,"I want to return this item, it doesn't fit as expected."
TIX103190,CUST001628,2025-08-29,Return Request,Phone,3.8,,When will my refund for the returned item be processed?
TIX103191,CUST000800,2025-10-22,Billing Issue,Phone,20.6,5.0,"The item I received was damaged during shipping, need a replacement."
TIX103192,CUST003724,2025-03-23,Product Question,Social Media,12.6,,"Wrong item was shipped to me, I ordered a different color."
TIX103193,CUST004468,2025-10-14,Wrong Item Shipped,Live Chat,8.3,4.0,When will my refund for the returned item be processed?
TIX103194,CUST001566,2024-09-24,Wrong Item Shipped,Phone,27.0,5.0,Can you tell me the warranty period on this product?
TIX103195,CUST002350,2025-11-12,Delivery Delay,Phone,18.0,1.0,"I want to return this item, it doesn't fit as expected."
TIX103196,CUST003440,2025-11-10,Wrong Item Shipped,Phone,25.4,4.0,"The item I received was damaged during shipping, need a replacement."
TIX103197,CUST001336,2025-09-27,Refund Status,Phone,18.6,4.0,"Wrong item was shipped to me, I ordered a different color."
TIX103198,CUST003011,2024-12-10,Delivery Delay,Phone,17.7,1.0,When will my refund for the returned item be processed?
TIX103199,CUST004797,2025-09-09,Refund Status,Phone,9.6,3.0,"The item I received was damaged during shipping, need a replacement."
TIX103200,CUST001410,2025-03-15,Refund Status,Live Chat,5.9,,"Great service, just wanted to confirm my order status."
TIX103201,CUST002168,2025-06-20,Wrong Item Shipped,Live Chat,4.7,3.0,"Wrong item was shipped to me, I ordered a different color."
TIX103202,CUST003251,2025-08-31,Account Access,Social Media,41.2,5.0,"Great service, just wanted to confirm my order status."
TIX103203,CUST005421,2024-12-11,Refund Status,Live Chat,4.0,3.0,"I want to return this item, it doesn't fit as expected."
TIX103204,CUST001020,2025-05-21,Refund Status,Phone,20.1,5.0,"I was charged twice for order ORD100689, please refund the duplicate charge."
TIX103205,CUST005499,2026-04-26,Product Question,Email,3.8,3.0,"I was charged twice for order ORD127824, please refund the duplicate charge."
TIX103206,CUST004286,2026-06-02,Damaged Item,Email,50.3,5.0,"I was charged twice for order ORD120653, please refund the duplicate charge."
TIX103207,CUST001957,2026-04-30,Account Access,Live Chat,3.9,4.0,"The item I received was damaged during shipping, need a replacement."
TIX103208,CUST003482,2026-05-30,Delivery Delay,Live Chat,34.7,4.0,When will my refund for the returned item be processed?
TIX103209,CUST004946,2025-11-11,Billing Issue,Social Media,49.2,5.0,"I want to return this item, it doesn't fit as expected."
TIX103210,CUST003650,2026-03-23,Damaged Item,Email,4.2,3.0,  the delivery guy left my package outside in the rain!!  
TIX103211,CUST001536,2026-06-13,Return Request,Phone,39.3,2.0,"I was charged twice for order ORD104007, please refund the duplicate charge."
TIX103212,CUST000892,2025-01-05,Refund Status,Social Media,2.1,,"I was charged twice for order ORD119255, please refund the duplicate charge."
TIX103213,CUST001486,2025-02-02,Product Question,Social Media,21.7,,"I want to return this item, it doesn't fit as expected."
TIX103214,CUST002866,2025-03-11,Product Question,Social Media,12.7,4.0,"Great service, just wanted to confirm my order status."
TIX103215,CUST002983,2025-01-28,Wrong Item Shipped,Email,58.4,3.0,"The item I received was damaged during shipping, need a replacement."
TIX103216,CUST001695,2025-03-05,Delivery Delay,Email,11.8,5.0,  the delivery guy left my package outside in the rain!!  
TIX103217,CUST004109,2025-10-25,Product Question,Live Chat,1.3,5.0,"The item I received was damaged during shipping, need a replacement."
TIX103218,CUST003613,2024-12-07,Delivery Delay,Live Chat,2.4,4.0,Can you tell me the warranty period on this product?
TIX103219,CUST000705,2025-05-08,Return Request,Live Chat,7.0,3.0,My order ORD113497 still hasn't arrived and it's been over a week.
TIX103220,CUST001568,2026-03-21,Product Question,Live Chat,11.4,4.0,Can you tell me the warranty period on this product?
TIX103221,CUST001272,2024-09-27,Return Request,Email,57.0,5.0,When will my refund for the returned item be processed?
TIX103222,CUST001988,2026-06-30,Product Question,Phone,11.9,2.0,Can you tell me the warranty period on this product?
TIX103223,CUST003862,2025-02-12,Delivery Delay,Email,47.9,3.0,When will my refund for the returned item be processed?
TIX103224,CUST001523,2024-09-08,Wrong Item Shipped,Phone,44.0,2.0,"Great service, just wanted to confirm my order status."
TIX103225,CUST005817,2024-09-04,Wrong Item Shipped,Phone,3.3,,"Wrong item was shipped to me, I ordered a different color."
TIX103226,CUST004936,2024-09-11,Product Question,Live Chat,45.3,4.0,"I can't log into my account, it says my password is invalid."
TIX103227,CUST001563,2025-05-26,Billing Issue,Email,5.3,3.0,"I can't log into my account, it says my password is invalid."
TIX103228,CUST002481,2024-09-27,Return Request,Live Chat,32.6,,"I can't log into my account, it says my password is invalid."
TIX103229,CUST002939,2024-12-02,Return Request,Phone,66.6,5.0,"I was charged twice for order ORD112450, please refund the duplicate charge."
TIX103230,CUST003665,2025-05-06,Return Request,Phone,1.3,3.0,"Wrong item was shipped to me, I ordered a different color."
TIX103231,CUST000622,2025-03-02,Product Question,Live Chat,20.6,5.0,"I can't log into my account, it says my password is invalid."
TIX103232,CUST000200,2026-06-02,Refund Status,Phone,10.0,3.0,"I was charged twice for order ORD112005, please refund the duplicate charge."
TIX103233,CUST002123,2025-06-29,Delivery Delay,Email,10.9,,"Wrong item was shipped to me, I ordered a different color."
TIX103234,CUST000627,2025-03-25,Product Question,Phone,14.7,4.0,"The item I received was damaged during shipping, need a replacement."
TIX103235,CUST000739,2025-03-11,Refund Status,Phone,52.4,5.0,My order ORD118181 still hasn't arrived and it's been over a week.
TIX103236,CUST001883,2024-10-23,Refund Status,Phone,18.0,5.0,"Great service, just wanted to confirm my order status."
TIX103237,CUST005790,2026-06-28,Delivery Delay,Phone,86.5,5.0,"I want to return this item, it doesn't fit as expected."
TIX103238,CUST001246,2024-12-24,Refund Status,Social Media,60.5,3.0,"Wrong item was shipped to me, I ordered a different color."
TIX103239,CUST000650,2026-03-19,Billing Issue,Phone,34.9,5.0,When will my refund for the returned item be processed?
TIX103240,CUST003150,2025-04-30,Billing Issue,Phone,21.6,3.0,"Great service, just wanted to confirm my order status."
TIX103241,CUST002097,2025-03-11,Refund Status,Live Chat,4.7,4.0,"Wrong item was shipped to me, I ordered a different color."
TIX103242,CUST004555,2024-10-05,Product Question,Email,15.3,4.0,"I can't log into my account, it says my password is invalid."
TIX103243,CUST003602,2026-03-11,Delivery Delay,Live Chat,4.8,4.0,"I want to return this item, it doesn't fit as expected."
TIX103244,CUST005512,2025-12-28,Return Request,Phone,55.5,4.0,"Wrong item was shipped to me, I ordered a different color."
TIX103245,CUST005084,2025-08-19,Return Request,Live Chat,57.4,5.0,"Wrong item was shipped to me, I ordered a different color."
TIX103246,CUST000231,2024-10-13,Delivery Delay,Social Media,7.3,3.0,  the delivery guy left my package outside in the rain!!  
TIX103247,CUST005493,2025-07-10,Account Access,Live Chat,0.9,5.0,  the delivery guy left my package outside in the rain!!  
TIX103248,CUST000371,2025-07-10,Delivery Delay,Social Media,31.7,4.0,"I was charged twice for order ORD106272, please refund the duplicate charge."
TIX103249,CUST000434,2025-08-19,Delivery Delay,Social Media,7.8,4.0,Can you tell me the warranty period on this product?
TIX103250,CUST003039,2025-05-21,Account Access,Live Chat,6.9,,"I was charged twice for order ORD109750, please refund the duplicate charge."
TIX103251,CUST000486,2025-04-29,Account Access,Phone,15.6,4.0,Can you tell me the warranty period on this product?
TIX103252,CUST004678,2026-05-19,Damaged Item,Phone,0.0,3.0,  the delivery guy left my package outside in the rain!!  
TIX103253,CUST003472,2025-12-20,Wrong Item Shipped,Email,8.5,2.0,"I was charged twice for order ORD125728, please refund the duplicate charge."
TIX103254,CUST002303,2026-02-10,Billing Issue,Live Chat,9.7,5.0,"I want to return this item, it doesn't fit as expected."
TIX103255,CUST000503,2025-02-19,Billing Issue,Live Chat,63.6,4.0,"The item I received was damaged during shipping, need a replacement."
TIX103256,CUST004105,2026-01-14,Damaged Item,Email,3.1,4.0,My order ORD109775 still hasn't arrived and it's been over a week.
TIX103257,CUST003592,2025-12-22,Account Access,Phone,2.9,5.0,When will my refund for the returned item be processed?
TIX103258,CUST001169,2024-09-19,Refund Status,Social Media,17.4,5.0,"I can't log into my account, it says my password is invalid."
TIX103259,CUST002507,2026-03-18,Account Access,Phone,1.5,4.0,My order ORD116558 still hasn't arrived and it's been over a week.
TIX103260,CUST004567,2025-06-18,Return Request,Social Media,17.5,2.0,"Great service, just wanted to confirm my order status."
TIX103261,CUST000440,2025-02-20,Wrong Item Shipped,Live Chat,9.4,,"Great service, just wanted to confirm my order status."
TIX103262,CUST001417,2025-12-31,Delivery Delay,Phone,0.0,,"I can't log into my account, it says my password is invalid."
TIX103263,CUST001520,2025-07-16,Wrong Item Shipped,Phone,10.5,4.0,"Great service, just wanted to confirm my order status."
TIX103264,CUST002950,2024-12-09,Return Request,Email,24.2,,My order ORD124691 still hasn't arrived and it's been over a week.
TIX103265,CUST003005,2026-01-28,Return Request,Live Chat,2.6,3.0,"Great service, just wanted to confirm my order status."
TIX103266,CUST004376,2026-04-18,Product Question,Live Chat,3.7,4.0,  the delivery guy left my package outside in the rain!!  
TIX103267,CUST000200,2026-03-18,Refund Status,Email,4.8,3.0,"Great service, just wanted to confirm my order status."
TIX103268,CUST004868,2026-06-26,Delivery Delay,Phone,8.9,4.0,"I can't log into my account, it says my password is invalid."
TIX103269,CUST001481,2025-06-28,Account Access,Live Chat,53.6,2.0,  the delivery guy left my package outside in the rain!!  
TIX103270,CUST000676,2025-10-25,Delivery Delay,Phone,1.3,4.0,My order ORD116221 still hasn't arrived and it's been over a week.
TIX103271,CUST005223,2025-07-15,Wrong Item Shipped,Phone,31.0,5.0,"Great service, just wanted to confirm my order status."
TIX103272,CUST001169,2024-12-19,Delivery Delay,Phone,29.0,5.0,"Wrong item was shipped to me, I ordered a different color."
TIX103273,CUST002726,2024-11-19,Refund Status,Social Media,11.3,5.0,"Great service, just wanted to confirm my order status."
TIX103274,CUST003153,2025-01-07,Damaged Item,Social Media,2.6,2.0,"The item I received was damaged during shipping, need a replacement."
TIX103275,CUST003220,2026-05-22,Billing Issue,Phone,17.0,5.0,My order ORD103524 still hasn't arrived and it's been over a week.
TIX103276,CUST002327,2025-09-21,Billing Issue,Email,23.1,,"The item I received was damaged during shipping, need a replacement."
TIX103277,CUST001294,2024-09-09,Product Question,Live Chat,3.0,5.0,"Wrong item was shipped to me, I ordered a different color."
TIX103278,CUST001671,2026-02-04,Billing Issue,Social Media,21.6,3.0,"The item I received was damaged during shipping, need a replacement."
TIX103279,CUST000089,2025-04-25,Billing Issue,Phone,45.6,,"I want to return this item, it doesn't fit as expected."
TIX103280,CUST001812,2026-06-08,Delivery Delay,Social Media,3.8,5.0,"Great service, just wanted to confirm my order status."
TIX103281,CUST003507,2025-11-23,Billing Issue,Social Media,2.4,5.0,"I was charged twice for order ORD118662, please refund the duplicate charge."
TIX103282,CUST005265,2025-12-15,Refund Status,Live Chat,19.8,5.0,"I was charged twice for order ORD124811, please refund the duplicate charge."
TIX103283,CUST003448,2025-04-19,Damaged Item,Social Media,11.8,3.0,When will my refund for the returned item be processed?
TIX103284,CUST004735,2025-12-30,Product Question,Live Chat,34.6,4.0,"I was charged twice for order ORD118253, please refund the duplicate charge."
TIX103285,CUST002853,2026-06-22,Return Request,Social Media,13.1,1.0,"I want to return this item, it doesn't fit as expected."
TIX103286,CUST005010,2025-05-22,Damaged Item,Phone,31.0,3.0,Can you tell me the warranty period on this product?
TIX103287,CUST002337,2025-06-18,Account Access,Phone,9.0,4.0,"I was charged twice for order ORD104080, please refund the duplicate charge."
TIX103288,CUST004317,2026-06-26,Account Access,Phone,3.9,2.0,"I can't log into my account, it says my password is invalid."
TIX103289,CUST000645,2025-03-14,Billing Issue,Live Chat,8.5,5.0,"I want to return this item, it doesn't fit as expected."
TIX103290,CUST004046,2025-09-23,Delivery Delay,Email,8.0,3.0,My order ORD111068 still hasn't arrived and it's been over a week.
TIX103291,CUST000751,2024-09-12,Return Request,Phone,6.4,4.0,My order ORD111007 still hasn't arrived and it's been over a week.
TIX103292,CUST000290,2025-12-20,Delivery Delay,Live Chat,4.8,4.0,"The item I received was damaged during shipping, need a replacement."
TIX103293,CUST000369,2026-03-28,Refund Status,Phone,8.8,,When will my refund for the returned item be processed?
TIX103294,CUST000861,2026-06-01,Wrong Item Shipped,Phone,64.1,,"Great service, just wanted to confirm my order status."
TIX103295,CUST004597,2025-03-06,Account Access,Phone,12.2,3.0,"I want to return this item, it doesn't fit as expected."
TIX103296,CUST004736,2025-06-24,Product Question,Email,2.7,5.0,"Great service, just wanted to confirm my order status."
TIX103297,CUST003496,2025-09-30,Wrong Item Shipped,Social Media,4.8,5.0,"The item I received was damaged during shipping, need a replacement."
TIX103298,CUST005592,2025-12-07,Return Request,Social Media,7.8,4.0,"I want to return this item, it doesn't fit as expected."
TIX103299,CUST000633,2025-11-15,Damaged Item,Social Media,3.8,1.0,  the delivery guy left my package outside in the rain!!  
TIX103300,CUST005215,2025-05-23,Refund Status,Email,24.4,4.0,"I can't log into my account, it says my password is invalid."
TIX103301,CUST000224,2026-06-12,Return Request,Email,28.1,3.0,My order ORD102507 still hasn't arrived and it's been over a week.
TIX103302,CUST001092,2025-12-12,Product Question,Social Media,29.2,4.0,Can you tell me the warranty period on this product?
TIX103303,CUST000526,2026-03-01,Damaged Item,Phone,44.5,5.0,Can you tell me the warranty period on this product?
TIX103304,CUST002188,2026-05-30,Billing Issue,Live Chat,35.2,3.0,My order ORD124006 still hasn't arrived and it's been over a week.
TIX103305,CUST000284,2025-06-04,Account Access,Live Chat,15.6,4.0,"Great service, just wanted to confirm my order status."
TIX103306,CUST004362,2025-08-27,Delivery Delay,Phone,12.5,4.0,Can you tell me the warranty period on this product?
TIX103307,CUST004085,2026-05-12,Return Request,Social Media,29.0,5.0,"Wrong item was shipped to me, I ordered a different color."
TIX103308,CUST000066,2025-06-16,Refund Status,Live Chat,60.6,4.0,"Great service, just wanted to confirm my order status."
TIX103309,CUST005131,2025-02-18,Return Request,Phone,0.6,5.0,  the delivery guy left my package outside in the rain!!  
TIX103310,CUST002765,2025-12-13,Return Request,Email,8.0,,Can you tell me the warranty period on this product?
TIX103311,CUST000472,2025-10-11,Product Question,Phone,19.8,,Can you tell me the warranty period on this product?
TIX103312,CUST002725,2025-06-30,Product Question,Phone,8.0,5.0,"The item I received was damaged during shipping, need a replacement."
TIX103313,CUST003338,2025-06-12,Account Access,Live Chat,25.9,5.0,  the delivery guy left my package outside in the rain!!  
TIX103314,CUST000472,2026-03-08,Return Request,Email,28.2,5.0,  the delivery guy left my package outside in the rain!!  
TIX103315,CUST002619,2025-06-22,Wrong Item Shipped,Phone,20.7,5.0,My order ORD101466 still hasn't arrived and it's been over a week.
TIX103316,CUST004804,2025-10-22,Return Request,Live Chat,3.1,3.0,My order ORD124257 still hasn't arrived and it's been over a week.
TIX103317,CUST000156,2025-06-17,Return Request,Email,48.5,,Can you tell me the warranty period on this product?
TIX103318,CUST004766,2025-08-05,Account Access,Email,7.2,4.0,"I was charged twice for order ORD123340, please refund the duplicate charge."
TIX103319,CUST002650,2025-10-26,Billing Issue,Email,68.3,5.0,"Great service, just wanted to confirm my order status."
TIX103320,CUST003847,2025-12-14,Billing Issue,Email,7.8,3.0,"The item I received was damaged during shipping, need a replacement."
TIX103321,CUST002648,2025-05-23,Delivery Delay,Live Chat,3.2,5.0,"The item I received was damaged during shipping, need a replacement."
TIX103322,CUST005582,2026-01-11,Billing Issue,Live Chat,6.1,4.0,"I was charged twice for order ORD111184, please refund the duplicate charge."
TIX103323,CUST003449,2025-02-11,Product Question,Phone,30.3,4.0,"Wrong item was shipped to me, I ordered a different color."
TIX103324,CUST000206,2025-06-17,Product Question,Live Chat,6.6,3.0,"I can't log into my account, it says my password is invalid."
TIX103325,CUST004241,2025-01-10,Refund Status,Phone,16.4,,  the delivery guy left my package outside in the rain!!  
TIX103326,CUST003946,2025-02-07,Damaged Item,Live Chat,21.4,5.0,"The item I received was damaged during shipping, need a replacement."
TIX103327,CUST003821,2025-03-12,Billing Issue,Live Chat,6.5,2.0,"Wrong item was shipped to me, I ordered a different color."
TIX103328,CUST005413,2026-06-30,Billing Issue,Phone,19.6,4.0,When will my refund for the returned item be processed?
TIX103329,CUST004997,2025-09-12,Wrong Item Shipped,Email,3.0,5.0,"Great service, just wanted to confirm my order status."
TIX103330,CUST002157,2024-09-18,Product Question,Live Chat,17.9,5.0,"Great service, just wanted to confirm my order status."
TIX103331,CUST004731,2024-10-21,Account Access,Live Chat,19.1,5.0,Can you tell me the warranty period on this product?
TIX103332,CUST000773,2025-12-31,Billing Issue,Phone,0.6,5.0,"I want to return this item, it doesn't fit as expected."
TIX103333,CUST005836,2026-04-21,Account Access,Phone,6.3,,"I can't log into my account, it says my password is invalid."
TIX103334,CUST004934,2025-11-06,Billing Issue,Phone,0.1,2.0,"I was charged twice for order ORD103477, please refund the duplicate charge."
TIX103335,CUST000478,2025-05-18,Wrong Item Shipped,Phone,28.3,3.0,"I was charged twice for order ORD128207, please refund the duplicate charge."
TIX103336,CUST005832,2025-09-26,Delivery Delay,Live Chat,10.7,4.0,"I was charged twice for order ORD124262, please refund the duplicate charge."
TIX103337,CUST001841,2025-12-12,Refund Status,Social Media,10.0,3.0,"Great service, just wanted to confirm my order status."
TIX103338,CUST006068,2024-11-17,Damaged Item,Email,11.0,4.0,"I was charged twice for order ORD109232, please refund the duplicate charge."
TIX103339,CUST000664,2025-08-07,Delivery Delay,Phone,9.3,5.0,  the delivery guy left my package outside in the rain!!  
TIX103340,CUST003447,2025-03-20,Product Question,Live Chat,3.2,5.0,"I was charged twice for order ORD108614, please refund the duplicate charge."
TIX103341,CUST002211,2024-09-03,Product Question,Phone,19.5,2.0,"I can't log into my account, it says my password is invalid."
TIX103342,CUST001443,2024-11-25,Product Question,Phone,44.9,5.0,My order ORD116827 still hasn't arrived and it's been over a week.
TIX103343,CUST005908,2026-03-09,Damaged Item,Live Chat,77.8,,"Great service, just wanted to confirm my order status."
TIX103344,CUST000294,2025-03-26,Delivery Delay,Phone,28.7,4.0,"Great service, just wanted to confirm my order status."
TIX103345,CUST000504,2026-01-27,Refund Status,Phone,8.9,4.0,"I want to return this item, it doesn't fit as expected."
TIX103346,CUST001599,2025-11-18,Billing Issue,Live Chat,14.9,4.0,"I want to return this item, it doesn't fit as expected."
TIX103347,CUST003201,2025-08-30,Account Access,Email,0.2,5.0,Can you tell me the warranty period on this product?
TIX103348,CUST000300,2025-07-29,Account Access,Live Chat,7.9,4.0,"I want to return this item, it doesn't fit as expected."
TIX103349,CUST002129,2024-09-25,Product Question,Phone,20.0,,  the delivery guy left my package outside in the rain!!  
TIX103350,CUST005601,2025-04-12,Damaged Item,Live Chat,40.5,4.0,Can you tell me the warranty period on this product?
TIX103351,CUST000243,2025-10-31,Refund Status,Social Media,2.1,4.0,"The item I received was damaged during shipping, need a replacement."
TIX103352,CUST005845,2025-09-10,Wrong Item Shipped,Phone,1.7,5.0,When will my refund for the returned item be processed?
TIX103353,CUST001868,2026-05-18,Damaged Item,Live Chat,3.0,5.0,My order ORD112882 still hasn't arrived and it's been over a week.
TIX103354,CUST001464,2026-03-15,Damaged Item,Phone,2.8,4.0,"I want to return this item, it doesn't fit as expected."
TIX103355,CUST001750,2025-06-13,Damaged Item,Social Media,27.6,5.0,When will my refund for the returned item be processed?
TIX103356,CUST004669,2025-11-08,Product Question,Live Chat,22.4,3.0,  the delivery guy left my package outside in the rain!!  
TIX103357,CUST004234,2025-05-01,Return Request,Social Media,42.3,3.0,"Wrong item was shipped to me, I ordered a different color."
TIX103358,CUST005703,2024-12-23,Billing Issue,Live Chat,6.3,5.0,When will my refund for the returned item be processed?
TIX103359,CUST003541,2025-05-17,Delivery Delay,Live Chat,20.5,4.0,  the delivery guy left my package outside in the rain!!  
TIX103360,CUST004849,2024-11-11,Product Question,Social Media,8.2,5.0,  the delivery guy left my package outside in the rain!!  
TIX103361,CUST003235,2025-09-12,Product Question,Phone,2.7,5.0,My order ORD113368 still hasn't arrived and it's been over a week.
TIX103362,CUST005005,2026-03-30,Delivery Delay,Live Chat,27.8,4.0,My order ORD103570 still hasn't arrived and it's been over a week.
TIX103363,CUST002263,2026-01-10,Refund Status,Social Media,17.7,5.0,"The item I received was damaged during shipping, need a replacement."
TIX103364,CUST003146,2025-09-17,Product Question,Email,21.9,3.0,"I can't log into my account, it says my password is invalid."
TIX103365,CUST002226,2025-04-13,Return Request,Social Media,3.2,,My order ORD126702 still hasn't arrived and it's been over a week.
TIX103366,CUST001804,2026-05-31,Account Access,Social Media,18.6,5.0,"The item I received was damaged during shipping, need a replacement."
TIX103367,CUST000528,2026-01-23,Refund Status,Phone,6.7,5.0,"The item I received was damaged during shipping, need a replacement."
TIX103368,CUST005147,2025-05-03,Refund Status,Email,5.2,4.0,Can you tell me the warranty period on this product?
TIX103369,CUST000730,2024-11-07,Return Request,Email,18.9,3.0,Can you tell me the warranty period on this product?
TIX103370,CUST000099,2026-05-29,Product Question,Live Chat,0.4,3.0,Can you tell me the warranty period on this product?
TIX103371,CUST002824,2024-09-03,Return Request,Phone,42.2,4.0,  the delivery guy left my package outside in the rain!!  
TIX103372,CUST001580,2026-02-11,Product Question,Phone,3.2,5.0,"I want to return this item, it doesn't fit as expected."
TIX103373,CUST004066,2025-04-06,Damaged Item,Social Media,9.8,5.0,"Great service, just wanted to confirm my order status."
TIX103374,CUST003396,2025-02-07,Billing Issue,Email,14.1,5.0,Can you tell me the warranty period on this product?
TIX103375,CUST005838,2025-09-04,Account Access,Live Chat,32.4,,Can you tell me the warranty period on this product?
TIX103376,CUST002454,2025-12-24,Wrong Item Shipped,Live Chat,4.5,3.0,"The item I received was damaged during shipping, need a replacement."
TIX103377,CUST005690,2026-06-22,Account Access,Social Media,46.1,5.0,My order ORD126426 still hasn't arrived and it's been over a week.
TIX103378,CUST004828,2025-02-15,Damaged Item,Phone,6.3,4.0,When will my refund for the returned item be processed?
TIX103379,CUST003711,2025-02-11,Product Question,Email,13.9,4.0,When will my refund for the returned item be processed?
TIX103380,CUST001935,2026-03-10,Product Question,Social Media,3.3,4.0,"Wrong item was shipped to me, I ordered a different color."
TIX103381,CUST003127,2025-03-09,Product Question,Email,17.5,4.0,"The item I received was damaged during shipping, need a replacement."
TIX103382,CUST004029,2025-10-12,Billing Issue,Social Media,3.1,5.0,"I can't log into my account, it says my password is invalid."
TIX103383,CUST002895,2025-05-30,Account Access,Social Media,1.6,5.0,"The item I received was damaged during shipping, need a replacement."
TIX103384,CUST003445,2025-10-10,Account Access,Live Chat,12.2,5.0,"Great service, just wanted to confirm my order status."
TIX103385,CUST004349,2025-06-14,Damaged Item,Social Media,21.5,1.0,When will my refund for the returned item be processed?
TIX103386,CUST005266,2024-12-18,Refund Status,Email,3.7,,"I want to return this item, it doesn't fit as expected."
TIX103387,CUST000602,2024-11-20,Return Request,Email,1.0,5.0,My order ORD125227 still hasn't arrived and it's been over a week.
TIX103388,CUST000366,2026-02-06,Product Question,Social Media,0.8,4.0,"The item I received was damaged during shipping, need a replacement."
TIX103389,CUST000737,2024-09-10,Refund Status,Phone,0.0,3.0,  the delivery guy left my package outside in the rain!!  
TIX103390,CUST004719,2025-08-23,Delivery Delay,Phone,4.8,5.0,"I can't log into my account, it says my password is invalid."
TIX103391,CUST000293,2024-12-13,Delivery Delay,Live Chat,36.2,,My order ORD120583 still hasn't arrived and it's been over a week.
TIX103392,CUST000901,2024-09-20,Refund Status,Email,10.8,4.0,"The item I received was damaged during shipping, need a replacement."
TIX103393,CUST006090,2025-04-16,Wrong Item Shipped,Phone,46.2,4.0,My order ORD103725 still hasn't arrived and it's been over a week.
TIX103394,CUST004165,2025-10-30,Refund Status,Social Media,5.2,2.0,Can you tell me the warranty period on this product?
TIX103395,CUST000958,2025-03-30,Delivery Delay,Live Chat,73.7,3.0,My order ORD104206 still hasn't arrived and it's been over a week.
TIX103396,CUST003031,2025-10-10,Billing Issue,Social Media,31.4,5.0,"I want to return this item, it doesn't fit as expected."
TIX103397,CUST002013,2026-06-19,Account Access,Live Chat,27.6,4.0,"Wrong item was shipped to me, I ordered a different color."
TIX103398,CUST005871,2025-05-14,Wrong Item Shipped,Live Chat,16.3,4.0,"I want to return this item, it doesn't fit as expected."
TIX103399,CUST006063,2025-06-30,Damaged Item,Email,3.9,5.0,"Wrong item was shipped to me, I ordered a different color."
TIX103400,CUST004138,2025-01-18,Wrong Item Shipped,Social Media,54.5,5.0,  the delivery guy left my package outside in the rain!!  
TIX103401,CUST000482,2025-07-15,Billing Issue,Social Media,29.9,1.0,  the delivery guy left my package outside in the rain!!  
TIX103402,CUST000562,2025-03-18,Billing Issue,Social Media,32.2,1.0,"I can't log into my account, it says my password is invalid."
TIX103403,CUST002087,2024-12-06,Return Request,Email,39.1,5.0,"Wrong item was shipped to me, I ordered a different color."
TIX103404,CUST002416,2025-05-26,Product Question,Live Chat,5.4,5.0,"The item I received was damaged during shipping, need a replacement."
TIX103405,CUST002256,2025-12-22,Product Question,Phone,36.7,5.0,  the delivery guy left my package outside in the rain!!  
TIX103406,CUST003125,2025-02-01,Wrong Item Shipped,Phone,12.1,5.0,"Great service, just wanted to confirm my order status."
TIX103407,CUST006052,2025-04-28,Refund Status,Live Chat,19.1,4.0,"Wrong item was shipped to me, I ordered a different color."
TIX103408,CUST001606,2024-12-06,Billing Issue,Email,58.3,4.0,"The item I received was damaged during shipping, need a replacement."
TIX103409,CUST004898,2026-05-02,Product Question,Social Media,41.2,,"I was charged twice for order ORD105478, please refund the duplicate charge."
TIX103410,CUST004904,2025-06-06,Product Question,Phone,5.2,4.0,  the delivery guy left my package outside in the rain!!  
TIX103411,CUST003434,2024-10-30,Account Access,Phone,23.8,3.0,Can you tell me the warranty period on this product?
TIX103412,CUST004212,2025-08-05,Delivery Delay,Social Media,31.8,5.0,"I was charged twice for order ORD127573, please refund the duplicate charge."
TIX103413,CUST000284,2025-02-04,Refund Status,Phone,10.5,4.0,"I can't log into my account, it says my password is invalid."
TIX103414,CUST001414,2024-10-16,Refund Status,Social Media,2.0,,  the delivery guy left my package outside in the rain!!  
TIX103415,CUST003167,2025-11-13,Product Question,Live Chat,6.8,3.0,"Great service, just wanted to confirm my order status."
TIX103416,CUST000462,2025-10-26,Wrong Item Shipped,Email,23.8,5.0,When will my refund for the returned item be processed?
TIX103417,CUST004751,2025-03-16,Billing Issue,Email,15.9,4.0,"I want to return this item, it doesn't fit as expected."
TIX103418,CUST005278,2024-10-08,Delivery Delay,Phone,26.6,,  the delivery guy left my package outside in the rain!!  
TIX103419,CUST000803,2025-04-25,Billing Issue,Email,40.8,5.0,When will my refund for the returned item be processed?
TIX103420,CUST003856,2025-08-12,Delivery Delay,Live Chat,7.1,4.0,"Wrong item was shipped to me, I ordered a different color."
TIX103421,CUST003573,2025-12-26,Return Request,Social Media,21.0,4.0,Can you tell me the warranty period on this product?
TIX103422,CUST001583,2025-12-25,Product Question,Phone,1.8,,"I want to return this item, it doesn't fit as expected."
TIX103423,CUST005289,2024-12-25,Billing Issue,Social Media,19.7,3.0,  the delivery guy left my package outside in the rain!!  
TIX103424,CUST002337,2025-05-13,Refund Status,Phone,0.7,4.0,"The item I received was damaged during shipping, need a replacement."
TIX103425,CUST004123,2025-01-03,Product Question,Phone,5.2,4.0,"The item I received was damaged during shipping, need a replacement."
TIX103426,CUST002354,2026-04-26,Billing Issue,Live Chat,10.7,5.0,When will my refund for the returned item be processed?
TIX103427,CUST001058,2025-02-10,Wrong Item Shipped,Live Chat,33.6,4.0,My order ORD106077 still hasn't arrived and it's been over a week.
TIX103428,CUST000015,2025-04-03,Billing Issue,Live Chat,2.9,5.0,"Wrong item was shipped to me, I ordered a different color."
TIX103429,CUST002320,2026-02-20,Return Request,Social Media,27.2,4.0,"Great service, just wanted to confirm my order status."
TIX103430,CUST005225,2025-05-02,Product Question,Phone,15.0,5.0,"The item I received was damaged during shipping, need a replacement."
TIX103431,CUST001554,2025-04-13,Delivery Delay,Live Chat,11.0,4.0,  the delivery guy left my package outside in the rain!!  
TIX103432,CUST004796,2026-04-15,Damaged Item,Email,18.5,,"I was charged twice for order ORD127254, please refund the duplicate charge."
TIX103433,CUST001022,2025-04-25,Product Question,Phone,7.6,,"Great service, just wanted to confirm my order status."
TIX103434,CUST001146,2025-09-25,Billing Issue,Phone,93.9,4.0,"I was charged twice for order ORD122491, please refund the duplicate charge."
TIX103435,CUST000741,2026-02-24,Damaged Item,Email,2.1,,"I want to return this item, it doesn't fit as expected."
TIX103436,CUST000477,2025-10-01,Return Request,Phone,2.7,1.0,"The item I received was damaged during shipping, need a replacement."
TIX103437,CUST004110,2025-11-29,Product Question,Phone,38.8,1.0,"I can't log into my account, it says my password is invalid."
TIX103438,CUST000676,2025-07-30,Refund Status,Email,4.5,5.0,  the delivery guy left my package outside in the rain!!  
TIX103439,CUST005196,2026-03-11,Damaged Item,Phone,1.1,4.0,When will my refund for the returned item be processed?
TIX103440,CUST004966,2024-12-22,Return Request,Phone,39.9,,Can you tell me the warranty period on this product?
TIX103441,CUST005291,2025-12-10,Account Access,Social Media,1.2,5.0,"I want to return this item, it doesn't fit as expected."
TIX103442,CUST003777,2025-03-19,Product Question,Live Chat,35.4,,"Wrong item was shipped to me, I ordered a different color."
TIX103443,CUST003085,2025-08-26,Return Request,Phone,13.6,5.0,"I want to return this item, it doesn't fit as expected."
TIX103444,CUST002231,2024-10-24,Product Question,Social Media,13.8,4.0,Can you tell me the warranty period on this product?
TIX103445,CUST004031,2026-02-02,Return Request,Email,2.5,5.0,"Great service, just wanted to confirm my order status."
TIX103446,CUST000877,2026-02-12,Return Request,Live Chat,17.9,,"The item I received was damaged during shipping, need a replacement."
TIX103447,CUST005305,2025-02-28,Account Access,Phone,8.3,4.0,Can you tell me the warranty period on this product?
TIX103448,CUST002973,2025-11-09,Account Access,Phone,8.1,5.0,"I was charged twice for order ORD109702, please refund the duplicate charge."
TIX103449,CUST000893,2026-02-19,Wrong Item Shipped,Social Media,21.5,5.0,Can you tell me the warranty period on this product?
TIX103450,CUST005186,2024-09-28,Damaged Item,Live Chat,36.4,4.0,When will my refund for the returned item be processed?
TIX103451,CUST002660,2026-06-09,Refund Status,Live Chat,23.7,,  the delivery guy left my package outside in the rain!!  
TIX103452,CUST005755,2024-11-25,Product Question,Social Media,20.6,,Can you tell me the warranty period on this product?
TIX103453,CUST000691,2025-04-07,Refund Status,Email,39.1,4.0,My order ORD120341 still hasn't arrived and it's been over a week.
TIX103454,CUST004227,2025-09-28,Product Question,Phone,41.5,3.0,Can you tell me the warranty period on this product?
TIX103455,CUST003027,2026-03-04,Return Request,Social Media,24.0,4.0,When will my refund for the returned item be processed?
TIX103456,CUST004926,2025-06-16,Refund Status,Phone,30.9,4.0,"The item I received was damaged during shipping, need a replacement."
TIX103457,CUST002393,2025-12-02,Damaged Item,Social Media,5.0,5.0,"I can't log into my account, it says my password is invalid."
TIX103458,CUST005347,2026-03-09,Return Request,Social Media,20.6,4.0,"I want to return this item, it doesn't fit as expected."
TIX103459,CUST000689,2025-10-16,Wrong Item Shipped,Phone,12.1,1.0,"I want to return this item, it doesn't fit as expected."
TIX103460,CUST001261,2025-05-07,Billing Issue,Phone,34.0,4.0,Can you tell me the warranty period on this product?
TIX103461,CUST002213,2025-09-17,Refund Status,Phone,58.4,5.0,"I want to return this item, it doesn't fit as expected."
TIX103462,CUST004284,2025-06-10,Delivery Delay,Live Chat,5.6,4.0,"I was charged twice for order ORD102971, please refund the duplicate charge."
TIX103463,CUST005554,2026-01-16,Product Question,Social Media,20.0,2.0,"I want to return this item, it doesn't fit as expected."
TIX103464,CUST003264,2026-06-27,Product Question,Phone,34.7,,"The item I received was damaged during shipping, need a replacement."
TIX103465,CUST001561,2025-10-28,Billing Issue,Live Chat,20.6,1.0,"The item I received was damaged during shipping, need a replacement."
TIX103466,CUST000576,2026-03-30,Damaged Item,Phone,21.0,,"I want to return this item, it doesn't fit as expected."
TIX103467,CUST005350,2026-06-15,Wrong Item Shipped,Phone,30.6,2.0,When will my refund for the returned item be processed?
TIX103468,CUST004696,2026-04-11,Refund Status,Email,21.8,5.0,"I want to return this item, it doesn't fit as expected."
TIX103469,CUST001783,2025-04-05,Product Question,Phone,31.6,1.0,Can you tell me the warranty period on this product?
TIX103470,CUST004814,2025-01-07,Wrong Item Shipped,Social Media,85.2,3.0,"I want to return this item, it doesn't fit as expected."
TIX103471,CUST000573,2025-06-22,Return Request,Live Chat,14.1,4.0,"Wrong item was shipped to me, I ordered a different color."
TIX103472,CUST002794,2025-06-23,Billing Issue,Live Chat,19.7,5.0,When will my refund for the returned item be processed?
TIX103473,CUST004909,2024-12-02,Billing Issue,Social Media,17.2,4.0,"Great service, just wanted to confirm my order status."
TIX103474,CUST004990,2024-12-28,Damaged Item,Email,6.0,1.0,"I can't log into my account, it says my password is invalid."
TIX103475,CUST004272,2025-08-30,Wrong Item Shipped,Email,32.2,4.0,"Wrong item was shipped to me, I ordered a different color."
TIX103476,CUST000485,2026-05-02,Product Question,Social Media,8.8,4.0,"Wrong item was shipped to me, I ordered a different color."
TIX103477,CUST005992,2025-11-01,Product Question,Email,55.7,4.0,When will my refund for the returned item be processed?
TIX103478,CUST005667,2025-03-22,Product Question,Social Media,31.6,,"The item I received was damaged during shipping, need a replacement."
TIX103479,CUST005953,2025-07-16,Return Request,Live Chat,3.0,,When will my refund for the returned item be processed?
TIX103480,CUST003312,2026-04-09,Account Access,Social Media,1.1,3.0,"I can't log into my account, it says my password is invalid."
TIX103481,CUST004049,2026-06-09,Return Request,Live Chat,2.7,5.0,"Wrong item was shipped to me, I ordered a different color."
TIX103482,CUST006077,2024-11-24,Billing Issue,Email,27.1,5.0,"I can't log into my account, it says my password is invalid."
TIX103483,CUST000359,2025-02-19,Product Question,Email,23.5,4.0,"I want to return this item, it doesn't fit as expected."
TIX103484,CUST002681,2026-06-15,Product Question,Phone,16.6,4.0,When will my refund for the returned item be processed?
TIX103485,CUST004902,2025-11-04,Account Access,Social Media,3.6,4.0,"The item I received was damaged during shipping, need a replacement."
TIX103486,CUST000102,2024-11-06,Return Request,Email,10.8,5.0,"Great service, just wanted to confirm my order status."
TIX103487,CUST002493,2026-01-16,Refund Status,Phone,13.8,1.0,"Wrong item was shipped to me, I ordered a different color."
TIX103488,CUST003683,2025-06-25,Wrong Item Shipped,Phone,63.4,4.0,"Great service, just wanted to confirm my order status."
TIX103489,CUST002345,2025-05-09,Return Request,Live Chat,4.4,5.0,"I want to return this item, it doesn't fit as expected."
TIX103490,CUST000523,2026-03-31,Product Question,Social Media,7.8,4.0,Can you tell me the warranty period on this product?
TIX103491,CUST004233,2026-05-25,Return Request,Live Chat,18.5,5.0,"Wrong item was shipped to me, I ordered a different color."
TIX103492,CUST003347,2025-07-29,Delivery Delay,Phone,4.3,4.0,"I can't log into my account, it says my password is invalid."
TIX103493,CUST001580,2025-03-19,Damaged Item,Social Media,3.6,4.0,  the delivery guy left my package outside in the rain!!  
TIX103494,CUST002831,2025-11-28,Wrong Item Shipped,Email,10.5,4.0,Can you tell me the warranty period on this product?
TIX103495,CUST002735,2025-11-19,Return Request,Social Media,13.2,5.0,"The item I received was damaged during shipping, need a replacement."
TIX103496,CUST002331,2025-03-11,Damaged Item,Social Media,21.0,5.0,"Wrong item was shipped to me, I ordered a different color."
TIX103497,CUST005472,2025-01-24,Billing Issue,Email,25.7,,  the delivery guy left my package outside in the rain!!  
TIX103498,CUST003661,2026-01-04,Wrong Item Shipped,Live Chat,36.6,5.0,"I was charged twice for order ORD121132, please refund the duplicate charge."
TIX103499,CUST005552,2026-01-27,Return Request,Email,7.4,5.0,"I was charged twice for order ORD112228, please refund the duplicate charge."
TIX103500,CUST005317,2025-03-05,Wrong Item Shipped,Phone,12.6,5.0,"Great service, just wanted to confirm my order status."
TIX103501,CUST002271,2026-06-20,Product Question,Phone,35.8,4.0,  the delivery guy left my package outside in the rain!!  
TIX103502,CUST003306,2024-10-10,Damaged Item,Live Chat,11.2,5.0,"Great service, just wanted to confirm my order status."
TIX103503,CUST002268,2024-11-02,Account Access,Social Media,2.7,5.0,My order ORD114153 still hasn't arrived and it's been over a week.
TIX103504,CUST002139,2025-08-19,Refund Status,Social Media,10.3,,"The item I received was damaged during shipping, need a replacement."
TIX103505,CUST001868,2025-02-02,Account Access,Live Chat,26.4,3.0,Can you tell me the warranty period on this product?
TIX103506,CUST003931,2024-09-09,Refund Status,Phone,11.4,5.0,"Wrong item was shipped to me, I ordered a different color."
TIX103507,CUST000001,2025-11-18,Account Access,Live Chat,5.1,5.0,"I want to return this item, it doesn't fit as expected."
TIX103508,CUST004799,2024-11-12,Refund Status,Phone,51.1,4.0,Can you tell me the warranty period on this product?
TIX103509,CUST003367,2025-03-04,Damaged Item,Phone,6.5,2.0,Can you tell me the warranty period on this product?
TIX103510,CUST002066,2026-01-08,Damaged Item,Live Chat,13.2,4.0,"I want to return this item, it doesn't fit as expected."
TIX103511,CUST005541,2025-04-25,Wrong Item Shipped,Email,7.8,2.0,  the delivery guy left my package outside in the rain!!  
TIX103512,CUST000406,2025-03-04,Delivery Delay,Email,9.7,,My order ORD113203 still hasn't arrived and it's been over a week.
TIX103513,CUST005839,2026-02-25,Product Question,Phone,18.6,4.0,"I want to return this item, it doesn't fit as expected."
TIX103514,CUST003722,2024-09-07,Billing Issue,Email,11.8,1.0,  the delivery guy left my package outside in the rain!!  
TIX103515,CUST002875,2026-04-20,Wrong Item Shipped,Email,1.9,3.0,  the delivery guy left my package outside in the rain!!  
TIX103516,CUST005918,2026-04-08,Billing Issue,Phone,12.8,4.0,"I was charged twice for order ORD100724, please refund the duplicate charge."
TIX103517,CUST000834,2024-12-22,Wrong Item Shipped,Phone,6.4,3.0,"I can't log into my account, it says my password is invalid."
TIX103518,CUST002016,2026-03-14,Billing Issue,Email,17.9,5.0,"I was charged twice for order ORD107030, please refund the duplicate charge."
TIX103519,CUST004694,2026-03-28,Wrong Item Shipped,Live Chat,3.6,4.0,"Wrong item was shipped to me, I ordered a different color."
TIX103520,CUST003722,2025-10-14,Refund Status,Social Media,15.7,4.0,"Great service, just wanted to confirm my order status."
TIX103521,CUST004280,2026-01-25,Refund Status,Email,10.8,5.0,  the delivery guy left my package outside in the rain!!  
TIX103522,CUST004170,2025-07-19,Refund Status,Email,29.7,,"I can't log into my account, it says my password is invalid."
TIX103523,CUST006011,2025-05-20,Damaged Item,Phone,7.5,5.0,"Great service, just wanted to confirm my order status."
TIX103524,CUST004706,2026-05-21,Product Question,Email,1.9,3.0,When will my refund for the returned item be processed?
TIX103525,CUST005404,2026-01-17,Delivery Delay,Email,1.6,4.0,  the delivery guy left my package outside in the rain!!  
TIX103526,CUST000849,2024-11-21,Billing Issue,Phone,10.8,4.0,My order ORD115044 still hasn't arrived and it's been over a week.
TIX103527,CUST004110,2025-05-05,Damaged Item,Phone,13.1,4.0,When will my refund for the returned item be processed?
TIX103528,CUST004035,2025-04-14,Refund Status,Live Chat,8.5,5.0,My order ORD100628 still hasn't arrived and it's been over a week.
TIX103529,CUST000379,2024-10-05,Product Question,Social Media,27.9,3.0,"I was charged twice for order ORD115624, please refund the duplicate charge."
TIX103530,CUST003254,2025-04-30,Refund Status,Phone,19.7,5.0,"I was charged twice for order ORD117682, please refund the duplicate charge."
TIX103531,CUST005239,2026-04-23,Account Access,Live Chat,15.0,4.0,  the delivery guy left my package outside in the rain!!  
TIX103532,CUST003517,2025-11-22,Product Question,Phone,17.0,1.0,"I was charged twice for order ORD126024, please refund the duplicate charge."
TIX103533,CUST003322,2026-01-29,Delivery Delay,Live Chat,25.9,3.0,"Wrong item was shipped to me, I ordered a different color."
TIX103534,CUST000509,2025-11-30,Damaged Item,Email,16.9,5.0,My order ORD124232 still hasn't arrived and it's been over a week.
TIX103535,CUST004191,2025-03-05,Damaged Item,Social Media,4.5,4.0,  the delivery guy left my package outside in the rain!!  
TIX103536,CUST003710,2025-03-07,Wrong Item Shipped,Social Media,9.4,4.0,"Great service, just wanted to confirm my order status."
TIX103537,CUST003923,2025-12-11,Refund Status,Social Media,2.6,1.0,"The item I received was damaged during shipping, need a replacement."
TIX103538,CUST001400,2025-05-21,Delivery Delay,Live Chat,36.9,5.0,"Wrong item was shipped to me, I ordered a different color."
TIX103539,CUST003187,2025-07-25,Product Question,Phone,4.4,1.0,"I want to return this item, it doesn't fit as expected."
TIX103540,CUST001873,2025-09-07,Refund Status,Email,16.5,5.0,"I want to return this item, it doesn't fit as expected."
TIX103541,CUST001954,2025-08-13,Billing Issue,Phone,1.0,3.0,Can you tell me the warranty period on this product?
TIX103542,CUST002533,2025-05-30,Delivery Delay,Phone,6.9,5.0,"I was charged twice for order ORD117297, please refund the duplicate charge."
TIX103543,CUST001430,2025-11-29,Billing Issue,Email,40.6,1.0,"I was charged twice for order ORD113780, please refund the duplicate charge."
TIX103544,CUST005859,2025-05-30,Return Request,Live Chat,28.5,5.0,"The item I received was damaged during shipping, need a replacement."
TIX103545,CUST000677,2024-12-28,Wrong Item Shipped,Email,1.8,1.0,"I was charged twice for order ORD103840, please refund the duplicate charge."
TIX103546,CUST001761,2025-10-19,Delivery Delay,Social Media,14.7,,When will my refund for the returned item be processed?
TIX103547,CUST002433,2025-07-08,Account Access,Live Chat,8.7,5.0,My order ORD100821 still hasn't arrived and it's been over a week.
TIX103548,CUST006039,2025-01-30,Refund Status,Email,2.6,3.0,Can you tell me the warranty period on this product?
TIX103549,CUST001222,2026-01-03,Account Access,Phone,30.7,4.0,Can you tell me the warranty period on this product?
TIX103550,CUST005643,2025-05-30,Damaged Item,Email,36.7,4.0,"The item I received was damaged during shipping, need a replacement."
TIX103551,CUST003217,2024-12-15,Wrong Item Shipped,Live Chat,12.6,4.0,"Great service, just wanted to confirm my order status."
TIX103552,CUST005762,2026-03-20,Product Question,Social Media,3.8,4.0,"I want to return this item, it doesn't fit as expected."
TIX103553,CUST001517,2025-01-14,Account Access,Social Media,9.8,5.0,"I was charged twice for order ORD102936, please refund the duplicate charge."
TIX103554,CUST006074,2025-02-24,Return Request,Phone,0.6,5.0,"I want to return this item, it doesn't fit as expected."
TIX103555,CUST003975,2026-01-15,Refund Status,Phone,21.8,5.0,"Wrong item was shipped to me, I ordered a different color."
TIX103556,CUST003236,2025-08-13,Damaged Item,Phone,42.0,3.0,"Great service, just wanted to confirm my order status."
TIX103557,CUST000615,2026-04-11,Refund Status,Phone,0.3,3.0,My order ORD113915 still hasn't arrived and it's been over a week.
TIX103558,CUST001268,2026-04-11,Return Request,Email,19.1,5.0,Can you tell me the warranty period on this product?
TIX103559,CUST003801,2024-12-05,Damaged Item,Email,1.7,2.0,"I was charged twice for order ORD126334, please refund the duplicate charge."
TIX103560,CUST000840,2024-12-06,Account Access,Social Media,4.7,5.0,"I can't log into my account, it says my password is invalid."
TIX103561,CUST000076,2025-08-01,Refund Status,Phone,13.8,5.0,"The item I received was damaged during shipping, need a replacement."
TIX103562,CUST004914,2026-02-24,Damaged Item,Live Chat,6.9,1.0,When will my refund for the returned item be processed?
TIX103563,CUST001057,2026-06-01,Billing Issue,Social Media,0.1,3.0,My order ORD119377 still hasn't arrived and it's been over a week.
TIX103564,CUST004792,2025-10-21,Account Access,Phone,73.1,4.0,"I want to return this item, it doesn't fit as expected."
TIX103565,CUST003037,2025-08-09,Product Question,Email,3.4,4.0,My order ORD104743 still hasn't arrived and it's been over a week.
TIX103566,CUST003649,2025-09-13,Delivery Delay,Social Media,13.5,2.0,When will my refund for the returned item be processed?
TIX103567,CUST001428,2024-09-05,Delivery Delay,Live Chat,13.0,,Can you tell me the warranty period on this product?
TIX103568,CUST000122,2024-09-06,Product Question,Live Chat,53.7,4.0,"Wrong item was shipped to me, I ordered a different color."
TIX103569,CUST005516,2024-11-19,Damaged Item,Live Chat,26.5,2.0,"I want to return this item, it doesn't fit as expected."
TIX103570,CUST002580,2025-11-06,Damaged Item,Phone,14.6,4.0,  the delivery guy left my package outside in the rain!!  
TIX103571,CUST001389,2026-03-11,Account Access,Email,24.0,4.0,"The item I received was damaged during shipping, need a replacement."
TIX103572,CUST005272,2025-03-19,Damaged Item,Live Chat,33.7,4.0,When will my refund for the returned item be processed?
TIX103573,CUST003383,2025-08-28,Refund Status,Email,7.0,3.0,"Wrong item was shipped to me, I ordered a different color."
TIX103574,CUST001735,2025-01-08,Damaged Item,Phone,2.3,5.0,  the delivery guy left my package outside in the rain!!  
TIX103575,CUST004354,2025-11-26,Product Question,Social Media,30.0,5.0,"Great service, just wanted to confirm my order status."
TIX103576,CUST004248,2025-10-02,Product Question,Phone,3.8,3.0,"Wrong item was shipped to me, I ordered a different color."
TIX103577,CUST005647,2025-11-30,Billing Issue,Phone,7.5,4.0,"Great service, just wanted to confirm my order status."
TIX103578,CUST003073,2025-09-22,Account Access,Live Chat,38.4,5.0,When will my refund for the returned item be processed?
TIX103579,CUST005508,2025-11-06,Product Question,Live Chat,19.7,5.0,"I want to return this item, it doesn't fit as expected."
TIX103580,CUST004008,2025-02-12,Refund Status,Phone,1.6,5.0,"Great service, just wanted to confirm my order status."
TIX103581,CUST000622,2025-08-19,Product Question,Social Media,5.0,5.0,"I want to return this item, it doesn't fit as expected."
TIX103582,CUST004787,2025-04-09,Delivery Delay,Social Media,3.0,5.0,Can you tell me the warranty period on this product?
TIX103583,CUST004037,2025-12-22,Billing Issue,Live Chat,0.6,5.0,"I was charged twice for order ORD100857, please refund the duplicate charge."
TIX103584,CUST003320,2025-07-08,Delivery Delay,Social Media,4.4,4.0,"Wrong item was shipped to me, I ordered a different color."
TIX103585,CUST005591,2026-04-16,Return Request,Social Media,18.8,5.0,"Great service, just wanted to confirm my order status."
TIX103586,CUST002459,2026-02-22,Delivery Delay,Live Chat,0.3,5.0,"The item I received was damaged during shipping, need a replacement."
TIX103587,CUST003999,2025-05-03,Damaged Item,Live Chat,59.1,,My order ORD119171 still hasn't arrived and it's been over a week.
TIX103588,CUST000463,2025-11-07,Damaged Item,Email,4.8,1.0,My order ORD111364 still hasn't arrived and it's been over a week.
TIX103589,CUST001835,2024-09-25,Wrong Item Shipped,Social Media,6.2,3.0,"Wrong item was shipped to me, I ordered a different color."
TIX103590,CUST005756,2025-04-09,Wrong Item Shipped,Phone,0.6,4.0,"I can't log into my account, it says my password is invalid."
TIX103591,CUST000354,2024-12-25,Wrong Item Shipped,Phone,1.3,5.0,"The item I received was damaged during shipping, need a replacement."
TIX103592,CUST001248,2025-07-21,Refund Status,Email,120.1,5.0,"Wrong item was shipped to me, I ordered a different color."
TIX103593,CUST001778,2025-01-15,Billing Issue,Email,7.3,4.0,Can you tell me the warranty period on this product?
TIX103594,CUST003322,2024-09-16,Product Question,Social Media,20.5,5.0,Can you tell me the warranty period on this product?
TIX103595,CUST005253,2025-11-17,Refund Status,Social Media,25.0,3.0,  the delivery guy left my package outside in the rain!!  
TIX103596,CUST000018,2026-03-15,Return Request,Live Chat,12.2,,When will my refund for the returned item be processed?
TIX103597,CUST003063,2025-10-26,Billing Issue,Email,11.2,,My order ORD108235 still hasn't arrived and it's been over a week.
TIX103598,CUST001981,2025-03-08,Wrong Item Shipped,Email,7.4,,"The item I received was damaged during shipping, need a replacement."
TIX103599,CUST003182,2025-09-02,Delivery Delay,Social Media,21.8,4.0,"I want to return this item, it doesn't fit as expected."
TIX103600,CUST001136,2025-01-22,Billing Issue,Social Media,13.4,4.0,Can you tell me the warranty period on this product?
TIX103601,CUST003404,2024-10-02,Refund Status,Social Media,10.0,3.0,"The item I received was damaged during shipping, need a replacement."
TIX103602,CUST001596,2025-02-11,Wrong Item Shipped,Live Chat,3.0,3.0,"I want to return this item, it doesn't fit as expected."
TIX103603,CUST001129,2025-12-11,Account Access,Email,19.8,5.0,"I was charged twice for order ORD121241, please refund the duplicate charge."
TIX103604,CUST004590,2026-04-06,Product Question,Live Chat,10.3,3.0,"Wrong item was shipped to me, I ordered a different color."
TIX103605,CUST003897,2026-06-22,Billing Issue,Social Media,2.0,5.0,  the delivery guy left my package outside in the rain!!  
TIX103606,CUST003580,2024-12-06,Product Question,Social Media,7.6,4.0,"I was charged twice for order ORD107023, please refund the duplicate charge."
TIX103607,CUST004316,2025-01-06,Delivery Delay,Phone,0.8,4.0,  the delivery guy left my package outside in the rain!!  
TIX103608,CUST001893,2025-05-16,Damaged Item,Social Media,2.4,3.0,"I can't log into my account, it says my password is invalid."
TIX103609,CUST004376,2025-04-29,Return Request,Social Media,90.8,4.0,"Wrong item was shipped to me, I ordered a different color."
TIX103610,CUST003955,2025-03-16,Return Request,Social Media,28.2,5.0,My order ORD121685 still hasn't arrived and it's been over a week.
TIX103611,CUST003078,2026-06-02,Billing Issue,Email,79.2,3.0,  the delivery guy left my package outside in the rain!!  
TIX103612,CUST001116,2025-03-24,Billing Issue,Live Chat,50.8,3.0,"Wrong item was shipped to me, I ordered a different color."
TIX103613,CUST004198,2025-02-08,Account Access,Social Media,57.0,4.0,"I was charged twice for order ORD111700, please refund the duplicate charge."
TIX103614,CUST000059,2026-02-20,Account Access,Email,11.7,4.0,  the delivery guy left my package outside in the rain!!  
TIX103615,CUST002213,2025-07-25,Return Request,Social Media,20.3,4.0,When will my refund for the returned item be processed?
TIX103616,CUST004546,2024-10-13,Product Question,Social Media,0.2,5.0,When will my refund for the returned item be processed?
TIX103617,CUST002911,2024-11-11,Product Question,Email,8.6,1.0,"Wrong item was shipped to me, I ordered a different color."
TIX103618,CUST003140,2026-01-23,Billing Issue,Email,20.3,5.0,"I was charged twice for order ORD114999, please refund the duplicate charge."
TIX103619,CUST000805,2025-04-22,Return Request,Social Media,3.0,3.0,Can you tell me the warranty period on this product?
TIX103620,CUST000064,2024-10-25,Damaged Item,Social Media,40.6,4.0,"I was charged twice for order ORD123569, please refund the duplicate charge."
TIX103621,CUST003460,2024-10-23,Delivery Delay,Social Media,2.0,5.0,"I want to return this item, it doesn't fit as expected."
TIX103622,CUST003014,2026-05-02,Delivery Delay,Phone,32.8,3.0,"I can't log into my account, it says my password is invalid."
TIX103623,CUST006033,2025-03-08,Delivery Delay,Live Chat,17.2,,Can you tell me the warranty period on this product?
TIX103624,CUST000972,2026-06-13,Damaged Item,Live Chat,35.4,5.0,Can you tell me the warranty period on this product?
TIX103625,CUST006058,2026-03-24,Account Access,Phone,4.6,,"The item I received was damaged during shipping, need a replacement."
TIX103626,CUST003442,2025-03-04,Damaged Item,Social Media,18.3,4.0,"Great service, just wanted to confirm my order status."
TIX103627,CUST002475,2026-02-07,Delivery Delay,Social Media,4.5,5.0,"I was charged twice for order ORD112894, please refund the duplicate charge."
TIX103628,CUST004812,2024-10-25,Billing Issue,Email,5.5,,"I can't log into my account, it says my password is invalid."
TIX103629,CUST001367,2025-06-30,Refund Status,Phone,2.2,5.0,"The item I received was damaged during shipping, need a replacement."
TIX103630,CUST002443,2025-12-28,Refund Status,Social Media,34.7,4.0,"I want to return this item, it doesn't fit as expected."
TIX103631,CUST005356,2025-11-13,Damaged Item,Email,29.2,1.0,"I was charged twice for order ORD119251, please refund the duplicate charge."
TIX103632,CUST004498,2025-05-05,Product Question,Social Media,6.0,5.0,My order ORD124189 still hasn't arrived and it's been over a week.
TIX103633,CUST002761,2026-01-02,Account Access,Social Media,3.6,4.0,"Great service, just wanted to confirm my order status."
TIX103634,CUST004534,2025-12-09,Delivery Delay,Phone,28.8,5.0,  the delivery guy left my package outside in the rain!!  
TIX103635,CUST000591,2026-02-25,Account Access,Email,11.2,2.0,"I was charged twice for order ORD124924, please refund the duplicate charge."
TIX103636,CUST002734,2025-02-10,Refund Status,Phone,7.2,3.0,"The item I received was damaged during shipping, need a replacement."
TIX103637,CUST004025,2025-06-23,Return Request,Social Media,20.6,4.0,"Wrong item was shipped to me, I ordered a different color."
TIX103638,CUST001138,2026-05-31,Product Question,Phone,8.7,5.0,"Great service, just wanted to confirm my order status."
TIX103639,CUST003080,2025-07-21,Return Request,Social Media,23.4,2.0,When will my refund for the returned item be processed?
TIX103640,CUST000462,2026-04-24,Account Access,Live Chat,4.2,5.0,When will my refund for the returned item be processed?
TIX103641,CUST000557,2024-10-07,Account Access,Phone,15.1,2.0,"The item I received was damaged during shipping, need a replacement."
TIX103642,CUST002238,2025-05-26,Return Request,Social Media,37.4,4.0,"I want to return this item, it doesn't fit as expected."
TIX103643,CUST002793,2025-05-24,Account Access,Live Chat,30.0,5.0,  the delivery guy left my package outside in the rain!!  
TIX103644,CUST005003,2024-11-09,Account Access,Live Chat,51.7,5.0,My order ORD124079 still hasn't arrived and it's been over a week.
TIX103645,CUST002156,2025-10-22,Account Access,Email,0.4,5.0,"I was charged twice for order ORD124927, please refund the duplicate charge."
TIX103646,CUST005776,2025-12-25,Product Question,Live Chat,47.5,3.0,"I can't log into my account, it says my password is invalid."
TIX103647,CUST004961,2025-09-18,Product Question,Live Chat,5.0,5.0,"I want to return this item, it doesn't fit as expected."
TIX103648,CUST004237,2025-09-08,Billing Issue,Social Media,52.0,5.0,Can you tell me the warranty period on this product?
TIX103649,CUST005925,2025-12-27,Billing Issue,Phone,5.3,4.0,  the delivery guy left my package outside in the rain!!  
TIX103650,CUST000204,2025-09-15,Account Access,Phone,3.7,3.0,When will my refund for the returned item be processed?
TIX103651,CUST003046,2025-02-24,Return Request,Social Media,17.8,,"I was charged twice for order ORD108409, please refund the duplicate charge."
TIX103652,CUST005931,2025-01-26,Wrong Item Shipped,Live Chat,23.3,3.0,"Great service, just wanted to confirm my order status."
TIX103653,CUST000242,2025-05-01,Product Question,Phone,58.9,3.0,"I want to return this item, it doesn't fit as expected."
TIX103654,CUST003734,2026-06-03,Product Question,Email,6.5,4.0,When will my refund for the returned item be processed?
TIX103655,CUST002259,2025-09-21,Damaged Item,Social Media,10.8,4.0,Can you tell me the warranty period on this product?
TIX103656,CUST005033,2025-10-28,Wrong Item Shipped,Live Chat,16.7,5.0,When will my refund for the returned item be processed?
TIX103657,CUST004204,2026-04-17,Refund Status,Phone,31.3,5.0,Can you tell me the warranty period on this product?
TIX103658,CUST005050,2025-10-21,Delivery Delay,Email,27.4,5.0,  the delivery guy left my package outside in the rain!!  
TIX103659,CUST005011,2025-10-15,Product Question,Phone,51.8,2.0,"I want to return this item, it doesn't fit as expected."
TIX103660,CUST002973,2025-04-08,Account Access,Phone,14.1,5.0,My order ORD119738 still hasn't arrived and it's been over a week.
TIX103661,CUST001238,2025-07-09,Return Request,Live Chat,31.0,5.0,"Great service, just wanted to confirm my order status."
TIX103662,CUST005295,2025-06-13,Return Request,Phone,29.3,2.0,"I can't log into my account, it says my password is invalid."
TIX103663,CUST005207,2025-11-02,Wrong Item Shipped,Social Media,4.2,,"Wrong item was shipped to me, I ordered a different color."
TIX103664,CUST004617,2026-01-19,Refund Status,Social Media,7.6,3.0,When will my refund for the returned item be processed?
TIX103665,CUST004637,2025-03-18,Product Question,Social Media,4.0,5.0,"The item I received was damaged during shipping, need a replacement."
TIX103666,CUST005747,2025-03-15,Delivery Delay,Email,0.8,4.0,"I want to return this item, it doesn't fit as expected."
TIX103667,CUST002298,2026-05-18,Delivery Delay,Social Media,34.2,4.0,When will my refund for the returned item be processed?
TIX103668,CUST001242,2026-01-29,Account Access,Live Chat,41.8,3.0,"I want to return this item, it doesn't fit as expected."
TIX103669,CUST004940,2025-06-20,Return Request,Phone,9.8,,"I can't log into my account, it says my password is invalid."
TIX103670,CUST004526,2025-08-23,Product Question,Live Chat,8.2,4.0,  the delivery guy left my package outside in the rain!!  
TIX103671,CUST003035,2026-03-09,Account Access,Email,11.5,2.0,"I want to return this item, it doesn't fit as expected."
TIX103672,CUST002261,2024-09-10,Return Request,Phone,17.8,1.0,"Wrong item was shipped to me, I ordered a different color."
TIX103673,CUST004427,2025-06-16,Wrong Item Shipped,Phone,78.5,,  the delivery guy left my package outside in the rain!!  
TIX103674,CUST002647,2025-06-27,Damaged Item,Social Media,36.9,,"Wrong item was shipped to me, I ordered a different color."
TIX103675,CUST002237,2025-05-06,Damaged Item,Email,3.2,5.0,"Wrong item was shipped to me, I ordered a different color."
TIX103676,CUST001319,2025-07-31,Damaged Item,Email,37.7,4.0,"I want to return this item, it doesn't fit as expected."
TIX103677,CUST002095,2025-10-09,Product Question,Phone,11.9,4.0,"The item I received was damaged during shipping, need a replacement."
TIX103678,CUST003046,2024-11-24,Billing Issue,Email,29.4,5.0,  the delivery guy left my package outside in the rain!!  
TIX103679,CUST003060,2025-09-26,Account Access,Live Chat,33.6,1.0,Can you tell me the warranty period on this product?
TIX103680,CUST004345,2025-01-21,Damaged Item,Email,8.6,2.0,"The item I received was damaged during shipping, need a replacement."
TIX103681,CUST003973,2025-01-15,Delivery Delay,Email,0.5,3.0,My order ORD110850 still hasn't arrived and it's been over a week.
TIX103682,CUST005937,2024-10-16,Return Request,Live Chat,8.2,,My order ORD119027 still hasn't arrived and it's been over a week.
TIX103683,CUST000708,2025-08-23,Return Request,Email,0.5,5.0,"The item I received was damaged during shipping, need a replacement."
TIX103684,CUST003264,2025-03-12,Wrong Item Shipped,Email,13.0,,When will my refund for the returned item be processed?
TIX103685,CUST001542,2025-08-16,Account Access,Social Media,53.6,4.0,"I was charged twice for order ORD108158, please refund the duplicate charge."
TIX103686,CUST000969,2025-03-15,Billing Issue,Phone,38.9,3.0,My order ORD127767 still hasn't arrived and it's been over a week.
TIX103687,CUST002003,2025-09-05,Wrong Item Shipped,Live Chat,8.7,3.0,"Wrong item was shipped to me, I ordered a different color."
TIX103688,CUST002580,2025-05-13,Return Request,Email,25.4,5.0,"I was charged twice for order ORD117906, please refund the duplicate charge."
TIX103689,CUST000914,2025-02-04,Wrong Item Shipped,Phone,23.6,4.0,  the delivery guy left my package outside in the rain!!  
TIX103690,CUST005322,2026-02-17,Return Request,Phone,15.5,3.0,Can you tell me the warranty period on this product?
TIX103691,CUST001720,2026-02-22,Refund Status,Phone,21.9,4.0,"I was charged twice for order ORD105624, please refund the duplicate charge."
TIX103692,CUST003767,2025-11-05,Product Question,Live Chat,42.1,5.0,When will my refund for the returned item be processed?
TIX103693,CUST002262,2026-02-15,Wrong Item Shipped,Social Media,5.9,,"I can't log into my account, it says my password is invalid."
TIX103694,CUST004416,2026-05-06,Return Request,Phone,3.5,3.0,"I want to return this item, it doesn't fit as expected."
TIX103695,CUST004502,2025-09-12,Return Request,Live Chat,7.0,4.0,"Great service, just wanted to confirm my order status."
TIX103696,CUST001292,2024-10-19,Account Access,Email,17.0,4.0,"I can't log into my account, it says my password is invalid."
TIX103697,CUST004384,2024-09-06,Delivery Delay,Social Media,11.9,4.0,When will my refund for the returned item be processed?
TIX103698,CUST005841,2025-07-02,Delivery Delay,Live Chat,20.1,,When will my refund for the returned item be processed?
TIX103699,CUST004944,2025-08-28,Return Request,Phone,10.6,5.0,"I was charged twice for order ORD102828, please refund the duplicate charge."
TIX103700,CUST005048,2026-01-04,Product Question,Phone,19.0,5.0,Can you tell me the warranty period on this product?
TIX103701,CUST004024,2025-09-03,Account Access,Email,1.7,3.0,"I can't log into my account, it says my password is invalid."
TIX103702,CUST000140,2025-07-22,Account Access,Phone,10.2,3.0,"I want to return this item, it doesn't fit as expected."
TIX103703,CUST001850,2026-01-16,Delivery Delay,Phone,18.7,3.0,When will my refund for the returned item be processed?
TIX103704,CUST005097,2026-05-01,Account Access,Social Media,6.2,,When will my refund for the returned item be processed?
TIX103705,CUST001799,2025-02-27,Delivery Delay,Live Chat,7.0,5.0,"Wrong item was shipped to me, I ordered a different color."
TIX103706,CUST000273,2025-05-07,Delivery Delay,Live Chat,0.4,,"I can't log into my account, it says my password is invalid."
TIX103707,CUST001007,2025-01-21,Damaged Item,Phone,27.8,3.0,"I want to return this item, it doesn't fit as expected."
TIX103708,CUST001831,2024-10-08,Delivery Delay,Email,12.0,4.0,"Wrong item was shipped to me, I ordered a different color."
TIX103709,CUST003854,2026-03-20,Refund Status,Email,3.3,4.0,"I can't log into my account, it says my password is invalid."
TIX103710,CUST003262,2026-06-08,Account Access,Phone,17.9,4.0,"I can't log into my account, it says my password is invalid."
TIX103711,CUST004088,2025-06-03,Product Question,Phone,2.3,4.0,"I want to return this item, it doesn't fit as expected."
TIX103712,CUST001812,2025-03-24,Refund Status,Social Media,11.3,5.0,My order ORD104924 still hasn't arrived and it's been over a week.
TIX103713,CUST003874,2026-01-26,Product Question,Phone,2.6,5.0,"I was charged twice for order ORD119856, please refund the duplicate charge."
TIX103714,CUST000834,2024-12-05,Refund Status,Phone,20.3,4.0,"Wrong item was shipped to me, I ordered a different color."
TIX103715,CUST002941,2025-07-07,Refund Status,Email,3.8,5.0,"I was charged twice for order ORD127777, please refund the duplicate charge."
TIX103716,CUST000980,2024-10-17,Damaged Item,Email,55.4,,My order ORD101345 still hasn't arrived and it's been over a week.
TIX103717,CUST005415,2025-10-28,Damaged Item,Social Media,16.6,4.0,"Great service, just wanted to confirm my order status."
TIX103718,CUST000868,2025-05-27,Product Question,Live Chat,0.4,4.0,"The item I received was damaged during shipping, need a replacement."
TIX103719,CUST003485,2025-01-01,Delivery Delay,Live Chat,9.8,5.0,"Wrong item was shipped to me, I ordered a different color."
TIX103720,CUST004756,2026-01-24,Account Access,Social Media,3.1,2.0,"Wrong item was shipped to me, I ordered a different color."
TIX103721,CUST001842,2024-10-17,Billing Issue,Email,16.7,4.0,"Great service, just wanted to confirm my order status."
TIX103722,CUST000111,2026-06-30,Delivery Delay,Social Media,26.1,2.0,"I want to return this item, it doesn't fit as expected."
TIX103723,CUST001577,2026-05-12,Billing Issue,Email,6.6,,"I want to return this item, it doesn't fit as expected."
TIX103724,CUST003064,2026-06-30,Billing Issue,Live Chat,20.3,5.0,"Wrong item was shipped to me, I ordered a different color."
TIX103725,CUST000029,2025-11-24,Damaged Item,Email,36.9,3.0,"Great service, just wanted to confirm my order status."
TIX103726,CUST000334,2025-07-31,Refund Status,Social Media,42.4,4.0,"I want to return this item, it doesn't fit as expected."
TIX103727,CUST000080,2026-01-24,Wrong Item Shipped,Social Media,2.4,4.0,"I was charged twice for order ORD102548, please refund the duplicate charge."
TIX103728,CUST002113,2025-03-25,Return Request,Phone,7.9,,Can you tell me the warranty period on this product?
TIX103729,CUST002130,2024-12-25,Product Question,Social Media,5.7,4.0,"I can't log into my account, it says my password is invalid."
TIX103730,CUST002504,2024-11-28,Product Question,Email,15.2,5.0,When will my refund for the returned item be processed?
TIX103731,CUST004915,2026-04-01,Return Request,Email,30.5,5.0,"I was charged twice for order ORD100399, please refund the duplicate charge."
TIX103732,CUST002561,2025-04-28,Delivery Delay,Live Chat,18.6,3.0,My order ORD112518 still hasn't arrived and it's been over a week.
TIX103733,CUST005108,2024-10-26,Wrong Item Shipped,Live Chat,73.4,2.0,My order ORD112203 still hasn't arrived and it's been over a week.
TIX103734,CUST004369,2025-11-10,Delivery Delay,Social Media,0.7,4.0,"Great service, just wanted to confirm my order status."
TIX103735,CUST000418,2025-01-28,Refund Status,Social Media,4.0,5.0,"I was charged twice for order ORD110155, please refund the duplicate charge."
TIX103736,CUST002359,2025-10-21,Account Access,Live Chat,34.3,,"I can't log into my account, it says my password is invalid."
TIX103737,CUST005412,2025-07-18,Product Question,Social Media,9.0,4.0,Can you tell me the warranty period on this product?
TIX103738,CUST000889,2026-05-18,Wrong Item Shipped,Email,27.2,1.0,"I can't log into my account, it says my password is invalid."
TIX103739,CUST001856,2025-12-06,Delivery Delay,Phone,64.2,5.0,"The item I received was damaged during shipping, need a replacement."
TIX103740,CUST003170,2025-01-22,Refund Status,Social Media,16.1,4.0,"Wrong item was shipped to me, I ordered a different color."
TIX103741,CUST002028,2024-12-03,Account Access,Social Media,19.7,5.0,"I was charged twice for order ORD117127, please refund the duplicate charge."
TIX103742,CUST000134,2025-05-13,Account Access,Social Media,8.7,4.0,  the delivery guy left my package outside in the rain!!  
TIX103743,CUST000514,2025-04-17,Account Access,Social Media,41.3,,When will my refund for the returned item be processed?
TIX103744,CUST001158,2024-09-29,Billing Issue,Live Chat,20.0,5.0,When will my refund for the returned item be processed?
TIX103745,CUST003543,2025-03-27,Billing Issue,Social Media,16.7,,"Great service, just wanted to confirm my order status."
TIX103746,CUST004786,2024-11-19,Damaged Item,Email,0.5,5.0,  the delivery guy left my package outside in the rain!!  
TIX103747,CUST000755,2026-04-01,Refund Status,Social Media,12.3,5.0,My order ORD118790 still hasn't arrived and it's been over a week.
TIX103748,CUST000865,2026-02-02,Wrong Item Shipped,Phone,95.7,4.0,"I was charged twice for order ORD123892, please refund the duplicate charge."
TIX103749,CUST002578,2026-04-17,Delivery Delay,Email,10.7,2.0,When will my refund for the returned item be processed?
TIX103750,CUST003303,2025-08-01,Account Access,Live Chat,56.7,5.0,"The item I received was damaged during shipping, need a replacement."
TIX103751,CUST000657,2026-03-09,Damaged Item,Phone,71.8,5.0,"The item I received was damaged during shipping, need a replacement."
TIX103752,CUST003456,2025-09-24,Wrong Item Shipped,Email,374.0,,My order ORD109402 still hasn't arrived and it's been over a week.
TIX103753,CUST003037,2025-04-12,Wrong Item Shipped,Phone,6.4,2.0,"Great service, just wanted to confirm my order status."
TIX103754,CUST004380,2025-02-16,Product Question,Social Media,3.9,,"Wrong item was shipped to me, I ordered a different color."
TIX103755,CUST004980,2024-09-08,Billing Issue,Social Media,14.2,3.0,"Wrong item was shipped to me, I ordered a different color."
TIX103756,CUST001851,2026-06-21,Damaged Item,Social Media,2.0,3.0,"I can't log into my account, it says my password is invalid."
TIX103757,CUST005223,2025-04-06,Account Access,Live Chat,12.7,5.0,"I want to return this item, it doesn't fit as expected."
TIX103758,CUST002501,2025-12-25,Product Question,Email,19.3,,When will my refund for the returned item be processed?
TIX103759,CUST004914,2026-06-14,Refund Status,Phone,10.4,3.0,  the delivery guy left my package outside in the rain!!  
TIX103760,CUST003047,2024-09-18,Account Access,Email,2.9,4.0,Can you tell me the warranty period on this product?
TIX103761,CUST001877,2024-09-28,Return Request,Social Media,29.5,5.0,"Great service, just wanted to confirm my order status."
TIX103762,CUST001962,2025-03-28,Return Request,Phone,14.0,4.0,"I was charged twice for order ORD104333, please refund the duplicate charge."
TIX103763,CUST002066,2025-12-04,Product Question,Live Chat,5.7,5.0,"Great service, just wanted to confirm my order status."
TIX103764,CUST000872,2025-07-21,Account Access,Social Media,0.3,5.0,"I was charged twice for order ORD104860, please refund the duplicate charge."
TIX103765,CUST003025,2024-12-14,Account Access,Email,14.1,4.0,"The item I received was damaged during shipping, need a replacement."
TIX103766,CUST004246,2025-05-10,Product Question,Social Media,26.2,5.0,"Great service, just wanted to confirm my order status."
TIX103767,CUST003400,2025-12-23,Product Question,Phone,8.1,3.0,"I was charged twice for order ORD102262, please refund the duplicate charge."
TIX103768,CUST003027,2024-12-07,Delivery Delay,Live Chat,19.5,2.0,"Wrong item was shipped to me, I ordered a different color."
TIX103769,CUST005890,2026-03-25,Billing Issue,Social Media,28.6,5.0,  the delivery guy left my package outside in the rain!!  
TIX103770,CUST005190,2026-05-10,Return Request,Phone,11.4,5.0,When will my refund for the returned item be processed?
TIX103771,CUST003818,2026-04-16,Return Request,Social Media,5.7,,"I can't log into my account, it says my password is invalid."
TIX103772,CUST004301,2025-08-27,Account Access,Email,9.6,5.0,"The item I received was damaged during shipping, need a replacement."
TIX103773,CUST002339,2024-12-24,Return Request,Email,25.8,5.0,"Great service, just wanted to confirm my order status."
TIX103774,CUST001261,2025-02-10,Wrong Item Shipped,Social Media,4.4,5.0,Can you tell me the warranty period on this product?
TIX103775,CUST005489,2025-12-02,Billing Issue,Live Chat,5.3,5.0,When will my refund for the returned item be processed?
TIX103776,CUST002711,2024-12-25,Product Question,Phone,8.0,3.0,"Wrong item was shipped to me, I ordered a different color."
TIX103777,CUST000281,2026-06-20,Refund Status,Live Chat,17.8,3.0,"I want to return this item, it doesn't fit as expected."
TIX103778,CUST000303,2024-12-24,Refund Status,Live Chat,5.0,4.0,When will my refund for the returned item be processed?
TIX103779,CUST004256,2025-03-12,Return Request,Live Chat,12.3,,"Great service, just wanted to confirm my order status."
TIX103780,CUST001293,2024-11-17,Account Access,Live Chat,18.1,2.0,"Wrong item was shipped to me, I ordered a different color."
TIX103781,CUST001050,2025-03-10,Account Access,Social Media,13.3,3.0,Can you tell me the warranty period on this product?
TIX103782,CUST000445,2025-04-18,Delivery Delay,Phone,0.1,4.0,Can you tell me the warranty period on this product?
TIX103783,CUST005585,2024-11-07,Account Access,Social Media,12.5,5.0,"Great service, just wanted to confirm my order status."
TIX103784,CUST004081,2024-12-03,Return Request,Live Chat,7.9,4.0,"Great service, just wanted to confirm my order status."
TIX103785,CUST004883,2025-06-28,Wrong Item Shipped,Social Media,0.8,3.0,  the delivery guy left my package outside in the rain!!  
TIX103786,CUST003820,2025-02-25,Delivery Delay,Live Chat,44.4,3.0,My order ORD103221 still hasn't arrived and it's been over a week.
TIX103787,CUST000541,2025-10-27,Return Request,Live Chat,18.9,1.0,"Great service, just wanted to confirm my order status."
TIX103788,CUST002455,2025-10-20,Return Request,Phone,44.0,4.0,"I can't log into my account, it says my password is invalid."
TIX103789,CUST004732,2025-05-06,Refund Status,Phone,6.6,5.0,"The item I received was damaged during shipping, need a replacement."
TIX103790,CUST003908,2026-02-27,Refund Status,Live Chat,46.4,4.0,"Great service, just wanted to confirm my order status."
TIX103791,CUST004000,2026-04-23,Return Request,Social Media,10.5,5.0,"Wrong item was shipped to me, I ordered a different color."
TIX103792,CUST000563,2025-06-09,Refund Status,Social Media,7.0,5.0,Can you tell me the warranty period on this product?
TIX103793,CUST003937,2024-11-05,Wrong Item Shipped,Phone,33.2,,"Wrong item was shipped to me, I ordered a different color."
TIX103794,CUST000403,2025-05-12,Damaged Item,Social Media,0.8,2.0,"I can't log into my account, it says my password is invalid."
TIX103795,CUST003447,2025-05-15,Refund Status,Email,23.7,3.0,Can you tell me the warranty period on this product?
TIX103796,CUST005335,2024-11-26,Product Question,Live Chat,36.0,4.0,"I was charged twice for order ORD121731, please refund the duplicate charge."
TIX103797,CUST004925,2025-10-20,Wrong Item Shipped,Email,36.9,5.0,"The item I received was damaged during shipping, need a replacement."
TIX103798,CUST002504,2026-03-24,Return Request,Phone,0.6,5.0,My order ORD123870 still hasn't arrived and it's been over a week.
TIX103799,CUST001818,2025-06-01,Return Request,Live Chat,38.4,,"Great service, just wanted to confirm my order status."
TIX103800,CUST004655,2025-06-17,Billing Issue,Email,22.6,3.0,"I was charged twice for order ORD103939, please refund the duplicate charge."
TIX103801,CUST005535,2026-03-23,Damaged Item,Live Chat,33.6,3.0,When will my refund for the returned item be processed?
TIX103802,CUST000609,2024-10-29,Damaged Item,Social Media,19.8,5.0,"I want to return this item, it doesn't fit as expected."
TIX103803,CUST001801,2026-04-23,Return Request,Live Chat,24.9,5.0,"I want to return this item, it doesn't fit as expected."
TIX103804,CUST001478,2025-11-16,Product Question,Phone,17.3,2.0,"I was charged twice for order ORD114317, please refund the duplicate charge."
TIX103805,CUST002534,2025-09-20,Refund Status,Email,11.5,,"Wrong item was shipped to me, I ordered a different color."
TIX103806,CUST004202,2026-05-31,Wrong Item Shipped,Social Media,47.5,5.0,"Wrong item was shipped to me, I ordered a different color."
TIX103807,CUST001761,2025-08-25,Damaged Item,Live Chat,2.1,5.0,"Wrong item was shipped to me, I ordered a different color."
TIX103808,CUST004640,2026-04-25,Account Access,Email,1.2,2.0,"Wrong item was shipped to me, I ordered a different color."
TIX103809,CUST005283,2026-03-10,Account Access,Live Chat,19.7,3.0,My order ORD122914 still hasn't arrived and it's been over a week.
TIX103810,CUST002118,2025-12-14,Damaged Item,Live Chat,20.2,4.0,  the delivery guy left my package outside in the rain!!  
TIX103811,CUST002905,2026-03-15,Product Question,Phone,33.2,4.0,"Great service, just wanted to confirm my order status."
TIX103812,CUST003572,2025-10-05,Return Request,Social Media,18.8,2.0,"The item I received was damaged during shipping, need a replacement."
TIX103813,CUST003728,2026-05-16,Delivery Delay,Email,1.6,1.0,Can you tell me the warranty period on this product?
TIX103814,CUST004314,2024-12-17,Refund Status,Social Media,38.1,2.0,"I want to return this item, it doesn't fit as expected."
TIX103815,CUST005031,2024-10-14,Account Access,Phone,1.9,5.0,When will my refund for the returned item be processed?
TIX103816,CUST003587,2024-09-23,Delivery Delay,Live Chat,10.7,3.0,"The item I received was damaged during shipping, need a replacement."
TIX103817,CUST001747,2024-10-21,Return Request,Phone,17.9,3.0,"I can't log into my account, it says my password is invalid."
TIX103818,CUST005949,2026-02-11,Delivery Delay,Email,18.0,5.0,My order ORD101777 still hasn't arrived and it's been over a week.
TIX103819,CUST003918,2025-07-14,Refund Status,Phone,10.7,5.0,  the delivery guy left my package outside in the rain!!  
TIX103820,CUST004486,2025-01-23,Refund Status,Phone,7.2,5.0,  the delivery guy left my package outside in the rain!!  
TIX103821,CUST005050,2025-11-06,Return Request,Social Media,6.4,,"Great service, just wanted to confirm my order status."
TIX103822,CUST005219,2026-04-17,Return Request,Phone,65.3,3.0,When will my refund for the returned item be processed?
TIX103823,CUST003922,2025-03-04,Damaged Item,Live Chat,7.5,5.0,"I can't log into my account, it says my password is invalid."
TIX103824,CUST005051,2026-05-17,Delivery Delay,Phone,15.7,2.0,"I want to return this item, it doesn't fit as expected."
TIX103825,CUST000949,2025-10-27,Return Request,Email,15.6,2.0,"I was charged twice for order ORD121817, please refund the duplicate charge."
TIX103826,CUST003289,2024-11-10,Product Question,Live Chat,15.2,4.0,"Wrong item was shipped to me, I ordered a different color."
TIX103827,CUST001497,2024-12-21,Product Question,Phone,17.5,3.0,  the delivery guy left my package outside in the rain!!  
TIX103828,CUST002347,2025-06-13,Damaged Item,Social Media,5.5,4.0,"I was charged twice for order ORD112700, please refund the duplicate charge."
TIX103829,CUST001270,2026-05-29,Billing Issue,Live Chat,7.4,3.0,"Great service, just wanted to confirm my order status."
TIX103830,CUST005679,2026-04-17,Billing Issue,Live Chat,1.3,4.0,"Wrong item was shipped to me, I ordered a different color."
TIX103831,CUST004837,2025-04-03,Delivery Delay,Phone,15.2,5.0,  the delivery guy left my package outside in the rain!!  
TIX103832,CUST004777,2026-01-27,Billing Issue,Social Media,4.9,,"I can't log into my account, it says my password is invalid."
TIX103833,CUST003717,2024-12-28,Delivery Delay,Live Chat,3.4,4.0,"I can't log into my account, it says my password is invalid."
TIX103834,CUST000222,2026-01-15,Damaged Item,Social Media,32.3,4.0,"I was charged twice for order ORD106347, please refund the duplicate charge."
TIX103835,CUST003590,2024-11-11,Refund Status,Live Chat,15.7,5.0,Can you tell me the warranty period on this product?
TIX103836,CUST004831,2026-02-18,Wrong Item Shipped,Phone,14.7,,"I want to return this item, it doesn't fit as expected."
TIX103837,CUST003150,2025-01-03,Account Access,Phone,3.1,3.0,"The item I received was damaged during shipping, need a replacement."
TIX103838,CUST002976,2025-07-04,Delivery Delay,Phone,10.6,5.0,When will my refund for the returned item be processed?
TIX103839,CUST001393,2025-12-13,Delivery Delay,Email,14.6,4.0,"Great service, just wanted to confirm my order status."
TIX103840,CUST004403,2025-09-27,Delivery Delay,Phone,10.4,4.0,Can you tell me the warranty period on this product?
TIX103841,CUST005305,2025-12-10,Damaged Item,Phone,13.7,3.0,Can you tell me the warranty period on this product?
TIX103842,CUST003422,2026-01-29,Wrong Item Shipped,Email,0.3,4.0,"I was charged twice for order ORD111004, please refund the duplicate charge."
TIX103843,CUST005759,2026-01-09,Wrong Item Shipped,Live Chat,4.0,4.0,"Great service, just wanted to confirm my order status."
TIX103844,CUST000832,2025-12-14,Account Access,Social Media,4.4,3.0,"Great service, just wanted to confirm my order status."
TIX103845,CUST001115,2025-03-10,Damaged Item,Social Media,8.6,5.0,My order ORD122761 still hasn't arrived and it's been over a week.
TIX103846,CUST002048,2026-02-06,Product Question,Social Media,50.9,5.0,"Wrong item was shipped to me, I ordered a different color."
TIX103847,CUST003447,2024-11-23,Delivery Delay,Phone,14.0,2.0,"I want to return this item, it doesn't fit as expected."
TIX103848,CUST001940,2024-11-15,Damaged Item,Email,5.3,5.0,"I want to return this item, it doesn't fit as expected."
TIX103849,CUST004472,2025-12-14,Product Question,Phone,22.7,5.0,"I was charged twice for order ORD107577, please refund the duplicate charge."
TIX103850,CUST002678,2025-09-12,Damaged Item,Email,4.4,5.0,"The item I received was damaged during shipping, need a replacement."
TIX103851,CUST001968,2025-01-31,Return Request,Live Chat,3.1,5.0,"I was charged twice for order ORD122160, please refund the duplicate charge."
TIX103852,CUST003085,2025-03-27,Wrong Item Shipped,Live Chat,6.4,4.0,"Great service, just wanted to confirm my order status."
TIX103853,CUST002630,2025-07-03,Wrong Item Shipped,Live Chat,6.2,5.0,Can you tell me the warranty period on this product?
TIX103854,CUST000099,2026-05-28,Product Question,Social Media,9.8,4.0,"I was charged twice for order ORD104209, please refund the duplicate charge."
TIX103855,CUST002276,2025-04-10,Wrong Item Shipped,Social Media,22.6,5.0,Can you tell me the warranty period on this product?
TIX103856,CUST002635,2026-01-02,Damaged Item,Social Media,15.6,5.0,  the delivery guy left my package outside in the rain!!  
TIX103857,CUST005826,2026-02-11,Return Request,Live Chat,12.2,3.0,"I want to return this item, it doesn't fit as expected."
TIX103858,CUST005785,2025-02-13,Account Access,Live Chat,53.4,,"I want to return this item, it doesn't fit as expected."
TIX103859,CUST003781,2026-05-23,Billing Issue,Social Media,0.6,3.0,"Great service, just wanted to confirm my order status."
TIX103860,CUST005530,2025-01-24,Return Request,Social Media,9.3,,  the delivery guy left my package outside in the rain!!  
TIX103861,CUST000658,2025-02-23,Account Access,Phone,20.8,2.0,Can you tell me the warranty period on this product?
TIX103862,CUST004700,2025-09-23,Product Question,Phone,7.0,3.0,"I was charged twice for order ORD103688, please refund the duplicate charge."
TIX103863,CUST004931,2026-02-05,Wrong Item Shipped,Email,11.6,,  the delivery guy left my package outside in the rain!!  
TIX103864,CUST002352,2026-05-09,Delivery Delay,Live Chat,0.5,5.0,"Great service, just wanted to confirm my order status."
TIX103865,CUST001911,2025-12-19,Product Question,Live Chat,4.1,5.0,"I was charged twice for order ORD119408, please refund the duplicate charge."
TIX103866,CUST003666,2025-08-30,Return Request,Social Media,1.5,4.0,"I was charged twice for order ORD114493, please refund the duplicate charge."
TIX103867,CUST000067,2025-05-07,Wrong Item Shipped,Phone,63.5,4.0,"I want to return this item, it doesn't fit as expected."
TIX103868,CUST005578,2025-05-19,Billing Issue,Email,24.6,5.0,"Wrong item was shipped to me, I ordered a different color."
TIX103869,CUST003070,2024-12-31,Damaged Item,Social Media,19.1,4.0,"I was charged twice for order ORD106107, please refund the duplicate charge."
TIX103870,CUST000168,2026-06-14,Delivery Delay,Live Chat,0.0,3.0,"I was charged twice for order ORD111532, please refund the duplicate charge."
TIX103871,CUST002111,2025-06-17,Damaged Item,Social Media,11.3,4.0,  the delivery guy left my package outside in the rain!!  
TIX103872,CUST004849,2024-10-16,Damaged Item,Social Media,22.2,,"Great service, just wanted to confirm my order status."
TIX103873,CUST000058,2024-09-12,Delivery Delay,Social Media,16.9,5.0,"I want to return this item, it doesn't fit as expected."
TIX103874,CUST003285,2024-11-10,Billing Issue,Phone,13.0,5.0,"I want to return this item, it doesn't fit as expected."
TIX103875,CUST002573,2025-09-05,Damaged Item,Social Media,31.8,4.0,  the delivery guy left my package outside in the rain!!  
TIX103876,CUST000211,2025-11-25,Billing Issue,Social Media,7.3,5.0,My order ORD104504 still hasn't arrived and it's been over a week.
TIX103877,CUST002786,2025-02-04,Billing Issue,Social Media,32.9,5.0,Can you tell me the warranty period on this product?
TIX103878,CUST002802,2025-10-12,Account Access,Live Chat,8.8,4.0,"I was charged twice for order ORD125135, please refund the duplicate charge."
TIX103879,CUST002518,2025-02-27,Wrong Item Shipped,Email,15.6,4.0,"I was charged twice for order ORD102652, please refund the duplicate charge."
TIX103880,CUST002579,2025-04-01,Product Question,Live Chat,13.2,4.0,"The item I received was damaged during shipping, need a replacement."
TIX103881,CUST000393,2026-01-21,Refund Status,Phone,9.5,4.0,"Wrong item was shipped to me, I ordered a different color."
TIX103882,CUST002581,2025-12-22,Delivery Delay,Email,5.6,4.0,My order ORD101834 still hasn't arrived and it's been over a week.
TIX103883,CUST003618,2024-12-14,Refund Status,Social Media,10.7,,"Wrong item was shipped to me, I ordered a different color."
TIX103884,CUST002782,2025-07-17,Account Access,Social Media,2.3,4.0,"I was charged twice for order ORD124307, please refund the duplicate charge."
TIX103885,CUST002632,2025-10-17,Damaged Item,Social Media,7.6,4.0,"Wrong item was shipped to me, I ordered a different color."
TIX103886,CUST001291,2026-05-23,Return Request,Phone,15.6,4.0,Can you tell me the warranty period on this product?
TIX103887,CUST002467,2025-11-18,Product Question,Email,1.1,4.0,"Wrong item was shipped to me, I ordered a different color."
TIX103888,CUST001275,2026-04-15,Refund Status,Phone,24.5,5.0,My order ORD122429 still hasn't arrived and it's been over a week.
TIX103889,CUST001489,2025-08-29,Refund Status,Phone,15.1,5.0,My order ORD107043 still hasn't arrived and it's been over a week.
TIX103890,CUST005097,2024-11-23,Wrong Item Shipped,Social Media,60.3,5.0,"Great service, just wanted to confirm my order status."
TIX103891,CUST002682,2025-05-28,Product Question,Live Chat,1.7,3.0,"Wrong item was shipped to me, I ordered a different color."
TIX103892,CUST001089,2024-09-09,Wrong Item Shipped,Live Chat,4.6,,"I want to return this item, it doesn't fit as expected."
TIX103893,CUST003298,2026-03-30,Wrong Item Shipped,Email,13.9,5.0,  the delivery guy left my package outside in the rain!!  
TIX103894,CUST001153,2026-06-14,Product Question,Email,11.9,,When will my refund for the returned item be processed?
TIX103895,CUST001724,2026-01-25,Delivery Delay,Email,12.4,1.0,"The item I received was damaged during shipping, need a replacement."
TIX103896,CUST000495,2026-04-02,Account Access,Live Chat,7.5,5.0,"The item I received was damaged during shipping, need a replacement."
TIX103897,CUST003563,2026-03-26,Return Request,Live Chat,36.2,4.0,When will my refund for the returned item be processed?
TIX103898,CUST004903,2025-02-26,Account Access,Phone,0.9,2.0,"The item I received was damaged during shipping, need a replacement."
TIX103899,CUST001934,2025-07-23,Product Question,Email,37.0,5.0,"Wrong item was shipped to me, I ordered a different color."
TIX103900,CUST004885,2024-10-31,Billing Issue,Live Chat,27.0,4.0,"Great service, just wanted to confirm my order status."
TIX103901,CUST004761,2024-10-23,Delivery Delay,Live Chat,28.0,4.0,My order ORD118584 still hasn't arrived and it's been over a week.
TIX103902,CUST003752,2025-06-01,Return Request,Live Chat,43.4,5.0,"I was charged twice for order ORD112434, please refund the duplicate charge."
TIX103903,CUST002997,2025-07-26,Wrong Item Shipped,Phone,15.1,,Can you tell me the warranty period on this product?
TIX103904,CUST002312,2025-12-12,Refund Status,Live Chat,36.2,4.0,"The item I received was damaged during shipping, need a replacement."
TIX103905,CUST003527,2025-05-23,Damaged Item,Email,9.3,5.0,My order ORD118282 still hasn't arrived and it's been over a week.
TIX103906,CUST005302,2024-12-24,Product Question,Email,20.8,,  the delivery guy left my package outside in the rain!!  
TIX103907,CUST001406,2025-03-26,Return Request,Email,6.5,2.0,  the delivery guy left my package outside in the rain!!  
TIX103908,CUST004340,2026-05-31,Return Request,Live Chat,29.6,,My order ORD115666 still hasn't arrived and it's been over a week.
TIX103909,CUST003826,2025-12-12,Refund Status,Phone,0.6,,My order ORD101187 still hasn't arrived and it's been over a week.
TIX103910,CUST004490,2025-05-11,Account Access,Phone,33.6,5.0,"I was charged twice for order ORD123831, please refund the duplicate charge."
TIX103911,CUST002705,2026-03-21,Account Access,Social Media,2.3,4.0,"I want to return this item, it doesn't fit as expected."
TIX103912,CUST000128,2025-12-13,Return Request,Email,3.1,5.0,"Great service, just wanted to confirm my order status."
TIX103913,CUST001773,2025-12-02,Damaged Item,Phone,25.4,1.0,"The item I received was damaged during shipping, need a replacement."
TIX103914,CUST005383,2025-03-14,Wrong Item Shipped,Social Media,4.9,5.0,"Wrong item was shipped to me, I ordered a different color."
TIX103915,CUST001225,2026-02-18,Billing Issue,Phone,12.2,5.0,My order ORD105064 still hasn't arrived and it's been over a week.
TIX103916,CUST001065,2025-06-22,Return Request,Phone,12.4,5.0,"I can't log into my account, it says my password is invalid."
TIX103917,CUST004662,2024-09-22,Billing Issue,Live Chat,8.5,3.0,  the delivery guy left my package outside in the rain!!  
TIX103918,CUST004421,2024-10-27,Delivery Delay,Phone,48.5,1.0,"Great service, just wanted to confirm my order status."
TIX103919,CUST002312,2025-03-04,Product Question,Live Chat,14.9,5.0,"I want to return this item, it doesn't fit as expected."
TIX103920,CUST004542,2025-09-12,Return Request,Live Chat,22.7,1.0,"I can't log into my account, it says my password is invalid."
TIX103921,CUST005332,2025-07-30,Account Access,Social Media,39.8,5.0,"I want to return this item, it doesn't fit as expected."
TIX103922,CUST003768,2024-12-26,Billing Issue,Email,17.2,4.0,"Wrong item was shipped to me, I ordered a different color."
TIX103923,CUST000767,2025-12-26,Damaged Item,Email,21.4,5.0,"I was charged twice for order ORD125675, please refund the duplicate charge."
TIX103924,CUST000690,2024-11-13,Delivery Delay,Social Media,10.5,4.0,"Great service, just wanted to confirm my order status."
TIX103925,CUST005097,2026-02-13,Wrong Item Shipped,Email,97.1,5.0,My order ORD109607 still hasn't arrived and it's been over a week.
TIX103926,CUST000247,2025-06-09,Billing Issue,Social Media,26.9,4.0,"Great service, just wanted to confirm my order status."
TIX103927,CUST001584,2024-11-07,Billing Issue,Social Media,60.4,1.0,Can you tell me the warranty period on this product?
TIX103928,CUST003997,2025-02-15,Return Request,Live Chat,2.4,5.0,My order ORD116451 still hasn't arrived and it's been over a week.
TIX103929,CUST002165,2025-03-02,Account Access,Email,0.4,5.0,"I want to return this item, it doesn't fit as expected."
TIX103930,CUST001703,2025-07-03,Return Request,Live Chat,13.3,3.0,"I want to return this item, it doesn't fit as expected."
TIX103931,CUST002858,2025-06-08,Billing Issue,Social Media,23.7,5.0,  the delivery guy left my package outside in the rain!!  
TIX103932,CUST004614,2026-06-25,Delivery Delay,Social Media,32.2,5.0,My order ORD103614 still hasn't arrived and it's been over a week.
TIX103933,CUST001645,2025-10-04,Return Request,Social Media,34.0,5.0,When will my refund for the returned item be processed?
TIX103934,CUST000503,2025-10-01,Refund Status,Live Chat,6.1,4.0,Can you tell me the warranty period on this product?
TIX103935,CUST002697,2024-10-25,Account Access,Social Media,25.6,1.0,"I can't log into my account, it says my password is invalid."
TIX103936,CUST002624,2025-11-21,Account Access,Social Media,3.1,2.0,"The item I received was damaged during shipping, need a replacement."
TIX103937,CUST005843,2025-02-19,Return Request,Live Chat,13.2,3.0,"Great service, just wanted to confirm my order status."
TIX103938,CUST000725,2025-09-24,Refund Status,Social Media,4.8,3.0,  the delivery guy left my package outside in the rain!!  
TIX103939,CUST004501,2024-12-27,Product Question,Live Chat,4.7,5.0,  the delivery guy left my package outside in the rain!!  
TIX103940,CUST002767,2025-01-18,Return Request,Email,6.4,4.0,  the delivery guy left my package outside in the rain!!  
TIX103941,CUST000508,2025-04-09,Delivery Delay,Phone,6.6,5.0,"The item I received was damaged during shipping, need a replacement."
TIX103942,CUST000538,2025-12-14,Delivery Delay,Live Chat,7.3,,"The item I received was damaged during shipping, need a replacement."
TIX103943,CUST001752,2025-12-20,Return Request,Live Chat,44.0,5.0,"I was charged twice for order ORD116328, please refund the duplicate charge."
TIX103944,CUST000557,2025-11-17,Billing Issue,Phone,20.9,4.0,"Great service, just wanted to confirm my order status."
TIX103945,CUST001728,2026-01-08,Delivery Delay,Phone,0.1,5.0,Can you tell me the warranty period on this product?
TIX103946,CUST000319,2025-08-30,Wrong Item Shipped,Live Chat,9.2,,"Wrong item was shipped to me, I ordered a different color."
TIX103947,CUST003436,2025-01-04,Return Request,Social Media,3.2,5.0,"Wrong item was shipped to me, I ordered a different color."
TIX103948,CUST002500,2025-10-31,Wrong Item Shipped,Email,23.0,2.0,"Great service, just wanted to confirm my order status."
TIX103949,CUST001882,2026-01-29,Return Request,Live Chat,72.9,5.0,"Great service, just wanted to confirm my order status."
TIX103950,CUST001704,2025-07-11,Delivery Delay,Live Chat,12.4,5.0,Can you tell me the warranty period on this product?
TIX103951,CUST001073,2026-06-21,Product Question,Live Chat,71.3,,"Wrong item was shipped to me, I ordered a different color."
TIX103952,CUST002530,2026-04-29,Product Question,Email,5.8,3.0,"I want to return this item, it doesn't fit as expected."
TIX103953,CUST003499,2025-03-06,Refund Status,Social Media,15.7,3.0,When will my refund for the returned item be processed?
TIX103954,CUST004063,2026-02-10,Account Access,Social Media,14.2,5.0,"I can't log into my account, it says my password is invalid."
TIX103955,CUST004779,2025-10-01,Refund Status,Email,28.6,2.0,"I want to return this item, it doesn't fit as expected."
TIX103956,CUST003549,2024-12-22,Account Access,Phone,5.5,3.0,Can you tell me the warranty period on this product?
TIX103957,CUST000239,2026-06-21,Product Question,Phone,5.4,,"I can't log into my account, it says my password is invalid."
TIX103958,CUST004279,2024-09-04,Return Request,Live Chat,7.9,4.0,"I can't log into my account, it says my password is invalid."
TIX103959,CUST004230,2025-01-18,Billing Issue,Live Chat,15.8,5.0,"I want to return this item, it doesn't fit as expected."
TIX103960,CUST005220,2024-09-09,Account Access,Email,2.6,4.0,"I can't log into my account, it says my password is invalid."
TIX103961,CUST002152,2025-05-15,Delivery Delay,Email,55.8,5.0,"I can't log into my account, it says my password is invalid."
TIX103962,CUST003789,2025-08-18,Refund Status,Phone,11.1,5.0,"I can't log into my account, it says my password is invalid."
TIX103963,CUST000715,2025-02-08,Damaged Item,Email,12.6,4.0,"Wrong item was shipped to me, I ordered a different color."
TIX103964,CUST002230,2024-12-22,Return Request,Live Chat,9.5,1.0,"The item I received was damaged during shipping, need a replacement."
TIX103965,CUST003997,2024-10-08,Refund Status,Phone,8.8,5.0,"The item I received was damaged during shipping, need a replacement."
TIX103966,CUST005705,2026-03-27,Delivery Delay,Email,11.0,3.0,When will my refund for the returned item be processed?
TIX103967,CUST004432,2025-01-02,Billing Issue,Live Chat,5.0,4.0,When will my refund for the returned item be processed?
TIX103968,CUST001065,2025-06-20,Return Request,Social Media,2.9,,"I can't log into my account, it says my password is invalid."
TIX103969,CUST000673,2026-04-20,Refund Status,Social Media,10.3,4.0,"Wrong item was shipped to me, I ordered a different color."
TIX103970,CUST001237,2026-04-16,Wrong Item Shipped,Phone,20.3,3.0,"I can't log into my account, it says my password is invalid."
TIX103971,CUST004334,2025-06-29,Return Request,Email,7.9,5.0,My order ORD102657 still hasn't arrived and it's been over a week.
TIX103972,CUST001245,2026-05-21,Billing Issue,Email,2.1,4.0,"The item I received was damaged during shipping, need a replacement."
TIX103973,CUST001361,2025-05-29,Wrong Item Shipped,Email,13.4,4.0,My order ORD117928 still hasn't arrived and it's been over a week.
TIX103974,CUST002455,2026-04-10,Billing Issue,Email,13.4,2.0,"I want to return this item, it doesn't fit as expected."
TIX103975,CUST003567,2025-07-14,Damaged Item,Live Chat,3.3,4.0,When will my refund for the returned item be processed?
TIX103976,CUST001786,2026-06-25,Product Question,Social Media,7.6,4.0,"Wrong item was shipped to me, I ordered a different color."
TIX103977,CUST005085,2025-12-28,Refund Status,Social Media,28.0,1.0,"I can't log into my account, it says my password is invalid."
TIX103978,CUST002974,2025-06-17,Refund Status,Live Chat,0.6,3.0,My order ORD109700 still hasn't arrived and it's been over a week.
TIX103979,CUST000524,2025-02-22,Billing Issue,Social Media,1.8,5.0,"The item I received was damaged during shipping, need a replacement."
TIX103980,CUST003264,2025-08-23,Wrong Item Shipped,Social Media,21.7,4.0,"I want to return this item, it doesn't fit as expected."
TIX103981,CUST003208,2025-06-24,Billing Issue,Phone,15.3,4.0,My order ORD104549 still hasn't arrived and it's been over a week.
TIX103982,CUST003119,2026-06-05,Product Question,Social Media,15.6,5.0,Can you tell me the warranty period on this product?
TIX103983,CUST004004,2026-03-28,Return Request,Email,11.0,3.0,"I was charged twice for order ORD122408, please refund the duplicate charge."
TIX103984,CUST000962,2025-01-13,Billing Issue,Live Chat,1.6,4.0,  the delivery guy left my package outside in the rain!!  
TIX103985,CUST004732,2025-10-08,Product Question,Social Media,1.0,5.0,  the delivery guy left my package outside in the rain!!  
TIX103986,CUST004554,2025-10-07,Delivery Delay,Phone,7.1,5.0,  the delivery guy left my package outside in the rain!!  
TIX103987,CUST002909,2025-12-25,Damaged Item,Social Media,1.0,4.0,"Wrong item was shipped to me, I ordered a different color."
TIX103988,CUST000412,2026-05-11,Billing Issue,Phone,15.0,4.0,"The item I received was damaged during shipping, need a replacement."
TIX103989,CUST002865,2025-10-17,Damaged Item,Email,20.5,5.0,  the delivery guy left my package outside in the rain!!  
TIX103990,CUST002860,2025-03-19,Billing Issue,Email,17.3,3.0,"Great service, just wanted to confirm my order status."
TIX103991,CUST005522,2025-09-13,Damaged Item,Email,23.5,4.0,"Wrong item was shipped to me, I ordered a different color."
TIX103992,CUST005155,2025-02-27,Product Question,Email,54.7,2.0,"Great service, just wanted to confirm my order status."
TIX103993,CUST003316,2025-09-09,Damaged Item,Social Media,61.6,2.0,"I can't log into my account, it says my password is invalid."
TIX103994,CUST000227,2025-07-30,Product Question,Email,6.1,,Can you tell me the warranty period on this product?
TIX103995,CUST002497,2024-12-16,Refund Status,Email,6.2,5.0,"I was charged twice for order ORD120752, please refund the duplicate charge."
TIX103996,CUST004010,2025-06-13,Product Question,Phone,24.5,4.0,"I can't log into my account, it says my password is invalid."
TIX103997,CUST001667,2025-05-28,Delivery Delay,Live Chat,82.9,5.0,"Great service, just wanted to confirm my order status."
TIX103998,CUST000408,2025-11-11,Billing Issue,Live Chat,9.6,5.0,Can you tell me the warranty period on this product?
TIX103999,CUST001665,2025-04-19,Refund Status,Phone,3.7,3.0,  the delivery guy left my package outside in the rain!!  
TIX104000,CUST001469,2025-07-26,Product Question,Phone,23.5,4.0,When will my refund for the returned item be processed?
TIX104001,CUST006086,2025-10-17,Refund Status,Live Chat,8.8,4.0,"The item I received was damaged during shipping, need a replacement."
TIX104002,CUST001308,2024-11-05,Refund Status,Live Chat,1.5,4.0,When will my refund for the returned item be processed?
TIX104003,CUST005295,2025-03-14,Billing Issue,Phone,24.9,5.0,"Great service, just wanted to confirm my order status."
TIX104004,CUST005366,2024-10-15,Product Question,Phone,9.4,5.0,Can you tell me the warranty period on this product?
TIX104005,CUST002620,2025-10-12,Wrong Item Shipped,Phone,16.1,5.0,"I want to return this item, it doesn't fit as expected."
TIX104006,CUST005017,2024-10-17,Damaged Item,Email,21.2,,"I want to return this item, it doesn't fit as expected."
TIX104007,CUST002597,2025-11-02,Delivery Delay,Live Chat,31.0,,"Great service, just wanted to confirm my order status."
TIX104008,CUST002495,2026-06-19,Refund Status,Live Chat,17.5,1.0,  the delivery guy left my package outside in the rain!!  
TIX104009,CUST000798,2025-05-01,Product Question,Social Media,49.5,4.0,"The item I received was damaged during shipping, need a replacement."
TIX104010,CUST002919,2026-04-27,Billing Issue,Email,11.9,1.0,  the delivery guy left my package outside in the rain!!  
TIX104011,CUST003434,2025-08-14,Damaged Item,Live Chat,13.6,5.0,When will my refund for the returned item be processed?
TIX104012,CUST001091,2024-12-17,Billing Issue,Social Media,6.5,5.0,"Great service, just wanted to confirm my order status."
TIX104013,CUST001661,2025-07-03,Product Question,Live Chat,2.5,5.0,My order ORD123032 still hasn't arrived and it's been over a week.
TIX104014,CUST005322,2025-03-18,Refund Status,Phone,17.8,,"Great service, just wanted to confirm my order status."
TIX104015,CUST004916,2025-08-12,Delivery Delay,Phone,6.2,5.0,"The item I received was damaged during shipping, need a replacement."
TIX104016,CUST004615,2026-02-10,Delivery Delay,Phone,22.5,2.0,"Great service, just wanted to confirm my order status."
TIX104017,CUST000765,2025-12-10,Wrong Item Shipped,Email,17.4,4.0,My order ORD117221 still hasn't arrived and it's been over a week.
TIX104018,CUST005100,2025-05-17,Return Request,Social Media,5.9,5.0,"I was charged twice for order ORD104819, please refund the duplicate charge."
TIX104019,CUST000512,2026-04-22,Refund Status,Phone,14.7,2.0,"I was charged twice for order ORD120958, please refund the duplicate charge."
TIX104020,CUST000320,2024-12-13,Wrong Item Shipped,Live Chat,80.1,5.0,"I was charged twice for order ORD121291, please refund the duplicate charge."
TIX104021,CUST001795,2025-12-08,Wrong Item Shipped,Live Chat,38.5,4.0,"Wrong item was shipped to me, I ordered a different color."
TIX104022,CUST002181,2026-02-08,Delivery Delay,Social Media,9.7,,Can you tell me the warranty period on this product?
TIX104023,CUST000861,2024-12-11,Account Access,Social Media,20.9,4.0,"Wrong item was shipped to me, I ordered a different color."
TIX104024,CUST004826,2024-10-09,Account Access,Phone,3.6,5.0,"I was charged twice for order ORD107335, please refund the duplicate charge."
TIX104025,CUST004794,2025-03-29,Damaged Item,Phone,0.2,3.0,"Wrong item was shipped to me, I ordered a different color."
TIX104026,CUST001550,2025-05-22,Damaged Item,Live Chat,32.9,4.0,"Great service, just wanted to confirm my order status."
TIX104027,CUST001314,2026-05-06,Product Question,Phone,9.6,3.0,"The item I received was damaged during shipping, need a replacement."
TIX104028,CUST003402,2026-05-17,Refund Status,Social Media,3.6,4.0,My order ORD113570 still hasn't arrived and it's been over a week.
TIX104029,CUST003156,2025-03-14,Damaged Item,Social Media,6.8,5.0,  the delivery guy left my package outside in the rain!!  
TIX104030,CUST000978,2026-06-25,Delivery Delay,Social Media,46.1,4.0,"I want to return this item, it doesn't fit as expected."
TIX104031,CUST003211,2025-03-26,Wrong Item Shipped,Live Chat,40.1,2.0,"Great service, just wanted to confirm my order status."
TIX104032,CUST005128,2025-01-23,Return Request,Social Media,18.9,1.0,When will my refund for the returned item be processed?
TIX104033,CUST004252,2025-07-12,Wrong Item Shipped,Email,1.7,4.0,"I can't log into my account, it says my password is invalid."
TIX104034,CUST000782,2026-06-06,Account Access,Phone,22.8,3.0,When will my refund for the returned item be processed?
TIX104035,CUST003312,2024-10-27,Billing Issue,Phone,39.8,4.0,"Wrong item was shipped to me, I ordered a different color."
TIX104036,CUST005212,2025-07-23,Refund Status,Email,45.2,4.0,"Wrong item was shipped to me, I ordered a different color."
TIX104037,CUST005457,2025-05-17,Billing Issue,Email,8.8,5.0,"The item I received was damaged during shipping, need a replacement."
TIX104038,CUST005890,2026-06-16,Wrong Item Shipped,Email,3.3,5.0,"I want to return this item, it doesn't fit as expected."
TIX104039,CUST003948,2026-01-25,Damaged Item,Email,58.4,4.0,"The item I received was damaged during shipping, need a replacement."
TIX104040,CUST003708,2025-08-18,Product Question,Email,29.9,5.0,"I want to return this item, it doesn't fit as expected."
TIX104041,CUST000316,2026-03-20,Damaged Item,Email,10.2,5.0,  the delivery guy left my package outside in the rain!!  
TIX104042,CUST004204,2025-06-02,Damaged Item,Social Media,18.0,4.0,"I was charged twice for order ORD105570, please refund the duplicate charge."
TIX104043,CUST000471,2026-02-22,Product Question,Email,9.1,5.0,Can you tell me the warranty period on this product?
TIX104044,CUST005954,2026-02-02,Account Access,Phone,11.0,1.0,"I was charged twice for order ORD112802, please refund the duplicate charge."
TIX104045,CUST005717,2026-02-12,Billing Issue,Email,7.1,,My order ORD108958 still hasn't arrived and it's been over a week.
TIX104046,CUST000669,2026-01-29,Wrong Item Shipped,Email,1.0,5.0,"The item I received was damaged during shipping, need a replacement."
TIX104047,CUST003414,2024-09-05,Billing Issue,Live Chat,105.3,5.0,"I can't log into my account, it says my password is invalid."
TIX104048,CUST003186,2026-02-08,Refund Status,Live Chat,4.9,3.0,"I want to return this item, it doesn't fit as expected."
TIX104049,CUST002151,2025-10-17,Damaged Item,Live Chat,6.2,3.0,When will my refund for the returned item be processed?
TIX104050,CUST000068,2024-10-07,Product Question,Live Chat,7.1,5.0,"I was charged twice for order ORD122884, please refund the duplicate charge."
TIX104051,CUST001186,2025-12-21,Wrong Item Shipped,Email,5.0,4.0,"I want to return this item, it doesn't fit as expected."
TIX104052,CUST005869,2024-12-15,Billing Issue,Phone,7.1,5.0,  the delivery guy left my package outside in the rain!!  
TIX104053,CUST002803,2025-12-16,Billing Issue,Email,15.1,5.0,Can you tell me the warranty period on this product?
TIX104054,CUST000661,2025-02-23,Return Request,Email,1.5,5.0,  the delivery guy left my package outside in the rain!!  
TIX104055,CUST000818,2025-10-25,Refund Status,Live Chat,1.3,5.0,"I can't log into my account, it says my password is invalid."
TIX104056,CUST003436,2025-06-06,Billing Issue,Live Chat,11.2,,"I can't log into my account, it says my password is invalid."
TIX104057,CUST005036,2025-04-24,Return Request,Live Chat,21.5,5.0,When will my refund for the returned item be processed?
TIX104058,CUST004085,2025-07-18,Account Access,Email,4.4,5.0,"I can't log into my account, it says my password is invalid."
TIX104059,CUST000847,2026-02-11,Wrong Item Shipped,Phone,13.2,3.0,"I was charged twice for order ORD112029, please refund the duplicate charge."
TIX104060,CUST003417,2024-10-28,Product Question,Email,10.5,,"I was charged twice for order ORD121260, please refund the duplicate charge."
TIX104061,CUST005884,2024-11-19,Product Question,Phone,10.8,4.0,My order ORD126323 still hasn't arrived and it's been over a week.
TIX104062,CUST003160,2025-12-16,Account Access,Live Chat,21.8,3.0,"I was charged twice for order ORD119498, please refund the duplicate charge."
TIX104063,CUST004302,2026-05-31,Delivery Delay,Live Chat,16.4,3.0,Can you tell me the warranty period on this product?
TIX104064,CUST003497,2026-01-23,Delivery Delay,Social Media,11.4,4.0,  the delivery guy left my package outside in the rain!!  
TIX104065,CUST002236,2024-12-18,Refund Status,Social Media,5.7,,"Wrong item was shipped to me, I ordered a different color."
TIX104066,CUST003626,2024-09-22,Product Question,Social Media,15.8,5.0,When will my refund for the returned item be processed?
TIX104067,CUST005568,2025-05-16,Product Question,Email,2.7,4.0,"I want to return this item, it doesn't fit as expected."
TIX104068,CUST002188,2025-01-16,Refund Status,Phone,9.7,5.0,"I was charged twice for order ORD123517, please refund the duplicate charge."
TIX104069,CUST001734,2026-03-02,Billing Issue,Live Chat,2.6,4.0,"The item I received was damaged during shipping, need a replacement."
TIX104070,CUST003675,2025-02-08,Billing Issue,Social Media,6.9,,"The item I received was damaged during shipping, need a replacement."
TIX104071,CUST005391,2025-02-13,Product Question,Email,18.2,5.0,When will my refund for the returned item be processed?
TIX104072,CUST005588,2025-04-07,Account Access,Email,27.8,5.0,My order ORD126449 still hasn't arrived and it's been over a week.
TIX104073,CUST005852,2025-11-18,Product Question,Email,4.8,5.0,"I was charged twice for order ORD116083, please refund the duplicate charge."
TIX104074,CUST004464,2026-02-16,Billing Issue,Email,18.5,4.0,"I can't log into my account, it says my password is invalid."
TIX104075,CUST002685,2025-05-10,Delivery Delay,Social Media,5.7,1.0,Can you tell me the warranty period on this product?
TIX104076,CUST000931,2025-01-17,Delivery Delay,Email,9.7,3.0,"I can't log into my account, it says my password is invalid."
TIX104077,CUST002728,2025-01-07,Refund Status,Phone,44.2,5.0,When will my refund for the returned item be processed?
TIX104078,CUST000831,2026-01-03,Account Access,Social Media,1.9,4.0,Can you tell me the warranty period on this product?
TIX104079,CUST002158,2025-07-01,Delivery Delay,Phone,74.4,5.0,  the delivery guy left my package outside in the rain!!  
TIX104080,CUST004776,2024-12-19,Damaged Item,Email,18.5,5.0,"Wrong item was shipped to me, I ordered a different color."
TIX104081,CUST005305,2025-05-06,Account Access,Phone,16.9,5.0,"Wrong item was shipped to me, I ordered a different color."
TIX104082,CUST002113,2025-09-11,Account Access,Live Chat,4.3,4.0,"I want to return this item, it doesn't fit as expected."
TIX104083,CUST003002,2026-04-03,Damaged Item,Live Chat,3.9,5.0,"Wrong item was shipped to me, I ordered a different color."
TIX104084,CUST003267,2025-03-18,Damaged Item,Social Media,46.1,,When will my refund for the returned item be processed?
TIX104085,CUST004847,2025-09-21,Return Request,Phone,3.1,4.0,"I want to return this item, it doesn't fit as expected."
TIX104086,CUST001688,2024-12-07,Damaged Item,Email,3.4,3.0,"The item I received was damaged during shipping, need a replacement."
TIX104087,CUST000061,2026-06-09,Delivery Delay,Phone,21.7,1.0,  the delivery guy left my package outside in the rain!!  
TIX104088,CUST001775,2025-09-02,Delivery Delay,Phone,21.9,5.0,"I want to return this item, it doesn't fit as expected."
TIX104089,CUST005445,2024-09-13,Return Request,Social Media,9.1,4.0,"I want to return this item, it doesn't fit as expected."
TIX104090,CUST004804,2024-11-22,Wrong Item Shipped,Phone,42.9,2.0,"Wrong item was shipped to me, I ordered a different color."
TIX104091,CUST002278,2025-11-12,Refund Status,Email,45.3,4.0,"I can't log into my account, it says my password is invalid."
TIX104092,CUST005939,2025-02-07,Account Access,Live Chat,33.1,5.0,"I can't log into my account, it says my password is invalid."
TIX104093,CUST004112,2024-10-09,Refund Status,Email,0.3,2.0,"I want to return this item, it doesn't fit as expected."
TIX104094,CUST002130,2024-09-29,Product Question,Social Media,6.5,2.0,"The item I received was damaged during shipping, need a replacement."
TIX104095,CUST005382,2026-04-28,Product Question,Email,6.2,4.0,"Wrong item was shipped to me, I ordered a different color."
TIX104096,CUST003590,2025-09-22,Delivery Delay,Email,1.2,5.0,"I was charged twice for order ORD108744, please refund the duplicate charge."
TIX104097,CUST005926,2026-02-06,Return Request,Phone,40.2,5.0,"I want to return this item, it doesn't fit as expected."
TIX104098,CUST003021,2024-10-20,Refund Status,Email,88.3,4.0,"I was charged twice for order ORD121110, please refund the duplicate charge."
TIX104099,CUST002084,2025-11-08,Damaged Item,Email,2.8,2.0,When will my refund for the returned item be processed?
TIX104100,CUST001909,2026-03-14,Return Request,Live Chat,6.0,5.0,"I can't log into my account, it says my password is invalid."
TIX104101,CUST001371,2024-09-17,Account Access,Email,0.5,5.0,"Great service, just wanted to confirm my order status."
TIX104102,CUST005844,2025-10-27,Refund Status,Social Media,2.2,5.0,My order ORD119886 still hasn't arrived and it's been over a week.
TIX104103,CUST003934,2024-10-10,Damaged Item,Email,12.5,5.0,"The item I received was damaged during shipping, need a replacement."
TIX104104,CUST003779,2025-03-18,Product Question,Phone,8.3,5.0,"I can't log into my account, it says my password is invalid."
TIX104105,CUST005580,2025-03-05,Product Question,Email,9.9,1.0,  the delivery guy left my package outside in the rain!!  
TIX104106,CUST005438,2026-05-10,Delivery Delay,Social Media,19.7,3.0,"I was charged twice for order ORD127101, please refund the duplicate charge."
TIX104107,CUST000707,2025-02-15,Wrong Item Shipped,Email,1.9,5.0,"Wrong item was shipped to me, I ordered a different color."
TIX104108,CUST001037,2025-06-10,Wrong Item Shipped,Email,33.9,5.0,"Great service, just wanted to confirm my order status."
TIX104109,CUST001776,2025-02-25,Wrong Item Shipped,Social Media,36.1,3.0,"Great service, just wanted to confirm my order status."
TIX104110,CUST004842,2025-09-10,Account Access,Live Chat,3.2,,"I was charged twice for order ORD102200, please refund the duplicate charge."
TIX104111,CUST004355,2026-04-25,Wrong Item Shipped,Phone,18.1,,My order ORD117262 still hasn't arrived and it's been over a week.
TIX104112,CUST002761,2026-01-15,Delivery Delay,Phone,21.1,5.0,"Great service, just wanted to confirm my order status."
TIX104113,CUST000409,2025-10-21,Damaged Item,Social Media,3.4,4.0,Can you tell me the warranty period on this product?
TIX104114,CUST005242,2025-07-19,Product Question,Social Media,8.5,2.0,"I can't log into my account, it says my password is invalid."
TIX104115,CUST006011,2025-04-06,Billing Issue,Email,21.2,1.0,"Great service, just wanted to confirm my order status."
TIX104116,CUST004933,2026-04-05,Billing Issue,Phone,20.1,,When will my refund for the returned item be processed?
TIX104117,CUST000210,2026-04-22,Delivery Delay,Live Chat,32.8,,"Wrong item was shipped to me, I ordered a different color."
TIX104118,CUST004436,2025-08-05,Wrong Item Shipped,Phone,2.6,4.0,"I want to return this item, it doesn't fit as expected."
TIX104119,CUST000466,2025-07-11,Product Question,Social Media,7.0,5.0,"I want to return this item, it doesn't fit as expected."
TIX104120,CUST004685,2025-03-08,Return Request,Phone,25.2,4.0,When will my refund for the returned item be processed?
TIX104121,CUST001457,2025-03-26,Damaged Item,Social Media,5.1,5.0,"I can't log into my account, it says my password is invalid."
TIX104122,CUST001099,2025-08-18,Account Access,Live Chat,13.9,4.0,"The item I received was damaged during shipping, need a replacement."
TIX104123,CUST004662,2026-05-01,Product Question,Email,2.7,5.0,"I was charged twice for order ORD101504, please refund the duplicate charge."
TIX104124,CUST005945,2024-11-01,Refund Status,Social Media,3.1,,"I can't log into my account, it says my password is invalid."
TIX104125,CUST005752,2025-07-20,Product Question,Phone,5.3,5.0,"I can't log into my account, it says my password is invalid."
TIX104126,CUST002532,2025-03-01,Damaged Item,Live Chat,6.3,5.0,"I can't log into my account, it says my password is invalid."
TIX104127,CUST000206,2026-02-06,Delivery Delay,Phone,0.8,5.0,  the delivery guy left my package outside in the rain!!  
TIX104128,CUST004466,2026-02-15,Delivery Delay,Phone,34.9,1.0,When will my refund for the returned item be processed?
TIX104129,CUST002354,2025-08-03,Billing Issue,Social Media,0.8,4.0,"Wrong item was shipped to me, I ordered a different color."
TIX104130,CUST002311,2024-10-26,Product Question,Live Chat,25.9,4.0,"I was charged twice for order ORD115224, please refund the duplicate charge."
TIX104131,CUST003906,2025-01-15,Refund Status,Phone,6.1,5.0,"I want to return this item, it doesn't fit as expected."
TIX104132,CUST001103,2024-09-14,Damaged Item,Social Media,9.1,5.0,"I was charged twice for order ORD100146, please refund the duplicate charge."
TIX104133,CUST002545,2026-04-14,Account Access,Phone,15.5,3.0,"I was charged twice for order ORD100575, please refund the duplicate charge."
TIX104134,CUST003805,2026-01-05,Account Access,Email,4.6,4.0,"The item I received was damaged during shipping, need a replacement."
TIX104135,CUST003486,2024-12-23,Account Access,Live Chat,1.4,,"The item I received was damaged during shipping, need a replacement."
TIX104136,CUST004626,2026-05-15,Billing Issue,Email,56.7,4.0,  the delivery guy left my package outside in the rain!!  
TIX104137,CUST004647,2026-05-26,Delivery Delay,Social Media,31.7,3.0,Can you tell me the warranty period on this product?
TIX104138,CUST001202,2024-09-10,Refund Status,Social Media,25.6,4.0,"Great service, just wanted to confirm my order status."
TIX104139,CUST001555,2025-12-29,Damaged Item,Social Media,13.8,2.0,"I was charged twice for order ORD121256, please refund the duplicate charge."
TIX104140,CUST000701,2026-02-22,Account Access,Phone,18.3,,"I can't log into my account, it says my password is invalid."
TIX104141,CUST001703,2025-10-31,Delivery Delay,Email,36.0,4.0,"Great service, just wanted to confirm my order status."
TIX104142,CUST004219,2026-04-15,Refund Status,Phone,8.9,4.0,"Great service, just wanted to confirm my order status."
TIX104143,CUST005185,2024-12-02,Damaged Item,Live Chat,2.0,1.0,"I was charged twice for order ORD110785, please refund the duplicate charge."
TIX104144,CUST001787,2025-06-12,Refund Status,Email,33.1,1.0,"Wrong item was shipped to me, I ordered a different color."
TIX104145,CUST002445,2026-05-21,Account Access,Email,1.2,3.0,  the delivery guy left my package outside in the rain!!  
TIX104146,CUST001161,2025-05-11,Delivery Delay,Phone,45.1,4.0,  the delivery guy left my package outside in the rain!!  
TIX104147,CUST005113,2026-02-06,Billing Issue,Email,23.0,2.0,  the delivery guy left my package outside in the rain!!  
TIX104148,CUST001637,2025-01-25,Return Request,Social Media,10.6,2.0,"Wrong item was shipped to me, I ordered a different color."
TIX104149,CUST005813,2025-03-08,Product Question,Social Media,17.2,5.0,When will my refund for the returned item be processed?
TIX104150,CUST001167,2025-02-13,Return Request,Email,13.8,5.0,"Great service, just wanted to confirm my order status."
TIX104151,CUST000987,2024-11-18,Product Question,Live Chat,9.2,,"I want to return this item, it doesn't fit as expected."
TIX104152,CUST000299,2025-02-13,Return Request,Email,2.5,,"I was charged twice for order ORD104243, please refund the duplicate charge."
TIX104153,CUST005078,2025-11-18,Return Request,Social Media,29.7,3.0,"The item I received was damaged during shipping, need a replacement."
TIX104154,CUST004122,2026-04-30,Return Request,Email,16.0,4.0,"I can't log into my account, it says my password is invalid."
TIX104155,CUST001191,2024-12-27,Billing Issue,Live Chat,21.8,5.0,"Wrong item was shipped to me, I ordered a different color."
TIX104156,CUST005773,2024-10-23,Refund Status,Social Media,4.2,1.0,"I can't log into my account, it says my password is invalid."
TIX104157,CUST002961,2026-01-31,Return Request,Live Chat,4.0,1.0,"I want to return this item, it doesn't fit as expected."
TIX104158,CUST000161,2026-04-19,Billing Issue,Email,32.9,1.0,"I can't log into my account, it says my password is invalid."
TIX104159,CUST004974,2024-12-20,Product Question,Email,14.3,,Can you tell me the warranty period on this product?
TIX104160,CUST002004,2025-11-04,Refund Status,Phone,10.9,,"I can't log into my account, it says my password is invalid."
TIX104161,CUST004060,2025-12-13,Damaged Item,Email,1.8,,"I was charged twice for order ORD121044, please refund the duplicate charge."
TIX104162,CUST005520,2025-08-05,Wrong Item Shipped,Phone,10.0,4.0,  the delivery guy left my package outside in the rain!!  
TIX104163,CUST001138,2024-12-30,Return Request,Social Media,21.9,5.0,"Wrong item was shipped to me, I ordered a different color."
TIX104164,CUST005316,2026-05-20,Product Question,Phone,2.0,3.0,"Wrong item was shipped to me, I ordered a different color."
TIX104165,CUST005780,2026-02-12,Return Request,Phone,0.5,4.0,"The item I received was damaged during shipping, need a replacement."
TIX104166,CUST003197,2025-08-11,Delivery Delay,Email,14.5,3.0,"The item I received was damaged during shipping, need a replacement."
TIX104167,CUST000332,2026-05-26,Return Request,Live Chat,6.8,4.0,"I can't log into my account, it says my password is invalid."
TIX104168,CUST003447,2025-03-07,Refund Status,Email,42.6,4.0,Can you tell me the warranty period on this product?
TIX104169,CUST002184,2025-01-27,Damaged Item,Social Media,16.2,3.0,My order ORD127227 still hasn't arrived and it's been over a week.
TIX104170,CUST003053,2026-01-07,Account Access,Phone,6.4,3.0,My order ORD123715 still hasn't arrived and it's been over a week.
TIX104171,CUST001611,2025-10-11,Product Question,Social Media,6.8,4.0,My order ORD112255 still hasn't arrived and it's been over a week.
TIX104172,CUST005301,2025-07-17,Refund Status,Phone,2.5,5.0,My order ORD118256 still hasn't arrived and it's been over a week.
TIX104173,CUST005104,2025-03-17,Delivery Delay,Live Chat,10.4,4.0,"I want to return this item, it doesn't fit as expected."
TIX104174,CUST004595,2025-05-07,Refund Status,Live Chat,1.3,2.0,"Wrong item was shipped to me, I ordered a different color."
TIX104175,CUST002267,2026-02-06,Product Question,Email,10.5,4.0,  the delivery guy left my package outside in the rain!!  
TIX104176,CUST001622,2025-08-06,Refund Status,Social Media,2.3,3.0,When will my refund for the returned item be processed?
TIX104177,CUST001425,2025-03-08,Account Access,Email,20.4,,"I was charged twice for order ORD125483, please refund the duplicate charge."
TIX104178,CUST001908,2025-04-11,Damaged Item,Social Media,19.0,1.0,"The item I received was damaged during shipping, need a replacement."
TIX104179,CUST002745,2025-08-12,Delivery Delay,Live Chat,32.8,3.0,"Wrong item was shipped to me, I ordered a different color."
TIX104180,CUST005242,2026-01-07,Refund Status,Phone,46.0,5.0,"The item I received was damaged during shipping, need a replacement."
TIX104181,CUST003010,2026-03-28,Account Access,Email,19.1,4.0,"Wrong item was shipped to me, I ordered a different color."
TIX104182,CUST001505,2025-07-12,Return Request,Phone,3.0,5.0,My order ORD121639 still hasn't arrived and it's been over a week.
TIX104183,CUST001924,2025-03-30,Product Question,Social Media,12.8,4.0,"I was charged twice for order ORD128196, please refund the duplicate charge."
TIX104184,CUST000912,2024-11-17,Damaged Item,Live Chat,51.0,,My order ORD127374 still hasn't arrived and it's been over a week.
TIX104185,CUST003394,2025-02-24,Billing Issue,Social Media,4.0,4.0,  the delivery guy left my package outside in the rain!!  
TIX104186,CUST002459,2024-11-15,Damaged Item,Live Chat,8.9,5.0,"I want to return this item, it doesn't fit as expected."
TIX104187,CUST002143,2025-07-19,Return Request,Live Chat,24.8,2.0,"I want to return this item, it doesn't fit as expected."
TIX104188,CUST006048,2026-04-18,Delivery Delay,Social Media,25.9,5.0,Can you tell me the warranty period on this product?
TIX104189,CUST004680,2025-04-02,Return Request,Phone,53.7,5.0,My order ORD106201 still hasn't arrived and it's been over a week.
TIX104190,CUST000109,2025-10-26,Refund Status,Email,5.1,4.0,"The item I received was damaged during shipping, need a replacement."
TIX104191,CUST000038,2025-02-01,Delivery Delay,Social Media,35.2,5.0,Can you tell me the warranty period on this product?
TIX104192,CUST003806,2025-08-13,Wrong Item Shipped,Email,1.0,5.0,"I want to return this item, it doesn't fit as expected."
TIX104193,CUST000872,2025-05-26,Billing Issue,Phone,2.8,5.0,My order ORD104570 still hasn't arrived and it's been over a week.
TIX104194,CUST002739,2026-06-23,Delivery Delay,Live Chat,51.6,5.0,"I want to return this item, it doesn't fit as expected."
TIX104195,CUST005114,2026-04-01,Billing Issue,Live Chat,38.3,4.0,"I was charged twice for order ORD122755, please refund the duplicate charge."
TIX104196,CUST003386,2026-02-24,Product Question,Social Media,1.1,3.0,  the delivery guy left my package outside in the rain!!  
TIX104197,CUST003275,2026-03-30,Product Question,Phone,1.3,4.0,"The item I received was damaged during shipping, need a replacement."
TIX104198,CUST002796,2025-02-07,Billing Issue,Live Chat,7.8,,  the delivery guy left my package outside in the rain!!  
TIX104199,CUST001848,2026-04-09,Refund Status,Social Media,9.2,3.0,Can you tell me the warranty period on this product?
TIX104200,CUST004808,2025-11-18,Delivery Delay,Email,11.4,4.0,  the delivery guy left my package outside in the rain!!  
TIX104201,CUST002258,2024-12-27,Product Question,Phone,14.3,5.0,Can you tell me the warranty period on this product?
TIX104202,CUST001585,2025-01-18,Account Access,Phone,2.5,3.0,"Great service, just wanted to confirm my order status."
TIX104203,CUST003167,2025-04-22,Damaged Item,Social Media,77.4,4.0,"I want to return this item, it doesn't fit as expected."
TIX104204,CUST003842,2026-05-03,Account Access,Live Chat,57.0,5.0,"Wrong item was shipped to me, I ordered a different color."
TIX104205,CUST003002,2025-03-21,Product Question,Phone,9.5,5.0,My order ORD114865 still hasn't arrived and it's been over a week.
TIX104206,CUST003469,2026-06-07,Product Question,Phone,12.0,2.0,  the delivery guy left my package outside in the rain!!  
TIX104207,CUST004948,2024-10-26,Return Request,Social Media,8.1,4.0,"I was charged twice for order ORD109771, please refund the duplicate charge."
TIX104208,CUST003491,2025-07-23,Delivery Delay,Email,18.9,5.0,Can you tell me the warranty period on this product?
TIX104209,CUST003512,2025-11-09,Delivery Delay,Live Chat,21.6,5.0,When will my refund for the returned item be processed?
TIX104210,CUST001742,2025-07-20,Delivery Delay,Email,13.8,1.0,When will my refund for the returned item be processed?
TIX104211,CUST002809,2025-01-22,Account Access,Social Media,46.5,,When will my refund for the returned item be processed?
TIX104212,CUST002703,2025-04-09,Wrong Item Shipped,Email,7.7,5.0,When will my refund for the returned item be processed?
TIX104213,CUST003668,2026-01-13,Product Question,Social Media,5.4,4.0,  the delivery guy left my package outside in the rain!!  
TIX104214,CUST004569,2025-02-16,Refund Status,Live Chat,19.2,5.0,My order ORD118071 still hasn't arrived and it's been over a week.
TIX104215,CUST005251,2024-10-21,Return Request,Email,3.2,,"I can't log into my account, it says my password is invalid."
TIX104216,CUST002128,2026-02-06,Return Request,Social Media,15.5,5.0,"The item I received was damaged during shipping, need a replacement."
TIX104217,CUST000004,2026-02-05,Wrong Item Shipped,Email,7.0,4.0,"Wrong item was shipped to me, I ordered a different color."
TIX104218,CUST000854,2025-09-06,Refund Status,Social Media,2.7,4.0,"Wrong item was shipped to me, I ordered a different color."
TIX104219,CUST002336,2024-10-31,Refund Status,Phone,6.8,4.0,  the delivery guy left my package outside in the rain!!  
TIX104220,CUST001452,2025-03-12,Account Access,Live Chat,4.1,3.0,"I was charged twice for order ORD104294, please refund the duplicate charge."
TIX104221,CUST005482,2025-01-19,Account Access,Live Chat,17.9,3.0,  the delivery guy left my package outside in the rain!!  
TIX104222,CUST003227,2026-02-20,Return Request,Email,1.0,,"Great service, just wanted to confirm my order status."
TIX104223,CUST001775,2025-03-04,Account Access,Phone,30.7,4.0,"I was charged twice for order ORD107205, please refund the duplicate charge."
TIX104224,CUST000974,2025-02-11,Wrong Item Shipped,Email,15.8,3.0,When will my refund for the returned item be processed?
TIX104225,CUST001112,2026-05-23,Wrong Item Shipped,Phone,35.0,4.0,When will my refund for the returned item be processed?
TIX104226,CUST002826,2026-02-07,Product Question,Social Media,3.1,3.0,"The item I received was damaged during shipping, need a replacement."
TIX104227,CUST000654,2025-04-29,Wrong Item Shipped,Live Chat,11.5,3.0,My order ORD115703 still hasn't arrived and it's been over a week.
TIX104228,CUST001452,2024-09-30,Damaged Item,Phone,19.8,,When will my refund for the returned item be processed?
TIX104229,CUST003543,2024-11-02,Product Question,Email,2.8,4.0,When will my refund for the returned item be processed?
TIX104230,CUST005310,2025-08-31,Damaged Item,Social Media,0.3,,When will my refund for the returned item be processed?
TIX104231,CUST003289,2026-03-27,Damaged Item,Live Chat,51.6,3.0,"I want to return this item, it doesn't fit as expected."
TIX104232,CUST000660,2024-12-28,Wrong Item Shipped,Email,27.3,5.0,Can you tell me the warranty period on this product?
TIX104233,CUST003738,2024-12-10,Delivery Delay,Social Media,27.4,4.0,"The item I received was damaged during shipping, need a replacement."
TIX104234,CUST001164,2025-09-21,Product Question,Social Media,45.6,3.0,"I want to return this item, it doesn't fit as expected."
TIX104235,CUST003020,2025-05-14,Refund Status,Live Chat,15.5,5.0,When will my refund for the returned item be processed?
TIX104236,CUST006031,2025-07-12,Account Access,Email,18.5,4.0,"Great service, just wanted to confirm my order status."
TIX104237,CUST004871,2025-03-28,Account Access,Phone,4.2,4.0,"I can't log into my account, it says my password is invalid."
TIX104238,CUST001483,2025-06-04,Delivery Delay,Live Chat,11.4,5.0,"I want to return this item, it doesn't fit as expected."
TIX104239,CUST005238,2025-10-08,Product Question,Email,3.1,5.0,Can you tell me the warranty period on this product?
TIX104240,CUST002586,2025-05-22,Billing Issue,Live Chat,1.9,4.0,"The item I received was damaged during shipping, need a replacement."
TIX104241,CUST000504,2024-09-05,Billing Issue,Live Chat,5.3,2.0,"Great service, just wanted to confirm my order status."
TIX104242,CUST003074,2026-03-24,Product Question,Email,11.1,4.0,"The item I received was damaged during shipping, need a replacement."
TIX104243,CUST004545,2025-02-01,Refund Status,Live Chat,18.3,,"I was charged twice for order ORD117525, please refund the duplicate charge."
TIX104244,CUST003294,2025-12-07,Refund Status,Social Media,12.6,5.0,"The item I received was damaged during shipping, need a replacement."
TIX104245,CUST005101,2025-04-29,Product Question,Social Media,40.5,5.0,  the delivery guy left my package outside in the rain!!  
TIX104246,CUST001930,2025-06-25,Refund Status,Phone,7.1,,"I was charged twice for order ORD100649, please refund the duplicate charge."
TIX104247,CUST000957,2025-04-08,Delivery Delay,Social Media,33.8,5.0,"Wrong item was shipped to me, I ordered a different color."
TIX104248,CUST002890,2025-12-04,Refund Status,Email,10.3,5.0,"Wrong item was shipped to me, I ordered a different color."
TIX104249,CUST002606,2024-11-02,Product Question,Email,2.7,4.0,"Great service, just wanted to confirm my order status."
TIX104250,CUST004129,2025-03-14,Damaged Item,Phone,36.2,3.0,"I can't log into my account, it says my password is invalid."
TIX104251,CUST003679,2026-03-19,Damaged Item,Phone,12.1,3.0,Can you tell me the warranty period on this product?
TIX104252,CUST005100,2025-02-13,Delivery Delay,Email,2.7,3.0,My order ORD126248 still hasn't arrived and it's been over a week.
TIX104253,CUST002551,2025-06-03,Wrong Item Shipped,Live Chat,3.8,5.0,When will my refund for the returned item be processed?
TIX104254,CUST003529,2025-02-09,Billing Issue,Email,1.3,5.0,"Wrong item was shipped to me, I ordered a different color."
TIX104255,CUST004596,2025-12-30,Account Access,Live Chat,18.6,1.0,  the delivery guy left my package outside in the rain!!  
TIX104256,CUST005782,2024-12-29,Account Access,Email,8.1,5.0,  the delivery guy left my package outside in the rain!!  
TIX104257,CUST002743,2026-04-06,Product Question,Phone,61.1,4.0,"Great service, just wanted to confirm my order status."
TIX104258,CUST005298,2025-09-01,Product Question,Phone,13.9,4.0,Can you tell me the warranty period on this product?
TIX104259,CUST003117,2025-04-12,Account Access,Phone,5.1,3.0,"I was charged twice for order ORD109827, please refund the duplicate charge."
TIX104260,CUST005366,2025-11-16,Wrong Item Shipped,Social Media,16.0,5.0,"I want to return this item, it doesn't fit as expected."
TIX104261,CUST001997,2024-12-24,Damaged Item,Phone,67.7,3.0,"The item I received was damaged during shipping, need a replacement."
TIX104262,CUST000157,2025-03-23,Return Request,Live Chat,0.4,3.0,"The item I received was damaged during shipping, need a replacement."
TIX104263,CUST001308,2025-11-25,Account Access,Phone,3.4,5.0,"I was charged twice for order ORD111326, please refund the duplicate charge."
TIX104264,CUST000620,2024-09-12,Damaged Item,Social Media,47.4,5.0,"The item I received was damaged during shipping, need a replacement."
TIX104265,CUST000347,2026-02-02,Refund Status,Social Media,0.4,5.0,"I can't log into my account, it says my password is invalid."
TIX104266,CUST005519,2026-04-19,Damaged Item,Email,59.5,,Can you tell me the warranty period on this product?
TIX104267,CUST004669,2026-03-20,Delivery Delay,Email,17.8,2.0,"The item I received was damaged during shipping, need a replacement."
TIX104268,CUST004908,2025-02-12,Account Access,Social Media,4.7,5.0,"The item I received was damaged during shipping, need a replacement."
TIX104269,CUST003071,2026-06-16,Wrong Item Shipped,Email,1.7,3.0,When will my refund for the returned item be processed?
TIX104270,CUST002387,2024-11-30,Refund Status,Live Chat,2.0,5.0,Can you tell me the warranty period on this product?
TIX104271,CUST004276,2024-10-03,Wrong Item Shipped,Social Media,32.7,4.0,  the delivery guy left my package outside in the rain!!  
TIX104272,CUST002140,2024-12-09,Return Request,Social Media,31.0,,"I want to return this item, it doesn't fit as expected."
TIX104273,CUST005804,2025-07-19,Refund Status,Live Chat,32.3,4.0,"I was charged twice for order ORD125643, please refund the duplicate charge."
TIX104274,CUST003251,2024-10-30,Return Request,Phone,58.2,5.0,"I can't log into my account, it says my password is invalid."
TIX104275,CUST005389,2026-01-24,Billing Issue,Social Media,8.9,5.0,"I want to return this item, it doesn't fit as expected."
TIX104276,CUST002572,2025-06-18,Product Question,Social Media,44.6,3.0,"Great service, just wanted to confirm my order status."
TIX104277,CUST002641,2025-08-29,Account Access,Social Media,3.2,4.0,Can you tell me the warranty period on this product?
TIX104278,CUST000203,2026-06-12,Product Question,Social Media,50.4,2.0,Can you tell me the warranty period on this product?
TIX104279,CUST003996,2025-04-27,Product Question,Phone,5.0,4.0,My order ORD127232 still hasn't arrived and it's been over a week.
TIX104280,CUST004668,2026-05-17,Wrong Item Shipped,Email,9.4,4.0,"The item I received was damaged during shipping, need a replacement."
TIX104281,CUST002417,2025-10-22,Return Request,Social Media,13.0,4.0,Can you tell me the warranty period on this product?
TIX104282,CUST000845,2025-09-25,Return Request,Phone,29.3,5.0,My order ORD119752 still hasn't arrived and it's been over a week.
TIX104283,CUST005098,2024-10-16,Delivery Delay,Live Chat,8.9,4.0,Can you tell me the warranty period on this product?
TIX104284,CUST000771,2025-07-31,Damaged Item,Email,7.5,5.0,"I want to return this item, it doesn't fit as expected."
TIX104285,CUST002326,2026-01-23,Damaged Item,Email,73.1,4.0,"Great service, just wanted to confirm my order status."
TIX104286,CUST000566,2025-12-17,Damaged Item,Social Media,1.4,3.0,"I want to return this item, it doesn't fit as expected."
TIX104287,CUST002502,2026-05-21,Delivery Delay,Phone,0.5,5.0,"Great service, just wanted to confirm my order status."
TIX104288,CUST000499,2025-11-10,Refund Status,Email,1.1,5.0,"Great service, just wanted to confirm my order status."
TIX104289,CUST001654,2025-04-08,Billing Issue,Live Chat,44.2,5.0,"Great service, just wanted to confirm my order status."
TIX104290,CUST000293,2025-11-09,Delivery Delay,Phone,4.8,,When will my refund for the returned item be processed?
TIX104291,CUST001096,2026-01-03,Billing Issue,Social Media,0.8,5.0,  the delivery guy left my package outside in the rain!!  
TIX104292,CUST003876,2024-09-17,Delivery Delay,Email,23.5,5.0,  the delivery guy left my package outside in the rain!!  
TIX104293,CUST001125,2025-05-06,Account Access,Email,18.4,,"I was charged twice for order ORD103913, please refund the duplicate charge."
TIX104294,CUST000094,2026-06-30,Return Request,Live Chat,28.2,4.0,When will my refund for the returned item be processed?
TIX104295,CUST001985,2026-04-26,Wrong Item Shipped,Live Chat,13.4,,"The item I received was damaged during shipping, need a replacement."
TIX104296,CUST000090,2024-09-13,Delivery Delay,Social Media,3.5,5.0,My order ORD109156 still hasn't arrived and it's been over a week.
TIX104297,CUST002052,2025-12-01,Billing Issue,Live Chat,6.2,4.0,"I want to return this item, it doesn't fit as expected."
TIX104298,CUST004677,2026-03-11,Return Request,Phone,1.1,3.0,"Wrong item was shipped to me, I ordered a different color."
TIX104299,CUST004796,2025-11-24,Wrong Item Shipped,Email,21.9,2.0,My order ORD126465 still hasn't arrived and it's been over a week.
TIX104300,CUST003421,2025-06-09,Damaged Item,Live Chat,18.8,5.0,"Great service, just wanted to confirm my order status."
TIX104301,CUST004762,2025-02-20,Account Access,Email,20.5,3.0,My order ORD108680 still hasn't arrived and it's been over a week.
TIX104302,CUST002406,2024-09-03,Damaged Item,Email,68.4,4.0,Can you tell me the warranty period on this product?
TIX104303,CUST002458,2026-01-27,Delivery Delay,Social Media,1.1,5.0,"I was charged twice for order ORD106388, please refund the duplicate charge."
TIX104304,CUST002442,2026-04-07,Account Access,Phone,1.2,4.0,When will my refund for the returned item be processed?
TIX104305,CUST005551,2025-11-10,Product Question,Email,24.1,3.0,"The item I received was damaged during shipping, need a replacement."
TIX104306,CUST001462,2025-08-04,Damaged Item,Email,64.9,5.0,"Wrong item was shipped to me, I ordered a different color."
TIX104307,CUST005872,2025-05-11,Wrong Item Shipped,Live Chat,14.1,2.0,"I was charged twice for order ORD100501, please refund the duplicate charge."
TIX104308,CUST004027,2025-07-04,Damaged Item,Live Chat,30.2,1.0,  the delivery guy left my package outside in the rain!!  
TIX104309,CUST001979,2024-10-09,Refund Status,Social Media,16.9,5.0,When will my refund for the returned item be processed?
TIX104310,CUST003255,2025-05-15,Delivery Delay,Email,48.5,5.0,"The item I received was damaged during shipping, need a replacement."
TIX104311,CUST004544,2024-12-09,Damaged Item,Phone,4.0,1.0,"Great service, just wanted to confirm my order status."
TIX104312,CUST002755,2026-06-20,Damaged Item,Email,8.1,4.0,"I can't log into my account, it says my password is invalid."
TIX104313,CUST001115,2026-06-17,Product Question,Phone,17.1,3.0,"Wrong item was shipped to me, I ordered a different color."
TIX104314,CUST000109,2026-04-25,Product Question,Phone,4.0,4.0,"I want to return this item, it doesn't fit as expected."
TIX104315,CUST001937,2025-05-18,Product Question,Social Media,32.3,,"Wrong item was shipped to me, I ordered a different color."
TIX104316,CUST004979,2024-11-05,Return Request,Phone,28.8,,"I was charged twice for order ORD107900, please refund the duplicate charge."
TIX104317,CUST002447,2025-02-14,Billing Issue,Live Chat,22.8,5.0,"Great service, just wanted to confirm my order status."
TIX104318,CUST002713,2025-09-15,Billing Issue,Phone,17.4,4.0,"I can't log into my account, it says my password is invalid."
TIX104319,CUST000985,2025-12-18,Product Question,Social Media,4.5,4.0,"The item I received was damaged during shipping, need a replacement."
TIX104320,CUST002999,2025-03-22,Return Request,Phone,36.7,1.0,When will my refund for the returned item be processed?
TIX104321,CUST005335,2025-05-29,Wrong Item Shipped,Email,15.5,5.0,"I want to return this item, it doesn't fit as expected."
TIX104322,CUST000429,2025-09-11,Delivery Delay,Email,4.3,4.0,"I want to return this item, it doesn't fit as expected."
TIX104323,CUST004393,2026-06-23,Product Question,Social Media,24.0,5.0,"Great service, just wanted to confirm my order status."
TIX104324,CUST000768,2025-07-15,Damaged Item,Email,0.6,5.0,"I want to return this item, it doesn't fit as expected."
TIX104325,CUST000934,2024-12-11,Refund Status,Email,4.4,5.0,"I want to return this item, it doesn't fit as expected."
TIX104326,CUST004807,2025-03-11,Damaged Item,Social Media,4.6,5.0,"I can't log into my account, it says my password is invalid."
TIX104327,CUST004908,2025-02-28,Return Request,Live Chat,6.2,5.0,Can you tell me the warranty period on this product?
TIX104328,CUST004521,2024-12-31,Account Access,Social Media,0.6,,When will my refund for the returned item be processed?
TIX104329,CUST004196,2026-05-28,Wrong Item Shipped,Social Media,33.3,5.0,"The item I received was damaged during shipping, need a replacement."
TIX104330,CUST000885,2025-02-19,Delivery Delay,Social Media,1.8,3.0,When will my refund for the returned item be processed?
TIX104331,CUST002612,2025-05-21,Account Access,Email,31.8,5.0,Can you tell me the warranty period on this product?
TIX104332,CUST004109,2026-02-04,Product Question,Live Chat,3.6,2.0,Can you tell me the warranty period on this product?
TIX104333,CUST001820,2025-09-27,Return Request,Live Chat,33.1,5.0,  the delivery guy left my package outside in the rain!!  
TIX104334,CUST000353,2025-06-28,Wrong Item Shipped,Live Chat,0.5,,"I want to return this item, it doesn't fit as expected."
TIX104335,CUST005986,2024-10-28,Account Access,Social Media,27.6,1.0,"Great service, just wanted to confirm my order status."
TIX104336,CUST001311,2026-06-25,Refund Status,Social Media,13.7,3.0,"I want to return this item, it doesn't fit as expected."
TIX104337,CUST005856,2025-09-07,Delivery Delay,Email,4.4,4.0,"Great service, just wanted to confirm my order status."
TIX104338,CUST000907,2025-04-25,Damaged Item,Live Chat,9.4,3.0,"I want to return this item, it doesn't fit as expected."
TIX104339,CUST005850,2025-09-02,Delivery Delay,Email,1.8,5.0,"The item I received was damaged during shipping, need a replacement."
TIX104340,CUST000720,2025-10-27,Product Question,Live Chat,2.7,4.0,"I was charged twice for order ORD115858, please refund the duplicate charge."
TIX104341,CUST004210,2025-07-14,Delivery Delay,Phone,8.2,,"Wrong item was shipped to me, I ordered a different color."
TIX104342,CUST005008,2026-02-16,Refund Status,Phone,9.6,3.0,"I was charged twice for order ORD113275, please refund the duplicate charge."
TIX104343,CUST005845,2025-10-04,Damaged Item,Phone,26.9,5.0,Can you tell me the warranty period on this product?
TIX104344,CUST002385,2025-12-25,Delivery Delay,Social Media,25.4,,My order ORD117514 still hasn't arrived and it's been over a week.
TIX104345,CUST002838,2024-11-04,Wrong Item Shipped,Live Chat,4.9,5.0,  the delivery guy left my package outside in the rain!!  
TIX104346,CUST005093,2025-01-07,Wrong Item Shipped,Phone,3.7,5.0,My order ORD116153 still hasn't arrived and it's been over a week.
TIX104347,CUST001006,2024-12-29,Product Question,Phone,3.3,5.0,  the delivery guy left my package outside in the rain!!  
TIX104348,CUST003748,2026-06-08,Refund Status,Live Chat,16.1,4.0,  the delivery guy left my package outside in the rain!!  
TIX104349,CUST005102,2026-05-23,Damaged Item,Phone,15.6,4.0,My order ORD101785 still hasn't arrived and it's been over a week.
TIX104350,CUST000481,2026-05-18,Delivery Delay,Phone,2.0,4.0,Can you tell me the warranty period on this product?
TIX104351,CUST002603,2025-10-19,Refund Status,Social Media,7.5,4.0,Can you tell me the warranty period on this product?
TIX104352,CUST005811,2026-01-14,Damaged Item,Email,37.3,5.0,Can you tell me the warranty period on this product?
TIX104353,CUST004461,2025-04-08,Damaged Item,Live Chat,51.3,3.0,"I was charged twice for order ORD116782, please refund the duplicate charge."
TIX104354,CUST002773,2026-03-19,Account Access,Phone,64.3,2.0,"I want to return this item, it doesn't fit as expected."
TIX104355,CUST004955,2025-12-14,Account Access,Email,21.3,4.0,"I was charged twice for order ORD119077, please refund the duplicate charge."
TIX104356,CUST003410,2024-12-20,Delivery Delay,Live Chat,0.7,1.0,When will my refund for the returned item be processed?
TIX104357,CUST004089,2024-12-21,Delivery Delay,Email,12.0,1.0,"Great service, just wanted to confirm my order status."
TIX104358,CUST003064,2026-01-02,Account Access,Email,5.0,5.0,"The item I received was damaged during shipping, need a replacement."
TIX104359,CUST005081,2025-11-02,Account Access,Phone,39.4,4.0,When will my refund for the returned item be processed?
TIX104360,CUST003475,2026-04-04,Delivery Delay,Live Chat,0.8,5.0,Can you tell me the warranty period on this product?
TIX104361,CUST003246,2026-01-20,Damaged Item,Phone,2.2,5.0,"Great service, just wanted to confirm my order status."
TIX104362,CUST005077,2025-08-29,Refund Status,Social Media,6.1,5.0,  the delivery guy left my package outside in the rain!!  
TIX104363,CUST001350,2024-11-02,Product Question,Phone,21.7,3.0,"The item I received was damaged during shipping, need a replacement."
TIX104364,CUST004629,2025-02-14,Damaged Item,Social Media,49.5,5.0,"Great service, just wanted to confirm my order status."
TIX104365,CUST004808,2025-04-17,Product Question,Social Media,8.8,,"Great service, just wanted to confirm my order status."
TIX104366,CUST002553,2025-04-26,Return Request,Email,7.5,4.0,"Great service, just wanted to confirm my order status."
TIX104367,CUST005856,2026-04-17,Delivery Delay,Phone,27.5,4.0,"I was charged twice for order ORD116720, please refund the duplicate charge."
TIX104368,CUST004285,2024-10-20,Delivery Delay,Phone,41.1,5.0,"I can't log into my account, it says my password is invalid."
TIX104369,CUST005190,2024-10-18,Damaged Item,Live Chat,1.7,,  the delivery guy left my package outside in the rain!!  
TIX104370,CUST000830,2025-06-12,Delivery Delay,Email,77.0,2.0,Can you tell me the warranty period on this product?
TIX104371,CUST001993,2025-12-05,Delivery Delay,Phone,12.8,5.0,"Wrong item was shipped to me, I ordered a different color."
TIX104372,CUST002309,2025-06-27,Damaged Item,Phone,92.8,4.0,"Great service, just wanted to confirm my order status."
TIX104373,CUST000327,2025-12-22,Product Question,Phone,0.2,5.0,"I can't log into my account, it says my password is invalid."
TIX104374,CUST002599,2025-02-19,Damaged Item,Email,39.9,,When will my refund for the returned item be processed?
TIX104375,CUST004040,2024-10-26,Wrong Item Shipped,Live Chat,1.9,4.0,My order ORD118305 still hasn't arrived and it's been over a week.
TIX104376,CUST002085,2025-01-06,Return Request,Social Media,27.1,,"The item I received was damaged during shipping, need a replacement."
TIX104377,CUST004146,2024-11-25,Wrong Item Shipped,Email,0.0,2.0,"Great service, just wanted to confirm my order status."
TIX104378,CUST000199,2025-02-13,Product Question,Live Chat,2.6,4.0,"I was charged twice for order ORD106781, please refund the duplicate charge."
TIX104379,CUST005892,2026-06-14,Delivery Delay,Email,3.2,2.0,  the delivery guy left my package outside in the rain!!  
TIX104380,CUST001799,2025-04-30,Product Question,Email,16.8,3.0,"The item I received was damaged during shipping, need a replacement."
TIX104381,CUST002224,2025-12-26,Account Access,Email,21.3,5.0,"I want to return this item, it doesn't fit as expected."
TIX104382,CUST004710,2024-10-30,Wrong Item Shipped,Social Media,1.7,4.0,"I was charged twice for order ORD100014, please refund the duplicate charge."
TIX104383,CUST004680,2025-03-17,Account Access,Live Chat,9.4,5.0,"Wrong item was shipped to me, I ordered a different color."
TIX104384,CUST001284,2025-10-04,Account Access,Phone,21.8,,"Great service, just wanted to confirm my order status."
TIX104385,CUST002363,2024-12-06,Delivery Delay,Phone,43.3,4.0,"Great service, just wanted to confirm my order status."
TIX104386,CUST001422,2024-11-21,Delivery Delay,Live Chat,3.8,4.0,"I want to return this item, it doesn't fit as expected."
TIX104387,CUST000574,2025-03-05,Account Access,Email,10.0,,"Great service, just wanted to confirm my order status."
TIX104388,CUST003948,2025-11-28,Return Request,Email,4.7,,When will my refund for the returned item be processed?
TIX104389,CUST000967,2026-02-15,Wrong Item Shipped,Live Chat,0.7,3.0,"Wrong item was shipped to me, I ordered a different color."
TIX104390,CUST005873,2025-11-26,Billing Issue,Phone,11.0,1.0,  the delivery guy left my package outside in the rain!!  
TIX104391,CUST005661,2024-10-15,Refund Status,Live Chat,9.8,5.0,"The item I received was damaged during shipping, need a replacement."
TIX104392,CUST004761,2025-03-01,Delivery Delay,Email,31.0,1.0,"I was charged twice for order ORD107298, please refund the duplicate charge."
TIX104393,CUST001024,2025-03-03,Billing Issue,Live Chat,39.8,3.0,"I want to return this item, it doesn't fit as expected."
TIX104394,CUST000237,2025-05-14,Billing Issue,Email,7.8,4.0,"I can't log into my account, it says my password is invalid."
TIX104395,CUST004461,2025-08-31,Product Question,Live Chat,22.2,3.0,"I can't log into my account, it says my password is invalid."
TIX104396,CUST001450,2025-01-13,Product Question,Social Media,15.5,3.0,"I can't log into my account, it says my password is invalid."
TIX104397,CUST005835,2025-04-14,Product Question,Social Media,26.5,5.0,Can you tell me the warranty period on this product?
TIX104398,CUST003624,2025-09-02,Delivery Delay,Phone,2.8,3.0,"I want to return this item, it doesn't fit as expected."
TIX104399,CUST003914,2026-06-21,Damaged Item,Phone,30.2,4.0,"I can't log into my account, it says my password is invalid."
TIX104400,CUST001347,2025-04-09,Billing Issue,Email,16.6,3.0,My order ORD108525 still hasn't arrived and it's been over a week.
TIX104401,CUST002343,2024-10-09,Billing Issue,Social Media,26.3,,Can you tell me the warranty period on this product?
TIX104402,CUST005338,2026-03-16,Account Access,Live Chat,9.8,,"Wrong item was shipped to me, I ordered a different color."
TIX104403,CUST001378,2025-02-04,Return Request,Phone,0.1,1.0,When will my refund for the returned item be processed?
TIX104404,CUST004971,2026-02-18,Refund Status,Phone,45.0,4.0,  the delivery guy left my package outside in the rain!!  
TIX104405,CUST005882,2026-03-07,Product Question,Live Chat,23.5,4.0,"The item I received was damaged during shipping, need a replacement."
TIX104406,CUST002380,2024-12-01,Product Question,Live Chat,21.1,4.0,"Great service, just wanted to confirm my order status."
TIX104407,CUST003725,2024-10-21,Product Question,Live Chat,11.5,5.0,"The item I received was damaged during shipping, need a replacement."
TIX104408,CUST005370,2025-05-03,Return Request,Social Media,0.8,2.0,"I was charged twice for order ORD116103, please refund the duplicate charge."
TIX104409,CUST005460,2025-10-01,Return Request,Email,2.7,1.0,"I want to return this item, it doesn't fit as expected."
TIX104410,CUST000261,2026-04-07,Account Access,Email,10.4,5.0,Can you tell me the warranty period on this product?
TIX104411,CUST001977,2025-10-11,Delivery Delay,Social Media,28.4,2.0,My order ORD124895 still hasn't arrived and it's been over a week.
TIX104412,CUST005932,2024-11-24,Billing Issue,Social Media,39.7,2.0,When will my refund for the returned item be processed?
TIX104413,CUST004037,2024-10-17,Damaged Item,Live Chat,11.0,4.0,My order ORD126058 still hasn't arrived and it's been over a week.
TIX104414,CUST001985,2025-11-16,Refund Status,Live Chat,95.3,,"I can't log into my account, it says my password is invalid."
TIX104415,CUST004565,2025-06-05,Damaged Item,Phone,70.2,5.0,"I want to return this item, it doesn't fit as expected."
TIX104416,CUST000655,2025-11-20,Wrong Item Shipped,Email,8.1,4.0,My order ORD100431 still hasn't arrived and it's been over a week.
TIX104417,CUST000673,2025-07-26,Damaged Item,Phone,1.2,3.0,"The item I received was damaged during shipping, need a replacement."
TIX104418,CUST001653,2025-03-19,Wrong Item Shipped,Live Chat,12.2,5.0,"I want to return this item, it doesn't fit as expected."
TIX104419,CUST005967,2025-02-16,Damaged Item,Email,70.0,5.0,"I can't log into my account, it says my password is invalid."
TIX104420,CUST001631,2025-01-17,Product Question,Social Media,8.2,4.0,"I want to return this item, it doesn't fit as expected."
TIX104421,CUST003414,2026-04-14,Wrong Item Shipped,Social Media,7.8,2.0,"Wrong item was shipped to me, I ordered a different color."
TIX104422,CUST005486,2026-01-28,Account Access,Phone,6.5,4.0,When will my refund for the returned item be processed?
TIX104423,CUST000980,2025-02-15,Account Access,Email,53.9,5.0,"The item I received was damaged during shipping, need a replacement."
TIX104424,CUST004906,2025-04-09,Product Question,Email,3.8,3.0,"The item I received was damaged during shipping, need a replacement."
TIX104425,CUST002638,2026-01-05,Product Question,Email,10.3,3.0,"Wrong item was shipped to me, I ordered a different color."
TIX104426,CUST005062,2024-10-10,Damaged Item,Social Media,4.1,5.0,When will my refund for the returned item be processed?
TIX104427,CUST000892,2025-01-12,Refund Status,Phone,2.1,4.0,"I can't log into my account, it says my password is invalid."
TIX104428,CUST004215,2026-03-15,Billing Issue,Live Chat,10.3,5.0,"I want to return this item, it doesn't fit as expected."
TIX104429,CUST003319,2025-05-05,Billing Issue,Phone,29.5,5.0,"I can't log into my account, it says my password is invalid."
TIX104430,CUST003438,2024-11-06,Delivery Delay,Live Chat,0.1,5.0,Can you tell me the warranty period on this product?
TIX104431,CUST002422,2024-12-21,Billing Issue,Email,11.9,3.0,"The item I received was damaged during shipping, need a replacement."
TIX104432,CUST000168,2025-08-03,Wrong Item Shipped,Social Media,12.7,2.0,  the delivery guy left my package outside in the rain!!  
TIX104433,CUST002742,2025-07-04,Wrong Item Shipped,Phone,1.4,3.0,  the delivery guy left my package outside in the rain!!  
TIX104434,CUST002819,2024-10-19,Account Access,Social Media,69.0,5.0,When will my refund for the returned item be processed?
TIX104435,CUST000146,2025-12-24,Delivery Delay,Social Media,4.0,1.0,"The item I received was damaged during shipping, need a replacement."
TIX104436,CUST000037,2024-12-28,Product Question,Live Chat,42.7,4.0,"I was charged twice for order ORD122188, please refund the duplicate charge."
TIX104437,CUST000806,2025-01-26,Billing Issue,Live Chat,4.7,3.0,Can you tell me the warranty period on this product?
TIX104438,CUST000446,2026-06-24,Billing Issue,Email,13.4,3.0,"Great service, just wanted to confirm my order status."
TIX104439,CUST001389,2025-06-04,Product Question,Social Media,29.0,1.0,  the delivery guy left my package outside in the rain!!  
TIX104440,CUST003557,2025-06-28,Wrong Item Shipped,Social Media,53.8,,Can you tell me the warranty period on this product?
TIX104441,CUST001946,2026-01-23,Delivery Delay,Social Media,9.2,2.0,"I can't log into my account, it says my password is invalid."
TIX104442,CUST000616,2026-03-27,Return Request,Email,1.3,3.0,My order ORD119362 still hasn't arrived and it's been over a week.
TIX104443,CUST005841,2025-12-03,Delivery Delay,Email,0.4,4.0,"Wrong item was shipped to me, I ordered a different color."
TIX104444,CUST003587,2024-10-15,Refund Status,Email,37.3,4.0,"Wrong item was shipped to me, I ordered a different color."
TIX104445,CUST000964,2026-03-11,Damaged Item,Social Media,11.7,5.0,"I can't log into my account, it says my password is invalid."
TIX104446,CUST000817,2025-02-24,Delivery Delay,Phone,2.9,4.0,"Wrong item was shipped to me, I ordered a different color."
TIX104447,CUST002851,2025-08-30,Wrong Item Shipped,Email,11.2,5.0,Can you tell me the warranty period on this product?
TIX104448,CUST005287,2025-12-15,Delivery Delay,Email,4.5,5.0,My order ORD100653 still hasn't arrived and it's been over a week.
TIX104449,CUST000438,2025-10-29,Product Question,Phone,21.6,4.0,"I was charged twice for order ORD126771, please refund the duplicate charge."
TIX104450,CUST003358,2026-06-11,Return Request,Phone,9.4,5.0,  the delivery guy left my package outside in the rain!!  
TIX104451,CUST001231,2025-04-24,Refund Status,Social Media,23.4,4.0,"The item I received was damaged during shipping, need a replacement."
TIX104452,CUST004062,2024-09-21,Product Question,Phone,26.1,,"I can't log into my account, it says my password is invalid."
TIX104453,CUST005661,2025-03-15,Account Access,Social Media,8.4,3.0,"I can't log into my account, it says my password is invalid."
TIX104454,CUST006063,2025-01-04,Return Request,Live Chat,19.6,5.0,When will my refund for the returned item be processed?
TIX104455,CUST003500,2026-01-12,Return Request,Email,26.8,3.0,"The item I received was damaged during shipping, need a replacement."
TIX104456,CUST005247,2024-10-20,Refund Status,Social Media,0.9,4.0,"Great service, just wanted to confirm my order status."
TIX104457,CUST005402,2024-11-03,Refund Status,Phone,3.9,3.0,Can you tell me the warranty period on this product?
TIX104458,CUST000694,2025-09-09,Delivery Delay,Email,72.6,5.0,"Great service, just wanted to confirm my order status."
TIX104459,CUST005667,2025-06-10,Wrong Item Shipped,Social Media,0.1,4.0,"The item I received was damaged during shipping, need a replacement."
TIX104460,CUST000062,2024-11-28,Product Question,Email,6.8,3.0,"Great service, just wanted to confirm my order status."
TIX104461,CUST004142,2026-05-06,Delivery Delay,Phone,27.4,5.0,"I was charged twice for order ORD116835, please refund the duplicate charge."
TIX104462,CUST000512,2025-12-21,Delivery Delay,Phone,6.8,4.0,  the delivery guy left my package outside in the rain!!  
TIX104463,CUST002303,2025-05-11,Product Question,Phone,30.8,5.0,"Great service, just wanted to confirm my order status."
TIX104464,CUST002225,2024-09-14,Product Question,Phone,2.6,3.0,"The item I received was damaged during shipping, need a replacement."
TIX104465,CUST003931,2025-03-18,Delivery Delay,Phone,37.7,5.0,"I want to return this item, it doesn't fit as expected."
TIX104466,CUST005394,2025-05-21,Damaged Item,Email,11.5,5.0,"I can't log into my account, it says my password is invalid."
TIX104467,CUST002107,2025-10-28,Delivery Delay,Phone,0.7,5.0,  the delivery guy left my package outside in the rain!!  
TIX104468,CUST004435,2025-10-23,Return Request,Social Media,17.6,5.0,"I was charged twice for order ORD112129, please refund the duplicate charge."
TIX104469,CUST002650,2025-03-30,Return Request,Email,5.8,5.0,"I can't log into my account, it says my password is invalid."
TIX104470,CUST001182,2025-02-06,Return Request,Email,21.7,4.0,"The item I received was damaged during shipping, need a replacement."
TIX104471,CUST002623,2025-02-20,Billing Issue,Email,41.9,4.0,When will my refund for the returned item be processed?
TIX104472,CUST000895,2025-07-13,Wrong Item Shipped,Phone,1.6,4.0,When will my refund for the returned item be processed?
TIX104473,CUST004197,2025-05-14,Product Question,Email,5.0,5.0,My order ORD105928 still hasn't arrived and it's been over a week.
TIX104474,CUST004833,2025-05-18,Delivery Delay,Email,8.9,3.0,"I can't log into my account, it says my password is invalid."
TIX104475,CUST005547,2026-03-22,Billing Issue,Live Chat,57.9,5.0,"The item I received was damaged during shipping, need a replacement."
TIX104476,CUST002587,2026-05-22,Return Request,Live Chat,9.4,3.0,"The item I received was damaged during shipping, need a replacement."
TIX104477,CUST001138,2025-11-29,Return Request,Phone,2.2,5.0,When will my refund for the returned item be processed?
TIX104478,CUST001496,2026-03-06,Product Question,Social Media,6.4,4.0,My order ORD122795 still hasn't arrived and it's been over a week.
TIX104479,CUST002878,2025-07-14,Product Question,Email,0.4,4.0,  the delivery guy left my package outside in the rain!!  
TIX104480,CUST002503,2026-03-25,Refund Status,Live Chat,3.8,4.0,When will my refund for the returned item be processed?
TIX104481,CUST003202,2025-02-07,Product Question,Live Chat,16.9,3.0,"Great service, just wanted to confirm my order status."
TIX104482,CUST000139,2026-04-01,Return Request,Phone,3.3,4.0,"I can't log into my account, it says my password is invalid."
TIX104483,CUST003441,2024-10-07,Wrong Item Shipped,Live Chat,44.8,5.0,"Wrong item was shipped to me, I ordered a different color."
TIX104484,CUST004103,2025-01-22,Refund Status,Email,22.5,4.0,My order ORD103454 still hasn't arrived and it's been over a week.
TIX104485,CUST001282,2026-06-17,Damaged Item,Phone,21.0,5.0,My order ORD116887 still hasn't arrived and it's been over a week.
TIX104486,CUST003972,2025-09-16,Refund Status,Phone,10.7,5.0,"The item I received was damaged during shipping, need a replacement."
TIX104487,CUST000227,2025-08-28,Refund Status,Email,27.3,1.0,  the delivery guy left my package outside in the rain!!  
TIX104488,CUST004240,2024-10-29,Return Request,Live Chat,3.7,5.0,"I can't log into my account, it says my password is invalid."
TIX104489,CUST000776,2025-10-02,Delivery Delay,Live Chat,10.5,,"I was charged twice for order ORD103713, please refund the duplicate charge."
TIX104490,CUST004561,2025-09-23,Refund Status,Social Media,91.6,5.0,"I can't log into my account, it says my password is invalid."
TIX104491,CUST000042,2025-11-07,Damaged Item,Email,6.1,5.0,  the delivery guy left my package outside in the rain!!  
TIX104492,CUST001811,2026-03-30,Return Request,Social Media,9.3,4.0,"I want to return this item, it doesn't fit as expected."
TIX104493,CUST003262,2025-06-23,Account Access,Social Media,4.5,2.0,"Wrong item was shipped to me, I ordered a different color."
TIX104494,CUST003667,2025-04-25,Billing Issue,Social Media,1.4,3.0,My order ORD123294 still hasn't arrived and it's been over a week.
TIX104495,CUST001697,2025-10-23,Product Question,Live Chat,9.3,,Can you tell me the warranty period on this product?
TIX104496,CUST000534,2025-08-30,Damaged Item,Email,2.8,3.0,"Great service, just wanted to confirm my order status."
TIX104497,CUST006073,2025-06-17,Delivery Delay,Social Media,12.9,5.0,"Great service, just wanted to confirm my order status."
TIX104498,CUST001535,2025-05-25,Account Access,Phone,25.1,5.0,"The item I received was damaged during shipping, need a replacement."
TIX104499,CUST005329,2025-12-27,Refund Status,Social Media,33.9,,"I was charged twice for order ORD102867, please refund the duplicate charge."
TIX104500,CUST001317,2025-08-02,Damaged Item,Live Chat,3.3,4.0,When will my refund for the returned item be processed?
TIX104501,CUST006025,2025-12-25,Return Request,Phone,41.7,5.0,"I was charged twice for order ORD102013, please refund the duplicate charge."
TIX104502,CUST002296,2025-05-04,Wrong Item Shipped,Social Media,8.0,4.0,My order ORD121158 still hasn't arrived and it's been over a week.
TIX104503,CUST002736,2026-04-13,Refund Status,Live Chat,10.7,5.0,"Great service, just wanted to confirm my order status."
TIX104504,CUST005074,2024-10-13,Account Access,Email,15.7,3.0,"The item I received was damaged during shipping, need a replacement."
TIX104505,CUST004720,2025-08-22,Wrong Item Shipped,Email,2.9,5.0,Can you tell me the warranty period on this product?
TIX104506,CUST005400,2025-09-03,Delivery Delay,Live Chat,33.2,2.0,Can you tell me the warranty period on this product?
TIX104507,CUST001906,2024-09-11,Damaged Item,Live Chat,28.0,5.0,When will my refund for the returned item be processed?
TIX104508,CUST000693,2026-04-09,Account Access,Email,11.5,5.0,"I can't log into my account, it says my password is invalid."
TIX104509,CUST001157,2026-03-23,Delivery Delay,Live Chat,6.9,4.0,"I can't log into my account, it says my password is invalid."
TIX104510,CUST003464,2025-07-31,Account Access,Phone,12.4,5.0,"The item I received was damaged during shipping, need a replacement."
TIX104511,CUST002739,2025-06-10,Return Request,Live Chat,-19.1,3.0,Can you tell me the warranty period on this product?
TIX104512,CUST003077,2025-06-03,Wrong Item Shipped,Social Media,21.7,1.0,"Great service, just wanted to confirm my order status."
TIX104513,CUST000332,2024-12-08,Refund Status,Live Chat,10.4,4.0,When will my refund for the returned item be processed?
TIX104514,CUST001320,2025-12-30,Billing Issue,Phone,0.5,4.0,Can you tell me the warranty period on this product?
TIX104515,CUST005057,2025-04-26,Refund Status,Phone,22.5,,"I was charged twice for order ORD120804, please refund the duplicate charge."
TIX104516,CUST001151,2026-05-17,Return Request,Social Media,6.9,5.0,"The item I received was damaged during shipping, need a replacement."
TIX104517,CUST003685,2025-03-10,Refund Status,Live Chat,38.0,3.0,Can you tell me the warranty period on this product?
TIX104518,CUST005226,2025-06-13,Return Request,Social Media,9.9,4.0,"Wrong item was shipped to me, I ordered a different color."
TIX104519,CUST004630,2026-06-03,Damaged Item,Email,28.6,5.0,My order ORD103015 still hasn't arrived and it's been over a week.
TIX104520,CUST000767,2025-06-19,Product Question,Email,8.2,5.0,"I can't log into my account, it says my password is invalid."
TIX104521,CUST001037,2025-02-11,Product Question,Email,8.3,5.0,When will my refund for the returned item be processed?
TIX104522,CUST005667,2026-02-07,Refund Status,Social Media,25.9,5.0,When will my refund for the returned item be processed?
TIX104523,CUST000376,2026-02-22,Account Access,Email,14.0,4.0,  the delivery guy left my package outside in the rain!!  
TIX104524,CUST003844,2024-10-04,Return Request,Email,5.3,5.0,"I want to return this item, it doesn't fit as expected."
TIX104525,CUST005541,2026-06-04,Delivery Delay,Phone,32.9,5.0,"I want to return this item, it doesn't fit as expected."
TIX104526,CUST006009,2026-05-22,Account Access,Live Chat,17.9,3.0,Can you tell me the warranty period on this product?
TIX104527,CUST000577,2026-06-07,Damaged Item,Phone,18.1,3.0,"Great service, just wanted to confirm my order status."
TIX104528,CUST005154,2025-12-04,Billing Issue,Email,27.6,,"Great service, just wanted to confirm my order status."
TIX104529,CUST000399,2025-10-29,Refund Status,Phone,17.9,5.0,"I want to return this item, it doesn't fit as expected."
TIX104530,CUST000476,2024-09-28,Account Access,Phone,5.4,,My order ORD103484 still hasn't arrived and it's been over a week.
TIX104531,CUST004212,2025-05-15,Wrong Item Shipped,Live Chat,0.2,1.0,"I want to return this item, it doesn't fit as expected."
TIX104532,CUST001061,2026-03-25,Refund Status,Live Chat,28.0,4.0,Can you tell me the warranty period on this product?
TIX104533,CUST002330,2025-08-12,Refund Status,Phone,56.8,5.0,"I want to return this item, it doesn't fit as expected."
TIX104534,CUST003779,2024-11-10,Wrong Item Shipped,Email,22.9,3.0,"I can't log into my account, it says my password is invalid."
TIX104535,CUST000897,2024-12-27,Delivery Delay,Phone,31.5,3.0,"I can't log into my account, it says my password is invalid."
TIX104536,CUST002732,2025-03-19,Account Access,Social Media,35.9,5.0,"The item I received was damaged during shipping, need a replacement."
TIX104537,CUST001919,2025-08-29,Wrong Item Shipped,Live Chat,5.2,5.0,"I can't log into my account, it says my password is invalid."
TIX104538,CUST003519,2025-06-11,Damaged Item,Social Media,7.9,,"Wrong item was shipped to me, I ordered a different color."
TIX104539,CUST001275,2025-11-01,Return Request,Phone,23.8,5.0,"Great service, just wanted to confirm my order status."
TIX104540,CUST001737,2026-03-23,Delivery Delay,Phone,10.4,4.0,My order ORD111237 still hasn't arrived and it's been over a week.
TIX104541,CUST003033,2025-09-20,Wrong Item Shipped,Phone,18.2,4.0,Can you tell me the warranty period on this product?
TIX104542,CUST004798,2024-09-25,Billing Issue,Social Media,5.6,5.0,"Great service, just wanted to confirm my order status."
TIX104543,CUST000109,2026-02-21,Refund Status,Phone,22.6,4.0,  the delivery guy left my package outside in the rain!!  
TIX104544,CUST005405,2025-07-11,Delivery Delay,Social Media,16.2,5.0,"The item I received was damaged during shipping, need a replacement."
TIX104545,CUST001015,2026-02-05,Damaged Item,Live Chat,56.9,4.0,"I can't log into my account, it says my password is invalid."
TIX104546,CUST002187,2024-12-11,Product Question,Live Chat,46.3,5.0,Can you tell me the warranty period on this product?
TIX104547,CUST001498,2024-09-07,Delivery Delay,Phone,14.8,5.0,When will my refund for the returned item be processed?
TIX104548,CUST000280,2025-01-30,Billing Issue,Phone,5.2,,"Great service, just wanted to confirm my order status."
TIX104549,CUST004314,2025-07-31,Return Request,Email,8.9,2.0,"I was charged twice for order ORD120486, please refund the duplicate charge."
TIX104550,CUST004645,2025-06-02,Damaged Item,Social Media,24.1,2.0,"The item I received was damaged during shipping, need a replacement."
TIX104551,CUST005844,2026-02-02,Billing Issue,Social Media,9.9,,"Wrong item was shipped to me, I ordered a different color."
TIX104552,CUST005611,2025-08-29,Billing Issue,Social Media,31.1,3.0,"I want to return this item, it doesn't fit as expected."
TIX104553,CUST005582,2024-09-07,Product Question,Social Media,4.9,4.0,"I want to return this item, it doesn't fit as expected."
TIX104554,CUST000275,2025-02-02,Billing Issue,Phone,26.5,4.0,"I was charged twice for order ORD107941, please refund the duplicate charge."
TIX104555,CUST005584,2025-05-11,Billing Issue,Live Chat,27.7,4.0,  the delivery guy left my package outside in the rain!!  
TIX104556,CUST002987,2025-05-26,Billing Issue,Live Chat,3.7,5.0,"Wrong item was shipped to me, I ordered a different color."
TIX104557,CUST005070,2025-01-18,Refund Status,Phone,1.7,5.0,"I can't log into my account, it says my password is invalid."
TIX104558,CUST004460,2025-08-23,Wrong Item Shipped,Email,16.6,,"Great service, just wanted to confirm my order status."
TIX104559,CUST001255,2026-06-22,Return Request,Email,26.8,4.0,"I was charged twice for order ORD122004, please refund the duplicate charge."
TIX104560,CUST001941,2025-03-04,Product Question,Live Chat,50.0,4.0,"I can't log into my account, it says my password is invalid."
TIX104561,CUST003333,2025-11-07,Product Question,Email,20.7,3.0,When will my refund for the returned item be processed?
TIX104562,CUST002766,2025-06-12,Billing Issue,Phone,20.7,5.0,"Wrong item was shipped to me, I ordered a different color."
TIX104563,CUST003853,2025-10-27,Damaged Item,Email,10.2,4.0,"Great service, just wanted to confirm my order status."
TIX104564,CUST001944,2024-12-04,Refund Status,Social Media,6.9,5.0,When will my refund for the returned item be processed?
TIX104565,CUST001548,2024-10-26,Wrong Item Shipped,Live Chat,9.9,3.0,My order ORD112841 still hasn't arrived and it's been over a week.
TIX104566,CUST005045,2026-06-05,Delivery Delay,Social Media,21.5,5.0,"I want to return this item, it doesn't fit as expected."
TIX104567,CUST000488,2025-02-14,Product Question,Email,74.0,4.0,"I want to return this item, it doesn't fit as expected."
TIX104568,CUST004135,2025-09-09,Account Access,Email,20.8,3.0,"I was charged twice for order ORD101919, please refund the duplicate charge."
TIX104569,CUST002349,2025-01-31,Product Question,Email,15.6,5.0,Can you tell me the warranty period on this product?
TIX104570,CUST001561,2025-03-27,Damaged Item,Phone,9.5,3.0,My order ORD104983 still hasn't arrived and it's been over a week.
TIX104571,CUST000581,2025-08-05,Account Access,Live Chat,-8.8,4.0,"I want to return this item, it doesn't fit as expected."
TIX104572,CUST001077,2025-08-03,Account Access,Phone,10.2,1.0,  the delivery guy left my package outside in the rain!!  
TIX104573,CUST003918,2025-07-25,Return Request,Live Chat,12.2,4.0,"I can't log into my account, it says my password is invalid."
TIX104574,CUST001210,2024-11-22,Account Access,Live Chat,10.2,5.0,"Wrong item was shipped to me, I ordered a different color."
TIX104575,CUST004729,2025-11-17,Billing Issue,Live Chat,37.4,1.0,"Great service, just wanted to confirm my order status."
TIX104576,CUST001276,2025-12-20,Billing Issue,Phone,0.3,3.0,"The item I received was damaged during shipping, need a replacement."
TIX104577,CUST003138,2024-12-27,Product Question,Phone,14.9,5.0,"The item I received was damaged during shipping, need a replacement."
TIX104578,CUST000887,2026-01-02,Product Question,Live Chat,33.5,5.0,"Great service, just wanted to confirm my order status."
TIX104579,CUST004753,2025-10-24,Delivery Delay,Social Media,10.3,5.0,  the delivery guy left my package outside in the rain!!  
TIX104580,CUST000835,2026-03-29,Return Request,Email,36.8,4.0,Can you tell me the warranty period on this product?
TIX104581,CUST000924,2025-12-09,Damaged Item,Social Media,16.4,3.0,"I can't log into my account, it says my password is invalid."
TIX104582,CUST003757,2024-10-24,Damaged Item,Email,5.8,5.0,Can you tell me the warranty period on this product?
TIX104583,CUST000563,2025-04-22,Account Access,Live Chat,4.4,4.0,"I can't log into my account, it says my password is invalid."
TIX104584,CUST002494,2025-07-13,Delivery Delay,Live Chat,0.8,4.0,"Great service, just wanted to confirm my order status."
TIX104585,CUST002412,2026-04-20,Delivery Delay,Live Chat,21.9,3.0,Can you tell me the warranty period on this product?
TIX104586,CUST005229,2025-02-14,Delivery Delay,Social Media,18.9,4.0,"The item I received was damaged during shipping, need a replacement."
TIX104587,CUST004986,2025-07-24,Refund Status,Social Media,27.5,5.0,"Great service, just wanted to confirm my order status."
TIX104588,CUST001335,2026-03-29,Billing Issue,Phone,56.1,4.0,My order ORD127859 still hasn't arrived and it's been over a week.
TIX104589,CUST003434,2025-07-10,Wrong Item Shipped,Email,7.2,5.0,My order ORD102640 still hasn't arrived and it's been over a week.
TIX104590,CUST002260,2024-12-27,Delivery Delay,Social Media,5.0,5.0,Can you tell me the warranty period on this product?
TIX104591,CUST000892,2026-03-14,Wrong Item Shipped,Social Media,5.9,5.0,"I can't log into my account, it says my password is invalid."
TIX104592,CUST001519,2026-01-25,Billing Issue,Live Chat,14.6,3.0,"I can't log into my account, it says my password is invalid."
TIX104593,CUST003126,2025-09-09,Delivery Delay,Phone,11.3,5.0,"I was charged twice for order ORD126996, please refund the duplicate charge."
TIX104594,CUST002269,2025-08-07,Wrong Item Shipped,Social Media,1.7,4.0,When will my refund for the returned item be processed?
TIX104595,CUST000806,2025-10-11,Account Access,Live Chat,4.5,5.0,"I can't log into my account, it says my password is invalid."
TIX104596,CUST002939,2025-05-30,Delivery Delay,Email,14.6,5.0,When will my refund for the returned item be processed?
TIX104597,CUST005204,2025-10-28,Billing Issue,Email,66.1,4.0,  the delivery guy left my package outside in the rain!!  
TIX104598,CUST000680,2025-12-28,Refund Status,Social Media,26.0,4.0,"Great service, just wanted to confirm my order status."
TIX104599,CUST000349,2024-10-02,Account Access,Live Chat,73.3,5.0,When will my refund for the returned item be processed?
TIX104600,CUST001826,2026-05-25,Account Access,Phone,23.0,3.0,  the delivery guy left my package outside in the rain!!  
TIX104601,CUST001152,2025-09-19,Return Request,Email,78.6,5.0,  the delivery guy left my package outside in the rain!!  
TIX104602,CUST002413,2025-08-15,Refund Status,Live Chat,5.2,,"Wrong item was shipped to me, I ordered a different color."
TIX104603,CUST000176,2025-02-05,Wrong Item Shipped,Phone,44.4,4.0,My order ORD114582 still hasn't arrived and it's been over a week.
TIX104604,CUST003219,2024-11-25,Product Question,Email,19.9,3.0,"I was charged twice for order ORD121927, please refund the duplicate charge."
TIX104605,CUST003554,2025-01-19,Damaged Item,Live Chat,16.4,3.0,My order ORD126202 still hasn't arrived and it's been over a week.
TIX104606,CUST002879,2026-06-10,Refund Status,Email,21.8,4.0,Can you tell me the warranty period on this product?
TIX104607,CUST003579,2024-09-11,Return Request,Email,15.2,1.0,Can you tell me the warranty period on this product?
TIX104608,CUST004760,2026-05-19,Account Access,Phone,8.0,3.0,"Wrong item was shipped to me, I ordered a different color."
TIX104609,CUST002844,2025-09-07,Return Request,Social Media,30.2,4.0,Can you tell me the warranty period on this product?
TIX104610,CUST004718,2025-05-23,Delivery Delay,Phone,8.4,5.0,"The item I received was damaged during shipping, need a replacement."
TIX104611,CUST001382,2025-08-24,Return Request,Social Media,10.1,4.0,My order ORD103448 still hasn't arrived and it's been over a week.
TIX104612,CUST002186,2024-12-03,Account Access,Email,28.0,5.0,"I was charged twice for order ORD106814, please refund the duplicate charge."
TIX104613,CUST003073,2025-06-27,Return Request,Email,65.7,1.0,When will my refund for the returned item be processed?
TIX104614,CUST001896,2024-09-16,Refund Status,Social Media,6.8,1.0,"I want to return this item, it doesn't fit as expected."
TIX104615,CUST003111,2025-02-12,Damaged Item,Email,70.2,5.0,My order ORD113577 still hasn't arrived and it's been over a week.
TIX104616,CUST005208,2025-10-17,Return Request,Live Chat,39.4,4.0,When will my refund for the returned item be processed?
TIX104617,CUST004122,2026-04-16,Billing Issue,Social Media,4.0,3.0,"I was charged twice for order ORD125216, please refund the duplicate charge."
TIX104618,CUST001976,2026-03-24,Return Request,Email,3.2,3.0,"I want to return this item, it doesn't fit as expected."
TIX104619,CUST002253,2024-09-10,Delivery Delay,Social Media,30.7,5.0,"The item I received was damaged during shipping, need a replacement."
TIX104620,CUST002665,2025-03-13,Billing Issue,Phone,1.2,4.0,"I was charged twice for order ORD111747, please refund the duplicate charge."
TIX104621,CUST000815,2026-06-24,Return Request,Phone,75.0,5.0,"Wrong item was shipped to me, I ordered a different color."
TIX104622,CUST003077,2025-03-31,Wrong Item Shipped,Email,4.1,2.0,  the delivery guy left my package outside in the rain!!  
TIX104623,CUST002643,2024-11-26,Return Request,Social Media,0.4,1.0,"Wrong item was shipped to me, I ordered a different color."
TIX104624,CUST006064,2025-05-10,Account Access,Phone,19.7,3.0,"Wrong item was shipped to me, I ordered a different color."
TIX104625,CUST003010,2025-01-08,Billing Issue,Phone,15.2,1.0,"I was charged twice for order ORD104602, please refund the duplicate charge."
TIX104626,CUST004826,2025-06-20,Return Request,Phone,43.6,5.0,"Wrong item was shipped to me, I ordered a different color."
TIX104627,CUST001858,2026-06-20,Damaged Item,Social Media,2.7,4.0,"I want to return this item, it doesn't fit as expected."
TIX104628,CUST000225,2025-07-14,Wrong Item Shipped,Phone,3.7,,"The item I received was damaged during shipping, need a replacement."
TIX104629,CUST003898,2024-10-29,Account Access,Phone,23.6,4.0,"I can't log into my account, it says my password is invalid."
TIX104630,CUST000270,2024-09-20,Product Question,Live Chat,8.9,5.0,My order ORD123257 still hasn't arrived and it's been over a week.
TIX104631,CUST003969,2026-02-17,Refund Status,Live Chat,17.8,3.0,  the delivery guy left my package outside in the rain!!  
TIX104632,CUST002737,2025-01-28,Delivery Delay,Phone,0.6,4.0,"The item I received was damaged during shipping, need a replacement."
TIX104633,CUST001581,2026-03-07,Delivery Delay,Email,29.7,,When will my refund for the returned item be processed?
TIX104634,CUST005365,2024-12-19,Account Access,Social Media,5.5,5.0,"I was charged twice for order ORD102769, please refund the duplicate charge."
TIX104635,CUST003004,2025-02-05,Product Question,Phone,13.7,4.0,"Wrong item was shipped to me, I ordered a different color."
TIX104636,CUST005595,2025-12-20,Wrong Item Shipped,Live Chat,21.3,5.0,  the delivery guy left my package outside in the rain!!  
TIX104637,CUST001051,2026-04-08,Refund Status,Social Media,3.3,5.0,When will my refund for the returned item be processed?
TIX104638,CUST002448,2025-04-28,Wrong Item Shipped,Phone,1.5,3.0,"Wrong item was shipped to me, I ordered a different color."
TIX104639,CUST003522,2024-11-21,Billing Issue,Phone,0.0,,My order ORD127382 still hasn't arrived and it's been over a week.
TIX104640,CUST004376,2026-01-22,Return Request,Email,1.1,5.0,Can you tell me the warranty period on this product?
TIX104641,CUST003913,2025-09-01,Damaged Item,Email,43.5,,My order ORD100710 still hasn't arrived and it's been over a week.
TIX104642,CUST001964,2026-03-11,Wrong Item Shipped,Email,13.2,5.0,"I want to return this item, it doesn't fit as expected."
TIX104643,CUST003118,2026-01-19,Wrong Item Shipped,Social Media,1.2,3.0,"Great service, just wanted to confirm my order status."
TIX104644,CUST004825,2026-04-05,Refund Status,Phone,101.6,2.0,"I want to return this item, it doesn't fit as expected."
TIX104645,CUST004140,2025-04-27,Delivery Delay,Live Chat,1.7,3.0,"I was charged twice for order ORD115601, please refund the duplicate charge."
TIX104646,CUST004554,2025-01-03,Wrong Item Shipped,Phone,45.1,2.0,Can you tell me the warranty period on this product?
TIX104647,CUST003825,2026-04-13,Product Question,Email,4.5,4.0,"I can't log into my account, it says my password is invalid."
TIX104648,CUST000643,2025-04-15,Wrong Item Shipped,Live Chat,21.8,,"Great service, just wanted to confirm my order status."
TIX104649,CUST001435,2026-06-20,Refund Status,Phone,4.8,,"I want to return this item, it doesn't fit as expected."
TIX104650,CUST001060,2025-02-27,Account Access,Social Media,87.1,5.0,Can you tell me the warranty period on this product?
TIX104651,CUST005249,2026-05-16,Billing Issue,Social Media,3.6,4.0,Can you tell me the warranty period on this product?
TIX104652,CUST000680,2026-04-30,Damaged Item,Live Chat,7.8,5.0,When will my refund for the returned item be processed?
TIX104653,CUST005921,2026-05-23,Wrong Item Shipped,Live Chat,2.6,,"I can't log into my account, it says my password is invalid."
TIX104654,CUST001937,2026-05-09,Refund Status,Live Chat,12.3,2.0,"I can't log into my account, it says my password is invalid."
TIX104655,CUST004409,2025-02-21,Billing Issue,Social Media,10.1,5.0,"Wrong item was shipped to me, I ordered a different color."
TIX104656,CUST000221,2025-09-07,Delivery Delay,Live Chat,30.2,1.0,Can you tell me the warranty period on this product?
TIX104657,CUST003986,2025-03-25,Damaged Item,Email,34.7,4.0,"Great service, just wanted to confirm my order status."
TIX104658,CUST000219,2025-10-01,Account Access,Live Chat,35.2,2.0,"I was charged twice for order ORD110339, please refund the duplicate charge."
TIX104659,CUST005575,2025-02-11,Account Access,Live Chat,0.7,4.0,"The item I received was damaged during shipping, need a replacement."
TIX104660,CUST004080,2025-12-27,Damaged Item,Phone,3.6,4.0,"The item I received was damaged during shipping, need a replacement."
TIX104661,CUST004133,2025-09-09,Billing Issue,Email,18.3,3.0,"The item I received was damaged during shipping, need a replacement."
TIX104662,CUST004154,2026-03-23,Damaged Item,Social Media,16.6,5.0,My order ORD105605 still hasn't arrived and it's been over a week.
TIX104663,CUST005561,2025-01-21,Account Access,Email,29.6,4.0,"I want to return this item, it doesn't fit as expected."
TIX104664,CUST003396,2026-05-06,Account Access,Live Chat,26.8,3.0,"Great service, just wanted to confirm my order status."
TIX104665,CUST002292,2025-06-15,Return Request,Live Chat,4.4,4.0,When will my refund for the returned item be processed?
TIX104666,CUST005160,2026-03-07,Delivery Delay,Social Media,7.6,3.0,"Great service, just wanted to confirm my order status."
TIX104667,CUST005769,2025-06-14,Wrong Item Shipped,Social Media,15.0,5.0,"I want to return this item, it doesn't fit as expected."
TIX104668,CUST002607,2025-05-09,Return Request,Phone,35.7,4.0,"Great service, just wanted to confirm my order status."
TIX104669,CUST004992,2025-11-09,Product Question,Live Chat,13.4,3.0,"Great service, just wanted to confirm my order status."
TIX104670,CUST001116,2026-01-26,Refund Status,Live Chat,21.1,3.0,Can you tell me the warranty period on this product?
TIX104671,CUST004863,2025-06-01,Product Question,Live Chat,8.8,5.0,When will my refund for the returned item be processed?
TIX104672,CUST005467,2025-10-16,Billing Issue,Social Media,1.8,,Can you tell me the warranty period on this product?
TIX104673,CUST000115,2025-09-27,Account Access,Live Chat,10.5,5.0,  the delivery guy left my package outside in the rain!!  
TIX104674,CUST002633,2025-07-27,Return Request,Live Chat,3.1,4.0,"Great service, just wanted to confirm my order status."
TIX104675,CUST005740,2025-12-10,Product Question,Phone,8.0,2.0,"The item I received was damaged during shipping, need a replacement."
TIX104676,CUST002487,2026-01-25,Billing Issue,Live Chat,6.5,2.0,  the delivery guy left my package outside in the rain!!  
TIX104677,CUST002079,2025-01-26,Wrong Item Shipped,Phone,5.1,,"The item I received was damaged during shipping, need a replacement."
TIX104678,CUST000908,2026-03-25,Damaged Item,Live Chat,20.8,5.0,"Wrong item was shipped to me, I ordered a different color."
TIX104679,CUST002504,2026-06-07,Return Request,Social Media,4.0,4.0,"Great service, just wanted to confirm my order status."
TIX104680,CUST001415,2024-12-18,Delivery Delay,Live Chat,20.3,4.0,  the delivery guy left my package outside in the rain!!  
TIX104681,CUST003493,2026-04-22,Product Question,Phone,0.7,4.0,Can you tell me the warranty period on this product?
TIX104682,CUST005998,2024-09-08,Return Request,Email,20.2,5.0,"I was charged twice for order ORD114005, please refund the duplicate charge."
TIX104683,CUST001913,2026-02-02,Refund Status,Phone,0.8,5.0,"I can't log into my account, it says my password is invalid."
TIX104684,CUST005736,2026-05-07,Return Request,Email,3.5,4.0,"Wrong item was shipped to me, I ordered a different color."
TIX104685,CUST004826,2025-02-16,Delivery Delay,Phone,12.6,4.0,  the delivery guy left my package outside in the rain!!  
TIX104686,CUST003976,2026-05-01,Product Question,Phone,79.5,5.0,"The item I received was damaged during shipping, need a replacement."
TIX104687,CUST003003,2025-12-21,Billing Issue,Live Chat,18.3,5.0,My order ORD117975 still hasn't arrived and it's been over a week.
TIX104688,CUST001718,2025-05-09,Damaged Item,Email,0.1,4.0,Can you tell me the warranty period on this product?
TIX104689,CUST005625,2026-03-09,Billing Issue,Email,26.9,5.0,"I can't log into my account, it says my password is invalid."
TIX104690,CUST003658,2025-12-07,Refund Status,Phone,7.5,5.0,My order ORD124475 still hasn't arrived and it's been over a week.
TIX104691,CUST002269,2025-04-29,Wrong Item Shipped,Email,87.1,4.0,My order ORD113859 still hasn't arrived and it's been over a week.
TIX104692,CUST002091,2025-02-24,Damaged Item,Live Chat,16.8,5.0,"I can't log into my account, it says my password is invalid."
TIX104693,CUST004900,2024-11-14,Wrong Item Shipped,Live Chat,46.7,4.0,"The item I received was damaged during shipping, need a replacement."
TIX104694,CUST004271,2025-10-16,Return Request,Phone,0.9,5.0,"Wrong item was shipped to me, I ordered a different color."
TIX104695,CUST005146,2024-11-09,Wrong Item Shipped,Email,8.3,4.0,"The item I received was damaged during shipping, need a replacement."
TIX104696,CUST005446,2025-08-06,Account Access,Live Chat,6.1,5.0,Can you tell me the warranty period on this product?
TIX104697,CUST001865,2026-01-29,Delivery Delay,Phone,8.4,,"The item I received was damaged during shipping, need a replacement."
TIX104698,CUST001184,2025-06-16,Damaged Item,Phone,6.5,3.0,"The item I received was damaged during shipping, need a replacement."
TIX104699,CUST001981,2025-08-19,Product Question,Phone,5.9,,When will my refund for the returned item be processed?
TIX104700,CUST005703,2025-01-20,Product Question,Social Media,11.8,,"I can't log into my account, it says my password is invalid."
TIX104701,CUST000030,2025-02-17,Damaged Item,Live Chat,27.3,4.0,When will my refund for the returned item be processed?
TIX104702,CUST000280,2025-02-24,Account Access,Phone,18.7,4.0,"The item I received was damaged during shipping, need a replacement."
TIX104703,CUST005118,2025-10-18,Billing Issue,Email,8.3,2.0,"The item I received was damaged during shipping, need a replacement."
TIX104704,CUST001331,2026-01-21,Product Question,Phone,16.0,3.0,"The item I received was damaged during shipping, need a replacement."
TIX104705,CUST000729,2025-04-21,Billing Issue,Email,42.7,4.0,My order ORD114404 still hasn't arrived and it's been over a week.
TIX104706,CUST000390,2025-09-06,Damaged Item,Social Media,5.6,3.0,"I want to return this item, it doesn't fit as expected."
TIX104707,CUST004465,2026-04-03,Return Request,Social Media,12.5,5.0,"Wrong item was shipped to me, I ordered a different color."
TIX104708,CUST005166,2025-09-14,Product Question,Live Chat,43.7,4.0,"The item I received was damaged during shipping, need a replacement."
TIX104709,CUST005294,2024-11-28,Refund Status,Social Media,23.6,5.0,Can you tell me the warranty period on this product?
TIX104710,CUST000530,2024-12-05,Return Request,Phone,3.5,5.0,Can you tell me the warranty period on this product?
TIX104711,CUST005127,2026-02-17,Delivery Delay,Email,28.4,4.0,"I can't log into my account, it says my password is invalid."
TIX104712,CUST000341,2025-01-22,Delivery Delay,Phone,29.2,3.0,  the delivery guy left my package outside in the rain!!  
TIX104713,CUST003257,2026-05-31,Refund Status,Email,24.7,,When will my refund for the returned item be processed?
TIX104714,CUST002558,2025-10-06,Damaged Item,Social Media,16.3,1.0,"The item I received was damaged during shipping, need a replacement."
TIX104715,CUST005124,2025-04-18,Refund Status,Social Media,2.3,5.0,"I want to return this item, it doesn't fit as expected."
TIX104716,CUST000914,2025-09-01,Wrong Item Shipped,Live Chat,11.4,5.0,"I want to return this item, it doesn't fit as expected."
TIX104717,CUST004509,2025-03-15,Delivery Delay,Social Media,1.6,4.0,My order ORD105217 still hasn't arrived and it's been over a week.
TIX104718,CUST000703,2025-02-10,Account Access,Email,13.2,1.0,My order ORD113045 still hasn't arrived and it's been over a week.
TIX104719,CUST003694,2025-12-17,Refund Status,Live Chat,9.3,3.0,"The item I received was damaged during shipping, need a replacement."
TIX104720,CUST005943,2025-10-23,Wrong Item Shipped,Phone,0.1,4.0,When will my refund for the returned item be processed?
TIX104721,CUST001152,2026-04-07,Refund Status,Phone,27.1,5.0,"I want to return this item, it doesn't fit as expected."
TIX104722,CUST004357,2026-03-19,Product Question,Live Chat,18.9,4.0,"I was charged twice for order ORD127861, please refund the duplicate charge."
TIX104723,CUST003298,2025-12-31,Billing Issue,Social Media,5.0,2.0,My order ORD108510 still hasn't arrived and it's been over a week.
TIX104724,CUST001369,2025-04-22,Wrong Item Shipped,Social Media,18.5,5.0,"The item I received was damaged during shipping, need a replacement."
TIX104725,CUST004619,2025-01-10,Account Access,Email,14.1,4.0,"I was charged twice for order ORD105004, please refund the duplicate charge."
TIX104726,CUST003906,2025-05-03,Damaged Item,Live Chat,12.8,5.0,"Wrong item was shipped to me, I ordered a different color."
TIX104727,CUST003799,2025-10-26,Billing Issue,Live Chat,8.5,5.0,When will my refund for the returned item be processed?
TIX104728,CUST003731,2025-02-13,Account Access,Live Chat,0.8,3.0,"Wrong item was shipped to me, I ordered a different color."
TIX104729,CUST004788,2025-10-14,Account Access,Live Chat,77.1,3.0,My order ORD100894 still hasn't arrived and it's been over a week.
TIX104730,CUST003070,2024-09-24,Damaged Item,Email,12.8,5.0,"The item I received was damaged during shipping, need a replacement."
TIX104731,CUST002887,2026-03-16,Delivery Delay,Live Chat,1.0,,"The item I received was damaged during shipping, need a replacement."
TIX104732,CUST005441,2025-11-21,Wrong Item Shipped,Phone,0.9,,My order ORD104047 still hasn't arrived and it's been over a week.
TIX104733,CUST002551,2026-04-22,Billing Issue,Phone,26.4,4.0,Can you tell me the warranty period on this product?
TIX104734,CUST000278,2024-10-28,Damaged Item,Social Media,7.6,1.0,"I was charged twice for order ORD111071, please refund the duplicate charge."
TIX104735,CUST004571,2024-11-12,Refund Status,Social Media,10.1,5.0,"Great service, just wanted to confirm my order status."
TIX104736,CUST002530,2025-09-27,Return Request,Social Media,17.2,5.0,"I want to return this item, it doesn't fit as expected."
TIX104737,CUST006038,2025-07-12,Account Access,Live Chat,0.0,3.0,My order ORD114878 still hasn't arrived and it's been over a week.
TIX104738,CUST002056,2026-04-04,Return Request,Email,13.1,5.0,My order ORD113116 still hasn't arrived and it's been over a week.
TIX104739,CUST004057,2025-04-23,Refund Status,Social Media,21.2,3.0,"Wrong item was shipped to me, I ordered a different color."
TIX104740,CUST002924,2025-06-22,Return Request,Email,9.0,4.0,My order ORD112590 still hasn't arrived and it's been over a week.
TIX104741,CUST005611,2025-12-18,Product Question,Phone,3.2,,My order ORD100703 still hasn't arrived and it's been over a week.
TIX104742,CUST002109,2025-12-18,Damaged Item,Live Chat,34.4,,"The item I received was damaged during shipping, need a replacement."
TIX104743,CUST003337,2025-02-28,Product Question,Phone,9.1,5.0,  the delivery guy left my package outside in the rain!!  
TIX104744,CUST004595,2025-06-16,Damaged Item,Live Chat,101.5,5.0,"I want to return this item, it doesn't fit as expected."
TIX104745,CUST001220,2025-11-07,Refund Status,Email,13.8,,"I was charged twice for order ORD119929, please refund the duplicate charge."
TIX104746,CUST000927,2026-04-28,Return Request,Social Media,2.4,1.0,"I can't log into my account, it says my password is invalid."
TIX104747,CUST003482,2026-03-07,Damaged Item,Live Chat,1.5,4.0,  the delivery guy left my package outside in the rain!!  
TIX104748,CUST005368,2025-02-28,Return Request,Social Media,4.2,3.0,"I want to return this item, it doesn't fit as expected."
TIX104749,CUST002398,2026-02-04,Return Request,Live Chat,40.6,5.0,  the delivery guy left my package outside in the rain!!  
TIX104750,CUST002844,2024-11-27,Billing Issue,Email,12.2,3.0,"The item I received was damaged during shipping, need a replacement."
TIX104751,CUST004783,2026-01-26,Return Request,Phone,31.7,5.0,"I was charged twice for order ORD124121, please refund the duplicate charge."
TIX104752,CUST001726,2025-07-15,Wrong Item Shipped,Social Media,20.0,5.0,  the delivery guy left my package outside in the rain!!  
TIX104753,CUST005827,2026-02-11,Return Request,Phone,35.2,3.0,When will my refund for the returned item be processed?
TIX104754,CUST002240,2024-10-01,Product Question,Email,13.1,3.0,Can you tell me the warranty period on this product?
TIX104755,CUST005981,2025-12-14,Refund Status,Phone,30.8,,  the delivery guy left my package outside in the rain!!  
TIX104756,CUST004909,2026-05-23,Damaged Item,Social Media,51.6,2.0,My order ORD125289 still hasn't arrived and it's been over a week.
TIX104757,CUST005488,2024-10-01,Return Request,Live Chat,2.8,3.0,"I want to return this item, it doesn't fit as expected."
TIX104758,CUST005906,2025-01-25,Damaged Item,Phone,104.5,5.0,  the delivery guy left my package outside in the rain!!  
TIX104759,CUST000171,2025-08-26,Damaged Item,Social Media,24.2,5.0,Can you tell me the warranty period on this product?
TIX104760,CUST000240,2026-04-16,Delivery Delay,Live Chat,15.4,5.0,Can you tell me the warranty period on this product?
TIX104761,CUST003719,2025-02-28,Product Question,Email,87.4,5.0,"I can't log into my account, it says my password is invalid."
TIX104762,CUST001130,2025-11-03,Billing Issue,Phone,3.3,5.0,Can you tell me the warranty period on this product?
TIX104763,CUST002848,2024-12-10,Delivery Delay,Live Chat,18.8,5.0,"I can't log into my account, it says my password is invalid."
TIX104764,CUST005778,2025-12-15,Account Access,Social Media,3.8,2.0,"Wrong item was shipped to me, I ordered a different color."
TIX104765,CUST001529,2025-03-13,Wrong Item Shipped,Live Chat,12.8,1.0,"I want to return this item, it doesn't fit as expected."
TIX104766,CUST000444,2026-05-05,Product Question,Social Media,0.7,2.0,"I was charged twice for order ORD102540, please refund the duplicate charge."
TIX104767,CUST004181,2025-04-04,Return Request,Phone,7.6,5.0,"The item I received was damaged during shipping, need a replacement."
TIX104768,CUST001963,2026-01-10,Return Request,Social Media,37.2,,"I can't log into my account, it says my password is invalid."
TIX104769,CUST004818,2025-12-16,Product Question,Social Media,25.6,,When will my refund for the returned item be processed?
TIX104770,CUST002447,2025-07-07,Billing Issue,Email,9.1,2.0,"Great service, just wanted to confirm my order status."
TIX104771,CUST001126,2025-11-11,Product Question,Email,3.4,5.0,"Great service, just wanted to confirm my order status."
TIX104772,CUST005911,2025-06-04,Billing Issue,Social Media,1.2,1.0,"Great service, just wanted to confirm my order status."
TIX104773,CUST005786,2025-07-19,Delivery Delay,Email,55.0,2.0,My order ORD120008 still hasn't arrived and it's been over a week.
TIX104774,CUST003656,2026-06-04,Delivery Delay,Phone,10.2,5.0,"Great service, just wanted to confirm my order status."
TIX104775,CUST003290,2025-01-27,Billing Issue,Email,22.9,,"Great service, just wanted to confirm my order status."
TIX104776,CUST003124,2025-02-09,Return Request,Phone,43.0,4.0,"Wrong item was shipped to me, I ordered a different color."
TIX104777,CUST003373,2026-02-03,Product Question,Social Media,24.0,3.0,Can you tell me the warranty period on this product?
TIX104778,CUST000195,2025-01-11,Refund Status,Email,11.4,5.0,Can you tell me the warranty period on this product?
TIX104779,CUST000128,2025-04-15,Delivery Delay,Phone,8.3,3.0,  the delivery guy left my package outside in the rain!!  
TIX104780,CUST003941,2025-03-06,Billing Issue,Live Chat,37.2,3.0,"I want to return this item, it doesn't fit as expected."
TIX104781,CUST001481,2026-01-26,Wrong Item Shipped,Phone,6.9,4.0,"I can't log into my account, it says my password is invalid."
TIX104782,CUST003564,2025-02-20,Billing Issue,Social Media,7.1,1.0,Can you tell me the warranty period on this product?
TIX104783,CUST003894,2025-01-16,Refund Status,Phone,25.5,4.0,"Wrong item was shipped to me, I ordered a different color."
TIX104784,CUST004783,2025-07-29,Return Request,Social Media,15.9,4.0,"The item I received was damaged during shipping, need a replacement."
TIX104785,CUST004128,2026-03-04,Return Request,Social Media,10.1,1.0,"Wrong item was shipped to me, I ordered a different color."
TIX104786,CUST000534,2025-12-24,Account Access,Phone,10.8,5.0,"Great service, just wanted to confirm my order status."
TIX104787,CUST000013,2025-12-19,Return Request,Email,15.8,4.0,"I was charged twice for order ORD101184, please refund the duplicate charge."
TIX104788,CUST003685,2025-05-01,Billing Issue,Social Media,10.4,2.0,"I was charged twice for order ORD104178, please refund the duplicate charge."
TIX104789,CUST002840,2025-11-19,Account Access,Phone,6.9,3.0,"Great service, just wanted to confirm my order status."
TIX104790,CUST005299,2025-07-27,Return Request,Phone,42.6,4.0,"Wrong item was shipped to me, I ordered a different color."
TIX104791,CUST001027,2025-05-25,Product Question,Social Media,12.7,4.0,When will my refund for the returned item be processed?
TIX104792,CUST002726,2026-01-20,Return Request,Email,4.0,3.0,"I can't log into my account, it says my password is invalid."
TIX104793,CUST003276,2025-10-30,Delivery Delay,Social Media,3.2,5.0,"I can't log into my account, it says my password is invalid."
TIX104794,CUST003737,2025-03-27,Product Question,Live Chat,6.1,2.0,"The item I received was damaged during shipping, need a replacement."
TIX104795,CUST003794,2026-04-08,Refund Status,Email,77.5,4.0,"I can't log into my account, it says my password is invalid."
TIX104796,CUST004984,2025-12-22,Billing Issue,Live Chat,46.5,5.0,"Wrong item was shipped to me, I ordered a different color."
TIX104797,CUST004491,2025-10-03,Delivery Delay,Social Media,1.7,3.0,"Wrong item was shipped to me, I ordered a different color."
TIX104798,CUST003118,2026-01-03,Return Request,Social Media,1.6,4.0,"I was charged twice for order ORD124667, please refund the duplicate charge."
TIX104799,CUST004697,2024-11-21,Refund Status,Social Media,8.7,5.0,"Great service, just wanted to confirm my order status."
TIX104800,CUST005915,2026-02-15,Delivery Delay,Phone,13.0,4.0,"The item I received was damaged during shipping, need a replacement."
TIX104801,CUST004756,2026-04-06,Refund Status,Social Media,6.5,,"I was charged twice for order ORD103377, please refund the duplicate charge."
TIX104802,CUST000485,2025-10-23,Delivery Delay,Email,19.2,,  the delivery guy left my package outside in the rain!!  
TIX104803,CUST001587,2026-04-19,Account Access,Social Media,10.1,5.0,"I can't log into my account, it says my password is invalid."
TIX104804,CUST005143,2025-11-13,Damaged Item,Live Chat,13.9,5.0,"I can't log into my account, it says my password is invalid."
TIX104805,CUST003795,2025-05-02,Delivery Delay,Email,5.9,3.0,"The item I received was damaged during shipping, need a replacement."
TIX104806,CUST003260,2024-09-06,Product Question,Email,1.3,2.0,"I was charged twice for order ORD111878, please refund the duplicate charge."
TIX104807,CUST001407,2024-09-04,Refund Status,Phone,21.2,4.0,"The item I received was damaged during shipping, need a replacement."
TIX104808,CUST003200,2026-01-10,Wrong Item Shipped,Live Chat,23.3,4.0,"I want to return this item, it doesn't fit as expected."
TIX104809,CUST002593,2026-04-18,Account Access,Phone,11.6,5.0,"I want to return this item, it doesn't fit as expected."
TIX104810,CUST001916,2024-11-26,Return Request,Social Media,35.7,4.0,"I was charged twice for order ORD122450, please refund the duplicate charge."
TIX104811,CUST001547,2025-09-06,Delivery Delay,Email,6.6,4.0,"The item I received was damaged during shipping, need a replacement."
TIX104812,CUST001433,2025-05-17,Damaged Item,Phone,23.2,3.0,"The item I received was damaged during shipping, need a replacement."
TIX104813,CUST002927,2025-06-11,Delivery Delay,Live Chat,15.6,,When will my refund for the returned item be processed?
TIX104814,CUST003463,2026-03-29,Refund Status,Social Media,10.1,,"I want to return this item, it doesn't fit as expected."
TIX104815,CUST001646,2024-09-15,Account Access,Phone,4.3,3.0,"The item I received was damaged during shipping, need a replacement."
TIX104816,CUST001562,2025-01-08,Account Access,Email,19.5,3.0,"Wrong item was shipped to me, I ordered a different color."
TIX104817,CUST000976,2025-09-03,Product Question,Social Media,3.1,4.0,"Wrong item was shipped to me, I ordered a different color."
TIX104818,CUST004550,2025-07-26,Billing Issue,Email,23.2,5.0,Can you tell me the warranty period on this product?
TIX104819,CUST000189,2025-04-04,Product Question,Social Media,4.4,4.0,"I want to return this item, it doesn't fit as expected."
TIX104820,CUST003631,2025-06-06,Product Question,Live Chat,0.3,4.0,"I can't log into my account, it says my password is invalid."
TIX104821,CUST004361,2026-05-11,Product Question,Email,6.5,,"Great service, just wanted to confirm my order status."
TIX104822,CUST002965,2025-11-22,Account Access,Phone,35.9,3.0,"The item I received was damaged during shipping, need a replacement."
TIX104823,CUST003201,2024-12-04,Product Question,Live Chat,0.5,4.0,Can you tell me the warranty period on this product?
TIX104824,CUST004763,2025-12-11,Damaged Item,Phone,1.2,5.0,"The item I received was damaged during shipping, need a replacement."
TIX104825,CUST005781,2025-11-21,Billing Issue,Email,13.7,5.0,"Great service, just wanted to confirm my order status."
TIX104826,CUST001478,2025-12-22,Delivery Delay,Live Chat,0.1,5.0,My order ORD105344 still hasn't arrived and it's been over a week.
TIX104827,CUST001170,2026-03-06,Delivery Delay,Phone,18.3,4.0,  the delivery guy left my package outside in the rain!!  
TIX104828,CUST000206,2024-12-12,Billing Issue,Phone,17.6,4.0,"I was charged twice for order ORD117019, please refund the duplicate charge."
TIX104829,CUST000689,2025-10-23,Product Question,Social Media,4.5,4.0,"I can't log into my account, it says my password is invalid."
TIX104830,CUST005988,2026-02-02,Damaged Item,Email,10.3,1.0,When will my refund for the returned item be processed?
TIX104831,CUST001303,2026-02-10,Billing Issue,Live Chat,26.2,5.0,"The item I received was damaged during shipping, need a replacement."
TIX104832,CUST004856,2026-05-24,Return Request,Phone,4.1,4.0,"The item I received was damaged during shipping, need a replacement."
TIX104833,CUST000428,2025-11-16,Refund Status,Phone,16.6,4.0,My order ORD101305 still hasn't arrived and it's been over a week.
TIX104834,CUST004318,2025-03-19,Damaged Item,Email,10.4,5.0,Can you tell me the warranty period on this product?
TIX104835,CUST005172,2026-03-18,Account Access,Email,9.0,5.0,Can you tell me the warranty period on this product?
TIX104836,CUST001338,2024-10-29,Damaged Item,Email,7.2,5.0,When will my refund for the returned item be processed?
TIX104837,CUST001619,2025-05-24,Refund Status,Phone,14.2,4.0,Can you tell me the warranty period on this product?
TIX104838,CUST005319,2024-11-26,Billing Issue,Live Chat,5.2,3.0,  the delivery guy left my package outside in the rain!!  
TIX104839,CUST002939,2025-08-22,Billing Issue,Social Media,18.2,5.0,When will my refund for the returned item be processed?
TIX104840,CUST004445,2025-07-06,Damaged Item,Email,2.2,,My order ORD102304 still hasn't arrived and it's been over a week.
TIX104841,CUST001695,2025-02-13,Refund Status,Phone,35.2,2.0,My order ORD111478 still hasn't arrived and it's been over a week.
TIX104842,CUST004744,2025-03-25,Account Access,Email,26.0,2.0,  the delivery guy left my package outside in the rain!!  
TIX104843,CUST005797,2025-04-05,Product Question,Phone,9.7,3.0,  the delivery guy left my package outside in the rain!!  
TIX104844,CUST002476,2026-05-10,Wrong Item Shipped,Social Media,3.5,4.0,"The item I received was damaged during shipping, need a replacement."
TIX104845,CUST000722,2025-02-12,Billing Issue,Social Media,9.0,,"I was charged twice for order ORD109488, please refund the duplicate charge."
TIX104846,CUST005970,2024-11-27,Damaged Item,Social Media,20.2,5.0,Can you tell me the warranty period on this product?
TIX104847,CUST004696,2025-06-01,Account Access,Email,8.2,,  the delivery guy left my package outside in the rain!!  
TIX104848,CUST001772,2025-05-27,Account Access,Phone,1.5,2.0,"Great service, just wanted to confirm my order status."
TIX104849,CUST000548,2026-03-01,Return Request,Email,2.1,3.0,My order ORD112421 still hasn't arrived and it's been over a week.
TIX104850,CUST002541,2025-08-21,Wrong Item Shipped,Live Chat,21.5,5.0,My order ORD115346 still hasn't arrived and it's been over a week.
TIX104851,CUST001509,2026-05-19,Product Question,Social Media,35.0,4.0,"The item I received was damaged during shipping, need a replacement."
TIX104852,CUST006004,2025-10-22,Delivery Delay,Phone,31.8,2.0,"I can't log into my account, it says my password is invalid."
TIX104853,CUST005928,2025-12-07,Product Question,Live Chat,24.5,5.0,"The item I received was damaged during shipping, need a replacement."
TIX104854,CUST002150,2025-10-07,Refund Status,Social Media,25.7,5.0,  the delivery guy left my package outside in the rain!!  
TIX104855,CUST001083,2026-04-10,Wrong Item Shipped,Live Chat,71.0,5.0,My order ORD106837 still hasn't arrived and it's been over a week.
TIX104856,CUST000035,2025-02-22,Return Request,Social Media,3.1,,Can you tell me the warranty period on this product?
TIX104857,CUST002647,2025-10-07,Return Request,Email,14.2,,"I can't log into my account, it says my password is invalid."
TIX104858,CUST004022,2024-12-07,Account Access,Social Media,5.5,2.0,"Great service, just wanted to confirm my order status."
TIX104859,CUST005983,2025-09-29,Account Access,Live Chat,4.7,5.0,Can you tell me the warranty period on this product?
TIX104860,CUST005227,2025-06-10,Refund Status,Social Media,9.5,3.0,"I was charged twice for order ORD117814, please refund the duplicate charge."
TIX104861,CUST004447,2026-02-06,Return Request,Live Chat,7.4,4.0,Can you tell me the warranty period on this product?
TIX104862,CUST005543,2025-12-06,Return Request,Social Media,19.1,4.0,"Great service, just wanted to confirm my order status."
TIX104863,CUST001593,2025-03-16,Delivery Delay,Social Media,9.6,5.0,"Great service, just wanted to confirm my order status."
TIX104864,CUST000331,2025-04-18,Damaged Item,Phone,6.0,1.0,  the delivery guy left my package outside in the rain!!  
TIX104865,CUST003718,2025-11-23,Refund Status,Social Media,1.6,4.0,  the delivery guy left my package outside in the rain!!  
TIX104866,CUST000432,2024-10-14,Damaged Item,Phone,6.2,1.0,"I can't log into my account, it says my password is invalid."
TIX104867,CUST000469,2026-02-02,Damaged Item,Live Chat,11.9,5.0,"The item I received was damaged during shipping, need a replacement."
TIX104868,CUST006002,2025-04-06,Refund Status,Email,16.8,5.0,When will my refund for the returned item be processed?
TIX104869,CUST002136,2025-06-20,Product Question,Social Media,18.4,5.0,When will my refund for the returned item be processed?
TIX104870,CUST005031,2026-03-09,Damaged Item,Phone,4.2,1.0,"Great service, just wanted to confirm my order status."
TIX104871,CUST000955,2025-05-23,Product Question,Live Chat,9.5,,When will my refund for the returned item be processed?
TIX104872,CUST004469,2024-11-19,Refund Status,Email,9.3,4.0,"Wrong item was shipped to me, I ordered a different color."
TIX104873,CUST000803,2025-02-07,Account Access,Live Chat,0.3,4.0,My order ORD120199 still hasn't arrived and it's been over a week.
TIX104874,CUST004426,2025-10-12,Return Request,Social Media,38.8,4.0,Can you tell me the warranty period on this product?
TIX104875,CUST005935,2024-11-27,Delivery Delay,Live Chat,20.2,4.0,"Wrong item was shipped to me, I ordered a different color."
TIX104876,CUST003230,2025-01-03,Billing Issue,Social Media,19.5,,"Great service, just wanted to confirm my order status."
TIX104877,CUST004516,2025-07-26,Wrong Item Shipped,Email,15.5,3.0,"Great service, just wanted to confirm my order status."
TIX104878,CUST006046,2025-12-28,Refund Status,Phone,222.0,5.0,  the delivery guy left my package outside in the rain!!  
TIX104879,CUST001969,2025-07-05,Billing Issue,Social Media,4.6,5.0,"Wrong item was shipped to me, I ordered a different color."
TIX104880,CUST004571,2025-07-11,Product Question,Phone,9.0,5.0,When will my refund for the returned item be processed?
TIX104881,CUST003880,2026-01-04,Billing Issue,Social Media,3.5,4.0,My order ORD109179 still hasn't arrived and it's been over a week.
TIX104882,CUST004758,2025-05-18,Delivery Delay,Social Media,30.4,5.0,"I want to return this item, it doesn't fit as expected."
TIX104883,CUST004952,2024-09-07,Delivery Delay,Email,4.3,4.0,"I can't log into my account, it says my password is invalid."
TIX104884,CUST001544,2025-08-14,Account Access,Live Chat,5.8,4.0,"I was charged twice for order ORD123701, please refund the duplicate charge."
TIX104885,CUST002567,2026-03-06,Product Question,Phone,0.2,3.0,"The item I received was damaged during shipping, need a replacement."
TIX104886,CUST003064,2025-12-06,Refund Status,Email,8.4,4.0,"Great service, just wanted to confirm my order status."
TIX104887,CUST001396,2025-08-18,Billing Issue,Phone,22.3,4.0,  the delivery guy left my package outside in the rain!!  
TIX104888,CUST006018,2024-12-12,Account Access,Email,3.5,4.0,"Wrong item was shipped to me, I ordered a different color."
TIX104889,CUST003566,2026-06-16,Product Question,Phone,12.9,2.0,"I want to return this item, it doesn't fit as expected."
TIX104890,CUST003405,2026-02-17,Account Access,Phone,50.3,,"I can't log into my account, it says my password is invalid."
TIX104891,CUST003441,2026-02-21,Account Access,Phone,10.4,5.0,"I want to return this item, it doesn't fit as expected."
TIX104892,CUST002376,2024-11-10,Billing Issue,Email,28.5,3.0,"I can't log into my account, it says my password is invalid."
TIX104893,CUST001647,2026-04-23,Product Question,Social Media,28.8,5.0,"Wrong item was shipped to me, I ordered a different color."
TIX104894,CUST002515,2025-04-13,Damaged Item,Email,19.0,,Can you tell me the warranty period on this product?
TIX104895,CUST004928,2026-01-28,Delivery Delay,Social Media,8.2,5.0,"I can't log into my account, it says my password is invalid."
TIX104896,CUST002096,2025-10-07,Refund Status,Social Media,25.7,4.0,"I want to return this item, it doesn't fit as expected."
TIX104897,CUST003305,2025-10-19,Account Access,Email,50.6,5.0,"I was charged twice for order ORD126854, please refund the duplicate charge."
TIX104898,CUST001016,2025-03-08,Refund Status,Phone,5.7,5.0,"Wrong item was shipped to me, I ordered a different color."
TIX104899,CUST000327,2026-03-27,Account Access,Live Chat,12.5,,"I want to return this item, it doesn't fit as expected."
TIX104900,CUST002802,2025-12-27,Damaged Item,Email,16.5,4.0,  the delivery guy left my package outside in the rain!!  
TIX104901,CUST000323,2025-05-27,Account Access,Social Media,16.2,4.0,  the delivery guy left my package outside in the rain!!  
TIX104902,CUST000033,2026-03-01,Damaged Item,Phone,9.7,4.0,My order ORD114721 still hasn't arrived and it's been over a week.
TIX104903,CUST003301,2025-05-03,Return Request,Email,14.1,5.0,"I can't log into my account, it says my password is invalid."
TIX104904,CUST003859,2025-07-01,Billing Issue,Email,1.0,4.0,My order ORD123736 still hasn't arrived and it's been over a week.
TIX104905,CUST005043,2025-05-03,Damaged Item,Email,1.2,2.0,"Great service, just wanted to confirm my order status."
TIX104906,CUST005926,2026-03-30,Damaged Item,Social Media,48.3,4.0,"I was charged twice for order ORD110569, please refund the duplicate charge."
TIX104907,CUST000364,2026-01-29,Refund Status,Phone,14.4,1.0,"I want to return this item, it doesn't fit as expected."
TIX104908,CUST002956,2025-09-22,Refund Status,Phone,78.0,5.0,My order ORD118702 still hasn't arrived and it's been over a week.
TIX104909,CUST000517,2025-03-09,Product Question,Email,5.5,5.0,My order ORD113574 still hasn't arrived and it's been over a week.
TIX104910,CUST005343,2026-05-16,Account Access,Social Media,21.9,5.0,"I was charged twice for order ORD120689, please refund the duplicate charge."
TIX104911,CUST004896,2025-12-13,Delivery Delay,Email,21.2,5.0,"Great service, just wanted to confirm my order status."
TIX104912,CUST003384,2026-06-15,Delivery Delay,Social Media,19.3,3.0,"Great service, just wanted to confirm my order status."
TIX104913,CUST000164,2025-01-01,Wrong Item Shipped,Phone,5.2,1.0,"The item I received was damaged during shipping, need a replacement."
TIX104914,CUST000679,2026-05-30,Wrong Item Shipped,Social Media,32.3,5.0,"I want to return this item, it doesn't fit as expected."
TIX104915,CUST002468,2026-05-01,Delivery Delay,Social Media,1.2,5.0,"Wrong item was shipped to me, I ordered a different color."
TIX104916,CUST000786,2024-10-05,Account Access,Email,9.9,4.0,"Wrong item was shipped to me, I ordered a different color."
TIX104917,CUST005468,2025-05-08,Wrong Item Shipped,Phone,26.0,4.0,"I want to return this item, it doesn't fit as expected."
TIX104918,CUST002007,2025-03-04,Refund Status,Email,4.9,4.0,"The item I received was damaged during shipping, need a replacement."
TIX104919,CUST001541,2025-11-21,Account Access,Live Chat,5.0,,"Wrong item was shipped to me, I ordered a different color."
TIX104920,CUST002225,2025-05-04,Product Question,Email,0.0,3.0,Can you tell me the warranty period on this product?
TIX104921,CUST004514,2026-02-10,Damaged Item,Email,12.3,5.0,When will my refund for the returned item be processed?
TIX104922,CUST001153,2024-12-12,Damaged Item,Email,45.2,5.0,"Great service, just wanted to confirm my order status."
TIX104923,CUST004528,2024-12-05,Damaged Item,Email,12.9,3.0,Can you tell me the warranty period on this product?
TIX104924,CUST003708,2024-10-29,Refund Status,Phone,48.8,4.0,"I can't log into my account, it says my password is invalid."
TIX104925,CUST005146,2025-04-23,Damaged Item,Email,4.4,5.0,"Great service, just wanted to confirm my order status."
TIX104926,CUST000431,2024-11-17,Damaged Item,Social Media,9.0,4.0,When will my refund for the returned item be processed?
TIX104927,CUST001142,2025-11-04,Refund Status,Phone,86.0,,Can you tell me the warranty period on this product?
TIX104928,CUST005414,2025-05-19,Damaged Item,Email,28.9,,"I can't log into my account, it says my password is invalid."
TIX104929,CUST000863,2024-11-06,Damaged Item,Live Chat,15.4,4.0,When will my refund for the returned item be processed?
TIX104930,CUST005437,2026-05-23,Account Access,Social Media,1.6,4.0,"The item I received was damaged during shipping, need a replacement."
TIX104931,CUST004700,2026-03-23,Product Question,Email,2.5,1.0,Can you tell me the warranty period on this product?
TIX104932,CUST005234,2026-01-04,Billing Issue,Phone,10.4,4.0,When will my refund for the returned item be processed?
TIX104933,CUST000605,2026-06-15,Wrong Item Shipped,Email,30.4,4.0,When will my refund for the returned item be processed?
TIX104934,CUST004851,2026-06-01,Product Question,Phone,24.3,4.0,"I can't log into my account, it says my password is invalid."
TIX104935,CUST002662,2026-05-29,Wrong Item Shipped,Phone,34.7,2.0,"I want to return this item, it doesn't fit as expected."
TIX104936,CUST001022,2025-12-05,Wrong Item Shipped,Phone,9.4,5.0,"I was charged twice for order ORD127874, please refund the duplicate charge."
TIX104937,CUST001854,2024-11-18,Wrong Item Shipped,Social Media,15.5,4.0,  the delivery guy left my package outside in the rain!!  
TIX104938,CUST003345,2025-03-25,Refund Status,Phone,6.6,3.0,  the delivery guy left my package outside in the rain!!  
TIX104939,CUST003915,2025-09-24,Return Request,Live Chat,13.9,,"I want to return this item, it doesn't fit as expected."
TIX104940,CUST002955,2025-02-21,Delivery Delay,Phone,17.2,4.0,When will my refund for the returned item be processed?
TIX104941,CUST001268,2025-02-14,Damaged Item,Email,13.1,3.0,"Great service, just wanted to confirm my order status."
TIX104942,CUST000356,2025-02-02,Damaged Item,Phone,4.0,4.0,Can you tell me the warranty period on this product?
TIX104943,CUST004691,2024-11-04,Return Request,Phone,7.5,5.0,When will my refund for the returned item be processed?
TIX104944,CUST004446,2024-11-28,Billing Issue,Live Chat,17.9,5.0,"Wrong item was shipped to me, I ordered a different color."
TIX104945,CUST001333,2024-09-13,Refund Status,Phone,15.4,5.0,"The item I received was damaged during shipping, need a replacement."
TIX104946,CUST003476,2026-01-30,Wrong Item Shipped,Social Media,10.7,1.0,"Wrong item was shipped to me, I ordered a different color."
TIX104947,CUST002672,2026-06-11,Damaged Item,Social Media,1.2,4.0,"Wrong item was shipped to me, I ordered a different color."
TIX104948,CUST000228,2024-11-14,Delivery Delay,Email,10.9,4.0,"I was charged twice for order ORD124491, please refund the duplicate charge."
TIX104949,CUST004482,2026-06-05,Wrong Item Shipped,Social Media,15.0,4.0,My order ORD126622 still hasn't arrived and it's been over a week.
TIX104950,CUST001413,2024-11-18,Account Access,Phone,4.4,5.0,"I want to return this item, it doesn't fit as expected."
TIX104951,CUST002917,2025-07-04,Delivery Delay,Email,0.3,,When will my refund for the returned item be processed?
TIX104952,CUST005763,2025-04-23,Product Question,Social Media,12.9,5.0,"Great service, just wanted to confirm my order status."
TIX104953,CUST002919,2026-04-27,Refund Status,Email,8.6,4.0,"Great service, just wanted to confirm my order status."
TIX104954,CUST005813,2025-02-11,Account Access,Live Chat,21.1,3.0,"I want to return this item, it doesn't fit as expected."
TIX104955,CUST004864,2025-09-26,Return Request,Live Chat,2.4,4.0,"The item I received was damaged during shipping, need a replacement."
TIX104956,CUST001806,2025-11-12,Damaged Item,Phone,14.0,3.0,"I was charged twice for order ORD121948, please refund the duplicate charge."
TIX104957,CUST004774,2025-03-24,Wrong Item Shipped,Phone,41.4,5.0,"I was charged twice for order ORD112079, please refund the duplicate charge."
TIX104958,CUST003481,2026-02-17,Delivery Delay,Email,46.7,3.0,"I can't log into my account, it says my password is invalid."
TIX104959,CUST001101,2025-08-30,Delivery Delay,Email,38.1,,"I want to return this item, it doesn't fit as expected."
TIX104960,CUST003588,2026-04-30,Account Access,Email,29.1,5.0,Can you tell me the warranty period on this product?
TIX104961,CUST004347,2026-06-12,Account Access,Live Chat,50.1,5.0,"Wrong item was shipped to me, I ordered a different color."
TIX104962,CUST002669,2025-09-23,Delivery Delay,Social Media,62.4,5.0,My order ORD105348 still hasn't arrived and it's been over a week.
TIX104963,CUST002889,2026-06-14,Delivery Delay,Social Media,6.0,,When will my refund for the returned item be processed?
TIX104964,CUST001872,2024-09-18,Return Request,Live Chat,12.0,,"Great service, just wanted to confirm my order status."
TIX104965,CUST005789,2025-09-29,Account Access,Social Media,22.3,,When will my refund for the returned item be processed?
TIX104966,CUST001926,2026-02-25,Delivery Delay,Phone,12.8,3.0,"I can't log into my account, it says my password is invalid."
TIX104967,CUST002399,2024-11-02,Product Question,Email,42.9,,My order ORD106185 still hasn't arrived and it's been over a week.
TIX104968,CUST003903,2026-01-27,Delivery Delay,Live Chat,66.1,5.0,My order ORD101255 still hasn't arrived and it's been over a week.
TIX104969,CUST004987,2025-08-02,Return Request,Social Media,12.3,4.0,"I can't log into my account, it says my password is invalid."
TIX104970,CUST001969,2025-03-13,Account Access,Live Chat,7.2,5.0,"I can't log into my account, it says my password is invalid."
TIX104971,CUST003817,2025-09-08,Return Request,Email,9.4,4.0,Can you tell me the warranty period on this product?
TIX104972,CUST000867,2025-10-16,Product Question,Live Chat,20.4,3.0,  the delivery guy left my package outside in the rain!!  
TIX104973,CUST005401,2026-01-09,Product Question,Social Media,23.3,1.0,"Wrong item was shipped to me, I ordered a different color."
TIX104974,CUST002581,2025-02-16,Damaged Item,Live Chat,8.5,4.0,"I was charged twice for order ORD127415, please refund the duplicate charge."
TIX104975,CUST005263,2025-07-25,Account Access,Email,33.7,4.0,  the delivery guy left my package outside in the rain!!  
TIX104976,CUST003091,2025-06-17,Damaged Item,Live Chat,2.4,5.0,"Wrong item was shipped to me, I ordered a different color."
TIX104977,CUST005647,2026-03-16,Wrong Item Shipped,Email,0.4,4.0,My order ORD112125 still hasn't arrived and it's been over a week.
TIX104978,CUST001077,2026-06-28,Damaged Item,Email,70.2,5.0,"I can't log into my account, it says my password is invalid."
TIX104979,CUST001624,2025-05-10,Wrong Item Shipped,Live Chat,45.5,4.0,"Wrong item was shipped to me, I ordered a different color."
TIX104980,CUST001691,2025-03-18,Delivery Delay,Social Media,6.6,4.0,"The item I received was damaged during shipping, need a replacement."
TIX104981,CUST005924,2025-07-27,Return Request,Social Media,56.2,5.0,When will my refund for the returned item be processed?
TIX104982,CUST004698,2025-02-07,Damaged Item,Phone,6.8,5.0,"Great service, just wanted to confirm my order status."
TIX104983,CUST004967,2025-05-19,Return Request,Email,11.5,4.0,"The item I received was damaged during shipping, need a replacement."
TIX104984,CUST004829,2025-01-29,Account Access,Email,13.5,5.0,"The item I received was damaged during shipping, need a replacement."
TIX104985,CUST003573,2026-05-21,Product Question,Email,18.3,4.0,Can you tell me the warranty period on this product?
TIX104986,CUST005822,2026-02-14,Damaged Item,Email,13.4,4.0,My order ORD111775 still hasn't arrived and it's been over a week.
TIX104987,CUST002928,2025-12-09,Account Access,Social Media,43.6,3.0,  the delivery guy left my package outside in the rain!!  
TIX104988,CUST000530,2024-10-16,Product Question,Email,14.8,3.0,My order ORD110321 still hasn't arrived and it's been over a week.
TIX104989,CUST001827,2025-05-01,Product Question,Live Chat,0.6,4.0,When will my refund for the returned item be processed?
TIX104990,CUST002851,2025-07-17,Product Question,Email,3.5,4.0,"The item I received was damaged during shipping, need a replacement."
TIX104991,CUST004882,2026-06-18,Product Question,Social Media,57.1,4.0,My order ORD103245 still hasn't arrived and it's been over a week.
TIX104992,CUST003800,2025-01-24,Billing Issue,Social Media,0.8,4.0,"I want to return this item, it doesn't fit as expected."
TIX104993,CUST000265,2025-05-16,Delivery Delay,Live Chat,25.4,4.0,When will my refund for the returned item be processed?
TIX104994,CUST002197,2026-02-17,Return Request,Phone,67.6,5.0,"I was charged twice for order ORD104765, please refund the duplicate charge."
TIX104995,CUST004233,2024-09-10,Wrong Item Shipped,Email,0.5,5.0,"Great service, just wanted to confirm my order status."
TIX104996,CUST001196,2025-01-04,Delivery Delay,Phone,35.4,5.0,Can you tell me the warranty period on this product?
TIX104997,CUST001788,2025-11-24,Delivery Delay,Phone,21.9,2.0,My order ORD113967 still hasn't arrived and it's been over a week.
TIX104998,CUST002658,2024-11-02,Delivery Delay,Phone,0.6,4.0,"I can't log into my account, it says my password is invalid."
TIX104999,CUST003299,2025-09-14,Product Question,Live Chat,16.4,5.0,"The item I received was damaged during shipping, need a replacement."
TIX105000,CUST003368,2025-10-04,Account Access,Email,44.6,,When will my refund for the returned item be processed?
TIX105001,CUST003753,2025-05-25,Damaged Item,Phone,10.6,,"I want to return this item, it doesn't fit as expected."
TIX105002,CUST005206,2025-02-05,Account Access,Phone,24.5,3.0,  the delivery guy left my package outside in the rain!!  
TIX105003,CUST005659,2025-10-26,Account Access,Email,7.1,1.0,"Wrong item was shipped to me, I ordered a different color."
TIX105004,CUST005393,2026-03-14,Return Request,Phone,9.0,3.0,"I was charged twice for order ORD116282, please refund the duplicate charge."
TIX105005,CUST003506,2025-12-07,Product Question,Phone,21.0,4.0,When will my refund for the returned item be processed?
TIX105006,CUST005839,2026-04-23,Account Access,Social Media,0.6,5.0,  the delivery guy left my package outside in the rain!!  
TIX105007,CUST004985,2025-09-25,Return Request,Live Chat,23.8,5.0,"Wrong item was shipped to me, I ordered a different color."
TIX105008,CUST002767,2025-01-28,Refund Status,Phone,5.5,4.0,When will my refund for the returned item be processed?
TIX105009,CUST005165,2025-06-03,Account Access,Live Chat,34.0,2.0,"The item I received was damaged during shipping, need a replacement."
TIX105010,CUST002562,2025-10-06,Account Access,Email,14.7,4.0,My order ORD114006 still hasn't arrived and it's been over a week.
TIX105011,CUST003605,2025-12-09,Damaged Item,Email,6.1,2.0,When will my refund for the returned item be processed?
TIX105012,CUST005503,2026-01-16,Delivery Delay,Live Chat,20.6,2.0,When will my refund for the returned item be processed?
TIX105013,CUST002692,2024-09-22,Account Access,Email,44.3,1.0,"The item I received was damaged during shipping, need a replacement."
TIX105014,CUST000297,2026-06-17,Damaged Item,Email,13.1,4.0,"Great service, just wanted to confirm my order status."
TIX105015,CUST002209,2024-12-26,Product Question,Social Media,35.7,,  the delivery guy left my package outside in the rain!!  
TIX105016,CUST001241,2025-10-20,Account Access,Email,49.5,5.0,Can you tell me the warranty period on this product?
TIX105017,CUST003680,2025-10-31,Billing Issue,Social Media,8.5,5.0,My order ORD101411 still hasn't arrived and it's been over a week.
TIX105018,CUST005546,2026-04-08,Account Access,Live Chat,31.8,4.0,"I was charged twice for order ORD127620, please refund the duplicate charge."
TIX105019,CUST003781,2026-06-01,Refund Status,Live Chat,27.1,4.0,When will my refund for the returned item be processed?
TIX105020,CUST000388,2026-02-12,Return Request,Social Media,14.6,,"I want to return this item, it doesn't fit as expected."
TIX105021,CUST000332,2025-12-18,Damaged Item,Email,1.0,5.0,  the delivery guy left my package outside in the rain!!  
TIX105022,CUST002296,2026-06-27,Billing Issue,Phone,29.3,3.0,  the delivery guy left my package outside in the rain!!  
TIX105023,CUST001727,2026-04-13,Wrong Item Shipped,Social Media,1.0,3.0,My order ORD127081 still hasn't arrived and it's been over a week.
TIX105024,CUST003589,2025-08-13,Billing Issue,Social Media,61.5,5.0,"I want to return this item, it doesn't fit as expected."
TIX105025,CUST003276,2026-05-27,Delivery Delay,Phone,11.0,5.0,"I can't log into my account, it says my password is invalid."
TIX105026,CUST004871,2025-03-23,Refund Status,Live Chat,0.5,5.0,"I was charged twice for order ORD115387, please refund the duplicate charge."
TIX105027,CUST003382,2025-05-10,Billing Issue,Live Chat,4.7,5.0,"The item I received was damaged during shipping, need a replacement."
TIX105028,CUST003142,2026-04-24,Damaged Item,Phone,4.7,2.0,My order ORD127520 still hasn't arrived and it's been over a week.
TIX105029,CUST003970,2026-05-15,Delivery Delay,Live Chat,35.9,1.0,"I can't log into my account, it says my password is invalid."
TIX105030,CUST004312,2025-11-27,Wrong Item Shipped,Social Media,1.4,,  the delivery guy left my package outside in the rain!!  
TIX105031,CUST000485,2024-10-06,Product Question,Phone,3.4,1.0,My order ORD101624 still hasn't arrived and it's been over a week.
TIX105032,CUST006050,2025-11-12,Product Question,Live Chat,8.2,,"The item I received was damaged during shipping, need a replacement."
TIX105033,CUST002170,2026-06-28,Product Question,Email,3.5,5.0,  the delivery guy left my package outside in the rain!!  
TIX105034,CUST005193,2026-05-30,Delivery Delay,Email,3.8,1.0,"I was charged twice for order ORD115544, please refund the duplicate charge."
TIX105035,CUST004465,2026-02-14,Product Question,Live Chat,4.3,5.0,When will my refund for the returned item be processed?
TIX105036,CUST001986,2026-03-20,Damaged Item,Phone,2.8,4.0,When will my refund for the returned item be processed?
TIX105037,CUST001472,2025-07-23,Product Question,Phone,17.3,5.0,  the delivery guy left my package outside in the rain!!  
TIX105038,CUST002158,2025-02-14,Product Question,Phone,1.3,4.0,"Great service, just wanted to confirm my order status."
TIX105039,CUST005940,2025-05-01,Account Access,Social Media,7.9,4.0,My order ORD102789 still hasn't arrived and it's been over a week.
TIX105040,CUST004700,2025-09-10,Wrong Item Shipped,Phone,20.1,,"I was charged twice for order ORD118227, please refund the duplicate charge."
TIX105041,CUST001703,2025-02-28,Wrong Item Shipped,Social Media,6.7,,"Great service, just wanted to confirm my order status."
TIX105042,CUST005452,2026-01-22,Return Request,Phone,7.6,5.0,When will my refund for the returned item be processed?
TIX105043,CUST002548,2025-11-24,Damaged Item,Live Chat,26.3,2.0,"I can't log into my account, it says my password is invalid."
TIX105044,CUST006042,2025-05-14,Billing Issue,Social Media,27.7,5.0,"The item I received was damaged during shipping, need a replacement."
TIX105045,CUST001617,2025-02-25,Damaged Item,Social Media,24.3,4.0,"Wrong item was shipped to me, I ordered a different color."
TIX105046,CUST003804,2024-10-15,Delivery Delay,Live Chat,7.3,5.0,"I can't log into my account, it says my password is invalid."
TIX105047,CUST002342,2024-10-17,Return Request,Email,13.6,4.0,"Great service, just wanted to confirm my order status."
TIX105048,CUST001938,2026-01-19,Refund Status,Live Chat,37.2,4.0,My order ORD109119 still hasn't arrived and it's been over a week.
TIX105049,CUST006058,2026-05-24,Billing Issue,Email,10.0,3.0,"I was charged twice for order ORD107805, please refund the duplicate charge."
TIX105050,CUST004209,2025-10-14,Product Question,Social Media,5.7,3.0,My order ORD122912 still hasn't arrived and it's been over a week.
TIX105051,CUST003535,2025-06-26,Wrong Item Shipped,Live Chat,0.5,2.0,"Wrong item was shipped to me, I ordered a different color."
TIX105052,CUST004353,2025-06-20,Damaged Item,Social Media,15.2,5.0,My order ORD105365 still hasn't arrived and it's been over a week.
TIX105053,CUST004090,2024-10-20,Return Request,Phone,4.4,2.0,"Wrong item was shipped to me, I ordered a different color."
TIX105054,CUST003193,2024-11-11,Return Request,Email,23.5,4.0,"I can't log into my account, it says my password is invalid."
TIX105055,CUST004459,2025-07-07,Damaged Item,Live Chat,1.6,5.0,"Great service, just wanted to confirm my order status."
TIX105056,CUST000422,2025-05-08,Wrong Item Shipped,Phone,9.6,,"I want to return this item, it doesn't fit as expected."
TIX105057,CUST001420,2025-07-09,Return Request,Phone,7.3,4.0,  the delivery guy left my package outside in the rain!!  
TIX105058,CUST005590,2026-01-07,Return Request,Social Media,5.9,4.0,"Great service, just wanted to confirm my order status."
TIX105059,CUST003840,2024-11-26,Return Request,Social Media,80.7,5.0,  the delivery guy left my package outside in the rain!!  
TIX105060,CUST005744,2024-10-18,Refund Status,Live Chat,1.9,4.0,  the delivery guy left my package outside in the rain!!  
TIX105061,CUST003781,2025-01-29,Product Question,Email,0.0,,  the delivery guy left my package outside in the rain!!  
TIX105062,CUST003195,2024-09-26,Product Question,Live Chat,0.3,3.0,"I was charged twice for order ORD100969, please refund the duplicate charge."
TIX105063,CUST003293,2025-09-02,Wrong Item Shipped,Email,2.0,,"The item I received was damaged during shipping, need a replacement."
TIX105064,CUST000574,2025-06-08,Delivery Delay,Live Chat,34.0,4.0,"I can't log into my account, it says my password is invalid."
TIX105065,CUST000038,2025-06-05,Account Access,Phone,3.2,1.0,When will my refund for the returned item be processed?
TIX105066,CUST003001,2024-09-26,Billing Issue,Phone,15.3,4.0,"I want to return this item, it doesn't fit as expected."
TIX105067,CUST001771,2025-02-13,Damaged Item,Live Chat,18.2,5.0,"Great service, just wanted to confirm my order status."
TIX105068,CUST001765,2025-06-08,Wrong Item Shipped,Live Chat,26.2,4.0,"The item I received was damaged during shipping, need a replacement."
TIX105069,CUST005858,2025-11-23,Product Question,Email,2.5,5.0,"I was charged twice for order ORD100238, please refund the duplicate charge."
TIX105070,CUST000135,2024-10-02,Product Question,Social Media,2.5,3.0,"I want to return this item, it doesn't fit as expected."
TIX105071,CUST005190,2025-07-19,Billing Issue,Live Chat,6.7,5.0,"I was charged twice for order ORD102320, please refund the duplicate charge."
TIX105072,CUST005301,2026-06-03,Refund Status,Live Chat,2.0,4.0,"I was charged twice for order ORD105407, please refund the duplicate charge."
TIX105073,CUST003252,2026-02-27,Product Question,Phone,5.8,5.0,My order ORD117596 still hasn't arrived and it's been over a week.
TIX105074,CUST002362,2024-12-11,Return Request,Email,16.2,4.0,"Wrong item was shipped to me, I ordered a different color."
TIX105075,CUST000668,2026-04-13,Refund Status,Live Chat,10.1,5.0,"I can't log into my account, it says my password is invalid."
TIX105076,CUST001333,2025-03-26,Product Question,Email,6.3,4.0,"I can't log into my account, it says my password is invalid."
TIX105077,CUST002777,2026-03-31,Damaged Item,Phone,7.4,3.0,"I want to return this item, it doesn't fit as expected."
TIX105078,CUST001326,2025-06-23,Refund Status,Live Chat,4.8,2.0,When will my refund for the returned item be processed?
TIX105079,CUST005361,2025-05-31,Account Access,Social Media,10.7,4.0,"I can't log into my account, it says my password is invalid."
TIX105080,CUST002594,2024-12-17,Refund Status,Email,11.1,4.0,"I was charged twice for order ORD104992, please refund the duplicate charge."
TIX105081,CUST004724,2026-01-20,Refund Status,Email,40.7,4.0,"Great service, just wanted to confirm my order status."
TIX105082,CUST000636,2025-04-04,Wrong Item Shipped,Email,19.8,5.0,"Wrong item was shipped to me, I ordered a different color."
TIX105083,CUST003999,2026-03-28,Product Question,Live Chat,17.9,5.0,"I want to return this item, it doesn't fit as expected."
TIX105084,CUST003335,2026-03-23,Product Question,Live Chat,5.5,5.0,"I was charged twice for order ORD116266, please refund the duplicate charge."
TIX105085,CUST002354,2025-06-13,Account Access,Social Media,7.5,3.0,"I was charged twice for order ORD105252, please refund the duplicate charge."
TIX105086,CUST004455,2026-01-04,Return Request,Live Chat,37.1,2.0,"I want to return this item, it doesn't fit as expected."
TIX105087,CUST003176,2025-12-24,Account Access,Phone,15.0,4.0,  the delivery guy left my package outside in the rain!!  
TIX105088,CUST000818,2026-03-15,Refund Status,Social Media,3.6,2.0,"I can't log into my account, it says my password is invalid."
TIX105089,CUST000896,2025-06-04,Return Request,Email,23.3,,"I can't log into my account, it says my password is invalid."
TIX105090,CUST006065,2026-02-09,Product Question,Social Media,1.2,3.0,"Great service, just wanted to confirm my order status."
TIX105091,CUST005524,2025-05-06,Refund Status,Social Media,40.3,4.0,My order ORD124478 still hasn't arrived and it's been over a week.
TIX105092,CUST005362,2025-10-29,Product Question,Email,14.2,5.0,  the delivery guy left my package outside in the rain!!  
TIX105093,CUST001519,2026-02-26,Refund Status,Live Chat,70.8,4.0,"I want to return this item, it doesn't fit as expected."
TIX105094,CUST004722,2026-01-21,Account Access,Social Media,5.8,5.0,"I can't log into my account, it says my password is invalid."
TIX105095,CUST002561,2025-10-27,Product Question,Phone,2.1,4.0,"I can't log into my account, it says my password is invalid."
TIX105096,CUST000087,2024-09-19,Product Question,Live Chat,12.1,3.0,"I want to return this item, it doesn't fit as expected."
TIX105097,CUST000856,2024-11-12,Damaged Item,Social Media,14.3,4.0,"I can't log into my account, it says my password is invalid."
TIX105098,CUST001860,2025-09-19,Refund Status,Phone,25.2,4.0,When will my refund for the returned item be processed?
TIX105099,CUST003069,2025-02-16,Damaged Item,Phone,16.5,1.0,"I was charged twice for order ORD124171, please refund the duplicate charge."
TIX105100,CUST002158,2026-02-07,Refund Status,Social Media,9.3,4.0,"I want to return this item, it doesn't fit as expected."
TIX105101,CUST001473,2026-01-04,Return Request,Phone,3.7,4.0,"The item I received was damaged during shipping, need a replacement."
TIX105102,CUST003055,2025-09-22,Damaged Item,Live Chat,39.4,3.0,"I was charged twice for order ORD115471, please refund the duplicate charge."
TIX105103,CUST004937,2025-05-10,Damaged Item,Live Chat,6.7,5.0,"I can't log into my account, it says my password is invalid."
TIX105104,CUST002394,2025-07-06,Billing Issue,Live Chat,4.3,2.0,"The item I received was damaged during shipping, need a replacement."
TIX105105,CUST000731,2025-03-13,Billing Issue,Email,5.5,4.0,"I want to return this item, it doesn't fit as expected."
TIX105106,CUST002300,2025-08-22,Account Access,Live Chat,14.2,5.0,"The item I received was damaged during shipping, need a replacement."
TIX105107,CUST001200,2025-11-05,Product Question,Email,0.2,5.0,My order ORD105604 still hasn't arrived and it's been over a week.
TIX105108,CUST002967,2025-08-16,Account Access,Live Chat,26.9,2.0,"I was charged twice for order ORD114490, please refund the duplicate charge."
TIX105109,CUST005031,2026-02-25,Billing Issue,Social Media,28.3,1.0,"I was charged twice for order ORD105470, please refund the duplicate charge."
TIX105110,CUST004426,2026-04-23,Delivery Delay,Email,37.5,3.0,When will my refund for the returned item be processed?
TIX105111,CUST006020,2025-04-05,Product Question,Live Chat,30.6,5.0,"I was charged twice for order ORD110824, please refund the duplicate charge."
TIX105112,CUST003585,2025-10-19,Account Access,Live Chat,1.7,,"I want to return this item, it doesn't fit as expected."
TIX105113,CUST001781,2025-02-08,Refund Status,Live Chat,13.6,5.0,"I can't log into my account, it says my password is invalid."
TIX105114,CUST003998,2026-05-17,Refund Status,Live Chat,3.3,,Can you tell me the warranty period on this product?
TIX105115,CUST005837,2026-05-08,Product Question,Email,2.0,5.0,"The item I received was damaged during shipping, need a replacement."
TIX105116,CUST003864,2025-01-16,Delivery Delay,Live Chat,0.1,5.0,"I was charged twice for order ORD115203, please refund the duplicate charge."
TIX105117,CUST005232,2026-03-13,Account Access,Phone,0.6,4.0,"Wrong item was shipped to me, I ordered a different color."
TIX105118,CUST001362,2025-09-12,Billing Issue,Social Media,7.8,4.0,When will my refund for the returned item be processed?
TIX105119,CUST004030,2025-05-09,Account Access,Live Chat,0.3,4.0,Can you tell me the warranty period on this product?
TIX105120,CUST000318,2024-12-12,Product Question,Phone,10.1,5.0,  the delivery guy left my package outside in the rain!!  
TIX105121,CUST001584,2026-06-03,Product Question,Live Chat,2.6,4.0,  the delivery guy left my package outside in the rain!!  
TIX105122,CUST000286,2025-06-24,Delivery Delay,Live Chat,31.3,2.0,"Great service, just wanted to confirm my order status."
TIX105123,CUST003708,2026-05-10,Return Request,Email,8.7,2.0,My order ORD113711 still hasn't arrived and it's been over a week.
TIX105124,CUST001975,2025-01-13,Product Question,Live Chat,18.4,,"The item I received was damaged during shipping, need a replacement."
TIX105125,CUST001968,2025-03-30,Billing Issue,Email,11.5,5.0,Can you tell me the warranty period on this product?
TIX105126,CUST003165,2026-01-30,Return Request,Phone,11.0,,  the delivery guy left my package outside in the rain!!  
TIX105127,CUST005871,2026-06-08,Product Question,Email,11.6,,"I want to return this item, it doesn't fit as expected."
TIX105128,CUST000177,2024-12-10,Return Request,Phone,5.9,4.0,"Wrong item was shipped to me, I ordered a different color."
TIX105129,CUST004880,2026-02-01,Billing Issue,Phone,2.4,2.0,When will my refund for the returned item be processed?
TIX105130,CUST003057,2025-09-29,Delivery Delay,Live Chat,38.8,3.0,Can you tell me the warranty period on this product?
TIX105131,CUST002228,2026-03-08,Product Question,Social Media,25.3,3.0,"I want to return this item, it doesn't fit as expected."
TIX105132,CUST001343,2025-12-21,Return Request,Social Media,5.2,5.0,When will my refund for the returned item be processed?
TIX105133,CUST003054,2025-02-10,Delivery Delay,Live Chat,0.3,4.0,"Great service, just wanted to confirm my order status."
TIX105134,CUST003323,2025-01-28,Return Request,Live Chat,13.5,3.0,  the delivery guy left my package outside in the rain!!  
TIX105135,CUST004378,2025-09-16,Product Question,Phone,1.7,5.0,"Wrong item was shipped to me, I ordered a different color."
TIX105136,CUST004698,2025-05-13,Billing Issue,Social Media,22.3,5.0,Can you tell me the warranty period on this product?
TIX105137,CUST005528,2025-08-04,Billing Issue,Live Chat,6.6,3.0,Can you tell me the warranty period on this product?
TIX105138,CUST002965,2025-07-07,Product Question,Social Media,16.0,,When will my refund for the returned item be processed?
TIX105139,CUST001795,2024-11-16,Return Request,Phone,10.4,4.0,My order ORD117338 still hasn't arrived and it's been over a week.
TIX105140,CUST003927,2025-11-13,Refund Status,Social Media,1.7,4.0,  the delivery guy left my package outside in the rain!!  
TIX105141,CUST003705,2025-07-19,Delivery Delay,Phone,68.9,4.0,"I can't log into my account, it says my password is invalid."
TIX105142,CUST000230,2025-08-01,Product Question,Phone,0.0,5.0,Can you tell me the warranty period on this product?
TIX105143,CUST002148,2026-06-10,Product Question,Email,48.6,3.0,  the delivery guy left my package outside in the rain!!  
TIX105144,CUST001422,2026-04-02,Refund Status,Email,21.6,3.0,"Wrong item was shipped to me, I ordered a different color."
TIX105145,CUST002859,2026-05-27,Account Access,Live Chat,14.3,4.0,"I want to return this item, it doesn't fit as expected."
TIX105146,CUST005895,2024-12-13,Return Request,Email,31.7,1.0,Can you tell me the warranty period on this product?
TIX105147,CUST001446,2025-12-31,Billing Issue,Social Media,0.5,5.0,  the delivery guy left my package outside in the rain!!  
TIX105148,CUST002526,2024-12-27,Refund Status,Email,2.7,5.0,Can you tell me the warranty period on this product?
TIX105149,CUST001079,2026-05-30,Account Access,Phone,16.5,4.0,"Great service, just wanted to confirm my order status."
TIX105150,CUST002474,2026-01-12,Wrong Item Shipped,Email,13.7,4.0,My order ORD109287 still hasn't arrived and it's been over a week.
TIX105151,CUST000031,2025-08-28,Billing Issue,Phone,14.4,5.0,"Great service, just wanted to confirm my order status."
TIX105152,CUST000269,2025-07-26,Return Request,Phone,34.6,5.0,When will my refund for the returned item be processed?
TIX105153,CUST004429,2026-03-23,Delivery Delay,Email,19.7,4.0,Can you tell me the warranty period on this product?
TIX105154,CUST001000,2025-07-11,Billing Issue,Phone,7.9,3.0,When will my refund for the returned item be processed?
TIX105155,CUST004705,2025-10-15,Refund Status,Social Media,16.8,,"The item I received was damaged during shipping, need a replacement."
TIX105156,CUST000488,2025-11-30,Billing Issue,Live Chat,21.5,5.0,"Great service, just wanted to confirm my order status."
TIX105157,CUST004464,2024-10-08,Wrong Item Shipped,Phone,3.9,,"I can't log into my account, it says my password is invalid."
TIX105158,CUST005918,2026-02-25,Billing Issue,Social Media,0.5,5.0,"I want to return this item, it doesn't fit as expected."
TIX105159,CUST000319,2025-11-16,Return Request,Phone,12.6,4.0,"The item I received was damaged during shipping, need a replacement."
TIX105160,CUST001815,2025-07-24,Product Question,Email,20.2,5.0,"I was charged twice for order ORD105314, please refund the duplicate charge."
TIX105161,CUST000299,2026-05-07,Product Question,Email,36.5,5.0,"I can't log into my account, it says my password is invalid."
TIX105162,CUST003187,2025-04-02,Return Request,Social Media,15.7,3.0,"Wrong item was shipped to me, I ordered a different color."
TIX105163,CUST001753,2026-06-14,Wrong Item Shipped,Email,15.9,5.0,My order ORD124019 still hasn't arrived and it's been over a week.
TIX105164,CUST000806,2025-03-15,Damaged Item,Social Media,12.7,4.0,When will my refund for the returned item be processed?
TIX105165,CUST005678,2026-04-19,Billing Issue,Phone,46.5,5.0,"Wrong item was shipped to me, I ordered a different color."
TIX105166,CUST000447,2025-05-08,Account Access,Live Chat,35.3,4.0,Can you tell me the warranty period on this product?
TIX105167,CUST002757,2025-12-27,Billing Issue,Live Chat,12.8,3.0,  the delivery guy left my package outside in the rain!!  
TIX105168,CUST004417,2024-11-24,Damaged Item,Email,20.3,4.0,"I can't log into my account, it says my password is invalid."
TIX105169,CUST003396,2025-06-24,Account Access,Live Chat,19.0,,When will my refund for the returned item be processed?
TIX105170,CUST001821,2026-05-10,Return Request,Live Chat,5.1,,My order ORD124253 still hasn't arrived and it's been over a week.
TIX105171,CUST001052,2025-06-16,Account Access,Social Media,4.9,3.0,My order ORD112604 still hasn't arrived and it's been over a week.
TIX105172,CUST002907,2025-12-06,Account Access,Email,125.8,3.0,"Wrong item was shipped to me, I ordered a different color."
TIX105173,CUST004315,2024-11-30,Refund Status,Live Chat,31.1,4.0,"I was charged twice for order ORD100183, please refund the duplicate charge."
TIX105174,CUST002604,2024-09-19,Return Request,Live Chat,24.7,,My order ORD102885 still hasn't arrived and it's been over a week.
TIX105175,CUST002399,2025-10-03,Billing Issue,Social Media,46.5,4.0,When will my refund for the returned item be processed?
TIX105176,CUST005777,2025-09-25,Wrong Item Shipped,Email,23.5,4.0,My order ORD103230 still hasn't arrived and it's been over a week.
TIX105177,CUST001518,2026-04-12,Refund Status,Email,29.3,,"Wrong item was shipped to me, I ordered a different color."
TIX105178,CUST002072,2025-12-01,Account Access,Live Chat,6.1,5.0,When will my refund for the returned item be processed?
TIX105179,CUST002941,2024-10-14,Wrong Item Shipped,Phone,12.8,3.0,"Wrong item was shipped to me, I ordered a different color."
TIX105180,CUST003066,2024-10-27,Return Request,Social Media,10.0,4.0,"Wrong item was shipped to me, I ordered a different color."
TIX105181,CUST005215,2025-05-03,Product Question,Live Chat,7.1,5.0,  the delivery guy left my package outside in the rain!!  
TIX105182,CUST003310,2026-01-30,Account Access,Phone,24.4,5.0,"Wrong item was shipped to me, I ordered a different color."
TIX105183,CUST006043,2026-04-21,Billing Issue,Social Media,11.0,,"The item I received was damaged during shipping, need a replacement."
TIX105184,CUST002007,2026-03-14,Delivery Delay,Phone,44.4,5.0,My order ORD109186 still hasn't arrived and it's been over a week.
TIX105185,CUST005331,2024-10-24,Wrong Item Shipped,Social Media,9.2,4.0,My order ORD114602 still hasn't arrived and it's been over a week.
TIX105186,CUST003812,2026-01-09,Wrong Item Shipped,Live Chat,10.4,2.0,"I was charged twice for order ORD121031, please refund the duplicate charge."
TIX105187,CUST000110,2024-09-12,Billing Issue,Live Chat,39.8,1.0,My order ORD118221 still hasn't arrived and it's been over a week.
TIX105188,CUST002373,2025-12-05,Billing Issue,Social Media,0.5,4.0,  the delivery guy left my package outside in the rain!!  
TIX105189,CUST001177,2026-05-10,Refund Status,Email,13.1,2.0,"I want to return this item, it doesn't fit as expected."
TIX105190,CUST004778,2025-05-21,Refund Status,Email,5.2,5.0,"I was charged twice for order ORD127046, please refund the duplicate charge."
TIX105191,CUST002870,2026-02-07,Damaged Item,Email,10.1,5.0,"Great service, just wanted to confirm my order status."
TIX105192,CUST002700,2025-09-05,Refund Status,Live Chat,19.9,5.0,Can you tell me the warranty period on this product?
TIX105193,CUST005685,2024-09-20,Refund Status,Phone,17.4,5.0,My order ORD127989 still hasn't arrived and it's been over a week.
TIX105194,CUST003057,2025-01-23,Wrong Item Shipped,Phone,7.5,5.0,When will my refund for the returned item be processed?
TIX105195,CUST000539,2025-08-12,Product Question,Live Chat,6.9,4.0,"Great service, just wanted to confirm my order status."
TIX105196,CUST000946,2025-02-24,Billing Issue,Phone,8.2,5.0,"I can't log into my account, it says my password is invalid."
TIX105197,CUST003093,2026-01-12,Wrong Item Shipped,Phone,24.2,5.0,"Wrong item was shipped to me, I ordered a different color."
TIX105198,CUST002109,2025-08-17,Damaged Item,Social Media,10.6,5.0,"I can't log into my account, it says my password is invalid."
TIX105199,CUST004901,2025-10-26,Damaged Item,Social Media,2.8,5.0,My order ORD125175 still hasn't arrived and it's been over a week.
