customer_id,first_name,last_name,email,phone,gender,date_of_birth,signup_date,state,city,membership_tier,preferred_channel,marketing_opt_in,referral_source
CUST002565,Karen,Castro,karen.castro168@gmail.com,784-499-9916x95359,F,1957-07-03,2026-05-28,FL,Jeffreybury,SILVER,Online,no,Email Campaign
CUST004275,Tonya,Webster,tonya.webster780@gmail.com,3985078721,M,1966-12-07,2022-12-23,Massachusetts,Michaelfurt,SILVER,In-Store,no,Search Engine
CUST003045,Alexis,Thomas,alexis.thomas522@gmail.com,5624741570,Other,1998-06-14,2022-07-10,Wisconsin,East Mark,Bronze,In-Store,1,TV Ad
CUST005168,Danielle,Goodman,danielle.goodman202@gmail.com,505.988.6915x03091,M,1975-08-30,11/03/2022,in,Ramosberg,BRONZE,Online,Y,Friend Referral
CUST003986,Daniel,Bowman,daniel.bowman295@yahoo.com,(988)305-0745x11524,F,1999-09-15,2023-07-05,TX,Walkerside,SILVER,Online,Y,
CUST004228,Jennifer,Snyder,,,Other,,08/11/2022,nc,Davisshire,BRONZE,In-Store,,
CUST002495,David,Holland,david.holland932@outlook.com,562.945.8846,M,2006-03-07,2023-09-04,California,East Richardberg,SILVER,In-Store,Y,Email Campaign
CUST004379,Kimberly,Bentley,kimberly.bentley747@gmail.com,888.928.5578,M,1945-11-07,2021-12-07,Tennessee,New Denise,silver,In-Store,N,Social Media
CUST004964,Zachary,Brown,zachary.brown622@gmail.com,(829)259-3564,F,1953-11-29,11/12/2021,nj,Deborahburgh,GOLD,Mobile App,Y,TV Ad
CUST004930,Courtney,Duke,courtney.duke523@yahoo.com,(904)664-4462,Other,1985-10-25,2024-09-15,New York,South Carlosland,bronze,In-Store,N,TV Ad
CUST000542,Bethany,Miles,bethany.miles195@hotmail.com,910-672-7284x9824,F,1999-01-25,2021-05-22,mo,Knightstad,Gold,Mobile App,1,TV Ad
CUST003259,Diana,Martin,diana.martin207@gmail.com,(703)358-1397,F,1942-04-05,2025-04-01,Wisconsin,North Jessica,Bronze,Mobile App,N,Search Engine
CUST000335,Marisa,Roberts,marisa.roberts475@outlook.com,487.930.0244x7146,F,1975-01-06,2025-06-18,OH,Maryport,Gold,In-Store,Y,Influencer
CUST004110,Theodore,Adams,theodore.adams330@hotmail.com,001-795-421-0460,F,1997-03-05,2021-04-16,WI,West Karentown,BRONZE,In-Store,Y,Influencer
CUST005839,Wayne,Wall,wayne.wall947@outlook.com,275.307.7279,F,1986-07-06,2021-12-21,PA,Richtown,Gold,Online,yes,Social Media
CUST003310,Mary,Ryan,mary.ryan804@hotmail.com,393.326.3345x708,F,1958-04-29,2022-08-27,az,Markchester,silver,Online,no,Influencer
CUST002981,Mary,Reid,mary.reid446@gmail.com,700-446-8797,F,1942-03-24,2022-05-08,PA,North Donald,silver,Mobile App,,Friend Referral
CUST003459,Lisa,Jackson,lisa.jackson308@gmail.com,483.520.9397x49800,M,1971-04-16,2021-12-28,Tennessee,Woodberg,Gold,In-Store,Y,Email Campaign
CUST000632,Jennifer,Jones,jennifer.jones729@hotmail.com,(816)248-1980x7704,Other,1993-01-28,2024-08-22,WA,Camachofort,BRONZE,In-Store,,Email Campaign
CUST000910,Heidi,James,heidi.james234@yahoo.com,898.486.3653,Other,1989-04-23,2022-09-19,il,South Christianton,Silver,In-Store,no,Email Campaign
CUST002599,Ryan,Davis,ryan.davis262@outlook.com,(442)837-2466x762,F,1966-08-13,2025-11-28,Arizona,East Paulbury,Bronze,Mobile App,1,Influencer
CUST004322,Lori,Harris,lori.harris940@gmail.com,527.709.1760x24026,F,2005-08-06,2020-10-28,MO,South Deborah,GOLD,Mobile App,,Search Engine
CUST003144,Lance,Mitchell,lance.mitchell238@yahoo.com,496-721-3239,M,1948-07-30,2026-04-29,Michigan,Nicholasfurt,Silver,Online,Y,Friend Referral
CUST005159,  Caroline ,Cruz,caroline.cruz961@yahoo.com,586-575-6836x3331,M,1946-04-05,2024-09-15,IL,West Caleb,silver,In-Store,Y,Influencer
CUST002673,Mary,Edwards,mary.edwards688@hotmail.com,001-492-266-2247x76038,M,2008-05-31,2024-06-09,Florida,Hallport,SILVER,Online,yes,Influencer
CUST001482,Jeff,Rivera,jeff.rivera811@hotmail.com,(998)335-9667,F,1977-08-07,2024-12-17,Florida,Owenburgh,bronze,In-Store,0,Friend Referral
CUST004058,Kevin,Randall,kevin.randall168@hotmail.com,(651)910-8030x615,F,2006-04-28,2023-01-10,NY,Bobhaven,bronze,In-Store,no,
CUST003508,Dennis,Ellis,dennis.ellis859@hotmail.com,+1-716-411-8698x14218,M,1962-11-25,2024-08-08,MI,Jonathonborough,Silver,In-Store,no,Search Engine
CUST005623,Caroline,Tucker,caroline.tucker707@yahoo.com,+1-369-534-4536x105,M,1943-12-23,2021-01-19,CA,Nelsonchester,silver,Online,Y,Social Media
CUST000586,Angela,Clark,angela.clark628@gmail.com,957.882.4347,M,1953-02-21,2023-02-09,PA,Christinashire,Silver,Online,no,
CUST000206,Kelly,Thompson,kelly.thompson577@outlook.com,(406)248-4229x4057,Other,1988-06-17,2021-10-05,MO,Lake Willie,Silver,In-Store,0,TV Ad
CUST003418,Austin,Sellers,austin.sellers860@yahoo.com,3854111504,M,1946-04-10,2024-03-18,NY,Wilsonhaven,gold,Online,,
CUST003555,  Kyle ,Ortiz,kyle.ortiz454@gmail.com,259.709.5198x09599,Other,2010-08-15,2024-04-06,MI,Marymouth,silver,Mobile App,,Email Campaign
CUST005811,Julie,Sanchez,,,M,,2025-10-30,Indiana,Murphyfurt,bronze,Online,,
CUST004323,Kayla,Dunn,kayla.dunn15@gmail.com,001-810-906-2916,Other,1978-09-25,2024-02-11,Georgia,Matthewshire,bronze,In-Store,Y,
CUST000270,Diana,Cunningham,diana.cunningham307@hotmail.com,001-205-666-4742x3122,M,1951-09-27,2021-01-25,Arizona,East Lonnieberg,GOLD,In-Store,1,Email Campaign
CUST003146,Erika,Salas,erika.salas3@hotmail.com,+1-830-990-4581,F,1963-11-30,2021-02-10,GA,New Jeffreyhaven,silver,Mobile App,Y,Email Campaign
CUST002853,Tracy,Floyd,tracy.floyd350@hotmail.com,001-512-383-0062,Other,1948-06-15,09/18/2024,Florida,Lake Kelly,Silver,In-Store,yes,TV Ad
CUST000157,Kelly,Rosales,kelly.rosales141@yahoo.com,913.929.1212,M,2005-07-01,2022-12-17,Ohio,Louisview,Bronze,In-Store,,Social Media
CUST003791,Jade,Walker,jade.walker585@yahoo.com,(270)444-1482x243,F,1982-06-08,2021-02-12,FL,Lake Lisa,Gold,Mobile App,N,Search Engine
CUST002434,Larry,Huang,larry.huang516@outlook.com,001-716-622-2772x610,F,1944-01-13,2021-12-21,Indiana,Juliefurt,silver,Mobile App,N,Friend Referral
CUST005919,Daniel,Serrano,daniel.serrano187@yahoo.com,+1-352-719-7245x67106,F,1971-03-17,2025-11-13,MO,Brianville,SILVER,Online,yes,TV Ad
CUST001593,Joanne,Jarvis,joanne.jarvis41@outlook.com,971-506-2833x455,M,1991-03-29,2021-07-17,mi,Colebury,SILVER,Online,N,Friend Referral
CUST003912,John,Lewis,john.lewis871@yahoo.com,(628)250-6967x20647,F,1946-08-10,2021-09-30,Indiana,South Kevin,PLATINUM,Online,Y,Friend Referral
CUST001984,Jose,Holland,jose.holland167@yahoo.com,(798)539-3039,Other,1945-05-15,2022-08-23,GA,Cruzview,Bronze,In-Store,Y,Search Engine
CUST003824,Angela,Maxwell,angela.maxwell733@gmail.com,(431)985-8313,M,1964-12-22,2021-03-01,Missouri,Steeleburgh,Silver,Online,1,Walk-in
CUST000089,Joel,Snyder,joel.snyder668@hotmail.com,(891)314-6786,F,1965-12-09,2024-01-02,PA,Laraside,Gold,Online,yes,
CUST001842,Jennifer,Cruz,jennifer.cruz346@hotmail.com,(708)452-9645,F,2000-12-19,2023-06-21,PA,Williamsstad,BRONZE,In-Store,yes,Friend Referral
CUST005273,Curtis,Le,curtis.le264@outlook.com,,F,1952-07-03,2023-11-10,Massachusetts,Kristiborough,SILVER,In-Store,,
CUST005416,Peter,Martin,peter.martin646@hotmail.com,636-435-2776,F,1982-01-28,2023-02-02,WI,Kathleentown,gold,In-Store,,Social Media
CUST003569,Jessica,Weaver,jessica.weaver582@gmail.com,001-518-347-4400x054,F,1972-02-10,2021-01-21,Wisconsin,North Stephanie,BRONZE,Mobile App,0,Social Media
CUST002006,Joseph,Oneill,joseph.oneill355@outlook.com,(721)534-6164x61526,M,1997-03-07,2022-08-14,fl,Lake Carlfort,Bronze,In-Store,0,Walk-in
CUST001172,Christopher,Hopkins,christopher.hopkins310@yahoo.com,686-595-7240,F,1957-11-23,2026-02-12,IL,Gilbertchester,SILVER,Online,Y,Influencer
CUST004819,Joseph,Martin,joseph.martin454@hotmail.com,+1-370-877-2309x6694,Other,2004-01-13,2025-11-19,ILLINOIS,North Steven,SILVER,In-Store,Y,TV Ad
CUST005185,Angel,Brewer,angel.brewer928@yahoo.com,(800)349-6870x893,F,1957-07-01,2026-02-23,TX,New Pamelaport,SILVER,Online,Y,Influencer
CUST005675,Anthony,Charles,anthony.charles782@hotmail.com,597.692.7023x7295,F,1953-01-04,2026-04-22,nj,East Ronniemouth,SILVER,In-Store,1,Search Engine
CUST004453,Kimberly,Cole,kimberly.cole449@gmail.com,790-980-6342,Other,1954-06-07,2023-03-22,Washington,Michaelfurt,silver,Online,no,Email Campaign
CUST005006,Gary,Sullivan,gary.sullivan466@yahoo.com,934-871-7613,Other,2006-11-09,10/04/2022,VA,Rodriguezfurt,Silver,Online,0,Email Campaign
CUST001832,Shawn,Williams,,,Other,2008-05-13,2022-04-18,IN,Port Daniel,SILVER,Online,,
CUST002918,Stephen,Tate,stephen.tate465@hotmail.com,001-676-333-0994x791,M,1943-01-17,2021-01-15,FL,Emilyport,Silver,In-Store,no,
CUST001006,Fernando,Hansen,fernando.hansen108@gmail.com,001-723-832-8293x0202,M,2006-10-11,2023-02-17,Georgia,Howardmouth,bronze,Online,1,
CUST004974,Dawn,Myers,dawn.myers55@outlook.com,+1-607-336-5611x87407,F,1967-12-19,2023-12-23,Wisconsin,Alanside,GOLD,Online,,
CUST005228,Crystal,Gonzalez,crystal.gonzalez506@outlook.com,+1-312-493-0431x130,F,1970-10-17,2025-11-04,North Carolina,Christensenberg,Silver,Mobile App,N,TV Ad
CUST000594,Dawn,Cook,dawn.cook7@yahoo.com,001-531-226-9789,M,1997-05-09,2026-05-09,NY,New Garyfort,GOLD,Online,,Email Campaign
CUST005008,Cassandra,Myers,cassandra.myers261@gmail.com,001-888-583-4025x862,Other,1980-06-12,2021-01-27,CA,Lake Samantha,Bronze,In-Store,N,Search Engine
CUST002483,Matthew,Wood,matthew.wood352@gmail.com,001-236-984-1434x4622,F,2009-10-05,2024-06-17,GA,East Jeffrey,bronze,In-Store,1,Friend Referral
CUST003184,Jason,Camacho,jason.camacho817@yahoo.com,355.699.5154,F,1988-06-19,2025-12-15,ILLINOIS,West Amanda,BRONZE,Mobile App,,
CUST000645,Andrew,Bush,andrew.bush541@gmail.com,,M,1955-04-12,2024-11-04,Tennessee,Marissatown,Bronze,Mobile App,,
CUST002341,Loretta,Hodges,loretta.hodges130@hotmail.com,584.586.5230x8045,F,1990-10-21,2024-01-27,FL,Lake Makayla,Silver,Online,yes,
CUST001612,Margaret,Crawford,margaret.crawford531@hotmail.com,(931)363-1603,F,1964-12-12,2024-10-07,oh,Jasminemouth,bronze,In-Store,yes,Email Campaign
CUST000012,Isaiah,Ford,isaiah.ford164@hotmail.com,2134267736,F,2001-11-20,02/10/2021,Florida,North Deniseside,SILVER,In-Store,yes,
CUST005261,Angela,Graham,angela.graham365@gmail.com,426.714.5509,F,1988-11-12,2023-02-02,Tennessee,Jamesville,gold,In-Store,N,Friend Referral
CUST000597,Donald,Sawyer,donald.sawyer96@outlook.com,659.959.2248x39589,Other,1969-12-11,2020-09-22,VIRGINIA,South Wendyview,BRONZE,In-Store,N,Walk-in
CUST000030,James,Smith,james.smith579@outlook.com,001-645-829-9124x190,F,1951-05-05,2021-05-29,AZ,New Staciemouth,Platinum,Mobile App,0,Email Campaign
CUST000720,Jennifer,Cox,jennifer.cox447@outlook.com,(597)382-4575x983,F,1995-02-12,2023-06-07,MD,Lake Aaron,SILVER,In-Store,N,TV Ad
CUST000138,Laura,Walker,laura.walker453@hotmail.com,001-778-281-9148,M,1942-12-18,12/25/2021,AZ,Garymouth,bronze,Mobile App,N,TV Ad
CUST005696,Kristin,Payne,kristin.payne309@outlook.com,+1-919-716-0912x689,Other,1942-01-16,2020-10-26,Massachusetts,Olsonville,BRONZE,In-Store,1,Influencer
CUST002815,Brad,Willis,brad.willis831@gmail.com,966-717-1014x7824,F,1980-12-26,2022-10-06,NY,New Ashleytown,Bronze,Mobile App,,TV Ad
CUST003465,Aaron,Castillo,aaron.castillo707@hotmail.com,(739)398-7568x19299,F,1984-05-26,2026-04-30,NJ,Amyside,Platinum,Online,N,Walk-in
CUST004009,Anthony,Fleming,anthony.fleming823@hotmail.com,(610)952-7237x5435,F,1968-06-22,2022-04-14,Georgia,Gomezfort,Silver,Mobile App,Y,Influencer
CUST000692,Chad,Wilson,chad.wilson628@yahoo.com,001-346-948-4494x1163,M,1951-10-20,2025-04-12,NC,East Amandaburgh,Gold,In-Store,0,Social Media
CUST002142,Heidi,Ward,heidi.ward646@hotmail.com,775-925-6374x48455,Other,2008-01-24,03/01/2022,Virginia,Barryside,BRONZE,Online,Y,Friend Referral
CUST004708,Daniel,Munoz,daniel.munoz60@yahoo.com,713.235.8626,M,1956-06-20,2024-01-12,Tennessee,West Nathan,Bronze,Online,no,Social Media
CUST004702,James,Morrison,james.morrison421@yahoo.com,565.305.4767x445,Other,1956-07-02,2025-08-21,MD,Navarroview,bronze,Online,Y,Friend Referral
CUST001851,Erik,Herman,erik.herman182@hotmail.com,4452624462,F,1949-05-15,2025-09-06,TX,Danashire,bronze,In-Store,N,
CUST003126,Gary,Rodriguez,gary.rodriguez975@hotmail.com,714.698.9656x91781,Other,1978-09-05,2022-12-12,New Jersey,East Lisaburgh,Silver,In-Store,N,TV Ad
CUST003893,Gary,Anderson,gary.anderson88@outlook.com,001-924-304-0341x760,M,1968-11-01,2021-02-07,AZ,Meganville,GOLD,Mobile App,0,Email Campaign
CUST003690,Nicole,Young,nicole.young777@hotmail.com,001-350-861-6131x2178,Other,1967-01-28,2024-06-30,IL,Ibarrahaven,Platinum,In-Store,Y,Influencer
CUST004347,Vernon,Munoz,vernon.munoz653@gmail.com,001-888-244-1425x33602,M,1953-06-14,2023-08-11,ma,Cruzberg,GOLD,Mobile App,no,
CUST002744,John,Kelly,john.kelly15@outlook.com,464.463.5145,M,1967-05-06,2022-09-01,WA,Reynoldsland,gold,Mobile App,0,TV Ad
CUST004724,John,Cortez,john.cortez558@yahoo.com,7176749503,M,1962-02-10,2024-04-11,FL,Lake Ashleyview,bronze,In-Store,Y,
CUST003087,Jose,Moore,jose.moore760@outlook.com,464.995.0926,M,1989-04-17,2021-03-29,Pennsylvania,Floresside,BRONZE,Online,Y,
CUST000288,Emily,Nelson,emily.nelson321@gmail.com,442-249-3214x95870,Other,1951-09-13,2021-05-04,NY,East Amyside,Bronze,In-Store,Y,TV Ad
CUST002695,Amanda,Andrews,amanda.andrews218@outlook.com,+1-447-343-7299x035,Other,1998-07-02,2023-06-12,Georgia,New Cole,BRONZE,Online,,Walk-in
CUST003966,Brooke,Wheeler,brooke.wheeler373@gmail.com,(230)858-6548x338,F,1964-11-07,2021-08-05,Pennsylvania,North Monica,bronze,In-Store,,
CUST003976,Mckenzie,Castillo,mckenzie.castillo936@hotmail.com,001-859-384-8471x693,F,1962-06-09,2024-05-23,WASHINGTON,Hernandezport,Platinum,In-Store,N,TV Ad
CUST004341,Richard,Pope,richard.pope179@hotmail.com,716-286-0525x7349,Other,1977-04-24,2026-04-30,Georgia,Brittanyview,BRONZE,In-Store,N,Email Campaign
CUST004507,  David ,Robinson,david.robinson563@yahoo.com,001-283-694-9752x7129,F,1970-04-17,2022-12-24,Michigan,Lake Nicoleville,Bronze,Online,,
CUST002764,Kristen,Nixon,kristen.nixon386@yahoo.com,867-466-0271,Other,1978-04-29,2025-08-13,NJ,West Roy,BRONZE,In-Store,yes,Influencer
CUST004200,Jon,Andersen,jon.andersen925@gmail.com,(897)596-7642,F,1943-07-25,2022-08-07,Florida,North Sarahport,BRONZE,In-Store,1,
CUST002965,Sarah,Jones,sarah.jones525@yahoo.com,+1-914-779-6126x5088,M,2008-06-18,2023-10-28,AZ,Markborough,Bronze,In-Store,N,Influencer
CUST000101,Michael,Peck,michael.peck994@yahoo.com,(652)640-4157x4733,M,1996-05-09,2022-04-07,az,New Ericafurt,BRONZE,In-Store,0,Walk-in
CUST003702,Derek,Harper,derek.harper787@hotmail.com,705.572.1864,M,1999-08-30,2021-06-16,New Jersey,Sullivanfort,SILVER,In-Store,,
CUST001748,Jessica,Haynes,jessica.haynes784@gmail.com,894.632.1830x242,F,2008-06-15,2025-09-28,New Jersey,Riveraton,gold,Online,Y,Social Media
CUST004006,William,Wallace,william.wallace769@outlook.com,001-961-473-5599x7177,Other,1963-05-14,2025-12-15,Ohio,North Dana,Bronze,Online,,
CUST005434,Andrea,Black,,,M,,2025-07-15,New Jersey,,SILVER,In-Store,,
CUST003000,Jason,Hess,jason.hess538@outlook.com,7196878350,F,1996-01-03,2023-09-24,North Carolina,Gillmouth,SILVER,Mobile App,0,Email Campaign
CUST004325,Bobby,Wright,bobby.wright915@gmail.com,(812)444-3374x95688,Other,1986-03-23,2021-03-19,FL,South Anthonyberg,bronze,In-Store,N,TV Ad
CUST001271,Henry,Hawkins,henry.hawkins706@hotmail.com,935.399.9400x41084,F,1960-07-19,2023-10-17,Illinois,Murphyberg,GOLD,In-Store,N,
CUST005496,Veronica,Owens,veronica.owens214@yahoo.com,852.457.8906,F,1972-04-07,2025-11-23,CALIFORNIA,Annehaven,BRONZE,Online,N,Social Media
CUST004446,Zachary,Smith,zachary.smith642@hotmail.com,,Other,1958-01-08,2025-07-30,Maryland,Lake Brittany,bronze,Mobile App,,
CUST000812,Adrian,Brooks,adrian.brooks115@gmail.com,712.961.6324,M,1977-12-26,2024-08-28,Illinois,Rodriguezburgh,Silver,Mobile App,Y,Email Campaign
CUST001824,Melissa,Conway,melissa.conway509@yahoo.com,248-450-2759,F,1948-01-22,2021-06-06,wa,Zhangview,gold,Mobile App,Y,Social Media
CUST004134,Caitlin,Huff,caitlin.huff520@hotmail.com,,F,1942-06-01,07/29/2025,Michigan,East Robert,Bronze,In-Store,,
CUST000378,Brenda,Gibson,brenda.gibson936@hotmail.com,221.894.1680,F,1987-08-05,2024-04-21,OH,Matthewburgh,silver,In-Store,0,Social Media
CUST001855,Christopher,Solomon,christopher.solomon724@outlook.com,001-832-377-3765x547,F,1941-07-08,2023-06-29,Pennsylvania,East Erica,silver,In-Store,1,
CUST002552,Tammy,Thomas,tammy.thomas571@gmail.com,509-709-0395x72869,M,1956-06-16,06/09/2023,Indiana,Cindyview,Silver,Mobile App,,Walk-in
CUST000421,Jennifer,Simpson,jennifer.simpson81@hotmail.com,336.434.6692x548,M,1959-06-17,01/03/2023,wa,East Jeffreyborough,bronze,Mobile App,,
CUST005288,Jonathan,Hunter,jonathan.hunter245@outlook.com,942-454-6330,F,1967-10-30,2022-05-17,GA,South Kristen,Bronze,Online,1,
CUST003182,Bobby,Turner,bobby.turner117@hotmail.com,698-357-7873,M,1958-07-31,2021-10-06,FLORIDA,West Tammie,Bronze,Online,yes,Influencer
CUST001566,Christopher,Thompson,christopher.thompson747@yahoo.com,+1-977-442-7054x9857,F,1969-12-05,2025-09-17,MI,East William,BRONZE,Mobile App,N,Email Campaign
CUST000489,Bonnie,Morton,bonnie.morton840@yahoo.com,(427)617-2722x397,Other,1993-05-18,2021-07-30,TEXAS,Lake Jessica,SILVER,In-Store,Y,Email Campaign
CUST004709,Jesus,Medina,jesus.medina302@hotmail.com,(401)301-6329x0004,Other,1984-11-12,2020-09-21,MD,Traceyside,silver,Online,no,TV Ad
CUST003390,Kyle,Hart,kyle.hart529@gmail.com,(373)759-9192,F,2008-01-03,2025-02-21,WI,North Abigail,bronze,Online,Y,Social Media
CUST002287,Kathryn,Lawrence,kathryn.lawrence239@gmail.com,9838491164,F,1954-10-10,2025-01-02,pa,West Matthewbury,silver,Mobile App,0,
CUST003772,Michael,Wilson,,,M,,2024-03-18,PA,,Bronze,Online,,
CUST005398,Tracy,Jones,tracy.jones776@outlook.com,+1-929-857-2865x5902,F,2004-10-15,2021-09-21,MD,Johnsonburgh,BRONZE,In-Store,Y,Friend Referral
CUST001381,William,Parsons,william.parsons25@outlook.com,(669)528-5507,F,1966-01-05,2022-05-08,mi,Johnside,BRONZE,Online,0,Email Campaign
CUST004985,Samantha,Guzman,samantha.guzman407@outlook.com,+1-618-865-9817x60807,F,1998-02-19,2021-12-03,Wisconsin,Danielleland,GOLD,Online,no,
CUST004989,Jason,Golden,jason.golden364@yahoo.com,001-702-265-9266,Other,1943-04-19,2025-09-04,pa,East Anna,GOLD,In-Store,Y,Influencer
CUST002746,Yolanda,Walker,yolanda.walker51@outlook.com,606-941-2315x4024,Other,1953-01-06,2024-07-26,AZ,Smithfurt,Bronze,Online,,Walk-in
CUST002201,Russell,Kelly,russell.kelly445@outlook.com,001-230-701-7846x2742,M,1987-04-18,2025-10-03,Massachusetts,Matthewport,Platinum,Online,Y,Search Engine
CUST002020,Jacob,Allen,jacob.allen304@yahoo.com,390.266.7477x201,M,1989-09-09,2025-06-27,NY,Masseychester,platinum,Mobile App,0,
CUST000605,Karen,Holland,karen.holland662@yahoo.com,001-622-516-1070x518,M,1978-11-13,2021-04-11,TN,Anthonyberg,silver,Mobile App,no,TV Ad
CUST002667,Holly,Dickson,holly.dickson757@gmail.com,957-706-5868x623,F,1963-01-02,03/23/2024,North Carolina,Jacksonland,BRONZE,Online,1,Email Campaign
CUST001750,Corey,Lawson,,,Other,1953-12-31,2022-12-14,Virginia,Jenniferbury,SILVER,In-Store,,
CUST002520,Elizabeth,Johnson,elizabeth.johnson42@yahoo.com,409-433-6272x445,M,1996-08-19,2025-06-09,Ohio,New Amandaton,Bronze,Mobile App,1,Influencer
CUST002497,George,Parker,george.parker783@hotmail.com,3448867118,F,1956-11-06,2024-03-17,Virginia,South Peter,Bronze,Mobile App,,
CUST003180,Anna,Nelson,anna.nelson34@yahoo.com,,F,1959-09-22,2025-09-02,Wisconsin,Garnershire,bronze,In-Store,,
CUST004002,Eric,Baker,eric.baker283@outlook.com,(551)251-0934x667,F,1968-09-09,2023-10-17,Texas,New Jasmine,BRONZE,Mobile App,N,Walk-in
CUST000248,Mark,Bridges,mark.bridges380@outlook.com,(534)260-1367,M,2007-04-16,2020-12-31,NEW JERSEY,Jonesfort,bronze,Online,N,Friend Referral
CUST005477,Jessica,Mcfarland,jessica.mcfarland809@outlook.com,473-662-8053,F,1943-11-08,2024-05-10,WA,New Sarah,silver,Online,1,Social Media
CUST003238,Jennifer,Mitchell,jennifer.mitchell819@outlook.com,598-835-9005x8198,M,1985-02-07,2021-05-16,California,Davistown,Silver,Online,1,Walk-in
CUST000162,Robert,Pierce,,,M,,2022-04-20,VA,,Bronze,In-Store,,
CUST001592,Laura,Fischer,laura.fischer948@gmail.com,464.927.7862x68527,F,1952-05-28,2025-01-05,Maryland,East Michellefurt,Bronze,Online,,
CUST004831,Anthony,Lee,anthony.lee693@yahoo.com,(811)350-6475x66139,F,1959-06-29,2022-08-11,Missouri,North Davebury,Bronze,Mobile App,N,Walk-in
CUST005618,Mary,Walter,mary.walter65@hotmail.com,+1-777-321-2122x7642,M,1974-10-19,2022-10-08,Massachusetts,Port Gregoryton,Bronze,Mobile App,0,Influencer
CUST000502,John,Martin,john.martin819@hotmail.com,+1-930-234-1990,Other,1948-02-16,2021-11-27,Illinois,Port Reneeborough,silver,Mobile App,Y,
CUST004389,Charles,Jimenez,charles.jimenez394@gmail.com,520-766-3267,M,1962-02-24,2025-04-12,MARYLAND,North Eric,bronze,Mobile App,,Friend Referral
CUST002672,Keith,Smith,keith.smith647@gmail.com,250.641.2266x435,M,1976-01-17,2021-12-20,MO,East Michael,Platinum,In-Store,no,Search Engine
CUST005594,Aaron,Martin,aaron.martin515@yahoo.com,001-321-852-0009,Other,1948-10-28,2021-04-08,va,New Danielville,BRONZE,Mobile App,1,
CUST000976,Jason,Ochoa,jason.ochoa448@yahoo.com,474.547.0173x20865,M,1986-09-24,2024-12-22,MISSOURI,South Pamela,Bronze,Online,1,Search Engine
CUST005694,Henry,Chen,henry.chen548@gmail.com,399-305-8098x7079,Other,1976-11-02,2025-03-02,OH,Brianmouth,Gold,Online,1,Search Engine
CUST001943,Julie,Robertson,julie.robertson369@outlook.com,001-736-501-9412x70661,F,1950-08-04,2021-11-19,CALIFORNIA,Susanshire,GOLD,Online,Y,Influencer
CUST002456,Sarah,Kirk,sarah.kirk301@outlook.com,8314916661,F,1957-02-03,2023-09-29,Pennsylvania,Gonzalezport,SILVER,In-Store,Y,Walk-in
CUST003053,Priscilla,Davidson,,,M,,2021-06-16,Indiana,,bronze,Mobile App,,
CUST004840,Kimberly,Carroll,kimberly.carroll531@gmail.com,+1-779-572-8824x6358,Other,1997-04-29,2023-01-06,Washington,West Cassandraberg,bronze,In-Store,yes,Social Media
CUST003832,Christopher,Hernandez,christopher.hernandez445@yahoo.com,(734)858-5697x7104,M,2007-05-02,2026-03-20,TENNESSEE,Holmestown,SILVER,In-Store,Y,Email Campaign
CUST002432,April,Jackson,april.jackson776@yahoo.com,6103320823,M,1972-09-30,2020-12-07,oh,East Travisland,silver,Online,yes,TV Ad
CUST000176,Robert,Hernandez,robert.hernandez745@hotmail.com,885-464-6799x7024,Other,1981-10-30,2025-02-01,nc,North Annaville,bronze,Mobile App,Y,Influencer
CUST002243,James,Walker,james.walker438@gmail.com,001-858-404-8294x07828,Other,1942-01-02,2023-02-13,WISCONSIN,Melissamouth,silver,In-Store,,Friend Referral
CUST005925,Matthew,Williams,matthew.williams290@outlook.com,928.421.8019x428,Other,2002-01-30,2023-06-17,New Jersey,Port Breanna,Bronze,In-Store,no,Search Engine
CUST005303,Kristen,Mullen,kristen.mullen515@hotmail.com,326-384-7167,Other,1966-10-29,11/25/2024,MD,New Monicashire,Bronze,Online,N,Friend Referral
CUST003972,Kim,Cooper,kim.cooper411@outlook.com,+1-208-300-0182x6062,Other,1975-06-30,2022-05-30,NC,North Maurice,bronze,In-Store,0,
CUST000097,Vincent,Williams,vincent.williams520@outlook.com,+1-982-659-5269x495,M,1950-04-08,2022-08-12,NEW JERSEY,Stoneberg,GOLD,Online,1,
CUST001522,Tim,Perez,tim.perez203@hotmail.com,906-298-9354x64639,Other,1963-01-13,2024-03-17,OH,Lake Davidberg,Silver,In-Store,no,Influencer
CUST000294,Jamie,Rich,jamie.rich844@outlook.com,001-251-290-9862x405,F,1961-08-28,2025-04-18,NC,Samanthachester,Silver,Mobile App,no,Email Campaign
CUST001363,Felicia,Knapp,felicia.knapp67@outlook.com,001-229-612-7065x9341,M,1956-08-16,2024-11-30,CA,Port Melvinburgh,Bronze,Mobile App,N,Friend Referral
CUST003830,Morgan,Petty,morgan.petty380@gmail.com,524-850-4988x645,M,1998-01-17,2025-02-09,tx,Kristieport,bronze,Mobile App,no,Friend Referral
CUST001557,Kathy,Hayden,kathy.hayden236@hotmail.com,535.451.4972x490,M,2005-10-02,2024-08-25,Maryland,Edwardsburgh,bronze,In-Store,N,TV Ad
CUST005996,Dale,Smith,dale.smith632@outlook.com,001-625-666-6317,Other,1945-08-31,2025-03-19,il,North Rebecca,BRONZE,In-Store,Y,Friend Referral
CUST000259,Jason,Edwards,jason.edwards947@gmail.com,+1-499-621-0752,Other,1994-09-06,2026-03-01,Tennessee,Samanthahaven,SILVER,Online,,Social Media
CUST005707,Johnathan,Watson,johnathan.watson701@gmail.com,236.892.1526,Other,1940-09-27,2024-05-20,PA,Josephside,GOLD,Online,,
CUST002903,Joseph,Singh,joseph.singh355@gmail.com,,F,2007-04-03,2026-01-12,MA,Jenniferville,Bronze,Mobile App,,
CUST002664,Jennifer,White,jennifer.white879@outlook.com,924-914-7189x7621,F,1957-09-24,2023-07-13,California,East Chris,Bronze,Online,0,TV Ad
CUST000569,Christina,Ward,christina.ward278@outlook.com,527-870-7070x578,F,1986-10-27,2025-03-24,New York,North Kurtmouth,Gold,Online,1,Walk-in
CUST004967,  Timothy ,Leonard,timothy.leonard467@hotmail.com,7703851767,F,1953-07-21,2021-11-05,Georgia,West Anthonystad,PLATINUM,In-Store,0,Email Campaign
CUST000783,Dominique,Sanders,dominique.sanders209@yahoo.com,001-465-292-0246x175,M,1990-04-25,2022-07-22,Florida,Port Mark,PLATINUM,Mobile App,1,
CUST003750,Ryan,Martin,ryan.martin180@yahoo.com,843-573-0535x9627,F,1997-10-18,2025-04-05,wa,Johnfort,Bronze,Mobile App,yes,TV Ad
CUST003710,Douglas,Gallegos,douglas.gallegos653@gmail.com,001-677-759-3367x835,F,1978-11-09,12/19/2023,TENNESSEE,East Jamesshire,BRONZE,In-Store,0,TV Ad
CUST000106,Kevin,Sharp,kevin.sharp654@outlook.com,442.968.4145x933,Other,1941-06-23,2024-06-23,Illinois,North Elizabeth,silver,Mobile App,Y,
CUST004483,Erik,Bennett,erik.bennett794@yahoo.com,(832)368-6679x016,F,1949-08-14,2025-09-16,Florida,Bradleyton,silver,Mobile App,N,TV Ad
CUST002559,Sharon,Sanders,sharon.sanders262@outlook.com,001-994-841-4753,F,1945-02-24,2026-03-25,Virginia,Meganton,Bronze,Mobile App,0,Influencer
CUST004897,Michael,Simmons,michael.simmons988@gmail.com,331.222.7808,Other,1970-10-30,2021-01-03,FL,East Jonathanburgh,gold,Mobile App,,Social Media
CUST001148,Joshua,Bryant,joshua.bryant379@gmail.com,(746)272-6368x15418,F,1968-05-29,2022-11-09,TX,Bridgesstad,BRONZE,Mobile App,yes,Email Campaign
CUST002319,Anthony,Schultz,anthony.schultz772@yahoo.com,292-633-1524,Other,1968-08-19,2023-02-26,New York,Georgeton,Gold,Mobile App,no,Email Campaign
CUST001518,Shirley,Patrick,shirley.patrick67@yahoo.com,384.996.5523,M,1964-01-26,2024-02-13,New York,Ramirezbury,Silver,Online,N,Search Engine
CUST003590,Stephanie,Wilson,stephanie.wilson643@outlook.com,238.231.6729,F,2006-01-31,2025-05-08,OH,Bradfordbury,SILVER,Online,N,TV Ad
CUST001031,Devon,West,devon.west53@hotmail.com,+1-946-407-4299x074,Other,1962-03-28,08/17/2023,Ohio,West Mark,BRONZE,Mobile App,N,Email Campaign
CUST005683,James,Parker,james.parker791@hotmail.com,001-955-359-2214x632,M,2001-06-13,2025-01-31,NJ,Port Danielle,Bronze,Online,N,Friend Referral
CUST001945,Melissa,Patterson,melissa.patterson65@hotmail.com,748-836-5670x7190,Other,1956-01-24,2021-08-17,AZ,East Deborahbury,GOLD,In-Store,N,Friend Referral
CUST003991,Tina,Spencer,tina.spencer635@gmail.com,256.493.2874x34205,M,1973-02-16,2021-08-09,New York,Mitchellmouth,Silver,Online,,Friend Referral
CUST005791,Sabrina,Gordon,sabrina.gordon473@yahoo.com,827.629.7027,F,1942-01-30,01/30/2025,Tennessee,Josephberg,gold,Mobile App,Y,Email Campaign
CUST004541,Hannah,Mcdaniel,hannah.mcdaniel157@gmail.com,534-876-2961x171,F,1958-11-10,2025-02-07,TENNESSEE,New Brandi,SILVER,Mobile App,Y,Walk-in
CUST001786,Donna,Lynch,donna.lynch586@gmail.com,(662)713-8059x51948,Other,1996-02-21,2022-12-31,Missouri,Stephenhaven,SILVER,In-Store,yes,Friend Referral
CUST002996,Christopher,Peters,christopher.peters289@gmail.com,001-770-812-6831,M,1983-04-01,2021-01-17,AZ,Lake Wesleyberg,Bronze,Mobile App,Y,
CUST004101,Christina,Brooks,christina.brooks532@outlook.com,500-637-6600x28550,F,1978-03-21,2024-11-29,Maryland,North Joel,silver,Mobile App,1,
CUST005577,  Hunter ,Jackson,hunter.jackson483@outlook.com,648.327.6769,M,1957-08-12,2021-01-30,Illinois,Cookville,Bronze,Mobile App,Y,Email Campaign
CUST000762,Michael,Hodges,michael.hodges867@hotmail.com,818-647-2426x423,F,1946-12-22,2026-01-02,NY,New Heatherton,BRONZE,In-Store,Y,Influencer
CUST003289,Wendy,Davis,wendy.davis533@gmail.com,270-600-3379,F,2005-11-23,2021-03-17,CA,Tateport,BRONZE,Mobile App,no,Search Engine
CUST005832,Brian,Smith,brian.smith437@outlook.com,+1-522-771-5957x696,M,1991-06-30,2024-07-09,Tennessee,Lake Jefferyshire,Bronze,Online,Y,Walk-in
CUST002983,Andrew,Richmond,andrew.richmond774@hotmail.com,+1-569-707-0648x7235,M,1967-06-20,2021-12-03,AZ,New Jay,GOLD,In-Store,,Search Engine
CUST000084,Sandra,Stone,sandra.stone34@yahoo.com,+1-845-411-5447,M,1996-10-02,2024-11-26,WI,South Carrieburgh,BRONZE,In-Store,no,Search Engine
CUST000663,Kelsey,Bryant,,,M,1947-06-07,2025-08-28,MI,Bryanstad,SILVER,In-Store,,
CUST003044,Mark,Martinez,mark.martinez945@outlook.com,935.980.2103,M,1956-05-18,2021-08-20,Missouri,Kennethbury,silver,Online,1,
CUST002718,Ryan,Barnes,ryan.barnes534@gmail.com,626-500-6289x2238,F,1990-11-17,2026-05-04,PENNSYLVANIA,Lake Michael,Bronze,In-Store,Y,
CUST000081,Jacob,Barnett,jacob.barnett621@yahoo.com,+1-265-740-5153x1952,F,1977-04-26,2022-10-09,MO,South Morganton,GOLD,Mobile App,no,
CUST004127,Sandra,Martinez,sandra.martinez427@outlook.com,853-840-5242,M,1946-05-07,2024-07-19,Massachusetts,Carlsonland,GOLD,Mobile App,yes,Influencer
CUST004004,Anthony,Knox,anthony.knox154@yahoo.com,+1-838-612-4014x766,F,1976-05-09,2023-11-04,TX,Stephenborough,GOLD,Mobile App,yes,Email Campaign
CUST004247,James,Reed,james.reed15@hotmail.com,(611)310-5597x94223,F,1955-03-11,2025-10-16,nc,Garyport,Bronze,Online,,
CUST003645,Jacqueline,Reeves,jacqueline.reeves19@outlook.com,310-823-3628x641,F,1994-09-21,2024-05-21,MA,Daltontown,gold,Mobile App,N,TV Ad
CUST004755,Meredith,Beard,,,Other,,2023-10-23,Georgia,Griffinhaven,Bronze,Mobile App,,
CUST004081,Kim,Smith,kim.smith373@outlook.com,+1-504-777-9001,F,1985-04-13,2026-02-12,Michigan,Gordonchester,Gold,Mobile App,1,Email Campaign
CUST001901,Donald,Sullivan,donald.sullivan128@gmail.com,(843)801-4606,F,1961-08-31,2026-03-16,Texas,Nicholsfurt,SILVER,Mobile App,no,
CUST004085,  Dorothy ,Summers,dorothy.summers178@outlook.com,+1-633-926-2100x3858,F,1991-10-11,2020-12-07,TN,South Williamside,SILVER,Online,Y,
CUST003891,Austin,Collins,austin.collins969@yahoo.com,342-482-8183x255,M,1968-11-15,04/23/2026,MA,Lake Keith,SILVER,In-Store,N,Influencer
CUST002620,Jessica,Blankenship,jessica.blankenship122@hotmail.com,453-942-7893,M,1964-10-07,2023-05-12,GA,East Haileymouth,silver,Online,Y,Friend Referral
CUST002999,David,White,david.white382@hotmail.com,+1-690-856-4317x210,F,1997-06-30,2025-05-15,TX,Port Kevin,bronze,In-Store,Y,Email Campaign
CUST001314,Jenna,Hamilton,jenna.hamilton569@outlook.com,+1-496-483-3440x095,F,1994-09-15,2023-01-07,Georgia,Russellton,Bronze,Mobile App,0,Search Engine
CUST001225,Deborah,Freeman,deborah.freeman524@gmail.com,001-523-572-9826,F,2004-10-02,2022-12-06,IN,Port Davidmouth,BRONZE,Online,0,Walk-in
CUST004153,Andre,Taylor,andre.taylor954@gmail.com,836.982.5170x24552,M,1947-01-03,2024-02-27,NORTH CAROLINA,Alexstad,SILVER,Online,yes,Walk-in
CUST000982,Christopher,Williams,christopher.williams830@outlook.com,382-436-0107,F,2009-01-01,2020-12-08,Washington,South Catherine,bronze,In-Store,N,Email Campaign
CUST001160,Crystal,Davis,crystal.davis387@gmail.com,427-266-2080,F,1970-01-01,2020-09-07,OHIO,Lake Carolfurt,platinum,In-Store,,
CUST003848,Jean,Jimenez,,,F,1987-03-29,2024-09-04,PA,Arianaberg,BRONZE,Online,,
CUST003755,Sarah,Holmes,sarah.holmes185@yahoo.com,+1-484-323-5940,M,1941-09-20,2024-03-30,Wisconsin,Lake Elizabethside,Bronze,Online,N,Email Campaign
CUST002730,Yolanda,Bolton,yolanda.bolton85@outlook.com,761-723-1900x241,M,1949-04-23,2025-11-18,CA,Annamouth,gold,Online,1,Search Engine
CUST001638,Randall,Rhodes,randall.rhodes334@yahoo.com,001-647-779-5003,M,1946-12-18,2024-02-26,GA,New Dakota,gold,Mobile App,Y,Social Media
CUST003506,Amber,Johnson,amber.johnson311@yahoo.com,001-275-807-7218,Other,2002-05-18,2022-01-30,Massachusetts,New Daniel,SILVER,In-Store,no,Email Campaign
CUST000712,John,Cooper,john.cooper58@outlook.com,901-275-0961,Other,1957-07-12,2020-09-17,WI,Juanburgh,bronze,Mobile App,yes,TV Ad
CUST003598,David,Baker,david.baker536@outlook.com,382-600-9412x44516,Other,1945-07-10,2020-12-11,NJ,Mullenmouth,Silver,Online,no,Friend Referral
CUST001939,Stephen,Jones,stephen.jones265@hotmail.com,,F,1989-09-29,03/04/2025,Arizona,Edwardport,silver,Mobile App,,
CUST002399,Stephen,Peck,stephen.peck296@outlook.com,2704906336,Other,1955-10-06,2021-01-27,Missouri,Adamborough,GOLD,Online,,Email Campaign
CUST000805,Michelle,Black,michelle.black308@yahoo.com,944.238.9982,M,1962-05-23,2023-01-09,IL,New Susanville,SILVER,Online,Y,Search Engine
CUST004586,Jackie,Johnson,,,F,,2022-01-03,MI,,BRONZE,Mobile App,,
CUST001095,Teresa,Martinez,teresa.martinez181@gmail.com,001-466-782-1215x6495,M,1962-08-07,2022-04-04,North Carolina,West Brian,BRONZE,Mobile App,yes,Search Engine
CUST002345,Jacqueline,Hall,jacqueline.hall956@gmail.com,312-971-6810,F,1968-07-09,2022-07-12,TX,Livingstonberg,GOLD,Mobile App,,
CUST004177,Sara,Rivera,sara.rivera452@hotmail.com,001-624-432-0589x20790,F,1960-03-08,2021-08-28,az,Reginaland,Gold,Online,,Friend Referral
CUST004070,Carrie,Kelly,carrie.kelly517@yahoo.com,+1-511-428-4256x1962,F,1996-05-20,2022-05-14,Georgia,Port Ronaldville,bronze,Online,Y,TV Ad
CUST006025,Marcus,Ross,MARCUS.ROSS708@GMAIL.COM,937.904.2141x5238,M,1946-08-26,2026-06-20,NC,Mollyview,silver,Mobile App,no,Email Campaign
CUST003994,Karen,Miller,karen.miller949@gmail.com,498.974.4512,F,1982-11-13,2023-12-24,New Jersey,East Eric,Bronze,Mobile App,Y,Walk-in
CUST002637,Eric,Neal,eric.neal551@yahoo.com,(309)475-0669,F,1974-05-17,2021-04-09,VIRGINIA,South Diane,Bronze,Mobile App,1,Search Engine
CUST001861,Frederick,Small,frederick.small872@hotmail.com,508.278.5710x93385,F,1971-07-30,2024-11-07,Michigan,West Eric,bronze,Mobile App,no,Friend Referral
CUST003514,Chelsea,Ellison,chelsea.ellison722@hotmail.com,(881)596-6230x0373,Other,1956-06-24,2024-07-01,ARIZONA,Johnview,gold,Online,N,Friend Referral
CUST003679,Mark,Jefferson,mark.jefferson825@gmail.com,326.650.9012,F,1956-03-08,2025-11-14,INDIANA,Port Teresa,bronze,Online,0,
CUST003489,James,Nguyen,james.nguyen734@gmail.com,2629037602,M,1961-06-21,2024-06-05,North Carolina,Lake Jason,BRONZE,Online,Y,Search Engine
CUST004016,John,Sullivan,john.sullivan424@gmail.com,461.484.3968,M,1983-04-18,2023-10-23,GA,Rioston,BRONZE,Mobile App,Y,Walk-in
CUST005012,Tamara,Lopez,tamara.lopez394@outlook.com,5358270320,F,1996-03-16,2022-05-28,WI,Jamesport,SILVER,Online,,
CUST003411,Brittany,King,brittany.king424@yahoo.com,001-787-757-1988x72307,M,1948-01-11,2025-06-04,Tennessee,Arnoldberg,BRONZE,Online,0,Walk-in
CUST003466,Christopher,Smith,christopher.smith473@gmail.com,809-532-7532x96948,F,1983-12-16,2023-09-25,Arizona,New Michelle,bronze,In-Store,1,Walk-in
CUST001728,Katherine,Turner,katherine.turner442@gmail.com,931-571-5578x5219,Other,1996-12-02,2024-01-20,NJ,New Robertton,Silver,Mobile App,Y,Email Campaign
CUST001715,Wendy,Matthews,wendy.matthews151@gmail.com,(805)826-9901x52302,F,1942-05-09,2026-06-21,OH,South Conniestad,GOLD,In-Store,yes,
CUST005753,Brandon,Anderson,brandon.anderson445@yahoo.com,555-638-5319,M,1990-03-11,2021-04-01,AZ,Michaelton,Silver,Mobile App,no,Walk-in
CUST004921,Karen,Palmer,,,Other,,2023-12-15,OH,,Bronze,In-Store,,
CUST000856,Virginia,Johnson,virginia.johnson92@yahoo.com,(204)305-6695x790,M,1985-09-15,2022-07-11,Pennsylvania,South Dawnbury,BRONZE,In-Store,Y,Social Media
CUST003025,Daniel,Mathis,daniel.mathis315@outlook.com,216.829.8475x4870,F,2009-09-21,04/20/2025,Ohio,Brownmouth,BRONZE,In-Store,,Search Engine
CUST003538,Charles,Green,charles.green445@hotmail.com,001-550-936-3262,F,1977-02-05,2023-01-06,California,North Nicolemouth,Silver,Online,yes,
CUST001827,Michelle,Mercado,michelle.mercado751@gmail.com,730-907-8867,F,1960-06-26,2021-01-23,WA,Alexanderview,Silver,Mobile App,N,Friend Referral
CUST006002,Matthew,Wall,MATTHEW.WALL281@GMAIL.COM,+1-903-896-9645x3591,Other,1981-02-08,09/11/2022,IN,Chelseafort,Bronze,In-Store,0,
CUST004920,Amy,Chapman,amy.chapman832@hotmail.com,(647)728-9594x211,M,1979-06-25,2025-07-24,TEXAS,Port Johnside,BRONZE,Mobile App,N,Search Engine
CUST004342,Jason,Stone,jason.stone651@hotmail.com,,Other,1975-12-14,2021-06-30,VIRGINIA,Lisashire,gold,Online,,
CUST005927,Julie,Barnes,julie.barnes607@yahoo.com,+1-222-976-4199x119,M,1987-05-16,2024-10-22,NY,Dannyfurt,PLATINUM,Online,Y,Influencer
CUST002536,Peter,Garcia,peter.garcia877@yahoo.com,(267)654-5769,F,1948-07-12,2024-10-12,New York,Brandonmouth,GOLD,Mobile App,N,Search Engine
CUST001505,Donna,Stone,donna.stone598@hotmail.com,001-480-951-6660x81239,F,1992-03-27,2025-06-25,WISCONSIN,New Melissaburgh,silver,Mobile App,Y,
CUST003882,Kevin,Smith,kevin.smith759@yahoo.com,955.459.9539,M,1996-05-12,2025-10-31,WI,East Tiffany,bronze,Mobile App,Y,Influencer
CUST000450,Thomas,Rogers,thomas.rogers572@gmail.com,(266)390-5510x762,F,1970-09-26,2022-10-31,PA,Yvonnebury,Silver,Mobile App,1,Walk-in
CUST002312,David,Schwartz,david.schwartz448@outlook.com,447-942-7072x5445,Other,1963-04-29,2020-11-23,Maryland,Chelseaport,BRONZE,Mobile App,,Email Campaign
CUST003012,Matthew,Dennis,matthew.dennis467@outlook.com,+1-449-811-4065x47651,Other,1967-03-20,2021-09-04,New Jersey,Bryantstad,Gold,Mobile App,Y,Email Campaign
CUST005211,Bryan,Blackwell,bryan.blackwell437@hotmail.com,769-894-3918,F,1996-06-17,2026-01-04,Ohio,North Matthewmouth,silver,In-Store,,Email Campaign
CUST002132,Cindy,Cruz,cindy.cruz476@hotmail.com,(204)389-9246x62576,M,1996-02-10,2022-05-24,Wisconsin,Bellstad,bronze,In-Store,0,Friend Referral
CUST004735,Angela,Guerra,angela.guerra594@yahoo.com,233.229.6193,F,1997-02-21,2023-09-25,mi,East Kristinaberg,BRONZE,Online,N,TV Ad
CUST002948,Katherine,Morales,,,M,,2021-05-28,Wisconsin,Port Tylerborough,gold,In-Store,,
CUST000389,Regina,Smith,regina.smith303@outlook.com,+1-738-899-7563x4108,M,1960-04-05,2023-09-30,CA,Lake Richard,GOLD,In-Store,yes,Social Media
CUST005939,Paul,Petersen,paul.petersen542@outlook.com,(740)702-1864x2364,Other,1974-01-25,2020-12-19,Maryland,Romerofurt,gold,In-Store,no,Search Engine
CUST002003,Dennis,Rodriguez,dennis.rodriguez93@yahoo.com,9526950868,M,1949-01-06,2023-03-28,Massachusetts,Elizabethfort,SILVER,Online,Y,Search Engine
CUST005251,Eric,Sawyer,eric.sawyer387@hotmail.com,(480)528-2402x101,Other,1993-01-02,2023-06-20,OH,South Miguelport,Silver,Mobile App,,Search Engine
CUST002297,Rebecca,Hunter,rebecca.hunter140@outlook.com,959.629.4583x61883,F,1965-06-04,2022-09-01,FL,Olsonfort,platinum,Mobile App,Y,Social Media
CUST005169,Christopher,Atkinson,christopher.atkinson395@yahoo.com,663.679.3589,F,1978-01-13,2023-07-17,WISCONSIN,North Andrewfort,Silver,In-Store,1,Social Media
CUST004071,Cynthia,Garner,cynthia.garner362@yahoo.com,369.205.5590x8483,M,1969-12-15,10/24/2022,TX,South Thomas,silver,Online,,
CUST000641,Johnathan,Russell,johnathan.russell712@outlook.com,944-283-5488x4712,F,1959-08-18,2024-05-06,Michigan,Williamhaven,silver,In-Store,1,Social Media
CUST003135,Brendan,Wilson,brendan.wilson609@outlook.com,+1-967-527-8332x263,M,1981-11-09,2025-10-31,Tennessee,South Christina,gold,Mobile App,1,
CUST003979,Anthony,Simmons,anthony.simmons482@hotmail.com,(653)452-5370,M,1986-12-02,2024-04-14,Wisconsin,Lynnport,Silver,In-Store,N,Walk-in
CUST000564,Janet,Li,janet.li838@yahoo.com,001-984-638-4588x10569,M,1899-01-01,2025-09-02,Massachusetts,Marquezstad,BRONZE,Online,Y,Search Engine
CUST001805,Dennis,Larsen,dennis.larsen84@yahoo.com,+1-403-604-3817x799,M,1986-11-01,2025-03-03,Indiana,Sandovalview,GOLD,Online,Y,Social Media
CUST002102,Jennifer,Mckinney,jennifer.mckinney361@yahoo.com,664-934-2411,M,2001-10-17,2023-11-22,VIRGINIA,Port Kelly,Gold,In-Store,Y,Friend Referral
CUST002214,Harry,Scott,harry.scott474@yahoo.com,520.979.8047x078,Other,1986-08-25,2025-02-11,Michigan,East Ronald,BRONZE,Online,,TV Ad
CUST000112,Brittney,Griffin,brittney.griffin806@outlook.com,738.530.2843x959,M,1987-09-19,10/01/2025,Pennsylvania,Lake Bradley,SILVER,Mobile App,Y,Influencer
CUST006013,Molly,Hodge,MOLLY.HODGE502@HOTMAIL.COM,5678200784,F,1987-01-14,2023-07-11,VA,Samuelview,GOLD,Online,1,Walk-in
CUST001432,Amanda,Sandoval,amanda.sandoval898@hotmail.com,001-749-507-6341,M,1947-10-21,2025-09-04,AZ,East Jessica,Gold,Online,,Search Engine
CUST004512,Susan,Anderson,susan.anderson826@hotmail.com,+1-463-445-9626x3535,F,1956-06-10,2024-06-04,IL,Whitefort,Silver,Mobile App,Y,Walk-in
CUST002136,Shelly,Daniels,shelly.daniels339@outlook.com,624.647.9297x591,M,1953-08-22,2025-11-18,Georgia,Port Christopherbury,GOLD,In-Store,N,Influencer
CUST005950,Daniel,Brown,daniel.brown261@outlook.com,(854)643-5929x65397,M,1953-05-22,2020-09-06,GA,West Williambury,BRONZE,Mobile App,,
CUST003666,Jose,Campbell,jose.campbell438@outlook.com,(718)539-5768,M,1984-02-07,2024-11-17,Massachusetts,Rileybury,SILVER,Online,yes,Social Media
CUST003767,Susan,Peterson,susan.peterson739@outlook.com,+1-425-200-8699,F,1995-03-13,2025-05-07,TX,Jefferyborough,gold,In-Store,N,Walk-in
CUST000786,Bradley,Cook,bradley.cook332@hotmail.com,699.835.9374x403,F,1969-03-10,2024-04-28,Tennessee,South Mariachester,silver,In-Store,yes,Walk-in
CUST002146,Tyler,Norman,tyler.norman694@hotmail.com,791-491-6369x5072,F,1988-04-30,2022-03-01,Maryland,Travischester,platinum,In-Store,yes,Search Engine
CUST000694,Elizabeth,Gordon,elizabeth.gordon793@yahoo.com,(854)425-7306,Other,2008-11-21,2025-02-22,NY,Bradleytown,BRONZE,In-Store,N,Search Engine
CUST002772,Brian,Pham,brian.pham453@gmail.com,(618)258-9358,M,1970-04-27,2025-06-20,MO,Sanchezmouth,BRONZE,Mobile App,yes,Email Campaign
CUST001785,Lori,Swanson,lori.swanson787@yahoo.com,670-650-7077x5088,M,1988-05-23,2024-02-16,FLORIDA,Lake Jamesbury,BRONZE,Mobile App,0,Social Media
CUST003105,Shane,Reed,shane.reed839@outlook.com,527-491-3253,M,1980-03-07,2024-01-15,Pennsylvania,Jimport,Bronze,In-Store,N,Search Engine
CUST001583,Kevin,Smith,kevin.smith416@outlook.com,001-284-672-1461x7275,F,1952-11-21,2022-02-12,Michigan,Mullenfort,gold,Online,N,Email Campaign
CUST004862,Nicole,Goodman,nicole.goodman887@yahoo.com,(818)237-3391x848,M,2001-10-15,2025-05-16,Wisconsin,Patrickborough,Gold,Online,no,
CUST001220,Sarah,Young,sarah.young990@outlook.com,001-802-723-7900,M,1972-11-20,2021-07-07,CA,Wilsonhaven,silver,Online,N,Walk-in
CUST002320,Patricia,Martinez,patricia.martinez592@hotmail.com,,Other,1962-08-09,2023-04-30,MISSOURI,Heatherberg,silver,Online,,
CUST004610,Trevor,Cohen,trevor.cohen289@gmail.com,001-601-459-8851x011,F,1958-06-24,2024-01-07,Michigan,Richardsside,silver,Mobile App,,TV Ad
CUST002691,Luke,Lin,luke.lin404@hotmail.com,3486589654,M,1979-11-07,10/11/2021,NORTH CAROLINA,New Codychester,silver,Online,N,TV Ad
CUST001317,Alan,Gordon,alan.gordon759@gmail.com,759.978.3354x883,F,1950-02-04,2022-09-14,VA,Lake Jose,bronze,Mobile App,Y,Email Campaign
CUST000256,Mary,Miller,mary.miller714@yahoo.com,338.739.2886,M,1955-10-15,2023-09-12,MA,Lake Jerryfurt,Bronze,Mobile App,,
CUST005652,Jay,Carter,jay.carter496@yahoo.com,001-447-490-8158x93920,M,2002-11-12,2021-07-04,INDIANA,Lake Claudiaville,SILVER,Online,no,Friend Referral
CUST001173,Laura,Parker,laura.parker7@hotmail.com,+1-337-995-6100x77732,M,1958-09-16,2024-10-23,IL,Jeremiahland,gold,Online,no,Social Media
CUST004086,David,Wilson,david.wilson331@yahoo.com,001-336-423-0817x26076,F,1963-11-27,2021-04-04,MA,North Brianna,silver,Mobile App,,
CUST001507,Lauren,Green,lauren.green717@outlook.com,373.371.4503,Other,1979-07-19,2022-02-18,MO,Leeland,Silver,Mobile App,N,Friend Referral
CUST000623,Nicholas,Kennedy,nicholas.kennedy816@gmail.com,2968244063,F,1993-12-04,2023-03-20,wa,West Walter,bronze,In-Store,N,Influencer
CUST002100,Jody,Smith,jody.smith169@gmail.com,506.313.0112x738,Other,1958-06-20,2025-11-14,NY,South Richardland,Bronze,Mobile App,yes,TV Ad
CUST000801,Jennifer,Greer,jennifer.greer503@hotmail.com,001-715-556-6847x3236,F,1941-08-21,2021-04-18,Illinois,South Drew,SILVER,In-Store,Y,TV Ad
CUST005348,Kelly,Graham,kelly.graham67@yahoo.com,+1-624-585-9106x153,F,2005-03-27,2025-07-20,Illinois,Dawnshire,Bronze,Online,N,Email Campaign
CUST005060,Jerome,Taylor,jerome.taylor710@hotmail.com,001-679-732-5549x0418,F,1984-03-09,2023-07-11,AZ,Brianborough,bronze,Mobile App,N,Influencer
CUST001406,Curtis,Franklin,curtis.franklin760@yahoo.com,001-612-318-5273,M,1966-07-29,2023-05-15,INDIANA,Port Melanie,Bronze,Mobile App,Y,Social Media
CUST002417,Michelle,Ruiz,michelle.ruiz415@outlook.com,406-716-5047,F,2031-05-04,2021-11-18,Texas,Christinaview,Silver,Online,N,Email Campaign
CUST001978,Jeffrey,Johnson,jeffrey.johnson438@gmail.com,(990)385-0504,F,1969-06-09,2022-02-26,Virginia,West Angelabury,Gold,In-Store,,TV Ad
CUST003866,Mary,Garcia,mary.garcia815@gmail.com,273.208.7240x364,F,1982-04-09,2025-01-04,GA,South Louisburgh,BRONZE,In-Store,0,
CUST005277,Andrew,Wilkerson,andrew.wilkerson868@yahoo.com,247.805.4098x567,F,1990-04-11,2021-04-10,Michigan,North Kimberlyburgh,Gold,In-Store,Y,Influencer
CUST004583,Daniel,Taylor,daniel.taylor179@gmail.com,,F,1946-02-02,2023-04-17,CA,Moniquechester,BRONZE,In-Store,,
CUST003107,Denise,Collins,denise.collins659@gmail.com,001-910-916-8107x137,M,2005-02-10,2025-01-20,mo,East Ericachester,Silver,In-Store,no,Walk-in
CUST000834,Tracey,Guerra,tracey.guerra909@hotmail.com,4878354378,M,1961-01-01,2026-04-12,MA,East Kevinside,silver,Mobile App,yes,Email Campaign
CUST005192,Eric,Johnson,eric.johnson263@gmail.com,996.239.1638,Other,1944-08-23,2022-03-31,California,Ericberg,gold,Online,Y,
CUST001122,Michelle,Alexander,michelle.alexander746@yahoo.com,4837906540,F,1980-02-06,2025-03-24,Illinois,Wernerside,BRONZE,Mobile App,N,Search Engine
CUST002871,Claire,Wilson,claire.wilson831@hotmail.com,001-215-858-8663x14387,M,2006-01-06,2021-09-19,ca,Alexmouth,silver,In-Store,no,Social Media
CUST003906,Elizabeth,Garcia,elizabeth.garcia976@yahoo.com,8635551972,M,1962-01-11,2022-07-09,Maryland,Lake Julieville,Bronze,Online,no,
CUST000512,Sheri,Olson,sheri.olson458@gmail.com,(908)493-1992x5502,Other,1978-02-28,2025-03-27,TN,Gomezshire,BRONZE,Online,no,Friend Referral
CUST000892,Mariah,Lyons,mariah.lyons753@outlook.com,945-990-1107,Other,1973-12-04,2020-11-10,Ohio,Richardchester,GOLD,Online,N,Walk-in
CUST001089,Elizabeth,Mcclain,elizabeth.mcclain59@yahoo.com,5464600128,F,1948-09-07,2020-11-09,WISCONSIN,Guzmanbury,silver,Online,Y,Friend Referral
CUST005780,Timothy,Chan,timothy.chan911@hotmail.com,001-510-605-7964,Other,1987-05-09,2023-01-19,WI,Lake Andrea,bronze,In-Store,N,Social Media
CUST005135,Kelli,Macias,kelli.macias477@outlook.com,001-810-641-4517x490,M,1973-09-10,2021-08-17,pa,Riceland,GOLD,In-Store,N,
CUST005239,Jacqueline,Foster,jacqueline.foster20@yahoo.com,247-724-0189x15991,F,1992-02-05,2026-03-13,PA,Port James,SILVER,In-Store,yes,TV Ad
CUST003738,Amy,Johnson,amy.johnson647@gmail.com,+1-700-793-5871x70200,F,1998-06-11,09/29/2021,Georgia,Jamesfort,silver,Mobile App,0,Social Media
CUST004588,Richard,Mora,richard.mora289@yahoo.com,(245)655-3810,M,1971-01-09,2025-11-15,VA,Port Angelafurt,GOLD,Mobile App,yes,Friend Referral
CUST001662,Barbara,Powers,barbara.powers951@gmail.com,767.217.0804x92932,M,1992-06-14,2024-02-15,WI,Patelland,Gold,Mobile App,yes,Walk-in
CUST000466,Brittany,Ramirez,brittany.ramirez164@yahoo.com,(471)846-2831x4359,M,1991-09-18,2023-02-17,Indiana,Jorgeburgh,silver,Mobile App,Y,
CUST002074,Evelyn,Mason,evelyn.mason9@outlook.com,001-954-819-1378x0498,M,1984-12-22,02/29/2024,MD,Rodgersport,SILVER,Online,Y,
CUST002736,Lauren,Turner,lauren.turner770@outlook.com,001-434-474-2963x641,F,1947-12-11,2020-09-07,New York,New Michaelland,Silver,Online,N,TV Ad
CUST004454,Melissa,Harrison,melissa.harrison514@gmail.com,001-478-624-8918,M,1952-01-16,2021-09-19,CALIFORNIA,Perryberg,GOLD,Online,,Search Engine
CUST000482,Collin,Smith,collin.smith809@gmail.com,001-398-295-3439x6112,M,1979-04-20,2025-09-09,CA,Michaelstad,Silver,Mobile App,,Social Media
CUST004430,Michael,Hoover,michael.hoover784@yahoo.com,+1-627-767-3302x2930,M,1964-03-10,2025-01-24,NJ,Geraldbury,Silver,In-Store,0,Email Campaign
CUST005601,Kaylee,Burke,kaylee.burke746@outlook.com,(580)637-9417x4553,F,1960-06-14,2023-01-07,CA,Weaverberg,gold,Mobile App,yes,
CUST004573,Joel,Smith,joel.smith996@hotmail.com,552-320-3948x053,M,2003-04-14,2022-02-03,TN,Edwardchester,Bronze,Online,no,Email Campaign
CUST006041,Jeffrey,Hill,JEFFREY.HILL919@GMAIL.COM,517.334.1880x79640,M,1948-11-10,2022-02-22,Indiana,Jocelynchester,GOLD,Mobile App,Y,TV Ad
CUST000501,Julia,Morales,julia.morales903@outlook.com,766-220-5634x11159,Other,1944-08-05,12/16/2022,NJ,Port Heatherfort,silver,Online,1,Walk-in
CUST002578,Travis,Hill,travis.hill305@gmail.com,001-325-517-3335,F,1958-09-12,2021-12-23,TN,Port Matthewfort,BRONZE,In-Store,,
CUST004370,Mary,Morgan,mary.morgan340@gmail.com,(524)328-2376x6378,Other,1974-08-31,2026-05-06,Massachusetts,Estradachester,Bronze,Online,1,Email Campaign
CUST005018,Dylan,Mercado,dylan.mercado962@hotmail.com,001-342-491-8461x2239,M,1957-04-13,2023-10-27,PA,Hayesside,BRONZE,In-Store,0,Social Media
CUST000526,Anthony,White,anthony.white297@gmail.com,+1-555-325-1050x53795,M,1963-04-06,04/11/2025,New York,Johnborough,silver,In-Store,no,Influencer
CUST001121,Sandra,Griffin,sandra.griffin531@yahoo.com,526.372.4469,Other,1995-03-04,2025-11-04,CA,North Kellyborough,BRONZE,Online,N,Email Campaign
CUST004092,Susan,Thomas,susan.thomas743@gmail.com,(405)865-2271,M,1944-06-16,2023-04-04,Maryland,North Matthewmouth,bronze,In-Store,yes,Email Campaign
CUST004742,  Rebecca ,Adams,rebecca.adams459@gmail.com,918-838-4293x631,Other,1941-10-05,2021-05-12,Florida,Mejiastad,silver,Online,yes,Search Engine
CUST002712,Meredith,Reyes,,,M,,2025-09-30,IN,,Gold,In-Store,,
CUST000704,Regina,Davis,regina.davis997@yahoo.com,001-309-757-9927x07955,M,1943-06-07,2025-10-18,Missouri,Grayburgh,gold,Online,Y,Friend Referral
CUST003164,Tara,Martin,tara.martin815@gmail.com,7645739087,Other,2000-10-04,2025-07-31,CA,Wilsonborough,GOLD,Online,no,Friend Referral
CUST000280,David,Villarreal,david.villarreal426@gmail.com,7196817946,F,1963-09-20,2023-01-30,Tennessee,Lake Jason,bronze,Mobile App,Y,TV Ad
CUST000837,Amanda,Diaz,amanda.diaz62@outlook.com,540-384-9932,M,1967-07-25,2026-03-19,Indiana,East Mark,bronze,Online,0,Search Engine
CUST005660,Megan,Avery,megan.avery684@yahoo.com,447-661-7704x5865,F,2010-01-01,2024-11-22,FL,Millerberg,Bronze,Mobile App,yes,Friend Referral
CUST003048,Matthew,Bond,matthew.bond58@outlook.com,+1-309-494-9194x37333,M,1970-10-06,2024-03-06,Tennessee,Stephanieside,Silver,Online,yes,
CUST001053,Jessica,Little,jessica.little789@gmail.com,001-419-339-7814x59009,F,1955-05-16,2023-08-07,Texas,Sweeneyville,bronze,Online,Y,Social Media
CUST001455,Antonio,Jenkins,antonio.jenkins59@outlook.com,001-560-551-6483x895,Other,1972-04-22,2021-01-02,MA,Charlesview,silver,In-Store,Y,Search Engine
CUST005835,Christopher,Griffith,christopher.griffith675@outlook.com,844-433-8285x4582,F,2005-10-31,2024-03-04,Florida,Juarezburgh,gold,Online,yes,Influencer
CUST000782,David,Newman,david.newman581@gmail.com,905.926.3510x0462,F,2006-08-27,2023-11-20,Virginia,Sharonborough,bronze,In-Store,yes,
CUST004037,Shawn,Hamilton,shawn.hamilton75@yahoo.com,001-227-469-9904x5082,F,1942-06-10,2025-09-13,Virginia,New Alexis,BRONZE,Mobile App,N,Search Engine
CUST001298,Michaela,Taylor,,,F,1948-10-23,2023-09-12,New York,South Andrewbury,bronze,Online,,
CUST005841,Andrew,Waters,andrew.waters193@outlook.com,613-849-8273x49294,M,1994-04-27,2024-12-10,WISCONSIN,Hamptonhaven,GOLD,Online,0,Friend Referral
CUST004936,Stephanie,Jacobs,stephanie.jacobs909@yahoo.com,(635)514-2354,M,1968-03-03,2021-10-04,FLORIDA,East Sean,bronze,Online,N,Walk-in
CUST000494,Gregory,Moreno,gregory.moreno302@outlook.com,+1-745-414-7541x022,F,1982-08-25,2024-08-17,Missouri,Lake Gloria,platinum,In-Store,1,Influencer
CUST005783,James,Norton,james.norton541@hotmail.com,607-896-9147x60492,Other,1961-04-20,2021-01-01,VA,Port Davidside,bronze,In-Store,,Search Engine
CUST005435,Andrew,Butler,andrew.butler754@yahoo.com,001-255-256-7794x204,Other,1982-06-01,2025-11-26,New Jersey,Glovermouth,BRONZE,Mobile App,,
CUST002670,Vanessa,Rasmussen,vanessa.rasmussen716@outlook.com,+1-486-484-9874x93203,F,1970-05-01,2026-03-18,Indiana,Joanland,Silver,Online,N,
CUST005462,Matthew,Lawrence,,,Other,,2024-12-02,MD,,SILVER,Mobile App,,
CUST000954,  Cynthia ,Poole,cynthia.poole981@outlook.com,(524)517-8429x0292,M,1945-10-11,2021-11-28,OH,Edwardsberg,gold,In-Store,0,
CUST005718,Kelsey,Lewis,kelsey.lewis980@hotmail.com,707.816.9521,F,2006-03-07,2021-08-04,New Jersey,East Janiceville,SILVER,In-Store,N,Friend Referral
CUST001894,Justin,Mitchell,justin.mitchell359@hotmail.com,(952)539-1886x7622,M,1950-02-23,2023-04-28,VIRGINIA,West Jennifer,Gold,In-Store,Y,Email Campaign
CUST000135,Michael,Gonzalez,michael.gonzalez360@gmail.com,+1-369-469-1557x924,F,1948-08-26,2024-07-29,MICHIGAN,Rosemouth,Bronze,Online,yes,Search Engine
CUST004450,Alejandra,Young,alejandra.young684@yahoo.com,6607810998,F,1978-08-18,2021-01-15,mi,East Brittney,bronze,In-Store,yes,Walk-in
CUST006037,Joseph,Wilson,JOSEPH.WILSON974@HOTMAIL.COM,431.353.4976,Other,1992-09-16,2020-09-23,NC,North Sarah,BRONZE,Mobile App,no,TV Ad
CUST005173,Christina,Williams,christina.williams832@yahoo.com,001-390-718-9265x003,M,1979-06-19,2021-03-04,NJ,South Anthonyport,bronze,In-Store,no,TV Ad
CUST005733,James,Figueroa,james.figueroa771@hotmail.com,+1-796-672-1113x2081,M,1981-08-30,2023-10-30,CA,Shelbyport,Silver,In-Store,Y,Friend Referral
CUST002185,Alan,Moore,alan.moore905@gmail.com,+1-631-296-0250x9270,F,1998-05-27,2022-01-27,IN,Lake April,silver,In-Store,Y,Walk-in
CUST004495,Thomas,Abbott,thomas.abbott734@yahoo.com,3216474550,F,1995-07-26,2026-01-10,MA,Sawyerfort,Bronze,In-Store,no,Email Campaign
CUST001140,Christopher,Vargas,christopher.vargas592@hotmail.com,,F,1967-06-09,2020-09-15,IN,South Tammyhaven,SILVER,Online,,
CUST002231,Alexander,Maxwell,alexander.maxwell616@hotmail.com,001-350-313-3672,F,1943-03-07,2024-10-27,VA,West Jonathanmouth,Bronze,Mobile App,N,Email Campaign
CUST006023,Richard,Mercer,RICHARD.MERCER52@YAHOO.COM,946-631-2842x092,M,1975-10-26,2023-10-08,New Jersey,Thompsonview,bronze,Mobile App,Y,Search Engine
CUST005483,Sharon,Maynard,,,Other,,2024-03-10,TENNESSEE,New Jacobmouth,gold,In-Store,,
CUST000342,Karen,Patton,karen.patton632@yahoo.com,5123495528,M,2005-01-30,2021-11-13,TX,East Ellen,SILVER,Online,yes,
CUST003805,Kaylee,Lopez,kaylee.lopez343@outlook.com,+1-713-449-7857,M,1950-08-26,2022-07-17,mi,Matthewburgh,Bronze,Online,Y,Friend Referral
CUST001528,Hannah,Graham,hannah.graham68@outlook.com,367-564-0323,F,1957-05-21,2023-08-16,WI,Robinshire,SILVER,In-Store,no,TV Ad
CUST006029,Chelsea,Martin,CHELSEA.MARTIN643@HOTMAIL.COM,309-716-3975x05792,Other,1945-10-22,2022-10-04,WI,Hutchinsonfurt,bronze,In-Store,N,
CUST004676,Alan,Carr,,,M,1981-11-07,07/06/2023,ILLINOIS,Edwardstad,SILVER,Online,,
CUST001899,Donna,Roberts,donna.roberts454@gmail.com,001-235-239-9875x9153,M,1981-09-27,2025-10-14,WI,Thompsonmouth,bronze,Online,Y,Walk-in
CUST004499,Joseph,Hart,joseph.hart277@hotmail.com,(860)564-0646x27886,M,1952-04-23,2021-08-18,Maryland,Port Robinchester,BRONZE,Mobile App,,Email Campaign
CUST000110,Victoria,Reyes,victoria.reyes225@yahoo.com,(251)228-6823,M,2001-07-19,2025-12-13,wi,Millerside,silver,In-Store,Y,Search Engine
CUST004119,Robert,Smith,robert.smith292@hotmail.com,226.615.1871,M,1983-05-29,2020-12-07,New Jersey,Jasonton,Bronze,Online,yes,Friend Referral
CUST003818,Lindsey,Elliott,lindsey.elliott6@gmail.com,(777)917-9567,M,1946-08-03,2023-05-29,Arizona,North Barbarahaven,gold,Mobile App,Y,Search Engine
CUST004901,Thomas,Lara,thomas.lara502@gmail.com,317-375-6565x88469,F,1973-05-28,2021-08-23,New Jersey,Georgehaven,Silver,Mobile App,0,
CUST000930,Ryan,Compton,ryan.compton158@hotmail.com,(641)913-4078x516,F,1987-06-20,02/17/2023,CA,North Alexanderfurt,Bronze,Mobile App,,
CUST001096,Jonathan,Floyd,jonathan.floyd686@outlook.com,001-811-597-3881x82730,M,1941-11-17,2022-12-31,AZ,Laurieland,Bronze,Mobile App,N,Walk-in
CUST002947,Anthony,Lopez,anthony.lopez240@gmail.com,809-668-3486x9871,M,2005-05-31,03/21/2026,Missouri,Daniellemouth,Bronze,Online,Y,Email Campaign
CUST001523,Craig,Phillips,craig.phillips520@gmail.com,+1-734-427-1866x925,Other,2009-01-28,2024-06-07,TX,Toddbury,Bronze,In-Store,1,Friend Referral
CUST004095,Caitlin,Obrien,caitlin.obrien923@yahoo.com,570.443.1345x5163,Other,1976-02-01,2021-03-30,California,North Harryshire,Bronze,Mobile App,N,Search Engine
CUST005883,Jerry,Carlson,jerry.carlson315@hotmail.com,698.287.7909x182,Other,1945-06-28,2024-01-12,Florida,Dianeburgh,BRONZE,In-Store,Y,Social Media
CUST004465,Jason,Lyons,jason.lyons831@yahoo.com,406-685-8893x8135,M,1983-12-15,2022-07-26,CA,Williamberg,bronze,In-Store,yes,TV Ad
CUST002959,  Nicole ,Byrd,nicole.byrd851@yahoo.com,+1-807-995-8254x67723,M,1980-07-31,2022-10-20,Texas,Colleenbury,BRONZE,In-Store,N,Social Media
CUST003265,Brent,Day,brent.day396@gmail.com,(268)771-7584,M,1955-07-23,2022-12-17,Virginia,Contreraston,platinum,Online,no,
CUST005472,Angela,Smith,angela.smith586@gmail.com,317.878.1703x14518,F,1961-12-19,2026-04-11,Massachusetts,South Jobury,SILVER,Online,0,Friend Referral
CUST005078,Alan,Fowler,alan.fowler908@hotmail.com,214.442.1402x0921,M,2004-01-04,2022-02-21,Tennessee,South Samanthabury,platinum,Mobile App,N,TV Ad
CUST000688,Ryan,Miller,ryan.miller772@gmail.com,240.280.3149x9825,M,1942-05-06,2021-04-12,Georgia,Lynchport,SILVER,Mobile App,,
CUST003560,Rachel,Rosario,rachel.rosario6@gmail.com,769.834.1152,M,1955-04-12,2024-04-20,IN,New Raymond,BRONZE,Mobile App,yes,Influencer
CUST004736,David,Griffin,,,M,,2025-08-10,Texas,,GOLD,In-Store,,
CUST002900,Matthew,Young,matthew.young630@gmail.com,678-618-2223x449,F,1972-06-04,2024-01-23,Arizona,North Richardhaven,silver,Online,,
CUST005218,Emily,Santos,emily.santos688@hotmail.com,(520)663-3995,Other,1984-08-20,2025-01-23,PA,Leeborough,BRONZE,Online,N,Walk-in
CUST004696,Jacqueline,Nelson,jacqueline.nelson183@yahoo.com,510.211.0600,Other,1948-08-10,2025-04-09,IL,West Sean,SILVER,Mobile App,Y,TV Ad
CUST000841,Emily,Jennings,emily.jennings134@hotmail.com,234-468-2394x840,F,1950-11-16,2021-10-12,TX,Ashleyville,Bronze,In-Store,0,Walk-in
CUST002551,Donna,Berger,,,F,,2024-08-22,MARYLAND,,bronze,Mobile App,,
CUST002923,Jacob,Mason,jacob.mason975@gmail.com,(447)908-0709,M,1953-09-13,2021-01-25,Ohio,Marcside,BRONZE,In-Store,yes,
CUST001870,Rebecca,Smith,rebecca.smith402@gmail.com,(497)726-6923,Other,1963-07-25,2024-01-17,GA,Kristinchester,Silver,In-Store,no,Search Engine
CUST003300,Jamie,Williams,jamie.williams478@yahoo.com,697.795.7377x56410,F,1967-09-19,2025-04-23,Missouri,Port Sarah,Platinum,Mobile App,N,Social Media
CUST002962,Justin,Contreras,justin.contreras960@hotmail.com,+1-456-450-5848x414,M,1965-08-01,2022-02-18,AZ,New Christopher,Silver,Online,0,
CUST002707,Michelle,Lee,michelle.lee795@yahoo.com,(665)677-9906x183,Other,1974-01-16,2024-01-07,California,Garciafort,SILVER,Online,Y,Search Engine
CUST003396,Wesley,Ford,wesley.ford710@gmail.com,001-710-200-4719x40656,M,1980-12-05,2023-06-13,OH,Micheleburgh,Gold,In-Store,Y,Friend Referral
CUST004033,Joseph,Walker,joseph.walker241@gmail.com,459.308.8700x251,Other,1960-01-11,2023-10-09,GA,Port Nicholas,silver,Mobile App,Y,Search Engine
CUST006078,Erin,Cross,ERIN.CROSS984@HOTMAIL.COM,816-448-7921x046,M,1986-08-08,2020-09-10,Virginia,Wardstad,BRONZE,Online,Y,TV Ad
CUST002343,James,Fletcher,james.fletcher637@hotmail.com,811-572-3035x82172,F,1983-10-19,2025-05-11,NEW YORK,South Jasonberg,GOLD,In-Store,,
CUST005148,Dwayne,Johnson,dwayne.johnson215@hotmail.com,(763)349-6070,M,1942-01-10,2021-11-02,Missouri,North Kristen,BRONZE,Online,,Social Media
CUST005349,Jesse,Powell,jesse.powell315@yahoo.com,610.879.1084x82417,F,1973-12-02,2021-04-11,Arizona,New Jessica,Bronze,In-Store,no,
CUST005334,Susan,Mccarthy,susan.mccarthy423@outlook.com,001-286-339-8771x56510,F,1965-03-18,2021-07-17,wa,West Joshua,silver,Online,Y,Social Media
CUST001216,Debra,Stokes,debra.stokes961@hotmail.com,984-990-7342x03197,M,1943-10-11,2022-01-11,mi,West Rhondaberg,bronze,Online,,Influencer
CUST003209,Scott,Kim,scott.kim615@yahoo.com,+1-717-933-0165x4876,F,1959-12-22,2022-09-02,TX,Victoriastad,silver,In-Store,,Search Engine
CUST004968,Diana,Strong,diana.strong616@hotmail.com,398.285.3396x193,M,1946-02-11,2026-02-27,Illinois,South Dana,SILVER,Mobile App,N,Walk-in
CUST001555,Wendy,Pearson,wendy.pearson973@yahoo.com,835-400-7883,F,1947-07-12,2024-09-01,GA,Owensfurt,Platinum,Mobile App,,
CUST004224,Pamela,Suarez,pamela.suarez741@yahoo.com,+1-536-559-6075x45422,M,1950-09-05,2020-09-25,NC,North Sydneyview,Platinum,Online,no,Social Media
CUST005876,Richard,Gutierrez,richard.gutierrez894@gmail.com,4705028558,F,1989-09-20,2023-06-24,TX,Port Gabriel,BRONZE,Online,N,Influencer
CUST004983,Michele,Wood,michele.wood784@hotmail.com,356-684-7756x269,M,1988-05-29,2021-04-17,GA,Donnatown,bronze,Online,N,Email Campaign
CUST005750,Joshua,Garcia,joshua.garcia647@yahoo.com,(613)929-1066,M,1973-09-03,2024-07-07,wi,East Angela,SILVER,Online,N,TV Ad
CUST005799,Jessica,Baird,,,F,,03/29/2026,VIRGINIA,,gold,Mobile App,,
CUST002061,  Timothy ,Smith,timothy.smith499@outlook.com,530.868.4836x81672,F,2002-09-20,2024-09-05,New York,Port Susanstad,silver,Online,Y,Search Engine
CUST005123,Richard,Sullivan,richard.sullivan472@outlook.com,325-833-7980x530,M,1953-07-02,2023-06-07,MA,Reneestad,Platinum,Mobile App,yes,Social Media
CUST005114,Sandra,Mueller,sandra.mueller980@hotmail.com,968-371-5612x2066,Other,1977-05-22,2021-07-15,Virginia,West Sharontown,GOLD,In-Store,,
CUST005201,George,Collins,george.collins115@gmail.com,848.549.0006x03229,F,1993-09-06,2025-08-25,Wisconsin,Villarrealchester,bronze,Online,yes,TV Ad
CUST004977,Christopher,Warren,christopher.warren93@yahoo.com,(565)833-6564,F,2009-03-14,2026-04-02,Massachusetts,East Tamarafurt,SILVER,Online,yes,Social Media
CUST004609,  Jennifer ,Espinoza,jennifer.espinoza57@yahoo.com,818-879-8785x928,M,1975-01-21,2020-11-14,MASSACHUSETTS,West Anthony,platinum,Mobile App,Y,Search Engine
CUST004851,Andrea,Young,andrea.young716@yahoo.com,326-677-0794,M,1976-06-11,2022-11-20,in,South Bruce,bronze,Mobile App,no,
CUST000893,David,King,david.king367@gmail.com,+1-719-449-0531,F,1942-01-19,2024-06-26,Virginia,New Kayla,Silver,Online,1,
CUST001973,Katelyn,Jensen,katelyn.jensen853@hotmail.com,(967)714-8533x31714,M,1966-12-01,2021-08-28,California,West Danielletown,Silver,In-Store,no,TV Ad
CUST000381,James,Hudson,james.hudson946@gmail.com,(579)298-4076x78997,M,1999-01-16,2020-12-20,Indiana,North Crystalchester,Silver,In-Store,0,
CUST003349,Amy,Decker,amy.decker578@yahoo.com,001-325-812-1189x46231,F,1976-02-11,2026-01-06,Pennsylvania,Lake Veronicashire,gold,Mobile App,N,Friend Referral
CUST002575,Natalie,Gill,natalie.gill209@gmail.com,690.681.3220x8220,M,1950-10-17,2023-08-08,MA,Allenhaven,bronze,Mobile App,,Social Media
CUST000305,Marie,Smith,marie.smith956@outlook.com,330-409-1093x911,M,1947-07-07,2021-04-11,Michigan,Bellport,BRONZE,Mobile App,1,Search Engine
CUST003220,David,Smith,david.smith92@gmail.com,(272)706-6754,F,1980-04-02,2025-08-28,GEORGIA,East Jennifer,gold,In-Store,no,Email Campaign
CUST000932,Paul,Stevens,,,F,,2022-01-13,TX,,GOLD,Online,,
CUST004273,James,Guerra,james.guerra615@hotmail.com,580-205-7252x944,Other,2001-08-02,2024-05-09,Virginia,Brownmouth,GOLD,Online,Y,Search Engine
CUST000959,Alexa,Browning,alexa.browning276@yahoo.com,463.385.5881x95977,Other,1991-04-09,2024-09-01,va,South Danielville,PLATINUM,Online,1,
CUST000615,Melvin,Ruiz,melvin.ruiz281@gmail.com,001-831-362-5265x469,F,1988-10-01,2024-09-27,North Carolina,Barnettmouth,bronze,Online,,Search Engine
CUST003585,Rachel,Malone,rachel.malone105@outlook.com,(802)578-7033x21583,F,1954-02-23,2023-11-03,WI,Nielsenfort,bronze,Mobile App,N,Influencer
CUST002000,Elizabeth,Lopez,elizabeth.lopez966@gmail.com,,Other,2004-05-24,2022-01-21,Georgia,Lake Cindyfort,bronze,In-Store,,
CUST002108,Elizabeth,Shaw,elizabeth.shaw333@hotmail.com,+1-875-904-0937x01185,F,1965-11-22,2025-07-16,WA,Maryland,Gold,Online,,
CUST000924,Morgan,Moss,morgan.moss162@outlook.com,629.804.5792x71472,F,1996-12-12,2023-12-24,ga,Mcneilhaven,gold,In-Store,1,Search Engine
CUST000460,David,Robertson,david.robertson982@hotmail.com,801.336.7492,Other,1964-05-15,2023-03-14,va,Lake Jennifer,BRONZE,In-Store,N,Email Campaign
CUST005959,Ryan,Wood,ryan.wood197@outlook.com,317-903-8486,F,1974-02-19,2023-05-04,IN,West Samantha,SILVER,Online,Y,Walk-in
CUST005980,Samantha,Brooks,samantha.brooks318@hotmail.com,342-623-5480,F,1970-06-04,07/01/2022,NJ,East Dylan,SILVER,Online,N,Friend Referral
CUST000409,Joshua,Frazier,joshua.frazier929@gmail.com,(587)550-6351x90361,F,1973-05-03,2022-10-11,CA,Lake Jeffreyview,gold,Online,no,Friend Referral
CUST004667,Crystal,Dixon,crystal.dixon494@gmail.com,906.207.8054x0712,Other,2001-05-24,2022-02-27,ARIZONA,Leonport,BRONZE,In-Store,Y,Search Engine
CUST004418,Eric,Howell,eric.howell284@outlook.com,+1-903-710-8461,Other,1977-02-12,2026-05-15,NY,Lake Juan,GOLD,In-Store,yes,Friend Referral
CUST000179,James,Whitaker,james.whitaker768@yahoo.com,001-934-457-8610x357,M,1999-04-06,2022-02-15,VA,Williamsstad,Platinum,Online,no,Social Media
CUST002331,Alexander,Nash,alexander.nash18@gmail.com,001-584-460-7456x25670,M,1979-12-08,2023-12-12,VIRGINIA,Crystalshire,Bronze,In-Store,N,Friend Referral
CUST002627,Sean,Gutierrez,sean.gutierrez698@gmail.com,(367)263-1143,M,1953-11-19,09/21/2020,GA,South Michelle,bronze,In-Store,Y,TV Ad
CUST004141,David,Lester,,,M,,2022-07-08,Indiana,Lisaville,BRONZE,In-Store,,
CUST003434,Christopher,Johnson,christopher.johnson25@outlook.com,(907)367-9575,F,1990-11-24,2025-04-06,TX,West Lindsayfurt,Bronze,Online,Y,Social Media
CUST005922,Anthony,Gibbs,anthony.gibbs178@gmail.com,2286443132,Other,1980-07-31,2023-10-13,Massachusetts,North Kayla,Bronze,Online,Y,
CUST006036,Lisa,Flores,LISA.FLORES472@OUTLOOK.COM,+1-953-968-1909,M,1980-04-17,2020-09-12,Georgia,Lake Jamieport,silver,Mobile App,N,Social Media
CUST001123,Christina,Salazar,,,Other,,2022-07-26,MI,Lake Cassandra,BRONZE,Online,,
CUST003923,Kelli,Acosta,kelli.acosta682@outlook.com,986-673-7021x9761,Other,1969-04-23,2020-09-07,Massachusetts,Lake Deborah,bronze,Mobile App,N,Email Campaign
CUST002422,Chad,Cannon,chad.cannon394@yahoo.com,806.977.7983,M,1980-04-05,2024-12-02,NEW YORK,Hernandezview,SILVER,Mobile App,N,Email Campaign
CUST000543,Calvin,Phillips,calvin.phillips675@gmail.com,(550)804-2548x82142,F,1972-06-11,2021-12-09,Florida,North Tracytown,Bronze,Online,Y,Social Media
CUST002655,Shawn,Collins,shawn.collins2@yahoo.com,518-720-0340,M,1947-04-28,2025-09-10,ARIZONA,Jamesfort,platinum,Mobile App,yes,Email Campaign
CUST005530,David,Boone,david.boone510@hotmail.com,236-652-0539x05045,F,1991-04-13,2025-08-21,IN,Campbellchester,Bronze,Mobile App,Y,Email Campaign
CUST003313,Caitlin,Turner,caitlin.turner338@gmail.com,+1-761-981-7457,F,1955-09-09,2020-10-12,Missouri,Amandaport,SILVER,In-Store,Y,Walk-in
CUST003521,Brittany,Simmons,brittany.simmons229@yahoo.com,+1-811-469-9347x877,M,1989-09-07,2024-10-23,VIRGINIA,Lake Leahport,bronze,Mobile App,Y,
CUST003286,Richard,Skinner,richard.skinner620@outlook.com,,M,2008-08-17,2025-11-29,MA,Whitefurt,Gold,Online,,
CUST005886,Gregory,Rogers,gregory.rogers359@yahoo.com,(715)205-7445,F,1986-03-20,2023-06-29,IL,New Toniburgh,bronze,In-Store,no,Social Media
CUST001077,Stephanie,Herrera,stephanie.herrera932@outlook.com,001-849-286-4786x86237,M,2005-03-24,2021-03-15,Wisconsin,Fernandezfurt,Bronze,Mobile App,Y,Email Campaign
CUST006062,Christopher,Bruce,CHRISTOPHER.BRUCE611@GMAIL.COM,297.440.1489,F,1985-10-26,2022-08-08,IL,New Samanthabury,Bronze,Online,Y,Influencer
CUST003102,Tammie,Williams,tammie.williams130@yahoo.com,(690)643-9878x8899,Other,1975-10-06,2022-07-21,Florida,Carolineton,Platinum,In-Store,N,Influencer
CUST005171,  Sandra ,Dennis,sandra.dennis27@yahoo.com,(878)937-0393x9687,F,1982-05-15,2022-03-15,WA,Padillaton,Silver,Mobile App,0,Social Media
CUST004457,Mark,Collins,mark.collins358@yahoo.com,+1-373-289-3911x281,M,1959-01-15,2024-12-05,Florida,Fordton,Bronze,In-Store,no,Walk-in
CUST005898,Corey,Ford,corey.ford700@hotmail.com,+1-754-274-6847x337,F,1987-11-07,02/08/2026,WI,New Michaelville,BRONZE,Online,1,Search Engine
CUST000995,Benjamin,Stevenson,benjamin.stevenson712@yahoo.com,295-729-6353,F,2008-12-05,2023-12-18,pa,South Scott,BRONZE,Online,0,Search Engine
CUST001719,Mariah,Rivera,mariah.rivera781@gmail.com,(772)338-2642,M,1988-04-08,2022-01-19,CA,West Micheleside,SILVER,Mobile App,1,
CUST003735,Teresa,Morris,teresa.morris964@outlook.com,(251)215-0355x5818,M,1967-03-29,2020-10-27,NC,South Michaelhaven,BRONZE,Mobile App,N,Friend Referral
CUST001619,Michael,Jackson,michael.jackson72@outlook.com,4813144157,F,1971-08-20,12/31/2022,Texas,West Michaelport,bronze,Online,1,Friend Referral
CUST000814,Laura,Martinez,laura.martinez157@hotmail.com,001-320-582-8323x089,F,1944-06-10,2024-12-17,Florida,New Timothyshire,PLATINUM,In-Store,Y,
CUST002113,Kylie,Crawford,kylie.crawford686@outlook.com,674.421.4209,F,1990-04-06,2021-10-09,Georgia,West Debra,bronze,In-Store,1,Search Engine
CUST002475,James,Garcia,james.garcia830@yahoo.com,670.595.2185x8680,F,1940-10-11,2023-08-29,Tennessee,Lake Randyfurt,gold,Mobile App,N,Friend Referral
CUST003898,Derek,Mendoza,derek.mendoza904@hotmail.com,765-780-6438,Other,2000-08-29,2025-09-08,NY,Port David,GOLD,Online,1,
CUST002135,Brandy,Morales,brandy.morales939@outlook.com,644-369-6458x924,F,1944-09-23,2022-10-13,NJ,Garciahaven,SILVER,In-Store,1,Walk-in
CUST005280,Carolyn,Reed,carolyn.reed360@hotmail.com,001-499-376-5304x827,M,1977-10-16,2024-11-10,Massachusetts,Julieland,Silver,Mobile App,no,Search Engine
CUST005895,  Donald ,Martin,donald.martin139@yahoo.com,375.746.2969x3472,M,1990-06-10,2025-11-24,IN,Lake Tammyhaven,BRONZE,In-Store,N,Influencer
CUST001615,  Michelle ,Jones,michelle.jones496@outlook.com,430-565-8744x8883,M,1986-08-05,2023-12-06,Virginia,East Ian,PLATINUM,Online,,TV Ad
CUST001209,Robert,Cruz,robert.cruz355@hotmail.com,001-778-364-5786x5557,Other,1949-12-11,2021-04-01,Indiana,Michaelmouth,silver,Online,no,Influencer
CUST006052,Douglas,Hunt,,,F,,2026-01-19,OH,,Gold,Mobile App,,
CUST004548,Gary,Steele,gary.steele507@yahoo.com,7947469789,M,2005-04-05,2025-10-09,TN,Robertfurt,BRONZE,In-Store,no,Email Campaign
CUST005479,Tina,Carr,tina.carr726@gmail.com,001-767-665-8179x948,F,1947-07-18,2026-02-20,GEORGIA,Port Kelly,platinum,In-Store,no,Search Engine
CUST001578,Amanda,Paul,amanda.paul763@yahoo.com,317.649.0584x9688,F,2003-09-17,2025-02-19,MO,Port Alyssamouth,gold,In-Store,Y,
CUST005069,Craig,Wright,craig.wright74@hotmail.com,(324)382-9229x43227,M,2000-10-17,2025-12-15,NY,New Sheryl,BRONZE,Mobile App,Y,Influencer
CUST003580,Dustin,Martinez,dustin.martinez896@hotmail.com,987-987-3405x38676,M,1962-07-17,2022-07-17,New Jersey,North Troy,Silver,Online,Y,Walk-in
CUST003123,Kayla,Nunez,kayla.nunez637@gmail.com,654.735.1290,F,1945-09-22,2025-05-27,OH,Sierraberg,BRONZE,Mobile App,no,Email Campaign
CUST004144,Madeline,Thomas,madeline.thomas59@outlook.com,719-987-8333x3065,M,1948-06-27,2026-04-01,IN,South George,SILVER,In-Store,no,Social Media
CUST003408,Daniel,Velez,daniel.velez719@yahoo.com,405-915-9490x60356,M,1961-04-17,2022-06-03,IL,Lynchtown,Gold,In-Store,no,Social Media
CUST002017,Gregory,Beck,gregory.beck886@hotmail.com,(536)683-1275,Other,1982-07-12,2025-05-22,MO,Grahamburgh,bronze,Mobile App,1,Influencer
CUST004860,Charles,Vaughn,charles.vaughn668@gmail.com,(473)560-5171x36445,M,1990-04-19,2025-10-25,Illinois,North Henryfort,bronze,Online,no,Social Media
CUST004394,Jacqueline,Preston,jacqueline.preston929@outlook.com,881.979.4632x9514,M,1988-03-31,2020-10-26,AZ,Kimberlystad,bronze,Online,Y,
CUST004158,Matthew,Franklin,matthew.franklin785@gmail.com,001-246-949-5665x6602,M,1948-05-06,2023-12-15,MARYLAND,New Ivanview,BRONZE,In-Store,N,
CUST002363,Alicia,Mcfarland,alicia.mcfarland482@yahoo.com,2082059801,Other,1957-05-03,2025-10-14,FL,Robertchester,Bronze,Mobile App,yes,
CUST004865,Joy,Stevens,joy.stevens37@outlook.com,001-617-861-4702x7940,M,2004-03-27,2026-05-17,NEW JERSEY,Leblancland,gold,Online,1,Walk-in
CUST003224,Gina,Rollins,gina.rollins106@yahoo.com,(410)736-7400,M,1960-07-12,2021-03-07,Illinois,New Ashley,Bronze,Mobile App,Y,TV Ad
CUST003586,Bernard,Mccarthy,bernard.mccarthy580@outlook.com,843.460.4898x833,Other,1984-05-09,2023-08-25,New Jersey,Aliciachester,BRONZE,In-Store,Y,TV Ad
CUST000198,Latoya,Richmond,latoya.richmond195@yahoo.com,550-237-5899x75711,F,1985-04-20,2025-11-08,MD,Lake Emily,silver,Mobile App,no,
CUST000171,Donna,Evans,donna.evans341@yahoo.com,5614497310,F,1947-05-23,2022-12-17,MD,Hernandezstad,bronze,In-Store,0,Friend Referral
CUST005294,Teresa,Elliott,teresa.elliott462@outlook.com,293.317.5009x56148,F,1959-11-14,2024-04-13,MI,Michealborough,gold,In-Store,N,Influencer
CUST003333,David,Lopez,david.lopez249@gmail.com,(711)282-2241x329,Other,1958-07-02,2025-05-21,Massachusetts,Hillville,silver,Mobile App,Y,Social Media
CUST005639,Tammy,Huynh,tammy.huynh791@gmail.com,(359)440-2161x4370,F,1966-04-19,2025-12-28,New York,New Jessicaport,Silver,Mobile App,N,Search Engine
CUST002980,Latasha,Hanson,latasha.hanson419@yahoo.com,3205388707,F,1960-12-21,2022-03-01,NJ,West Lawrenceland,SILVER,In-Store,Y,Friend Referral
CUST003784,Richard,Bender,richard.bender481@gmail.com,748.839.7200x66329,M,1994-08-16,2023-05-20,WI,Martineztown,Bronze,In-Store,Y,Search Engine
CUST004898,Ann,Wagner,ann.wagner829@gmail.com,807.773.8345x36535,M,1995-11-01,2025-12-31,in,East Kyleport,GOLD,Mobile App,N,Social Media
CUST001302,Dustin,Howell,dustin.howell658@hotmail.com,+1-201-515-4617x5808,Other,1994-02-15,03/20/2021,Virginia,West Brendan,gold,In-Store,Y,Social Media
CUST005546,Lori,Schmidt,lori.schmidt45@yahoo.com,+1-775-479-0603x20991,F,2007-06-14,2024-02-28,TX,New Audreyfort,Platinum,Mobile App,1,Social Media
CUST005459,Heather,Reeves,heather.reeves181@hotmail.com,329-842-2669,M,1985-12-20,2024-07-16,OH,West Bonniestad,BRONZE,Mobile App,N,Walk-in
CUST003170,Amanda,Estrada,amanda.estrada822@hotmail.com,764.306.9580,F,1969-03-27,2020-12-13,az,Jonesville,bronze,Mobile App,Y,
CUST004922,Stephen,Moses,stephen.moses666@yahoo.com,5075057377,F,1950-03-20,2022-03-27,Michigan,North Alice,bronze,Mobile App,,
CUST003780,Caitlyn,Olson,caitlyn.olson749@yahoo.com,609-420-0911,Other,1995-08-05,06/17/2026,MA,New Dustin,Bronze,Online,no,TV Ad
CUST002014,Debra,Sanders,debra.sanders883@hotmail.com,001-653-922-3072,F,1965-04-18,2023-10-01,GEORGIA,Lake Jasmine,bronze,Online,Y,Email Campaign
CUST001492,Patricia,Moran,patricia.moran123@yahoo.com,904-320-5986x85697,F,1957-04-18,2021-06-09,WA,South Ryanland,Gold,Online,,Search Engine
CUST002629,Jessica,Oneal,jessica.oneal836@gmail.com,916.674.2895x40584,F,1960-05-13,2021-10-30,IN,Port Rebecca,SILVER,Mobile App,Y,Walk-in
CUST000550,Ryan,Fields,ryan.fields615@hotmail.com,001-883-877-4419x754,F,1953-08-11,2025-06-09,PA,East William,PLATINUM,Mobile App,,TV Ad
CUST002033,Stephen,Christensen,stephen.christensen505@gmail.com,+1-930-832-5369x52558,F,1952-08-05,2025-02-21,TEXAS,Peterhaven,gold,Mobile App,N,Friend Referral
CUST004913,Tony,Blair,tony.blair473@hotmail.com,557.943.3950,F,1998-02-02,2021-11-06,Massachusetts,West Nichole,Gold,Online,0,
CUST005727,Jeffrey,Thompson,jeffrey.thompson786@outlook.com,+1-729-620-6793x8573,F,1958-09-04,2023-05-15,NEW YORK,Kimburgh,platinum,Online,no,Walk-in
CUST000416,Mark,Garcia,mark.garcia884@yahoo.com,+1-233-779-3375x6362,M,2002-01-01,2025-12-21,VA,Robinsontown,SILVER,Mobile App,N,Walk-in
CUST005626,Mark,Shaw,mark.shaw428@hotmail.com,+1-742-507-1031x42106,F,1980-08-03,2026-04-30,MARYLAND,Lake Andrew,GOLD,Online,Y,Walk-in
CUST001280,Shawn,Martinez,shawn.martinez841@hotmail.com,858-455-7490,F,1948-06-01,2022-08-07,Ohio,Port Raymond,SILVER,Mobile App,0,Walk-in
CUST001093,  Margaret ,Barnett,margaret.barnett160@hotmail.com,001-965-662-2419x768,F,1953-07-03,2023-04-24,Massachusetts,New Philipchester,Bronze,In-Store,0,Social Media
CUST004879,David,Hart,david.hart83@gmail.com,872-535-2488x071,F,1945-12-20,08/15/2023,MISSOURI,East David,GOLD,Mobile App,0,Email Campaign
CUST001843,Chad,Cox,chad.cox227@yahoo.com,+1-487-227-5442,M,1960-10-19,2024-04-19,WASHINGTON,Morenoshire,bronze,Online,0,Search Engine
CUST000935,Paul,Lopez,paul.lopez439@gmail.com,001-396-926-4222x975,M,1945-11-25,2023-10-29,Missouri,West Christopher,Bronze,Online,0,TV Ad
CUST002353,Andrew,Russell,andrew.russell673@outlook.com,348.870.9295,M,1975-08-29,2021-06-07,Virginia,East Peter,bronze,Online,Y,Email Campaign
CUST002428,Alexander,White,,,F,,2026-03-21,New Jersey,,bronze,Online,,
CUST003707,Katelyn,Campos,katelyn.campos924@gmail.com,+1-343-678-8724x275,F,1961-05-25,2025-10-10,Maryland,Lake Timothy,PLATINUM,Mobile App,yes,
CUST003342,Luis,Brown,luis.brown733@outlook.com,+1-748-419-0604,M,1963-01-09,2023-03-09,Illinois,East Matthew,Bronze,In-Store,N,Walk-in
CUST000330,Jorge,Lopez,jorge.lopez430@hotmail.com,(778)428-4106x727,M,1980-01-19,2020-11-15,INDIANA,Tiffanyberg,Platinum,Online,1,Search Engine
CUST005508,Amanda,Sandoval,amanda.sandoval141@outlook.com,510-990-9043,Other,1944-02-07,2024-01-15,California,Roseside,BRONZE,Online,Y,Influencer
CUST002200,Anthony,Blair,anthony.blair86@outlook.com,001-261-349-0910,M,1951-01-30,2023-03-01,ARIZONA,Melissaton,silver,Online,,Walk-in
CUST001926,John,Haynes,john.haynes988@outlook.com,9797921645,Other,1970-04-23,08/03/2024,IN,South Connorport,gold,In-Store,Y,Search Engine
CUST003693,Paul,Martinez,paul.martinez734@outlook.com,321.781.6704,Other,1964-02-13,2021-02-02,Illinois,North Robin,SILVER,Mobile App,N,Search Engine
CUST002129,Ryan,Bean,ryan.bean317@hotmail.com,220-454-0515x5674,Other,1971-12-11,2026-06-23,Massachusetts,Port Jessicaview,SILVER,Mobile App,,
CUST001025,Monique,Smith,monique.smith699@yahoo.com,938.805.8269x29900,M,1984-11-25,2022-07-29,MO,West John,BRONZE,Online,,Walk-in
CUST001043,Angela,Joseph,angela.joseph226@outlook.com,(952)751-6185,Other,1963-02-28,2022-07-25,North Carolina,New Elizabeth,silver,Online,N,Friend Referral
CUST004360,Daniel,Martinez,daniel.martinez799@outlook.com,001-993-888-6848,F,1983-10-02,2022-05-23,WI,Thomasmouth,platinum,Online,Y,Search Engine
CUST001378,Paul,Jones,,,F,,2025-03-19,GEORGIA,,BRONZE,In-Store,,
CUST002851,Michael,Chan,michael.chan88@hotmail.com,326-443-8470,M,1954-12-27,2026-01-05,MA,North Austinshire,PLATINUM,In-Store,Y,Friend Referral
CUST005093,David,Griffin,david.griffin369@outlook.com,3982741826,M,1998-03-29,2024-07-09,GEORGIA,Lake Michaelport,gold,Online,0,
CUST001538,  Martin ,Cohen,martin.cohen253@yahoo.com,001-284-922-6230x036,F,1942-01-15,2026-03-30,Massachusetts,North Williamport,platinum,In-Store,N,TV Ad
CUST000025,  Linda ,Dominguez,linda.dominguez949@yahoo.com,+1-688-595-7986x87277,Other,1973-03-12,2023-12-02,CALIFORNIA,South Dennismouth,BRONZE,Mobile App,no,Email Campaign
CUST000686,Rachel,Jimenez,rachel.jimenez594@yahoo.com,(271)781-5352x3736,M,1982-12-02,2026-06-24,Georgia,Sharonside,gold,Mobile App,Y,Social Media
CUST000944,Benjamin,Patterson,,,M,,2023-11-11,Missouri,,gold,In-Store,,
CUST000683,Cody,Kelly,cody.kelly140@gmail.com,(233)751-5718x4090,F,1990-03-08,10/15/2025,Maryland,Davisview,GOLD,Mobile App,yes,Friend Referral
CUST002117,Mark,Watson,mark.watson738@outlook.com,984-512-3222x320,F,1994-03-22,2020-12-06,Virginia,Richardshire,bronze,Mobile App,0,
CUST003655,Mary,Benjamin,mary.benjamin907@outlook.com,3493506925,M,2009-08-13,2023-07-19,TN,Olsonview,SILVER,In-Store,0,
CUST000193,Joanna,Davis,joanna.davis790@outlook.com,857-994-1552x16674,F,1993-10-01,2020-12-09,TEXAS,Lake Deborah,silver,Mobile App,yes,
CUST003208,Andrew,Miller,andrew.miller608@gmail.com,001-432-547-0730x81414,Other,1968-10-28,2024-07-05,TX,Port Marissaland,Bronze,In-Store,1,Walk-in
CUST005346,Anna,Alexander,anna.alexander250@outlook.com,589.434.1996x17644,F,1996-05-06,2025-06-05,FL,North Kevinshire,BRONZE,In-Store,0,
CUST004719,Sarah,Martin,sarah.martin488@outlook.com,+1-556-258-0905,F,1944-10-03,2024-11-03,wi,New Scottberg,Bronze,In-Store,,
CUST004025,Amanda,Smith,amanda.smith649@hotmail.com,001-986-522-0686,Other,1942-06-25,2021-04-14,Pennsylvania,South Maryside,BRONZE,Mobile App,Y,Walk-in
CUST002366,Melinda,Randolph,melinda.randolph174@outlook.com,392-263-8987x4955,M,1987-01-11,2023-01-20,Indiana,Amandabury,SILVER,Online,N,Friend Referral
CUST003800,Gina,Pratt,gina.pratt150@hotmail.com,860.844.7070,F,1985-10-28,2020-11-21,New York,East Melanie,gold,In-Store,no,Influencer
CUST000624,Diane,Hill,diane.hill245@yahoo.com,8537194979,M,1973-01-17,2025-04-10,WA,Coltonbury,SILVER,Mobile App,,
CUST000726,Paul,Walters,paul.walters730@gmail.com,+1-910-239-0339,Other,1968-05-19,2023-08-23,in,Travischester,Bronze,Online,N,Friend Referral
CUST001930,Stacy,Davidson,stacy.davidson94@gmail.com,001-878-548-7989,F,1970-10-02,2023-12-23,MI,Angelafurt,platinum,Online,no,Influencer
CUST001444,Tiffany,Blake,tiffany.blake826@hotmail.com,001-732-355-4411x818,F,1972-04-12,2022-03-18,Tennessee,Nicholasstad,Gold,Online,Y,TV Ad
CUST000609,  Annette ,Gutierrez,annette.gutierrez381@hotmail.com,,F,1999-02-22,2022-04-05,tn,East Tiffany,GOLD,Online,,
CUST000585,Stacy,Burton,stacy.burton784@gmail.com,327.927.4231x8306,F,1957-11-21,2024-02-01,Missouri,Lake James,BRONZE,Mobile App,yes,Influencer
CUST003089,Benjamin,Hopkins,benjamin.hopkins328@outlook.com,810.244.9071x1364,F,1997-08-09,2020-10-18,Missouri,New Ashleebury,platinum,Mobile App,N,
CUST005820,Stacy,Anderson,stacy.anderson121@outlook.com,207.574.4208x4444,M,1991-07-19,2025-03-16,NC,Barbarabury,Bronze,In-Store,N,
CUST002977,Mary,Mitchell,mary.mitchell347@gmail.com,916-548-6689x8239,M,1985-05-13,2025-07-24,New Jersey,South Michael,silver,In-Store,yes,Social Media
CUST003403,Austin,Atkinson,austin.atkinson482@outlook.com,001-871-278-7896x753,Other,1991-05-30,2022-06-01,IN,West Emilytown,BRONZE,Mobile App,,Influencer
CUST000200,Jason,Summers,jason.summers864@hotmail.com,277-898-2708,F,1954-01-06,2022-08-22,TN,Williamsshire,Bronze,Online,N,Walk-in
CUST003945,James,Buck,james.buck854@yahoo.com,381.805.0898x940,Other,1960-01-02,2024-10-17,IL,East Brian,silver,Online,Y,
CUST006061,Hunter,Jackson,HUNTER.JACKSON483@OUTLOOK.COM,648.327.6769,M,1957-08-12,2021-01-30,Illinois,Cookville,Bronze,Mobile App,Y,Email Campaign
CUST000579,  Charles ,Mccall,charles.mccall621@yahoo.com,872-729-8120x9957,F,2007-03-03,2025-12-22,WI,Yangchester,Silver,Online,Y,TV Ad
CUST001563,Jennifer,Bird,jennifer.bird222@yahoo.com,2228209755,Other,1999-02-19,2026-03-11,California,Wushire,Gold,In-Store,no,Walk-in
CUST000997,Sandra,Gutierrez,sandra.gutierrez176@hotmail.com,001-534-641-4916x9993,F,1971-02-06,2022-05-30,VIRGINIA,Karenport,platinum,Mobile App,Y,Email Campaign
CUST001667,Kristin,Walker,kristin.walker376@outlook.com,+1-289-710-9619x68045,M,1996-01-10,2025-06-03,MICHIGAN,Carolside,Silver,Mobile App,Y,
CUST004834,Christina,Gregory,christina.gregory432@yahoo.com,001-663-688-3486x30188,Other,1948-06-09,2022-04-29,IN,Sullivanview,Silver,In-Store,N,
CUST003729,Samantha,Bell,samantha.bell591@yahoo.com,(624)589-1360,Other,1946-06-23,2024-05-17,pa,South Brian,bronze,Mobile App,Y,Influencer
CUST001390,Aaron,Carter,aaron.carter33@outlook.com,575.886.7036x5620,F,2005-02-13,2025-09-04,CA,Port Rebecca,GOLD,In-Store,1,TV Ad
CUST001687,Tiffany,Robinson,tiffany.robinson566@outlook.com,(223)695-4807,Other,1949-08-09,2025-12-05,OH,East Jasonburgh,Gold,Online,yes,TV Ad
CUST004806,Dawn,Deleon,dawn.deleon419@yahoo.com,(388)334-6258x041,F,1960-05-04,2025-06-03,VIRGINIA,Washingtonhaven,silver,Online,N,Email Campaign
CUST004941,Willie,Davis,willie.davis726@yahoo.com,(568)903-6026x51635,M,1944-05-07,2022-07-09,AZ,Andersonton,SILVER,Online,0,Walk-in
CUST004451,Gregory,Bright,gregory.bright42@gmail.com,343.641.8424x3504,M,1989-05-19,2023-02-01,Wisconsin,East Joseberg,Bronze,Mobile App,,Social Media
CUST006072,Tracy,Haley,TRACY.HALEY796@GMAIL.COM,(760)294-0447x5017,M,1998-06-20,2025-07-26,ARIZONA,South Cindyberg,bronze,Mobile App,0,Walk-in
CUST002030,Melissa,Dodson,melissa.dodson683@yahoo.com,923-743-3536,M,1964-11-06,2023-05-01,ca,Mooremouth,BRONZE,Online,0,Social Media
CUST004787,Justin,Jones,justin.jones277@yahoo.com,789-270-9649x654,F,1968-07-03,2024-10-13,New Jersey,Wrightshire,Bronze,Online,N,Social Media
CUST005982,David,Hansen,david.hansen484@gmail.com,(518)648-2018x56545,M,1959-06-21,2022-04-28,TX,New Reginaborough,Silver,Mobile App,,
CUST001055,James,Nunez,james.nunez58@outlook.com,703-782-9742,F,1942-01-27,2025-01-02,Tennessee,New Johnshire,Silver,Online,Y,Social Media
CUST005258,Gina,Blake,gina.blake690@gmail.com,527-202-0945x5746,M,1948-03-16,2021-04-08,Wisconsin,Dunnmouth,Silver,Mobile App,no,Walk-in
CUST002460,David,Mitchell,david.mitchell269@hotmail.com,222.818.1951x71907,M,1998-12-08,2025-06-08,TN,North Michaelmouth,BRONZE,Mobile App,yes,Search Engine
CUST000842,Timothy,Walker,timothy.walker893@outlook.com,701-268-3113,Other,1941-02-17,08/19/2025,IN,Burkefurt,silver,In-Store,yes,
CUST001054,Sean,Ray,sean.ray88@yahoo.com,235.715.8807,Other,1966-08-09,2021-07-14,nj,Middletonshire,bronze,Mobile App,no,Friend Referral
CUST005640,Mitchell,Watkins,mitchell.watkins562@gmail.com,361.767.4148x3157,M,1966-06-10,2025-08-24,Wisconsin,Lewisland,bronze,Mobile App,no,Walk-in
CUST003462,Dustin,Lowery,dustin.lowery532@hotmail.com,505.571.7159x183,M,1958-05-02,2026-02-18,New York,Wallacestad,GOLD,Mobile App,Y,
CUST001195,Amber,Sanchez,amber.sanchez554@outlook.com,(867)633-3297x323,M,1941-02-03,2024-05-30,Georgia,East Anthony,BRONZE,In-Store,1,Walk-in
CUST001847,Sharon,Reed,sharon.reed722@outlook.com,001-883-887-1355,F,1990-03-14,2023-09-20,OH,Charlesmouth,SILVER,Mobile App,Y,Search Engine
CUST003650,Jeffrey,Howard,jeffrey.howard119@outlook.com,834-590-9342x692,M,1967-12-21,2024-01-21,Massachusetts,Campbellberg,bronze,In-Store,N,
CUST000070,Dwayne,Gonzalez,dwayne.gonzalez873@yahoo.com,999.679.9552x717,M,1982-11-04,2025-02-05,Maryland,East Stephaniefort,Gold,Online,1,
CUST001530,Sharon,Edwards,sharon.edwards420@hotmail.com,236-886-8111x433,M,2004-03-01,2023-02-01,TX,Jonathanhaven,GOLD,Mobile App,yes,
CUST000577,Christopher,Fisher,christopher.fisher122@yahoo.com,2218648712,Other,2009-07-02,2024-01-10,MISSOURI,East Nancy,Bronze,Mobile App,Y,TV Ad
CUST000520,Julia,Anderson,julia.anderson652@hotmail.com,338-936-4041x2091,Other,1972-06-07,05/07/2024,MA,Jacobbury,silver,Mobile App,,Influencer
CUST005910,Jessica,Reyes,jessica.reyes580@hotmail.com,001-804-686-9357x2347,F,2001-08-15,2024-03-09,NY,North Anthony,bronze,In-Store,0,Friend Referral
CUST001087,Susan,Myers,susan.myers294@hotmail.com,(773)953-6423,M,1943-01-13,2022-09-09,Texas,South Josemouth,bronze,Mobile App,Y,
CUST003668,Christine,Hansen,christine.hansen72@gmail.com,001-837-899-5688x085,Other,1966-04-16,2023-08-28,mi,Tannermouth,Gold,Mobile App,Y,
CUST000296,Mary,Moore,mary.moore882@hotmail.com,8274621267,M,2010-06-30,2024-07-28,MD,North Charles,Bronze,Online,N,Email Campaign
CUST003303,Jessica,Pennington,jessica.pennington260@gmail.com,211-437-2367,F,1955-08-17,2022-09-12,IL,Port Paulabury,bronze,In-Store,Y,
CUST001814,Lindsay,Williams,lindsay.williams116@yahoo.com,(227)355-3779x38546,Other,1941-04-14,2023-12-25,Pennsylvania,South Kenneth,Gold,Online,,TV Ad
CUST004404,Vanessa,Bailey,vanessa.bailey837@hotmail.com,623-882-3892x5658,M,1994-07-25,2021-03-19,Georgia,South Dennis,bronze,Online,yes,Email Campaign
CUST001762,Lisa,Rodriguez,lisa.rodriguez163@gmail.com,+1-903-713-8783x05682,Other,1946-11-28,2023-02-13,MI,East Mike,BRONZE,In-Store,Y,TV Ad
CUST002583,Ashley,Willis,ashley.willis724@hotmail.com,444-865-7481x4525,F,2006-07-26,2025-05-29,NC,Craigport,bronze,Online,,
CUST002576,April,Hopkins,april.hopkins29@hotmail.com,464-795-7104,M,1990-10-25,2025-09-08,MI,New Travisside,bronze,Online,0,Social Media
CUST001547,Mark,Leon,mark.leon569@yahoo.com,937-898-3045,M,1980-02-14,2023-04-02,MA,Crawfordland,SILVER,Mobile App,N,
CUST000314,Joshua,Todd,joshua.todd654@gmail.com,001-302-219-6207,M,1952-06-09,10/29/2022,Florida,South John,Silver,Online,0,
CUST002082,Raymond,Ramirez,raymond.ramirez512@outlook.com,393-788-9531,M,1997-12-02,2021-08-03,MD,Taylorton,GOLD,Online,1,TV Ad
CUST000948,Kristen,Mccullough,kristen.mccullough369@hotmail.com,951-753-2594,M,1965-09-09,2026-04-10,NEW YORK,East Michelleton,BRONZE,In-Store,no,Walk-in
CUST000559,Sharon,Mercer,sharon.mercer771@gmail.com,001-302-838-5037x19905,F,1986-05-27,11/10/2020,WASHINGTON,Greenmouth,BRONZE,Online,yes,Friend Referral
CUST003887,Laura,Aguilar,,,M,,2021-02-18,Michigan,,Bronze,In-Store,,
CUST004855,Sarah,Christian,sarah.christian502@gmail.com,(889)377-3536x86669,M,1962-09-12,2021-07-09,Florida,Adamview,Bronze,In-Store,1,Friend Referral
CUST005028,Anthony,Kelly,anthony.kelly757@hotmail.com,+1-524-747-8843x00507,M,1993-11-04,2023-04-29,Michigan,New Matthewland,gold,Online,1,Email Campaign
CUST004975,  Kathleen ,Wilson,kathleen.wilson371@outlook.com,464.735.0701,M,1965-12-25,2022-10-05,TX,North Michaelmouth,bronze,In-Store,Y,
CUST004242,Laura,Johnson,laura.johnson749@hotmail.com,+1-529-404-5057,M,1984-11-02,2025-10-29,New York,Roweview,silver,Mobile App,Y,Friend Referral
CUST000003,Jessica,Herrera,jessica.herrera604@outlook.com,001-831-603-4131,Other,2008-10-16,2022-11-16,Arizona,Mariastad,Gold,Mobile App,Y,Walk-in
CUST000464,Denise,Miller,denise.miller553@hotmail.com,+1-926-403-4084,Other,1958-08-25,2025-01-21,NC,North Williamstad,Silver,Online,0,Walk-in
CUST000635,Nicole,Elliott,nicole.elliott916@hotmail.com,674.422.2946x4303,M,1990-08-22,2022-06-16,az,New Cynthia,SILVER,In-Store,,
CUST002123,Zachary,Doyle,zachary.doyle496@yahoo.com,853-930-7066,M,1956-01-07,2021-01-30,AZ,Ronaldport,bronze,Mobile App,Y,Friend Referral
CUST003790,Angela,Blake,angela.blake162@hotmail.com,+1-282-210-6286x8521,F,1964-01-16,2024-01-28,Florida,Port Joanna,silver,In-Store,N,Influencer
CUST001071,James,Mullen,james.mullen62@gmail.com,2019732590,F,1981-07-06,2020-09-24,Michigan,Alvarezmouth,Silver,Online,,
CUST004410,Shawn,Norman,shawn.norman622@gmail.com,(911)421-9618,Other,1984-01-09,2022-10-04,NJ,Webbshire,BRONZE,Mobile App,no,Email Campaign
CUST004791,Christopher,Reese,christopher.reese913@hotmail.com,487.553.5966,F,1969-07-10,2020-12-22,WI,Nicoletown,Gold,In-Store,N,Influencer
CUST000155,Micheal,Bonilla,micheal.bonilla961@gmail.com,(803)985-0506x41383,M,2010-07-09,2025-03-10,IL,East Adam,BRONZE,In-Store,0,Friend Referral
CUST002355,  Tonya ,Walker,tonya.walker60@yahoo.com,376-852-2469x685,Other,1941-03-02,2025-04-25,Washington,Villegasview,bronze,In-Store,N,Search Engine
CUST005356,Matthew,Ryan,matthew.ryan997@gmail.com,001-950-556-3530x678,M,1945-04-25,2025-06-14,tn,Amandamouth,Silver,In-Store,Y,TV Ad
CUST002649,Stephanie,Henderson,stephanie.henderson453@gmail.com,(551)863-9172x71548,Other,1966-07-27,2021-03-19,FL,West Samuel,Bronze,In-Store,Y,Search Engine
CUST003566,William,Cox,william.cox229@outlook.com,642-338-1454x0327,M,1971-02-07,2026-03-23,California,East Bryceland,Bronze,In-Store,Y,Friend Referral
CUST005830,Nicholas,Roach,nicholas.roach524@gmail.com,(260)691-7310,F,1950-02-08,11/18/2024,WI,East Mary,GOLD,Online,N,
CUST000611,Zachary,Welch,zachary.welch946@hotmail.com,+1-790-651-5026x75512,Other,1973-12-09,2023-05-24,Illinois,Nathanfurt,silver,Online,1,TV Ad
CUST005287,Phillip,Martin,phillip.martin324@yahoo.com,001-444-309-3069x4827,F,1951-02-08,2025-12-23,Pennsylvania,Port Brendanland,Silver,Mobile App,Y,Email Campaign
CUST003485,Dana,Anderson,dana.anderson421@hotmail.com,+1-840-499-5550,F,1946-11-26,2022-10-09,Maryland,East John,Bronze,Online,Y,Search Engine
CUST003439,Sarah,Nelson,sarah.nelson676@outlook.com,001-791-808-7717,M,1955-03-05,2021-01-11,VA,Gwendolynmouth,silver,Mobile App,1,TV Ad
CUST003782,Jeffrey,Young,jeffrey.young509@outlook.com,+1-922-435-3755,M,1991-07-23,2026-01-10,FL,Lake Melanie,SILVER,In-Store,no,
CUST005473,Amber,Castillo,amber.castillo633@gmail.com,(529)628-9237x1060,M,1988-07-20,2022-11-19,Indiana,Lake Jeremystad,BRONZE,In-Store,0,
CUST004909,Michele,Hicks,michele.hicks812@gmail.com,,F,1957-02-21,2026-05-25,Maryland,Atkinsport,BRONZE,Mobile App,,
CUST002007,Edward,Thomas,edward.thomas145@yahoo.com,301-648-1297,M,1999-12-15,04/11/2025,ca,Williamshaven,GOLD,In-Store,no,
CUST001876,Courtney,Allen,courtney.allen260@hotmail.com,,Other,1947-08-20,2021-07-22,New Jersey,East Johnfurt,silver,Mobile App,,
CUST005229,Kelsey,Conner,kelsey.conner636@outlook.com,(625)466-4187,F,1965-07-26,2026-01-17,il,North Thomasshire,bronze,Online,N,Walk-in
CUST003446,Kristin,Shaw,kristin.shaw475@yahoo.com,611.435.0336x6894,M,1981-01-17,2023-03-12,wi,East Kim,bronze,Mobile App,,Friend Referral
CUST004629,Crystal,Chavez,crystal.chavez883@outlook.com,718-519-5052,M,1965-04-10,2025-03-07,Tennessee,Port Saraland,gold,Mobile App,,Influencer
CUST000396,David,Bailey,david.bailey733@yahoo.com,(879)822-8777x2519,M,2001-08-09,2023-02-07,Illinois,Arielmouth,GOLD,Mobile App,0,Friend Referral
CUST002165,Robert,King,robert.king894@gmail.com,(898)314-2076x81700,M,1983-11-23,2026-06-17,Illinois,West Douglasland,BRONZE,Mobile App,Y,TV Ad
CUST002400,Todd,Lopez,todd.lopez856@hotmail.com,(917)936-2924x59897,F,1949-03-19,04/26/2026,PENNSYLVANIA,Harrisonburgh,Platinum,Online,N,
CUST004746,Amy,Burns,amy.burns689@outlook.com,617-859-1648x970,F,1986-03-08,2023-09-27,tn,North Michele,BRONZE,In-Store,Y,Friend Referral
CUST006008,Savannah,Baxter,SAVANNAH.BAXTER516@HOTMAIL.COM,944-640-0579,Other,2002-05-02,2024-06-19,oh,Thomasfurt,gold,In-Store,Y,
CUST005938,Gregory,Bowers,gregory.bowers837@hotmail.com,620-409-0490x76670,M,2000-10-25,2025-09-06,New York,Lake Melissafurt,Bronze,Mobile App,no,Search Engine
CUST000059,Joseph,Martinez,joseph.martinez30@hotmail.com,891.878.3908x47007,M,1970-02-21,2021-05-02,NC,South Shanestad,bronze,Mobile App,yes,
CUST003612,Jesse,Moore,jesse.moore269@hotmail.com,775-776-8112x00565,M,2003-02-01,2021-06-12,Pennsylvania,Emilystad,BRONZE,In-Store,yes,Walk-in
CUST004602,Debra,Abbott,debra.abbott464@gmail.com,764-578-9610,Other,1979-08-09,2023-06-08,TENNESSEE,Jamesville,BRONZE,Online,Y,TV Ad
CUST002184,Nathan,Fisher,nathan.fisher86@yahoo.com,(431)587-9897x6330,M,1993-12-02,2022-10-25,ny,Victoriaport,Gold,Mobile App,Y,Search Engine
CUST000558,Jeffrey,Shepard,jeffrey.shepard43@outlook.com,318-993-8984x6908,M,2005-03-26,2022-02-19,Texas,Carlosburgh,Silver,Online,0,
CUST005692,Craig,Price,craig.price434@outlook.com,819.918.3878x332,Other,1989-01-09,2021-05-19,GEORGIA,East Deborah,bronze,Mobile App,Y,TV Ad
CUST001967,Abigail,Moody,abigail.moody754@hotmail.com,(233)508-4601x7262,M,1985-06-19,2022-12-21,Indiana,South Jason,BRONZE,In-Store,0,Walk-in
CUST003804,Robert,Brown,robert.brown55@gmail.com,+1-260-872-5093x3302,F,1987-09-06,2025-04-28,Massachusetts,Austinhaven,GOLD,Mobile App,1,Friend Referral
CUST001697,Christopher,Shields,christopher.shields364@gmail.com,890.949.9157x380,M,1977-05-24,2022-12-19,Ohio,Watersview,PLATINUM,In-Store,0,Walk-in
CUST000749,Monica,Norman,monica.norman401@outlook.com,001-827-298-6239x8471,Other,1942-08-12,2024-07-31,PA,Peterbury,SILVER,Mobile App,0,Influencer
CUST000299,Crystal,Alvarado,crystal.alvarado729@outlook.com,+1-707-678-7956,M,1987-06-27,2024-08-27,Illinois,Chloemouth,gold,Online,yes,
CUST001751,Richard,Ewing,richard.ewing771@outlook.com,504.970.1259x283,F,1957-01-02,2026-01-30,IN,Lake Deborahville,Bronze,In-Store,,Friend Referral
CUST003512,Cheyenne,Robinson,cheyenne.robinson846@yahoo.com,4996912998,M,1951-08-17,2021-05-10,MI,Charleston,platinum,Online,Y,Social Media
CUST001183,Kenneth,Gibson,kenneth.gibson470@outlook.com,+1-470-577-4544x708,M,1988-07-15,2026-06-04,ma,North Lawrence,Bronze,Mobile App,0,Email Campaign
CUST001241,Ashley,Turner,,,F,,2026-03-29,TX,,BRONZE,Online,,
CUST005557,Brittany,Martin,brittany.martin500@hotmail.com,791.461.9723x71833,Other,1985-11-23,2023-03-23,GA,West Vernon,Silver,Mobile App,no,Search Engine
CUST002759,Karen,Ramirez,karen.ramirez788@yahoo.com,819.329.8028x441,M,2007-11-02,2020-12-24,MA,Justinburgh,GOLD,Mobile App,N,Friend Referral
CUST005637,Jessica,Hobbs,jessica.hobbs227@gmail.com,222.757.4236x758,M,1959-07-09,2026-01-01,CALIFORNIA,West Sarah,Bronze,Online,no,Walk-in
CUST003563,Michael,Lee,michael.lee46@yahoo.com,515-821-9269,M,2006-06-06,2022-01-30,fl,Leonburgh,silver,Mobile App,yes,TV Ad
CUST002099,Olivia,Burch,,,M,,02/08/2021,FL,South Charles,bronze,Mobile App,,
CUST005984,Renee,Alvarado,renee.alvarado408@yahoo.com,+1-527-473-4910x53421,M,2006-04-10,01/03/2024,NJ,North Joshua,bronze,In-Store,Y,Friend Referral
CUST004611,Michael,Lopez,michael.lopez646@yahoo.com,001-421-391-7595,F,1960-02-24,2022-07-04,Illinois,South Christinahaven,SILVER,Mobile App,,Influencer
CUST001650,Adrian,Hawkins,adrian.hawkins522@yahoo.com,001-453-917-0873x00210,Other,1965-01-09,04/05/2025,North Carolina,Robertchester,SILVER,Mobile App,Y,
CUST002040,Peter,Armstrong,peter.armstrong931@gmail.com,001-488-741-5771x29184,Other,1973-08-23,2022-03-13,ARIZONA,East Calebchester,BRONZE,Mobile App,no,
CUST001257,Jason,Hoover,jason.hoover267@gmail.com,001-564-597-1967x068,M,1959-01-13,2025-08-07,MA,Lake Danielchester,bronze,In-Store,N,
CUST001646,Jamie,Thomas,jamie.thomas259@hotmail.com,+1-934-528-8390x397,F,1998-05-07,2021-10-29,GEORGIA,Boydstad,bronze,Online,no,TV Ad
CUST001795,Alexander,Carter,alexander.carter145@hotmail.com,,M,1954-08-16,2022-01-14,Georgia,Matthewmouth,bronze,In-Store,,
CUST003859,Christina,Patton,christina.patton710@hotmail.com,299-657-2020x3521,F,1983-10-14,2025-11-16,AZ,Carlsonshire,Bronze,Online,no,Walk-in
CUST003252,Jamie,Rogers,jamie.rogers854@hotmail.com,523-850-6884x3939,M,1977-04-02,2026-02-10,Michigan,West Michelle,Bronze,Mobile App,,
CUST001788,Anthony,Jenkins,anthony.jenkins244@hotmail.com,(436)559-0504x17372,M,1962-04-12,2021-04-19,Ohio,Port Lindsay,gold,Mobile App,,Friend Referral
CUST005485,Scott,Perez,scott.perez536@hotmail.com,723-463-4834,F,1987-05-12,2025-08-19,MA,New Patricialand,bronze,Mobile App,yes,Friend Referral
CUST001685,Megan,Mcdonald,megan.mcdonald228@hotmail.com,844.399.7585,F,1947-02-18,2025-01-14,Indiana,Port Cynthia,Bronze,Online,yes,Social Media
CUST000088,Wendy,Cochran,wendy.cochran619@outlook.com,+1-544-422-5831,F,2008-05-27,2026-06-01,AZ,Jennaside,Bronze,In-Store,Y,Influencer
CUST002842,Danielle,Bonilla,danielle.bonilla939@gmail.com,001-624-398-5963x43650,M,1960-08-23,2024-12-29,Washington,Martinezmouth,Silver,In-Store,Y,Friend Referral
CUST005042,Jason,Jackson,jason.jackson839@yahoo.com,(550)562-9420x476,F,1995-11-27,2023-04-10,FL,Ericabury,gold,Online,N,Social Media
CUST005893,Brenda,Tanner,brenda.tanner656@outlook.com,+1-345-376-9415x86765,F,1957-02-09,2023-02-01,va,Edwardshaven,bronze,Mobile App,yes,Walk-in
CUST001104,Anita,Rodriguez,anita.rodriguez182@yahoo.com,(857)480-0244x323,M,2003-11-18,2021-09-25,MA,Amyside,SILVER,In-Store,1,Walk-in
CUST003454,Michael,Johnson,michael.johnson170@gmail.com,927-470-1533,F,1982-02-13,2022-01-22,Illinois,Kelleyport,gold,Online,N,Search Engine
CUST000098,Thomas,Smith,thomas.smith341@hotmail.com,+1-874-499-3097x289,M,1963-11-11,2021-04-24,MO,Silvatown,SILVER,In-Store,N,Email Campaign
CUST000214,Emily,Bradley,emily.bradley295@gmail.com,314-513-9755x2314,F,1944-06-25,2025-01-16,Illinois,Newmanland,BRONZE,Online,1,
CUST004417,Cathy,Flores,cathy.flores389@outlook.com,802.478.9292x147,F,1944-04-06,2021-08-20,FL,Dianastad,SILVER,In-Store,Y,TV Ad
CUST003460,Rick,Gonzales,rick.gonzales118@hotmail.com,544-529-7372x6832,Other,1966-06-02,2021-02-26,Maryland,Matthewport,BRONZE,Online,Y,Search Engine
CUST004102,Erika,Strickland,erika.strickland772@hotmail.com,736.972.3101x094,M,1946-04-22,2026-05-10,Arizona,Leeland,silver,In-Store,,Friend Referral
CUST003383,Danielle,Love,danielle.love84@gmail.com,+1-598-444-1851x996,M,1960-02-01,2023-12-11,Wisconsin,West Nicholefort,Platinum,In-Store,no,TV Ad
CUST005191,Hannah,Frazier,hannah.frazier966@yahoo.com,(806)938-0769,M,1998-10-11,2021-09-22,WI,Port Todd,bronze,Mobile App,,
CUST001308,  Scott ,Hernandez,scott.hernandez632@hotmail.com,001-982-942-6621,M,1966-07-20,2022-10-18,CA,East Beth,silver,Mobile App,yes,Walk-in
CUST001017,Ashley,Smith,,,F,1946-04-25,2022-12-31,ga,East Lisaberg,BRONZE,Online,,
CUST003582,Margaret,Davis,margaret.davis585@hotmail.com,+1-449-770-8340x626,Other,1954-03-13,2022-08-19,WA,East James,Gold,Online,1,TV Ad
CUST004032,David,Hayes,david.hayes428@gmail.com,927-317-1375x6486,M,1959-11-03,2020-11-15,WI,Richhaven,BRONZE,In-Store,1,Social Media
CUST000716,Tommy,Cummings,tommy.cummings655@outlook.com,5519157942,M,1970-12-22,2026-03-10,New York,South Tanya,bronze,Online,no,Friend Referral
CUST003364,Walter,Jones,walter.jones155@yahoo.com,754.944.5890,M,1955-10-05,2024-03-01,TX,South Ashley,silver,Online,Y,Search Engine
CUST004600,Renee,Carter,renee.carter241@yahoo.com,(402)246-3383,Other,1981-07-19,2020-10-01,nc,East Kellyside,SILVER,In-Store,,
CUST005412,Jared,Smith,jared.smith272@yahoo.com,(543)220-9317,M,2006-01-06,2022-03-30,ma,Tranland,Silver,Mobile App,no,
CUST003673,David,Davis,david.davis414@hotmail.com,(516)431-7419,M,1952-08-02,2025-08-03,Massachusetts,Port Steven,BRONZE,Online,Y,
CUST000222,Crystal,Williams,crystal.williams810@outlook.com,(899)404-1379x7723,M,1980-09-25,2020-12-30,CA,Sandrahaven,Silver,Mobile App,Y,Walk-in
CUST000122,Christopher,Bruce,christopher.bruce611@gmail.com,297.440.1489,F,1985-10-26,2022-08-08,IL,New Samanthabury,Bronze,Online,Y,Influencer
CUST000695,Stacey,Wagner,,,M,1956-06-10,2024-04-28,md,Dianemouth,Gold,Mobile App,,
CUST000740,Erin,Rowland,erin.rowland88@gmail.com,001-681-369-9570x60717,M,1975-09-04,2022-09-20,IN,Jackiefurt,BRONZE,Online,N,Friend Referral
CUST004558,  Justin ,Boyd,justin.boyd175@gmail.com,(608)462-0766,M,1970-06-24,2023-10-01,Pennsylvania,Maldonadostad,Silver,In-Store,,TV Ad
CUST004338,Lonnie,Banks,lonnie.banks692@hotmail.com,+1-591-249-0889x92120,F,1970-03-17,09/30/2025,nc,Gregoryside,SILVER,In-Store,,Search Engine
CUST005543,April,Harding,april.harding725@gmail.com,(937)580-7451x59865,M,1994-01-14,2021-05-13,Maryland,Bonniemouth,Silver,In-Store,N,TV Ad
CUST004278,Jacob,Bennett,jacob.bennett113@hotmail.com,+1-306-270-2317x508,Other,1995-04-06,2023-02-19,California,Beckyshire,PLATINUM,Online,yes,Influencer
CUST003449,Jason,Guerra,jason.guerra923@gmail.com,247-812-0073x16808,M,1959-09-21,2020-11-27,ny,West Garystad,bronze,Mobile App,Y,TV Ad
CUST002721,Jill,Miller,jill.miller114@hotmail.com,001-787-653-4214x483,M,1949-08-10,2021-02-01,MI,Lake Kathleen,bronze,Online,1,Friend Referral
CUST003700,Jennifer,Sanders,jennifer.sanders872@hotmail.com,747-715-9977x1944,F,2002-11-09,2021-11-22,CA,Osbornland,SILVER,In-Store,0,TV Ad
CUST000928,Lisa,Lopez,lisa.lopez673@yahoo.com,753-619-8074x6823,M,1967-07-15,03/19/2021,New York,Lake Joeside,SILVER,Mobile App,,
CUST000858,Maria,Walker,maria.walker922@gmail.com,452-485-7256,F,2006-07-08,2023-11-08,WASHINGTON,West Richardview,Bronze,In-Store,N,
CUST000031,  Randy ,Espinoza,randy.espinoza308@hotmail.com,891-990-5865x1850,M,1945-12-30,09/10/2024,IL,North Heidi,Bronze,In-Store,Y,
CUST001111,Matthew,Green,matthew.green400@yahoo.com,(636)802-4465,M,1967-01-08,2026-02-20,ILLINOIS,Port Emilymouth,BRONZE,Mobile App,,Friend Referral
CUST002278,Andrea,Torres,andrea.torres542@yahoo.com,(476)995-9792x96263,F,1948-10-29,2024-09-12,NC,Juliestad,Silver,In-Store,Y,Walk-in
CUST005442,Michael,Peters,michael.peters612@yahoo.com,690-217-9363x5470,M,1983-10-08,2023-01-08,VIRGINIA,East Frank,BRONZE,In-Store,0,
CUST003697,  Kimberly ,Clark,kimberly.clark746@outlook.com,001-275-968-9292x4768,Other,1977-12-29,2023-08-06,FL,South Brittanyfurt,GOLD,Mobile App,,
CUST001875,Troy,Snyder,troy.snyder904@hotmail.com,(201)263-1852,M,2008-07-14,2022-02-11,MA,North Kimberlyburgh,BRONZE,Online,1,Email Campaign
CUST001415,Austin,Lester,austin.lester872@gmail.com,587.888.8765x69931,M,1963-09-21,2025-07-26,MD,Trujillobury,SILVER,Online,Y,Email Campaign
CUST004650,Brett,Hutchinson,brett.hutchinson945@gmail.com,,F,1974-06-26,2024-12-15,NJ,South Sharon,silver,Online,,
CUST001886,Jennifer,Smith,jennifer.smith512@gmail.com,732.382.9018x320,F,1975-07-03,2021-08-16,OH,South Danielle,Silver,Online,Y,Walk-in
CUST002374,Brent,Mcmillan,brent.mcmillan934@gmail.com,+1-577-747-6308,F,1997-04-17,2023-06-05,Illinois,Merrittport,bronze,In-Store,0,Walk-in
CUST004138,Michael,Morales,michael.morales573@gmail.com,288-929-9178,F,1960-08-17,2020-11-22,INDIANA,Marthamouth,silver,Online,1,TV Ad
CUST001234,Matthew,Vaughan,matthew.vaughan419@hotmail.com,+1-941-934-4760x9483,F,2003-07-03,2021-02-13,New Jersey,South Anneland,Silver,Online,,
CUST002444,Alicia,Anderson,alicia.anderson607@yahoo.com,986.877.5500x535,M,1998-02-16,2024-02-19,New York,Lake Jenniferton,Bronze,Online,Y,Walk-in
CUST000729,  Kathleen ,Fitzgerald,kathleen.fitzgerald81@hotmail.com,(470)739-4380x403,M,1961-07-30,2024-09-08,Ohio,New Lisa,Silver,Mobile App,N,Social Media
CUST005690,Kelly,Gray,kelly.gray206@gmail.com,+1-502-851-1902x441,F,1961-02-04,2024-03-28,TENNESSEE,Lake Johnland,bronze,In-Store,no,Influencer
CUST006050,  Amy ,Powell,AMY.POWELL739@HOTMAIL.COM,598.578.0157,M,1965-02-18,2025-10-25,PA,Markport,bronze,In-Store,N,Social Media
CUST000764,Eric,Frederick,,,Other,,2020-09-21,AZ,Port Joseph,BRONZE,Mobile App,,
CUST002845,Renee,Delacruz,renee.delacruz444@hotmail.com,889-360-5034,M,1979-03-14,07/24/2024,ca,East Geraldbury,gold,Online,no,Influencer
CUST005439,Amber,Church,amber.church111@hotmail.com,258-895-4967x1608,Other,1987-10-16,2023-11-24,Pennsylvania,Maychester,gold,Online,Y,Friend Referral
CUST003715,David,Rivera,david.rivera238@yahoo.com,315.421.8096,F,2006-07-09,2023-08-10,MD,North Howard,BRONZE,Online,Y,Email Campaign
CUST000224,Catherine,Thompson,catherine.thompson458@outlook.com,+1-880-768-6508x637,F,2003-10-15,2024-03-01,North Carolina,North Timothyberg,PLATINUM,In-Store,Y,Influencer
CUST002557,Vanessa,Stout,vanessa.stout374@gmail.com,251-426-3700x79633,F,2002-05-15,2023-04-25,New York,Lisamouth,Bronze,Mobile App,Y,Search Engine
CUST001016,Kristin,West,kristin.west976@gmail.com,+1-432-795-6342x77752,F,1958-09-10,2024-10-04,IL,South Ronald,BRONZE,Online,Y,TV Ad
CUST000006,Wendy,Taylor,wendy.taylor722@gmail.com,+1-616-769-7848x018,Other,1975-03-22,2025-01-26,VA,East Courtneychester,Bronze,Online,1,
CUST002936,Katie,Lawrence,katie.lawrence979@outlook.com,969-847-6192x78120,F,1943-04-14,2022-02-09,PA,Kimberlyton,GOLD,Online,Y,Walk-in
CUST004763,Benjamin,Powers,benjamin.powers269@hotmail.com,346.215.9654x39105,Other,1951-04-12,2024-06-24,New York,Lynnberg,platinum,In-Store,N,
CUST005132,Kevin,Hunt,kevin.hunt462@yahoo.com,912.363.4267x243,F,1975-01-27,2022-07-21,TN,New Keith,bronze,In-Store,N,TV Ad
CUST005725,Melissa,Miller,melissa.miller403@yahoo.com,(577)843-5765,Other,1963-05-13,05/04/2025,tn,Lake Amy,GOLD,In-Store,no,Influencer
CUST002254,William,Phillips,william.phillips533@yahoo.com,968-442-1818x01874,F,1957-07-10,2025-02-28,Maryland,Hudsonfort,platinum,Online,N,
CUST002530,Monica,Grimes,monica.grimes786@gmail.com,768.292.2068x2994,M,1955-06-17,2026-02-15,WA,West Kevin,BRONZE,In-Store,,Walk-in
CUST000173,Scott,Baker,scott.baker324@outlook.com,815-886-9380,F,1999-04-09,2023-12-16,oh,Port Heather,silver,Online,no,Influencer
CUST003728,Jesse,Stephens,,,Other,,2023-04-01,Washington,,bronze,Online,,
CUST001778,Michael,Phillips,michael.phillips407@hotmail.com,367.759.1644,Other,1945-11-11,2023-10-31,Michigan,Lopezville,Bronze,Online,Y,Walk-in
CUST004288,Gene,Griffin,gene.griffin765@outlook.com,240.833.9213x2839,F,1998-10-18,2025-04-18,California,Brendaberg,BRONZE,Online,0,Walk-in
CUST004737,Eric,Allen,eric.allen78@outlook.com,(598)719-9788,F,1942-04-30,2026-02-18,MD,Richardchester,Silver,Online,N,Social Media
CUST002293,Ryan,Preston,ryan.preston111@gmail.com,001-667-380-1946x701,M,1998-11-16,2025-03-21,PA,East Victoria,BRONZE,Online,yes,Walk-in
CUST000399,Michelle,Johnson,michelle.johnson914@outlook.com,418-624-2241,M,1971-04-08,2023-02-02,VIRGINIA,Patrickland,gold,In-Store,N,Social Media
CUST002198,Veronica,Jensen,veronica.jensen462@hotmail.com,,Other,1996-12-01,2025-07-12,Wisconsin,Taylorstad,SILVER,Mobile App,,
CUST003858,Andrea,Gomez,andrea.gomez49@hotmail.com,001-897-997-8087x8417,M,1945-09-01,05/24/2023,Maryland,Lake Michael,Gold,In-Store,,
CUST000647,Samuel,Mitchell,samuel.mitchell476@hotmail.com,(529)749-3817,F,1973-09-14,2025-10-19,Florida,West Tiffanychester,SILVER,Mobile App,,Email Campaign
CUST001488,James,Fuentes,james.fuentes157@outlook.com,(902)232-5107x1555,M,1951-09-08,2022-01-29,Texas,Bradleyland,Silver,Mobile App,Y,Email Campaign
CUST002098,Richard,Chandler,richard.chandler183@yahoo.com,614-724-1248,M,2001-01-02,03/31/2021,tn,West Michelleville,Bronze,In-Store,0,
CUST005837,Raymond,Mccall,raymond.mccall718@outlook.com,622-903-4040x113,M,1949-04-18,2022-07-28,nc,Lake Kevinmouth,bronze,Mobile App,N,
CUST004191,Joshua,Bernard,joshua.bernard508@yahoo.com,228.307.9344x696,M,2000-12-22,2026-06-09,MO,Perkinstown,Silver,In-Store,0,Walk-in
CUST003370,Kathy,Nunez,kathy.nunez630@hotmail.com,359.734.5716,M,1967-09-02,2023-11-14,New York,Marshallview,Platinum,Online,,
CUST002103,Logan,Carter,logan.carter195@yahoo.com,(823)606-4211,M,1968-05-18,2023-03-19,GA,Reneehaven,BRONZE,Mobile App,no,Email Campaign
CUST002917,Cynthia,Parker,cynthia.parker373@hotmail.com,001-387-579-5156x99229,F,1994-06-01,2023-07-31,Virginia,West Adamhaven,Silver,Mobile App,yes,TV Ad
CUST004804,Ariana,Singh,ariana.singh548@yahoo.com,001-368-471-7750x24839,F,1963-12-18,2022-09-17,Missouri,Sanchezhaven,PLATINUM,In-Store,1,Search Engine
CUST002645,Brendan,Smith,brendan.smith850@gmail.com,,M,1945-05-20,2024-07-07,Texas,North Rachel,BRONZE,Online,,
CUST003072,Robert,Gonzales,robert.gonzales380@hotmail.com,(594)514-4772x045,F,1953-09-21,2021-07-02,OHIO,Banksmouth,silver,In-Store,1,Influencer
CUST005104,Nancy,Jordan,nancy.jordan615@gmail.com,961.748.7314x60104,Other,1981-02-20,2021-02-28,NC,Craigmouth,BRONZE,Online,,Search Engine
CUST001266,Lisa,Rogers,lisa.rogers991@hotmail.com,6257471798,F,2010-07-23,2021-09-11,Arizona,Singhland,SILVER,Mobile App,1,Email Campaign
CUST000473,Charles,Franco,charles.franco166@hotmail.com,(215)838-1447x443,M,1976-08-19,2026-03-20,Tennessee,Simpsonburgh,Bronze,Online,Y,Friend Referral
CUST004911,Stephanie,Evans,stephanie.evans198@outlook.com,934-685-4209x860,F,1942-05-22,2022-11-11,INDIANA,East Josephview,BRONZE,Mobile App,no,Search Engine
CUST005904,Keith,Cooper,keith.cooper877@yahoo.com,001-603-787-3072x1026,F,1990-01-26,2024-02-02,WA,Davisport,bronze,Online,yes,Email Campaign
CUST001732,William,Davis,william.davis961@yahoo.com,826-844-0478x327,Other,1961-04-02,2024-12-30,MO,Grahamfort,bronze,In-Store,1,Friend Referral
CUST001251,Kevin,Adams,kevin.adams214@yahoo.com,001-852-447-4665x353,F,1995-06-20,2022-10-28,TN,South Melinda,bronze,In-Store,1,Walk-in
CUST005992,Dawn,Thomas,dawn.thomas284@gmail.com,001-316-553-9331x2169,F,1974-05-20,2020-10-13,oh,North Jamie,PLATINUM,Online,,Influencer
CUST005722,Donald,Williams,donald.williams44@outlook.com,587.235.8658x236,Other,1969-05-19,2025-11-06,NJ,Blackberg,Bronze,Online,Y,Influencer
CUST006076,Amanda,Hudson,AMANDA.HUDSON535@HOTMAIL.COM,542-943-8801,M,1951-02-13,2022-06-10,Ohio,Lake Shawn,bronze,Mobile App,N,
CUST005717,Jennifer,Cortez,jennifer.cortez73@gmail.com,258-892-9708x2068,Other,1940-10-24,06/15/2021,az,Cesarville,silver,Online,Y,
CUST004206,Vicki,Brooks,vicki.brooks392@yahoo.com,(834)428-2097,F,1983-09-11,2021-05-16,Pennsylvania,Karlaside,Silver,Mobile App,no,Search Engine
CUST005463,Mario,George,mario.george788@outlook.com,001-962-445-2761x06508,Other,1942-06-25,2023-10-01,OH,East Cynthia,Gold,Mobile App,1,Search Engine
CUST006011,Glenn,Jackson,GLENN.JACKSON458@YAHOO.COM,001-433-500-0429x56030,M,1955-07-08,05/17/2022,Massachusetts,East David,Platinum,Online,Y,Influencer
CUST003642,Bruce,Bradford,bruce.bradford77@gmail.com,(997)577-5323x8637,F,1948-09-12,2025-01-24,California,Danieltown,Bronze,In-Store,0,
CUST002447,Julie,Wells,julie.wells475@yahoo.com,2172419640,F,1944-11-20,2022-12-04,Maryland,Monicafurt,BRONZE,Mobile App,N,
CUST005584,Brenda,Perez,brenda.perez443@gmail.com,(208)425-7910,M,1993-06-14,2025-01-11,ga,Brandonberg,BRONZE,Mobile App,Y,Email Campaign
CUST003993,Heidi,Mcdaniel,heidi.mcdaniel408@gmail.com,518-882-2870x021,F,2000-04-30,2021-08-13,New Jersey,South Nathanstad,BRONZE,Online,0,
CUST004579,Mariah,White,mariah.white240@outlook.com,649.476.2202x154,Other,1948-04-13,2023-12-21,Wisconsin,North Richardborough,silver,In-Store,0,Social Media
CUST005030,Michelle,Jackson,michelle.jackson872@outlook.com,351.866.6303x1721,M,1967-09-11,2025-06-21,Illinois,Reevesfort,bronze,Mobile App,1,
CUST005262,Joshua,Lucero,joshua.lucero66@outlook.com,895-587-0952,F,1977-07-03,2022-01-08,AZ,Charlesshire,silver,In-Store,Y,Influencer
CUST004491,Melissa,Rodriguez,melissa.rodriguez829@yahoo.com,707-581-4266x327,F,2002-06-03,2021-01-15,WA,Port Jeffreyborough,Bronze,Mobile App,no,Email Campaign
CUST002935,Danielle,Gibson,danielle.gibson821@outlook.com,559.987.7157x33353,F,1957-09-11,2023-03-16,Tennessee,Webbstad,Bronze,Online,,
CUST000170,Charles,Jackson,,,M,,2024-12-07,TX,West Brookefort,SILVER,Online,,
CUST001052,Danielle,Solomon,danielle.solomon828@gmail.com,345-414-3672x8681,Other,1972-04-21,2021-02-24,IL,West Karenhaven,SILVER,Online,yes,Social Media
CUST005657,Donald,Reeves,donald.reeves965@yahoo.com,(726)690-7263x10681,M,2009-07-08,02/02/2022,VA,East Jessicafurt,silver,Mobile App,Y,TV Ad
CUST005551,John,Baldwin,john.baldwin782@gmail.com,8728749591,M,1958-06-16,2024-11-20,IL,Kimberlytown,BRONZE,In-Store,1,Friend Referral
CUST002566,Dennis,Baldwin,,,M,1986-05-02,2022-07-18,IL,North Ashley,bronze,In-Store,,
CUST003011,James,Castaneda,james.castaneda462@yahoo.com,388.361.6663x34280,F,1981-05-20,2025-09-30,MI,New Jason,bronze,Mobile App,N,Influencer
CUST000223,Laura,Hoover,laura.hoover686@gmail.com,,Other,1953-05-29,2024-07-06,New Jersey,Garymouth,Bronze,Online,,
CUST005067,Angela,Perkins,angela.perkins999@outlook.com,814.917.2228x3048,F,1949-04-26,2024-01-27,FL,Johnberg,BRONZE,In-Store,yes,TV Ad
CUST004381,Sarah,Harris,sarah.harris91@outlook.com,(452)233-5701x91650,F,2008-07-19,2024-10-22,PA,Lake Matthewmouth,silver,In-Store,N,Walk-in
CUST001598,Anthony,Hopkins,anthony.hopkins972@outlook.com,001-742-564-0760,F,1970-04-20,2021-08-12,New York,Shelbyshire,silver,Online,N,Friend Referral
CUST002271,Kevin,Jones,kevin.jones356@gmail.com,+1-505-584-8281x739,M,1966-07-29,2024-08-16,Maryland,South Johnmouth,BRONZE,In-Store,N,Walk-in
CUST002657,Megan,Mason,megan.mason922@yahoo.com,688.345.8795x79711,Other,1959-05-08,2023-08-20,Missouri,Moranmouth,SILVER,Mobile App,,Email Campaign
CUST002778,Nancy,Reynolds,nancy.reynolds568@yahoo.com,2906959027,F,1992-03-06,2021-07-14,FL,Shannonfort,GOLD,In-Store,yes,TV Ad
CUST005455,Haley,Barnett,haley.barnett662@outlook.com,794-272-8650x188,F,1941-02-21,2021-11-10,OH,East Emma,bronze,Online,Y,Email Campaign
CUST006063,Michael,Watkins,MICHAEL.WATKINS342@HOTMAIL.COM,001-585-207-9047x552,Other,1971-09-04,2026-02-27,ca,East Tanner,Gold,In-Store,yes,Social Media
CUST000530,  Trevor ,Davidson,trevor.davidson402@gmail.com,(215)263-2135,M,2004-05-29,2025-07-31,Texas,North Jeffreytown,Silver,Mobile App,N,Influencer
CUST000765,John,Lynch,john.lynch873@gmail.com,001-913-829-0162x047,F,1966-05-18,2025-03-25,Missouri,Sanchezburgh,PLATINUM,Online,Y,Social Media
CUST000603,Gregory,Cline,gregory.cline70@outlook.com,+1-283-665-2037x583,M,2000-07-20,2025-02-27,Michigan,Jessicaborough,bronze,Online,0,Social Media
CUST005283,Elizabeth,Stanley,elizabeth.stanley426@gmail.com,001-571-673-0215x601,Other,1993-03-12,2025-01-25,Florida,Maciaston,BRONZE,Mobile App,yes,Walk-in
CUST001181,Joseph,Smith,joseph.smith820@gmail.com,001-698-570-9201x9918,F,2004-03-23,2025-11-29,Washington,Freemanhaven,SILVER,Mobile App,Y,Social Media
CUST003669,Michael,Wilson,michael.wilson113@outlook.com,(648)301-0511x8426,F,1967-05-04,2025-11-21,tn,Aliciaside,BRONZE,In-Store,,Influencer
CUST000086,Joel,Brewer,joel.brewer812@outlook.com,(357)219-2856x543,M,1966-01-10,2026-03-14,New York,New Ericmouth,silver,Online,1,
CUST004722,Jennifer,Hubbard,jennifer.hubbard752@hotmail.com,,Other,1964-07-03,2026-02-08,Florida,Kington,Bronze,Online,,
CUST003424,Thomas,Mccall,thomas.mccall977@yahoo.com,859-378-0078,F,1992-01-17,2022-01-13,Arizona,Ricehaven,GOLD,Online,no,Social Media
CUST005688,Sarah,Logan,sarah.logan135@outlook.com,6945567580,F,1997-05-24,2025-08-20,Illinois,Susanchester,Silver,In-Store,0,Friend Referral
CUST001197,Denise,Williams,denise.williams914@gmail.com,469-533-2844,Other,1957-05-10,2021-09-25,TX,West Haleytown,SILVER,Mobile App,Y,Social Media
CUST004069,Patrick,Miller,patrick.miller478@gmail.com,330-547-1427x205,F,1959-04-16,2023-11-29,tn,East Tammy,Bronze,Mobile App,N,Social Media
CUST000345,Jeremiah,Russell,jeremiah.russell225@gmail.com,(407)816-7811,M,2009-08-15,03/01/2023,California,Port Leahstad,GOLD,In-Store,Y,
CUST004543,Ryan,Smith,ryan.smith707@hotmail.com,+1-823-938-3312x467,F,1967-05-07,2021-05-26,North Carolina,Robertchester,BRONZE,In-Store,,
CUST000864,Amber,Ramirez,amber.ramirez218@outlook.com,+1-459-665-5942,M,2001-01-20,2021-06-23,va,Williamview,bronze,Mobile App,,Search Engine
CUST005197,Nicholas,Reyes,nicholas.reyes367@gmail.com,+1-605-408-3350,M,1982-08-10,2021-04-05,MASSACHUSETTS,East Leah,BRONZE,Mobile App,,
CUST004026,Robert,Hill,robert.hill936@yahoo.com,(398)720-2901x665,Other,1984-07-20,02/23/2024,Illinois,Port Nathanbury,bronze,Online,Y,
CUST000033,Ashley,Barnett,ashley.barnett557@outlook.com,(845)949-4808x313,F,1964-03-22,2023-07-20,PA,Hunterborough,silver,In-Store,,Social Media
CUST003380,Betty,Mitchell,betty.mitchell686@gmail.com,+1-689-831-0587x6869,M,1941-02-21,2023-04-13,MI,Ashleyville,Bronze,In-Store,N,Social Media
CUST004135,Lori,Davis,lori.davis465@hotmail.com,632.785.9683,M,1943-07-17,2022-08-19,NC,South Angela,Bronze,Mobile App,1,Social Media
CUST006014,Jasmine,Morrison,JASMINE.MORRISON611@GMAIL.COM,499.572.4372x43675,Other,2008-03-15,2023-07-30,AZ,Schmidtfort,BRONZE,Mobile App,N,TV Ad
CUST004337,Philip,Harris,philip.harris876@yahoo.com,822.783.0094x63481,Other,1993-10-21,2020-11-22,CA,South Rebeccastad,SILVER,Mobile App,Y,Email Campaign
CUST001909,Mark,Miller,mark.miller544@outlook.com,+1-726-544-1802x45940,F,1952-09-03,2021-01-02,Michigan,Davidburgh,Silver,Online,yes,Friend Referral
CUST001564,  Dalton ,Mejia,dalton.mejia617@yahoo.com,912-400-3934x49076,F,1943-04-11,2024-06-01,MASSACHUSETTS,Johnsonland,GOLD,In-Store,,Influencer
CUST003572,Omar,Kelley,omar.kelley725@yahoo.com,001-762-360-5538x5558,M,1957-07-26,2022-09-04,wi,Michaelport,gold,Mobile App,0,Social Media
CUST005782,  Carmen ,Grant,carmen.grant762@gmail.com,(738)518-4467,F,2004-11-18,2025-11-28,MISSOURI,Port Darintown,Silver,Mobile App,yes,Social Media
CUST005963,Allison,Drake,,,F,,04/19/2026,Ohio,,Silver,Online,,
CUST000613,Ronald,Adams,ronald.adams609@gmail.com,998-839-2250x1425,F,1981-02-05,2024-02-15,TX,New Garrett,Bronze,Online,N,Influencer
CUST003346,Vanessa,Phillips,vanessa.phillips812@outlook.com,001-520-395-4554x9128,M,1990-03-20,2024-07-25,New York,Michelleshire,gold,Mobile App,N,TV Ad
CUST001753,Patricia,Lawrence,patricia.lawrence446@hotmail.com,679-636-4708,M,1994-11-20,2024-03-15,Tennessee,East Jennifer,bronze,In-Store,Y,Social Media
CUST002053,David,Sandoval,david.sandoval564@gmail.com,906.753.3535,M,2001-07-22,2021-04-10,GA,East Chelsea,BRONZE,In-Store,Y,Search Engine
CUST001706,Aaron,Hobbs,aaron.hobbs972@gmail.com,802-565-8387,F,1955-12-19,2025-05-23,Illinois,Marymouth,BRONZE,Mobile App,Y,
CUST004730,Amy,Scott,amy.scott683@gmail.com,(793)313-2419x10022,Other,1943-09-01,2020-12-28,North Carolina,Huntberg,BRONZE,In-Store,N,Email Campaign
CUST001428,Sean,Sims,sean.sims199@yahoo.com,755-738-3077,M,1988-06-21,2025-05-07,Arizona,Joannburgh,Gold,Online,N,Influencer
CUST002279,Jeffery,Richmond,jeffery.richmond267@gmail.com,001-505-666-5141,F,2007-01-07,2023-07-09,AZ,East Ericaland,Silver,In-Store,,Influencer
CUST000019,Michael,Castro,michael.castro463@gmail.com,(360)825-6342,F,2001-11-26,2026-05-05,ma,East Michelle,Bronze,In-Store,0,Social Media
CUST005881,Christopher,Wang,,,Other,,2025-10-15,NY,,bronze,In-Store,,
CUST004305,  James ,Barrera,james.barrera886@yahoo.com,(208)617-5970x1190,Other,2005-09-16,2022-08-30,Tennessee,Margaretberg,bronze,Mobile App,Y,Walk-in
CUST001412,Eric,Johnson,eric.johnson147@yahoo.com,001-424-238-7129x5145,Other,2007-11-20,2024-07-09,il,Angelicafort,silver,Mobile App,N,Walk-in
CUST000043,Diane,Daniels,diane.daniels864@outlook.com,+1-570-434-8247x7109,Other,1969-08-08,10/06/2021,WA,Cindyfort,Platinum,In-Store,1,Friend Referral
CUST000269,Robert,Berry,,,Other,1970-07-12,2022-06-29,PA,Shaneberg,BRONZE,Online,,
CUST006022,Felicia,Stewart,FELICIA.STEWART375@GMAIL.COM,708.538.7970x0408,M,1950-10-02,2026-04-04,WASHINGTON,Dixonland,bronze,Online,1,TV Ad
CUST004319,Melissa,Arias,melissa.arias832@yahoo.com,+1-599-775-2547x0788,M,1963-09-07,2021-01-22,New Jersey,North Candice,bronze,Online,1,
CUST003384,Timothy,Barnes,timothy.barnes472@outlook.com,610.959.6023x3980,Other,1950-07-22,2025-07-01,Tennessee,New Douglasbury,silver,In-Store,yes,TV Ad
CUST005590,Ryan,Williams,ryan.williams823@hotmail.com,+1-287-867-4684x799,M,1949-02-10,2024-05-05,mi,Curtisview,Gold,Mobile App,N,
CUST002143,Peter,Bass,peter.bass285@hotmail.com,920-450-9530x727,M,1993-05-16,2023-01-22,California,Port Matthew,GOLD,In-Store,N,
CUST003549,Monique,King,monique.king880@yahoo.com,+1-241-204-5288x7646,F,1951-04-07,05/25/2026,Massachusetts,Lambertland,BRONZE,In-Store,no,Email Campaign
CUST003436,Melissa,Hopkins,melissa.hopkins365@hotmail.com,278-531-3571,M,1949-01-13,2022-09-09,Missouri,North Nancyside,Silver,Online,0,Search Engine
CUST002542,Bethany,Ford,bethany.ford418@yahoo.com,(774)604-0527x703,M,1967-12-07,06/26/2022,Arizona,New Stephanie,bronze,Mobile App,,
CUST001698,Christie,Armstrong,christie.armstrong88@yahoo.com,001-661-502-3726,F,1972-12-31,2022-01-07,nj,Whiteton,gold,In-Store,,Search Engine
CUST002858,Melissa,Gonzalez,melissa.gonzalez5@yahoo.com,925-641-4528,F,2009-08-15,2023-11-29,VA,South William,bronze,In-Store,Y,
CUST001561,Angela,Gomez,angela.gomez824@gmail.com,001-950-926-3560,M,1987-08-29,2026-02-15,Florida,Mikemouth,Silver,In-Store,N,Influencer
CUST006005,Carla,Daniels,CARLA.DANIELS600@YAHOO.COM,836-512-7515x62779,Other,1961-05-09,2021-12-12,Florida,Robertmouth,BRONZE,Online,no,Social Media
CUST004364,Keith,Best,keith.best564@gmail.com,367-512-3988,M,1944-05-28,2024-11-02,Illinois,Ruizport,Bronze,Online,N,Influencer
CUST005991,  Monique ,Austin,monique.austin431@hotmail.com,+1-267-467-0869x42068,M,1983-03-09,2020-12-22,TENNESSEE,Brockbury,SILVER,In-Store,yes,Walk-in
CUST001333,Olivia,Smith,olivia.smith553@yahoo.com,(362)649-7537x4057,F,2007-05-01,2024-05-23,MI,East Lisaburgh,Silver,Online,0,
CUST004764,Roy,Butler,roy.butler379@gmail.com,(365)459-9933,M,1986-01-13,2023-10-24,TX,Sanchezberg,bronze,In-Store,0,Social Media
CUST002506,John,Lopez,,,M,,2021-05-15,TX,,Gold,Online,,
CUST006049,Joel,Snyder,JOEL.SNYDER668@HOTMAIL.COM,(891)314-6786,F,1965-12-09,2024-01-02,PA,Laraside,Gold,Online,yes,
CUST005213,Matthew,Reed,matthew.reed649@outlook.com,+1-676-318-0155x133,Other,1972-07-16,2025-03-15,WI,North Debra,bronze,In-Store,N,Email Campaign
CUST000061,William,Jordan,william.jordan187@gmail.com,765.676.6156,M,1996-03-11,2021-05-04,il,South Shannon,BRONZE,Mobile App,N,
CUST005199,Lindsey,Rosales,lindsey.rosales798@yahoo.com,+1-756-785-3193,F,1954-05-16,2025-05-02,Illinois,Richardhaven,Silver,Online,N,TV Ad
CUST005393,Jason,Marshall,jason.marshall294@gmail.com,,M,1989-03-06,2025-11-04,New Jersey,North Gregorystad,Bronze,Mobile App,,
CUST000360,Amanda,Lyons,amanda.lyons76@outlook.com,(557)654-0900,F,1948-08-01,2023-11-07,NORTH CAROLINA,Vegaview,BRONZE,In-Store,,
CUST000853,Russell,Lynch,russell.lynch282@yahoo.com,309-338-6948x42495,Other,1960-11-21,2023-11-09,PENNSYLVANIA,East Davidton,bronze,In-Store,no,Search Engine
CUST001601,Gabriel,Wang,gabriel.wang523@gmail.com,+1-795-279-4575x95995,M,1945-08-21,07/12/2022,California,Diazchester,bronze,Mobile App,1,Social Media
CUST001626,Nancy,Martinez,nancy.martinez910@hotmail.com,,M,1997-06-19,2024-02-17,Massachusetts,Jonathanfurt,GOLD,Online,,
CUST000554,Elizabeth,Porter,elizabeth.porter142@outlook.com,001-931-726-6109x4101,F,1988-03-24,2022-07-23,Massachusetts,Port Lindsey,bronze,Mobile App,N,Email Campaign
CUST003737,Troy,Taylor,troy.taylor702@hotmail.com,+1-387-821-9163x09165,F,2006-12-03,02/03/2022,Michigan,North Carriefort,BRONZE,Online,N,TV Ad
CUST005395,Amy,Moore,amy.moore319@yahoo.com,580.433.8371,M,1981-01-15,2023-10-27,Virginia,North Catherinemouth,Silver,Online,N,
CUST001255,Kimberly,Mejia,kimberly.mejia496@hotmail.com,001-808-526-4931x214,M,2006-09-07,2022-04-08,IL,Olsenside,silver,Mobile App,N,Social Media
CUST002092,Victoria,Mann,victoria.mann955@outlook.com,(369)564-0101x460,Other,1940-11-03,2021-10-18,Massachusetts,North Linda,Bronze,In-Store,0,Influencer
CUST000717,Linda,Butler,linda.butler503@gmail.com,+1-996-391-9284x55259,M,1941-08-01,2022-06-19,Washington,West Crystal,GOLD,In-Store,1,
CUST001577,Justin,Bailey,justin.bailey883@yahoo.com,933-879-3766,M,1990-12-28,2023-03-29,MA,Port Kristinstad,GOLD,In-Store,,Friend Referral
CUST000337,  Francisco ,Brown,francisco.brown267@yahoo.com,356-450-4481x832,Other,1963-01-20,2025-10-14,TX,West Frank,BRONZE,Online,no,Email Campaign
CUST004413,Matthew,Foster,matthew.foster348@hotmail.com,377-369-6939,M,1999-03-27,02/20/2021,Maryland,Whitneyville,BRONZE,Online,no,Influencer
CUST005373,Kayla,Spence,kayla.spence28@gmail.com,(653)612-3415x77501,F,1987-10-01,2023-08-03,NEW JERSEY,Port Samanthamouth,Bronze,Online,N,Influencer
CUST002568,Bryan,Bradford,bryan.bradford265@yahoo.com,459-842-1042x0841,Other,1966-01-10,2023-07-13,MD,West Rhonda,Bronze,In-Store,Y,Email Campaign
CUST001237,Erin,Irwin,erin.irwin248@outlook.com,001-376-783-6759x0177,M,1959-06-25,2024-02-05,WA,North Rachelborough,BRONZE,Online,N,
CUST005834,Joshua,Johnson,joshua.johnson54@outlook.com,001-738-844-5149x318,F,1990-09-30,2025-09-10,NC,East Bethanyfort,gold,Mobile App,no,Email Campaign
CUST004929,Patrick,Lawson,patrick.lawson4@outlook.com,650.577.3095x59771,F,1963-02-08,2020-12-20,IN,North Calvin,Silver,Mobile App,N,Walk-in
CUST004802,Cynthia,Johnson,cynthia.johnson605@outlook.com,4355614949,F,1979-09-24,2023-06-28,tn,East Andrewland,Bronze,Mobile App,N,Walk-in
CUST001079,Brent,Duncan,brent.duncan513@yahoo.com,001-423-353-4848x6470,F,1991-07-03,2023-10-02,MICHIGAN,South Cathy,BRONZE,In-Store,0,
CUST000926,Theresa,Galloway,theresa.galloway519@gmail.com,001-432-488-0983,M,1986-11-04,2023-08-01,Pennsylvania,Moraburgh,Silver,Mobile App,no,Walk-in
CUST002846,Miranda,Walters,miranda.walters128@outlook.com,546-555-4512,F,1973-10-31,2022-05-23,MO,Nolanview,BRONZE,Mobile App,N,
CUST004654,Jennifer,Carroll,jennifer.carroll679@hotmail.com,001-851-845-0854x91248,M,1943-04-18,2026-05-13,md,South Carolside,gold,Mobile App,no,TV Ad
CUST003743,Benjamin,Jones,benjamin.jones542@outlook.com,736-237-5060,M,1945-10-28,2025-02-04,IL,East Jamesfurt,bronze,Mobile App,1,Walk-in
CUST003437,Heather,Ortiz,heather.ortiz375@yahoo.com,988-337-6061,Other,1991-01-07,2023-06-28,CALIFORNIA,Wardhaven,BRONZE,Mobile App,N,TV Ad
CUST001373,Michael,Kramer,michael.kramer641@hotmail.com,+1-399-821-7735,F,1978-05-12,2021-06-18,MO,Robinton,Bronze,Mobile App,no,Social Media
CUST006074,Donald,Ramirez,DONALD.RAMIREZ435@HOTMAIL.COM,996-227-4368x4850,F,1949-06-29,2021-05-17,OH,Robbinshaven,BRONZE,Online,1,
CUST001009,Jennifer,Sampson,jennifer.sampson147@hotmail.com,001-601-972-2240x5076,Other,1949-11-25,2021-05-31,IL,Stephenshire,SILVER,In-Store,Y,TV Ad
CUST005344,Debra,Shields,debra.shields313@yahoo.com,9454335665,M,1958-07-29,2021-03-02,Ohio,West Michael,bronze,In-Store,no,Friend Referral
CUST004398,Frank,Tanner,frank.tanner681@outlook.com,+1-717-792-2939x890,M,1977-12-07,2021-11-13,PA,Lake Kristenshire,GOLD,Mobile App,1,
CUST001956,John,Huff,john.huff809@hotmail.com,792-949-7265,M,1955-04-27,2020-09-30,Arizona,Burnsfort,Bronze,Mobile App,1,TV Ad
CUST003511,Ashley,Lee,ashley.lee370@yahoo.com,567.737.2725x906,F,1945-07-08,2022-01-04,IL,Burnettland,Silver,Online,0,
CUST002688,Renee,Morales,,,F,,2021-11-20,PENNSYLVANIA,,BRONZE,Mobile App,,
CUST002306,Robert,Walker,,,F,,2023-04-06,MA,,platinum,Mobile App,,
CUST001310,Eric,Petersen,eric.petersen793@outlook.com,351-550-2528x546,Other,1953-03-10,2025-01-22,FL,Watkinsbury,PLATINUM,In-Store,,
CUST002563,Curtis,Thomas,curtis.thomas643@hotmail.com,(425)621-2380,F,1973-03-15,2020-09-03,WI,North Danielle,Bronze,Online,0,
CUST002920,Jamie,Ramos,jamie.ramos391@hotmail.com,968-359-5241,M,1967-02-17,2022-01-18,WA,Lake Tonyaville,Silver,Mobile App,0,TV Ad
CUST003543,Julie,Miller,julie.miller577@outlook.com,001-422-665-6799x266,F,2010-08-12,2024-10-26,California,Williamsburgh,bronze,Mobile App,1,Walk-in
CUST004003,William,Fernandez,william.fernandez165@hotmail.com,001-327-346-0011x15663,F,1941-02-17,2023-11-01,North Carolina,New Christopherfort,SILVER,In-Store,Y,Friend Referral
CUST005817,Shawn,Chandler,shawn.chandler337@gmail.com,+1-309-300-0377x3087,M,1950-01-07,2026-02-21,Michigan,South Krystaltown,Bronze,Mobile App,0,
CUST000940,Norma,Rodriguez,norma.rodriguez14@yahoo.com,2539709230,M,1997-10-24,2021-03-05,IN,South Christopher,Bronze,In-Store,1,Email Campaign
CUST004097,Jennifer,Gardner,jennifer.gardner177@gmail.com,347-314-3840,M,1979-03-20,2025-10-09,Illinois,Lake Davidhaven,Silver,Online,1,Influencer
CUST003757,Robert,Diaz,robert.diaz149@gmail.com,472-974-8479,M,1975-01-18,2023-04-19,Maryland,West Donna,Silver,Mobile App,Y,Friend Referral
CUST005976,Timothy,Knight,timothy.knight286@gmail.com,(920)974-2925,M,1986-05-14,2021-05-02,TX,Matthewsberg,Bronze,Online,Y,Search Engine
CUST003343,Jasmine,Dunn,jasmine.dunn977@outlook.com,797-517-2912x6981,Other,1960-07-01,2023-06-07,Wisconsin,West Elizabethchester,Silver,Online,Y,Email Campaign
CUST005958,  Elizabeth ,Foster,elizabeth.foster144@gmail.com,548-230-6217x3922,F,1954-05-25,2023-08-09,ny,New Alanstad,Platinum,In-Store,N,Social Media
CUST000261,Sandra,Cook,sandra.cook855@hotmail.com,+1-460-248-0589x2583,M,2002-04-05,2023-03-15,Maryland,Port Kayleetown,silver,In-Store,0,Walk-in
CUST001136,Richard,Jackson,richard.jackson106@gmail.com,,F,1992-06-13,2022-03-22,VIRGINIA,Martinezshire,Bronze,Mobile App,,
CUST005665,Whitney,Wagner,whitney.wagner1@yahoo.com,(251)745-0209,M,1959-01-11,2026-06-19,NY,New Robinborough,PLATINUM,In-Store,,
CUST002356,Brittany,Jones,brittany.jones638@gmail.com,,M,1966-08-16,05/11/2023,mo,West Gwendolyn,BRONZE,Online,,
CUST005768,Jonathan,Riley,jonathan.riley140@hotmail.com,5574143748,F,1944-11-06,2022-12-24,IL,Bryanmouth,gold,Mobile App,Y,
CUST003803,Catherine,Meyer,catherine.meyer816@gmail.com,+1-643-293-9191x6545,F,1956-05-28,2022-07-10,OH,Port Morganmouth,BRONZE,Online,no,Social Media
CUST001141,Thomas,Graham,thomas.graham729@gmail.com,537-823-4617x62313,F,1949-10-05,2022-04-24,NC,Alexshire,Bronze,Online,N,Search Engine
CUST005826,Sean,Gordon,sean.gordon893@hotmail.com,+1-207-623-1750x40128,M,1986-07-01,2021-05-27,Missouri,Jasonhaven,BRONZE,In-Store,yes,Search Engine
CUST005968,Christian,Grant,christian.grant198@hotmail.com,(459)946-7573x9540,Other,1967-03-30,2025-05-21,FL,New Danielbury,gold,Mobile App,,
CUST000487,Morgan,Williams,morgan.williams988@gmail.com,+1-259-255-1842x6945,Other,2009-04-11,2026-06-07,Texas,New Darren,Gold,Online,,
CUST005891,Jerry,Mcpherson,jerry.mcpherson298@outlook.com,4005234143,M,1977-08-13,2024-10-01,Indiana,Jacksontown,BRONZE,Online,yes,Email Campaign
CUST004509,  Brittany ,Ross,brittany.ross587@outlook.com,910-540-6331x476,F,1983-12-28,2026-03-21,WI,Port Jessicaton,Bronze,Mobile App,Y,Social Media
CUST004476,Shawn,Walker,shawn.walker155@outlook.com,+1-581-502-5078x537,M,1973-07-28,2021-08-28,MI,Davidland,bronze,Online,N,Search Engine
CUST003950,Kimberly,Conley,kimberly.conley932@outlook.com,001-600-311-2493,M,1989-02-17,2022-06-30,California,North Gregoryburgh,Bronze,In-Store,,
CUST003680,Denise,Ferguson,,,M,1956-03-19,2022-12-05,NJ,Carolineton,GOLD,Online,,
CUST005561,Jennifer,Hill,jennifer.hill947@hotmail.com,001-324-413-0389x773,M,1970-04-28,2025-03-24,GA,Lake Christopher,Platinum,Online,N,TV Ad
CUST005664,Jonathon,Smith,jonathon.smith496@yahoo.com,268.340.9380x1266,M,1969-02-14,2024-07-22,PA,Lisachester,SILVER,Online,N,Email Campaign
CUST002028,Gregory,Montoya,gregory.montoya704@gmail.com,275-295-1490x96710,Other,1987-06-03,2024-02-22,Washington,Whiteland,BRONZE,Online,no,Walk-in
CUST001233,Renee,Evans,renee.evans129@yahoo.com,(995)284-1749x161,M,1996-04-21,2025-08-07,md,Paulville,GOLD,Mobile App,,
CUST004112,Melissa,Saunders,melissa.saunders881@outlook.com,(735)758-9729,M,1986-12-22,2023-04-27,GA,Lisastad,silver,Mobile App,0,Friend Referral
CUST000397,Jesse,Foster,jesse.foster215@yahoo.com,(209)548-1813,F,1978-07-18,04/01/2026,CA,Fitzgeraldland,Silver,Online,no,Search Engine
CUST001913,Douglas,Elliott,douglas.elliott538@yahoo.com,413-897-6352x94614,F,1963-01-25,2025-11-05,VA,Port Heather,gold,Online,no,Social Media
CUST000774,Jeremy,Johnson,jeremy.johnson786@hotmail.com,5949412833,M,1974-07-06,2022-08-01,nj,Victorfurt,GOLD,Mobile App,N,
CUST003176,  Karen ,Rodriguez,karen.rodriguez888@gmail.com,887-541-4656,F,1950-03-14,2022-09-04,ga,South Elizabethhaven,gold,Mobile App,Y,Email Campaign
CUST000486,Brittany,Smith,brittany.smith717@yahoo.com,448-612-3083x4024,F,2005-09-05,2023-08-29,GA,Kevinbury,bronze,In-Store,yes,TV Ad
CUST002865,Gary,Harper,gary.harper707@gmail.com,001-888-235-9432,F,2005-05-22,2021-06-19,tn,Maryshire,GOLD,In-Store,,
CUST001163,Andrea,Adams,andrea.adams151@hotmail.com,7247365240,F,1972-04-08,2025-06-18,TENNESSEE,East Chelseamouth,silver,Mobile App,1,Friend Referral
CUST001400,Cindy,Henderson,cindy.henderson125@yahoo.com,+1-566-304-7473,Other,2004-09-12,01/23/2021,MD,West Carlosland,Gold,In-Store,,
CUST000197,Lisa,Miller,lisa.miller145@gmail.com,270-316-6088,F,1971-10-08,2024-01-04,NC,Port Vernonmouth,BRONZE,Online,,
CUST005824,Andrew,Lang,andrew.lang588@outlook.com,(417)541-2683x182,Other,1985-04-09,2020-11-22,CA,Mcneilborough,Silver,Online,1,TV Ad
CUST002237,Joshua,Gregory,joshua.gregory336@hotmail.com,001-357-824-0030x315,M,1958-07-10,2024-06-10,FLORIDA,Dawsonshire,Bronze,Online,no,
CUST002678,Lindsay,Medina,lindsay.medina78@outlook.com,881-590-5974,M,1969-08-10,2023-04-03,Texas,Lake Carolyn,bronze,Online,Y,Social Media
CUST001841,Peter,Phillips,,,M,,2024-02-07,OH,New Christopher,Bronze,In-Store,,
CUST005166,Janice,Schwartz,janice.schwartz832@hotmail.com,485.938.0533x43265,Other,1987-01-29,2025-10-12,Illinois,Edwardsbury,SILVER,In-Store,N,Friend Referral
CUST003597,Samuel,Smith,samuel.smith208@outlook.com,850.321.4210,M,1970-05-13,2021-01-24,North Carolina,Nicolechester,bronze,Online,yes,Social Media
CUST001278,Lucas,Wallace,lucas.wallace69@gmail.com,8254308437,M,1947-03-15,2021-12-20,Pennsylvania,West Brianaside,Bronze,In-Store,N,Search Engine
CUST000447,Kaitlyn,Conrad,kaitlyn.conrad198@outlook.com,716-486-4622,F,1968-07-13,2022-06-20,mi,Port Travis,Silver,In-Store,Y,Social Media
CUST002605,Olivia,Rice,olivia.rice865@hotmail.com,625.730.8158x0867,M,1944-12-30,2024-09-14,WI,Millschester,BRONZE,In-Store,0,Friend Referral
CUST002758,Alejandro,Smith,alejandro.smith975@yahoo.com,219-981-1796x3305,M,1959-09-11,01/15/2026,FL,New David,Silver,Online,Y,Influencer
CUST004362,  Mark ,Copeland,mark.copeland500@hotmail.com,636-712-9151x639,F,1996-05-23,2025-07-02,Massachusetts,West Cathytown,bronze,Mobile App,N,Walk-in
CUST004179,Anthony,Perez,anthony.perez595@outlook.com,001-396-252-1177x80028,F,2031-05-04,2024-12-29,mo,Huntstad,bronze,Mobile App,1,
CUST001114,Jacob,Black,jacob.black26@yahoo.com,5768327135,Other,1961-09-10,2020-12-09,NY,Pattersonberg,platinum,Online,0,Friend Referral
CUST000547,David,Santiago,david.santiago222@gmail.com,7412591497,F,1973-01-26,2025-02-11,Michigan,Combsland,Bronze,Online,,Walk-in
CUST004293,Bruce,Henderson,bruce.henderson473@yahoo.com,001-337-996-5084x33724,F,1996-04-17,2021-07-26,INDIANA,Ballview,PLATINUM,In-Store,N,Social Media
CUST000971,Melinda,Rice,melinda.rice200@yahoo.com,001-869-747-5769x45353,F,1969-01-26,2022-11-06,Washington,Mitchellmouth,gold,Online,,Social Media
CUST000831,John,Hill,john.hill530@gmail.com,(988)860-5053,M,1964-04-24,2021-02-13,CA,Sarahport,BRONZE,Mobile App,yes,Friend Referral
CUST002747,Wesley,Smith,wesley.smith398@outlook.com,803.549.1410x5269,M,2006-12-07,2025-11-08,NY,North Ricardoberg,Bronze,Mobile App,N,
CUST001307,Cameron,Kane,cameron.kane103@yahoo.com,853.745.8195,F,1991-01-13,2025-09-15,NJ,Taraside,GOLD,In-Store,Y,
CUST003329,Michelle,Thompson,michelle.thompson520@yahoo.com,(496)257-3853x7512,M,1959-10-03,2021-08-02,New York,Margaretshire,BRONZE,Online,1,Walk-in
CUST005636,Andrea,Smith,andrea.smith793@hotmail.com,(388)524-4167x298,Other,1966-06-01,2024-08-29,PENNSYLVANIA,Maddoxbury,GOLD,In-Store,0,Influencer
CUST005451,Drew,Scott,drew.scott335@gmail.com,(965)862-8408,F,1946-12-17,2026-03-31,MASSACHUSETTS,East Kelly,Bronze,Mobile App,yes,Search Engine
CUST002438,Philip,Robinson,,,M,,2021-12-10,VA,Hectorshire,BRONZE,In-Store,,
CUST002596,Wesley,Glenn,wesley.glenn339@hotmail.com,382-336-3725,Other,1956-07-22,2020-12-12,ARIZONA,North Grant,silver,Mobile App,yes,TV Ad
CUST005542,James,Powers,james.powers505@outlook.com,5155035394,M,1963-03-07,12/30/2025,Florida,Smithview,Bronze,Mobile App,N,Social Media
CUST000164,Gregory,Watkins,gregory.watkins396@gmail.com,001-229-337-8427,M,1997-02-09,2024-09-25,Indiana,Lake Jackieshire,Bronze,In-Store,0,Search Engine
CUST004363,Christopher,Martin,christopher.martin899@hotmail.com,+1-681-579-1159x872,F,1978-11-20,2024-09-23,MARYLAND,East Kathleenhaven,silver,In-Store,N,
CUST001339,Jeremy,Rodgers,jeremy.rodgers262@hotmail.com,+1-403-280-1625x85150,Other,2004-02-29,2025-08-03,PA,Josephstad,bronze,In-Store,N,
CUST005374,David,Jenkins,david.jenkins360@yahoo.com,001-671-923-2127x50924,M,1999-10-19,2023-12-27,Tennessee,Port Tinamouth,Bronze,Mobile App,,TV Ad
CUST002120,Charles,Cole,charles.cole683@gmail.com,647.838.1133x704,M,1978-09-19,2022-03-30,ARIZONA,New Aaron,bronze,Online,no,Search Engine
CUST000187,Richard,Sanford,richard.sanford565@yahoo.com,6584300335,Other,1967-07-05,11/22/2020,VA,Lake Nathan,Silver,Mobile App,,
CUST002998,Cassandra,Mcclure,cassandra.mcclure213@gmail.com,(771)407-3257,M,1990-05-25,2021-02-27,OH,Lake Davidbury,Silver,In-Store,Y,
CUST000156,Susan,Kaufman,susan.kaufman434@outlook.com,(457)519-1826x19906,Other,1950-08-23,2022-04-20,NY,East Phyllishaven,BRONZE,Mobile App,Y,Email Campaign
CUST002831,Eileen,Miller,eileen.miller94@outlook.com,7209736174,Other,2008-11-13,2023-04-21,WA,North Adamport,bronze,In-Store,,Walk-in
CUST001632,David,Turner,david.turner376@outlook.com,509.775.4247,F,1968-10-07,2022-02-26,Virginia,North Yvonnehaven,Silver,Online,N,Email Campaign
CUST002412,Jessica,Quinn,jessica.quinn11@gmail.com,(269)642-1187x490,F,1948-04-25,2022-05-21,Pennsylvania,Alexandratown,Silver,Online,Y,Friend Referral
CUST004387,Jeffrey,Campbell,jeffrey.campbell495@yahoo.com,594-870-1172,M,1996-10-20,2024-10-17,VIRGINIA,East Christopher,gold,Mobile App,0,Walk-in
CUST003892,Nicholas,Gibbs,nicholas.gibbs123@gmail.com,829.272.1369x086,M,1991-11-18,2024-02-17,NJ,Wongburgh,Gold,Mobile App,0,Influencer
CUST000250,  Joel ,Hamilton,joel.hamilton671@outlook.com,9973925132,Other,1941-09-24,2025-04-18,GA,South Kristinatown,BRONZE,Online,no,
CUST005476,Alexander,Cohen,alexander.cohen55@yahoo.com,,F,2004-01-17,2024-01-14,Missouri,Port Deborah,Bronze,Mobile App,,
CUST004594,Matthew,Hunt,matthew.hunt412@hotmail.com,990-428-9104x110,M,2003-10-18,2021-05-06,FL,Amberhaven,BRONZE,Online,,
CUST003376,Michael,Hunt,michael.hunt88@outlook.com,538-205-4794x898,F,2007-03-12,05/01/2024,NY,North Brandon,silver,In-Store,no,Social Media
CUST001515,Kristin,Martin,kristin.martin712@outlook.com,648.667.9486x989,M,1956-06-26,11/21/2020,Washington,Andrewview,SILVER,Mobile App,0,Walk-in
CUST001683,Timothy,Phillips,timothy.phillips989@gmail.com,8616445299,F,2003-07-27,2021-02-24,AZ,Jeffreyville,SILVER,Mobile App,no,Email Campaign
CUST004978,Ashley,Day,ashley.day573@gmail.com,(223)949-3241x568,M,1940-11-15,2023-04-11,Missouri,Drewmouth,BRONZE,In-Store,,Search Engine
CUST000058,Mark,Hernandez,mark.hernandez7@outlook.com,(210)420-5395,F,2003-09-17,2020-09-09,Maryland,East Amber,BRONZE,Mobile App,yes,Email Campaign
CUST000011,Donna,Gomez,donna.gomez409@outlook.com,4658133387,Other,1969-06-14,2025-09-13,az,Lake Deniseville,Bronze,Online,,
CUST000040,Margaret,Jones,margaret.jones755@outlook.com,001-746-648-8771x906,M,1952-04-16,2022-06-18,Arizona,Scottmouth,GOLD,Online,N,Influencer
CUST002024,Elizabeth,Moody,elizabeth.moody343@gmail.com,+1-992-685-3202x54616,M,1962-06-14,2025-01-20,Missouri,South Barbarabury,BRONZE,Mobile App,,
CUST003909,Scott,Peterson,scott.peterson872@hotmail.com,001-531-793-6671x1625,M,1998-12-24,2024-07-14,Arizona,Deanport,SILVER,Mobile App,yes,Influencer
CUST004731,Robert,Clark,robert.clark951@yahoo.com,(510)355-8911,M,1989-08-18,2022-03-09,MA,Lake Stephanie,silver,Online,,Email Campaign
CUST000169,Tanya,Wilkerson,tanya.wilkerson192@gmail.com,001-632-371-0405,F,1975-03-11,2022-11-17,GA,Garciafort,SILVER,Mobile App,N,Social Media
CUST002163,Brian,Oconnell,brian.oconnell708@hotmail.com,(670)682-6786x504,F,1942-02-24,2021-02-10,TN,Lambertmouth,BRONZE,In-Store,yes,Search Engine
CUST003574,Nancy,Trujillo,,,Other,,2021-07-08,Virginia,,SILVER,Online,,
CUST004433,Sarah,Jones,sarah.jones398@yahoo.com,+1-554-343-9618x9078,M,1958-11-24,2025-08-04,Missouri,Danielland,Silver,In-Store,Y,
CUST001781,Thomas,Johnson,thomas.johnson44@outlook.com,+1-298-976-6740x87721,Other,1994-10-08,2024-04-11,ARIZONA,Lake Victoria,SILVER,Mobile App,N,
CUST001169,Anthony,Prince,anthony.prince568@yahoo.com,+1-514-930-4913x410,M,1960-12-12,12/17/2020,North Carolina,Spearsberg,Bronze,In-Store,1,
CUST001859,Leslie,Contreras,leslie.contreras846@gmail.com,262-220-6591,M,1946-10-20,2022-05-07,IL,North Kristine,GOLD,Online,N,Email Campaign
CUST004447,Marvin,Medina,marvin.medina341@hotmail.com,2285231643,Other,1977-11-05,2021-06-10,MI,New Thomasport,silver,In-Store,,Social Media
CUST004345,Jonathan,Snyder,jonathan.snyder285@gmail.com,+1-785-487-9806x665,M,2005-07-24,2025-11-12,VA,Stevensonbury,platinum,In-Store,1,Email Campaign
CUST003178,Ronnie,Martin,ronnie.martin616@gmail.com,(500)797-4909x1261,F,1951-05-05,2023-10-16,Maryland,Stephenfurt,BRONZE,Mobile App,no,Email Campaign
CUST000909,Heather,Dunn,heather.dunn802@hotmail.com,759-545-0119x29207,F,1962-06-28,2023-08-16,mi,Haleyland,platinum,In-Store,Y,
CUST005912,Devin,Santiago,devin.santiago57@yahoo.com,(412)437-7874x6187,M,1982-03-17,2024-06-06,Maryland,North Scott,bronze,Online,no,Search Engine
CUST003162,Melanie,Alvarado,melanie.alvarado931@outlook.com,646-393-1681x516,M,1948-12-17,2023-02-28,TX,New Abigailfort,bronze,Online,N,Email Campaign
CUST004814,Pamela,Oneal,pamela.oneal12@outlook.com,631.652.1664,M,1964-03-06,2021-02-13,NORTH CAROLINA,Mariahview,SILVER,In-Store,no,TV Ad
CUST005767,Joshua,Johnson,joshua.johnson388@gmail.com,+1-613-492-3418x6867,M,1987-02-17,2022-09-02,mi,Garciamouth,GOLD,Online,N,Email Campaign
CUST002307,Caroline,Watts,caroline.watts115@hotmail.com,855-879-9900x725,F,1961-04-11,2026-03-02,MD,Lake Frankborough,Bronze,Mobile App,N,Search Engine
CUST000873,Kristina,Foley,kristina.foley566@yahoo.com,977.332.6430x9544,Other,1978-06-27,2022-07-15,IN,Josephville,silver,In-Store,Y,Search Engine
CUST005391,Gregory,Coleman,gregory.coleman107@gmail.com,2975688481,Other,1975-07-18,2024-11-01,Indiana,West Jonathanberg,Gold,In-Store,0,Friend Referral
CUST005210,Kristopher,Hoffman,kristopher.hoffman785@yahoo.com,(514)248-9065x9379,F,1992-08-22,10/07/2023,New Jersey,South Jeffreyfurt,silver,Online,Y,
CUST005932,Brian,Hudson,brian.hudson530@gmail.com,345.238.1159x57672,M,2001-02-09,2026-03-02,Georgia,Jamesfurt,Platinum,Mobile App,yes,Influencer
CUST004706,Melinda,Williams,melinda.williams832@hotmail.com,001-817-231-1601x2403,Other,1949-12-31,2024-08-13,MI,South Michaelhaven,SILVER,Mobile App,Y,Friend Referral
CUST001448,Timothy,Pena,timothy.pena684@outlook.com,820.548.8868x0418,F,1988-11-27,2021-01-20,GA,Lopezville,Bronze,Online,N,
CUST000891,Sean,Warner,sean.warner898@gmail.com,333-596-2746x66215,F,1982-05-29,2023-07-24,Pennsylvania,North Anna,Silver,Mobile App,N,Email Campaign
CUST002992,Nicholas,Webster,nicholas.webster424@yahoo.com,873.747.7630,M,2010-04-20,01/10/2026,Arizona,Danielleborough,BRONZE,In-Store,no,TV Ad
CUST000051,Yvonne,Castaneda,yvonne.castaneda626@gmail.com,5647090974,F,1948-02-21,2022-11-22,GEORGIA,Baileyport,silver,Mobile App,N,Walk-in
CUST001529,Donna,Madden,donna.madden782@hotmail.com,712.469.3794x999,M,1950-06-21,2025-11-28,VA,Lake Linda,bronze,In-Store,N,Email Campaign
CUST004160,Gabriel,Flores,gabriel.flores5@hotmail.com,(375)749-4158x744,F,1960-02-01,2024-05-19,ga,South Sarah,Gold,Mobile App,N,Social Media
CUST002525,Christine,Crosby,christine.crosby572@outlook.com,001-676-702-2364,F,1981-04-22,2026-02-25,wi,Boltonchester,SILVER,In-Store,0,Search Engine
CUST004260,Jenna,Dunn,jenna.dunn343@gmail.com,(982)545-5031x630,Other,2009-01-11,2025-01-07,TN,Lake Brian,Gold,Online,,Friend Referral
CUST004827,Rodney,Wolfe,rodney.wolfe727@outlook.com,578-436-4374x8262,F,2007-11-26,2026-06-24,California,North Danielmouth,GOLD,Mobile App,,
CUST003942,Sheena,Hughes,sheena.hughes864@gmail.com,+1-328-906-3968x248,F,1987-11-26,2024-07-19,Maryland,Johnmouth,BRONZE,Mobile App,0,Friend Referral
CUST005979,Lisa,Nguyen,lisa.nguyen167@hotmail.com,845-716-7262,M,1989-10-15,2021-09-18,OH,North Amandaville,Gold,Online,Y,
CUST005137,Jay,Castro,jay.castro980@gmail.com,565.553.2327,M,1962-10-03,2026-01-25,NC,Lake Stevenport,bronze,Mobile App,N,Social Media
CUST003904,Kristie,Pena,,,F,,2022-08-20,nc,Robertmouth,Silver,Online,,
CUST003895,Holly,Parks,holly.parks595@outlook.com,+1-741-253-5431x870,F,1958-02-14,10/05/2024,nc,Port Edgarfurt,Platinum,Online,N,Friend Referral
CUST002806,Karen,Harris,karen.harris210@hotmail.com,543.426.7484x64310,Other,1951-10-07,2024-11-23,MO,South Johnmouth,SILVER,Mobile App,N,Search Engine
CUST000522,Cynthia,Hayes,cynthia.hayes777@yahoo.com,+1-601-355-7998x028,F,1951-12-14,2022-05-31,CA,Lake Ashley,BRONZE,In-Store,,Social Media
CUST000941,  Chad ,Jordan,chad.jordan62@yahoo.com,594.885.4329x87698,M,1962-08-25,2020-10-04,GA,Scottland,BRONZE,Mobile App,N,Friend Referral
CUST003244,Darrell,Snyder,darrell.snyder288@gmail.com,(303)455-9967x313,F,1974-02-24,2021-09-05,Georgia,Jasonview,Bronze,Online,,Search Engine
CUST002491,Jason,Smith,jason.smith432@yahoo.com,327.363.3968x007,F,1972-01-09,2023-03-15,PENNSYLVANIA,Christinefurt,SILVER,Online,1,Influencer
CUST003936,Amanda,Sullivan,amanda.sullivan991@yahoo.com,(870)634-7008x26374,M,2007-04-27,2021-03-27,Texas,Andrewmouth,SILVER,In-Store,0,Social Media
CUST000643,Luke,Moreno,luke.moreno872@outlook.com,523-662-2925x87964,F,1947-11-18,2022-06-02,IL,New Emily,bronze,Mobile App,,
CUST004988,Jared,Perez,jared.perez919@outlook.com,+1-723-985-7312,M,1971-01-08,2025-01-30,IN,Baileychester,Gold,Online,,Social Media
CUST001642,Victoria,Anderson,victoria.anderson621@hotmail.com,572.337.2259,M,1977-12-20,2022-09-27,Indiana,Moorehaven,gold,In-Store,yes,Friend Referral
CUST000204,Tonya,Vega,tonya.vega731@outlook.com,5576198386,F,1950-12-04,01/12/2021,Texas,Jamesside,gold,In-Store,no,Friend Referral
CUST004565,Dennis,Hall,dennis.hall877@hotmail.com,+1-931-908-3708x9053,F,1959-03-17,2026-02-08,Michigan,North Donna,Gold,Online,Y,TV Ad
CUST002367,Chelsea,Wise,chelsea.wise845@gmail.com,257.728.3463x89161,M,1992-12-05,2026-02-22,Pennsylvania,Michaelhaven,Bronze,In-Store,yes,Walk-in
CUST004903,Edward,Curtis,edward.curtis483@yahoo.com,+1-466-842-6519x7621,Other,1967-03-07,2022-11-30,MA,Johnburgh,SILVER,In-Store,N,Search Engine
CUST005809,Emily,Contreras,emily.contreras62@outlook.com,+1-429-619-6161x8576,M,1966-12-10,2022-01-14,NJ,Lake Johnton,Gold,Online,N,TV Ad
CUST000082,Amy,Li,amy.li636@gmail.com,+1-822-917-0430x3054,Other,1952-12-06,2025-03-17,Arizona,Pollardfort,silver,In-Store,,
CUST004270,Rachel,Sutton,rachel.sutton471@outlook.com,(755)291-5178x2733,M,1954-09-09,2021-08-29,TN,North Keithland,bronze,Online,,Search Engine
CUST004995,Sean,Harris,sean.harris847@yahoo.com,(640)423-0554x1212,M,2000-06-03,2021-11-30,NY,Nelsonview,gold,In-Store,0,Social Media
CUST005408,Kaitlyn,Griffin,kaitlyn.griffin224@hotmail.com,364-527-1657,M,1954-07-30,2025-09-11,OH,Lake Jeffreyport,Gold,Mobile App,0,Friend Referral
CUST002105,Jacob,Schaefer,jacob.schaefer47@yahoo.com,3605541137,F,1947-07-29,2023-03-12,MISSOURI,Beverlymouth,BRONZE,Online,N,Friend Referral
CUST006079,Jacqueline,Ward,JACQUELINE.WARD878@HOTMAIL.COM,484.316.2906,M,2008-03-10,2024-03-19,Massachusetts,Gloriabury,Bronze,In-Store,0,
CUST000407,Benjamin,Vasquez,benjamin.vasquez624@yahoo.com,449-387-2839,F,1989-12-16,2024-03-14,FL,East Traceyfurt,gold,In-Store,N,TV Ad
CUST003665,Karen,Craig,karen.craig236@hotmail.com,(308)686-3841x96284,M,1950-05-03,2025-04-02,Arizona,North Lindsaymouth,SILVER,Mobile App,N,Email Campaign
CUST003018,Karen,Jimenez,karen.jimenez592@outlook.com,,Other,2007-04-10,2021-02-24,Wisconsin,Parksville,silver,In-Store,,
CUST005631,Taylor,Soto,taylor.soto786@hotmail.com,9427628573,M,1990-01-02,09/13/2024,pa,Lewisburgh,BRONZE,Online,1,Influencer
CUST004468,Christy,Adams,christy.adams334@outlook.com,560-958-1195x2361,F,1966-04-09,2023-12-30,Ohio,West James,Bronze,Online,,Email Campaign
CUST001443,Christopher,Martinez,christopher.martinez93@hotmail.com,+1-625-826-1197x89259,F,1949-08-31,2021-10-24,FLORIDA,North Joseph,BRONZE,Online,Y,Walk-in
CUST001586,John,Huang,john.huang635@hotmail.com,844.479.3656x11568,F,1976-10-15,2020-10-30,Ohio,Port Joshua,silver,Online,Y,
CUST004502,Nicole,Nunez,nicole.nunez900@gmail.com,(980)581-7869x772,M,1968-10-27,2026-06-14,Illinois,West Shirley,GOLD,Mobile App,,Social Media
CUST005528,Michael,Boyd,michael.boyd374@yahoo.com,+1-958-446-7842,F,1976-12-12,2025-04-02,VA,South Carrie,silver,In-Store,Y,Walk-in
CUST000588,Anthony,Adams,anthony.adams918@yahoo.com,756-267-6640x473,M,1955-09-25,2025-08-17,md,Brownmouth,Gold,In-Store,1,TV Ad
CUST003954,Pamela,Carroll,,,M,,2020-12-12,mi,,BRONZE,Online,,
CUST001672,Taylor,Carter,taylor.carter670@hotmail.com,(862)497-6116,F,1990-07-12,2025-11-08,Indiana,Branditown,Bronze,Online,1,TV Ad
CUST003017,Alexandria,Kim,,,Other,1977-06-23,2023-04-18,IN,North Stephen,SILVER,Mobile App,,
CUST004254,Theresa,Green,theresa.green941@gmail.com,(820)331-4754x880,M,1978-06-06,06/05/2022,Illinois,Leville,bronze,Online,1,Email Campaign
CUST005882,Lisa,Mason,lisa.mason833@hotmail.com,319-971-0245x199,F,1952-01-17,2025-04-11,PA,Obrienhaven,Silver,In-Store,Y,Search Engine
CUST000394,Madison,Thomas,madison.thomas636@gmail.com,713.677.0285x19611,F,1949-07-29,2024-10-23,MD,Lake William,Silver,In-Store,,Search Engine
CUST002219,Brian,Smith,brian.smith1@yahoo.com,+1-963-419-0537x6932,Other,1949-02-13,2021-05-27,FL,Jeremyton,Gold,Mobile App,0,
CUST003534,Paige,Ortega,paige.ortega149@hotmail.com,412-961-0912,F,1955-08-26,2023-08-05,New Jersey,Erikmouth,bronze,In-Store,yes,TV Ad
CUST006026,Dwayne,Johnson,DWAYNE.JOHNSON215@HOTMAIL.COM,(763)349-6070,M,1942-01-10,2021-11-02,Missouri,North Kristen,BRONZE,Online,,Social Media
CUST004581,Caroline,Thomas,caroline.thomas458@gmail.com,(830)845-1424,M,1971-07-09,2021-04-05,NEW JERSEY,Jessicastad,GOLD,Online,1,Influencer
CUST000104,Nancy,Smith,nancy.smith307@gmail.com,772.687.4315x27420,F,1980-06-07,2021-04-19,Massachusetts,Justinside,Bronze,Mobile App,1,TV Ad
CUST001738,Danielle,Shepard,danielle.shepard8@yahoo.com,(661)446-5344x200,F,1959-02-25,2026-04-23,PA,East Steven,bronze,Online,Y,Walk-in
CUST005385,Pamela,Hardy,pamela.hardy99@outlook.com,(804)367-9323x67053,M,1959-09-30,2021-04-17,GEORGIA,Brooketown,BRONZE,In-Store,0,Search Engine
CUST000213,Angela,Peters,angela.peters358@outlook.com,335-436-8222x3943,M,1949-04-20,2020-09-13,Tennessee,Medinaland,bronze,Mobile App,,Walk-in
CUST004401,Michael,King,,,F,,2023-02-01,VA,East Mariah,silver,In-Store,,
CUST002013,Tyler,Valenzuela,tyler.valenzuela112@gmail.com,+1-813-604-9950x4389,M,1949-01-27,2023-02-12,ma,Travishaven,BRONZE,In-Store,N,Social Media
CUST004859,Charles,Bolton,charles.bolton860@yahoo.com,001-748-577-6126,F,1984-10-10,2022-06-10,MA,West Donna,Gold,In-Store,N,Walk-in
CUST001641,David,Cooper,david.cooper542@hotmail.com,566.593.3276,M,1979-09-25,2023-06-25,California,North Jenniferstad,SILVER,In-Store,,Walk-in
CUST003285,Briana,Reyes,briana.reyes909@hotmail.com,472.338.0571,M,2003-08-23,2026-01-22,Missouri,East Amyfort,Gold,In-Store,Y,Walk-in
CUST005007,Molly,Marshall,molly.marshall280@hotmail.com,378.962.6591,M,1961-04-24,2022-02-19,Florida,Samanthafort,bronze,Online,1,Influencer
CUST001716,James,Smith,james.smith207@yahoo.com,(454)903-0799x1540,Other,1982-09-14,2025-11-11,NC,West Melissa,BRONZE,Mobile App,N,Email Campaign
CUST005952,Desiree,Short,desiree.short8@outlook.com,+1-983-988-5342x63015,F,1995-08-16,08/18/2025,Maryland,Natalieshire,SILVER,In-Store,N,
CUST001658,Adam,Gardner,adam.gardner699@outlook.com,(304)390-3764x74769,F,1955-05-07,2025-09-21,Indiana,Howellfurt,Gold,Mobile App,N,
CUST003520,Elizabeth,Chambers,elizabeth.chambers407@yahoo.com,349.219.2832x4951,M,1981-12-06,2021-01-12,ARIZONA,Billymouth,Bronze,Mobile App,yes,Influencer
CUST005787,Michael,Schroeder,michael.schroeder7@outlook.com,331-728-0151,F,1981-07-03,2024-10-20,Virginia,Brookestad,BRONZE,Online,N,TV Ad
CUST003288,Jacob,Johnson,jacob.johnson894@gmail.com,685-664-5044x6240,Other,1960-02-17,2021-05-29,AZ,Jacobsborough,Bronze,Mobile App,N,Social Media
CUST004232,Phillip,Adams,phillip.adams799@outlook.com,(462)409-4846x180,M,2008-04-05,2021-01-08,New York,East Paul,BRONZE,In-Store,Y,Walk-in
CUST000784,Nicole,Allen,nicole.allen615@yahoo.com,9055595501,M,1982-12-13,2026-03-30,az,Lake Henry,PLATINUM,Online,N,
CUST000232,Tammy,Hart,tammy.hart434@outlook.com,8717416335,M,1994-07-28,2025-01-30,Maryland,Maldonadoshire,silver,Mobile App,Y,
CUST000149,Stephanie,Townsend,stephanie.townsend39@gmail.com,(384)686-6618x8924,F,1941-11-04,2021-01-24,MI,Jasonton,BRONZE,In-Store,N,Search Engine
CUST001019,Debbie,Arnold,debbie.arnold7@hotmail.com,4493832112,Other,1947-06-22,2021-11-12,Tennessee,East Dianaton,BRONZE,Mobile App,N,Social Media
CUST005987,Kaitlyn,White,,,M,1985-04-20,2021-03-07,VA,Samanthabury,Bronze,In-Store,,
CUST004889,Gregory,Brown,gregory.brown460@gmail.com,357.572.0897,F,1967-07-08,2026-05-12,Florida,Christopherchester,bronze,In-Store,1,
CUST002159,Jason,James,jason.james380@yahoo.com,(951)343-5804,F,1959-07-28,09/14/2024,Pennsylvania,Houseton,Bronze,Mobile App,N,Influencer
CUST000388,Scott,Carrillo,scott.carrillo530@yahoo.com,001-626-706-0290x84668,F,1990-11-28,09/07/2023,Michigan,North Matthewfurt,gold,In-Store,yes,TV Ad
CUST004894,Christopher,Arnold,christopher.arnold365@hotmail.com,318.311.4073,Other,2004-07-07,2023-05-01,MD,Jordanburgh,gold,Online,,
CUST005165,Samantha,Willis,,,F,,2023-06-02,AZ,Richardland,BRONZE,Online,,
CUST005115,Samantha,Richardson,samantha.richardson997@hotmail.com,865.650.5605x723,M,1966-09-08,2022-08-26,Washington,Veronicafurt,Bronze,Online,Y,Social Media
CUST002476,Catherine,Thomas,catherine.thomas720@outlook.com,+1-957-283-9803,F,1941-08-28,2026-06-22,Missouri,West Kim,Platinum,Online,N,
CUST002464,Nancy,Jensen,nancy.jensen62@yahoo.com,,Other,1976-10-07,2025-05-08,Maryland,South Vincent,silver,Online,,
CUST000272,James,Johnson,james.johnson441@yahoo.com,001-233-812-7975x7366,M,1994-03-11,2020-10-04,NJ,Stephaniebury,bronze,Mobile App,N,
CUST004233,Lauren,Hart,lauren.hart641@yahoo.com,718-531-8517,F,1978-06-01,2022-05-17,Washington,Harrisonberg,BRONZE,Online,Y,Friend Referral
CUST001137,Alan,Rodriguez,alan.rodriguez196@outlook.com,528.663.9420x122,M,1953-07-05,2024-12-01,Georgia,Jacksonport,gold,Mobile App,Y,Social Media
CUST005158,Tina,Mata,tina.mata237@yahoo.com,+1-328-670-0762x59962,F,2002-01-25,2020-11-04,Georgia,Schwartzside,Gold,Online,Y,Social Media
CUST000141,Michelle,Martinez,michelle.martinez180@yahoo.com,929.946.6711x6845,F,2001-04-20,2022-02-15,TN,Mariafurt,bronze,Online,N,TV Ad
CUST001351,Corey,Pierce,corey.pierce701@hotmail.com,(371)705-2987x70745,Other,1968-06-20,2025-11-29,MA,Scottmouth,Platinum,In-Store,no,Search Engine
CUST000700,Dawn,Lewis,dawn.lewis431@hotmail.com,4339582686,Other,1950-07-27,2021-04-21,IL,Evanschester,Silver,Online,1,Email Campaign
CUST000758,Daniel,Allen,daniel.allen668@outlook.com,216-677-2696,M,1962-04-09,2024-01-18,VA,Griffinbury,SILVER,Online,yes,TV Ad
CUST003919,Sarah,Booker,sarah.booker222@hotmail.com,(418)294-2062x4887,M,1970-04-29,2025-10-04,MA,Adamshaven,gold,Mobile App,Y,Search Engine
CUST005083,Lee,Martinez,lee.martinez133@gmail.com,(906)625-1048x2801,F,1988-02-03,2025-03-14,MO,Jessicaview,Gold,Mobile App,,Walk-in
CUST006038,Jamie,Chavez,JAMIE.CHAVEZ422@OUTLOOK.COM,(371)662-9968x17548,F,1980-03-29,2023-08-18,Illinois,East Lori,Bronze,Mobile App,Y,Influencer
CUST003188,Amy,Browning,amy.browning39@gmail.com,6274554701,Other,1944-06-20,2021-03-29,Maryland,West Kyle,BRONZE,In-Store,yes,Search Engine
CUST003629,  Savannah ,Baxter,savannah.baxter516@hotmail.com,944-640-0579,Other,2002-05-02,2024-06-19,oh,Thomasfurt,gold,In-Store,Y,
CUST001458,Jessica,Robinson,jessica.robinson148@outlook.com,327-307-9959x4761,Other,1948-11-14,03/19/2021,INDIANA,Paulmouth,gold,In-Store,Y,TV Ad
CUST002931,Charles,Hammond,charles.hammond117@hotmail.com,+1-414-689-9482x2332,M,1968-02-10,01/04/2021,California,New Alicia,SILVER,Mobile App,Y,
CUST004140,Jack,Brown,jack.brown845@gmail.com,(359)485-6842,F,1954-10-31,2023-04-08,New Jersey,East Richardmouth,Bronze,Mobile App,0,Friend Referral
CUST005282,Benjamin,Wright,benjamin.wright740@hotmail.com,(329)649-4513,F,1966-10-26,2024-05-08,GA,Haaston,BRONZE,Online,Y,
CUST003509,Ashley,Allen,,,M,,2025-10-15,New Jersey,,bronze,In-Store,,
CUST005118,Kimberly,Ward,kimberly.ward706@outlook.com,251.999.4038,F,1956-01-26,2021-10-30,mi,Bellberg,BRONZE,Online,yes,Email Campaign
CUST001080,Jeffrey,Sheppard,jeffrey.sheppard760@gmail.com,7212237205,F,1969-05-23,04/09/2022,NJ,East Jennifer,Silver,Mobile App,Y,
CUST001854,Miguel,Wolf,miguel.wolf598@hotmail.com,001-699-570-2440,F,1992-11-13,2021-11-28,nj,East Zachary,GOLD,Mobile App,,
CUST001536,Virginia,Hansen,virginia.hansen316@yahoo.com,488.431.2736x5485,M,1976-06-18,2021-12-21,Tennessee,Port Daniel,BRONZE,In-Store,yes,Search Engine
CUST002151,Paul,Wells,paul.wells34@outlook.com,3278721793,M,1974-03-25,06/16/2022,mo,Brianbury,Silver,In-Store,1,Walk-in
CUST002147,Max,Garcia,max.garcia268@outlook.com,+1-682-230-7008x133,Other,1983-02-15,2022-09-14,OHIO,Morenofort,Silver,Mobile App,1,
CUST002012,Brenda,Vaughn,brenda.vaughn966@gmail.com,001-820-733-1465,F,1963-02-23,2021-02-09,TX,South Adam,bronze,In-Store,0,Social Media
CUST005499,Lucas,Stevens,lucas.stevens437@yahoo.com,,F,1974-07-06,2022-04-29,TN,Bellborough,Bronze,Mobile App,,
CUST000894,Bobby,Bishop,bobby.bishop31@yahoo.com,(698)373-1379x7166,Other,1975-10-21,2025-05-17,Virginia,Deborahfort,Bronze,In-Store,N,Influencer
CUST003215,Diana,Diaz,diana.diaz478@yahoo.com,001-315-306-8985x118,F,1983-07-07,2025-05-18,Arizona,Port Michelleport,silver,Online,Y,Email Campaign
CUST002790,Dawn,Fletcher,dawn.fletcher626@yahoo.com,(748)893-2377,F,1989-11-04,2020-11-03,Ohio,Lopezborough,BRONZE,Online,,Friend Referral
CUST003019,Diane,Martinez,diane.martinez532@gmail.com,(427)740-4512,M,1949-03-24,2023-06-22,New Jersey,South Christopher,BRONZE,In-Store,Y,Email Campaign
CUST003493,Ariel,Martinez,ariel.martinez767@hotmail.com,328-804-3326x44458,F,2005-09-13,2025-09-17,North Carolina,South James,BRONZE,Online,1,Friend Referral
CUST005267,Brittany,Rodriguez,brittany.rodriguez988@hotmail.com,+1-664-965-8894x921,Other,1995-07-23,2024-06-11,GA,Burgessport,SILVER,Online,0,Influencer
CUST001232,Dawn,Ferrell,dawn.ferrell937@outlook.com,285-948-3966,F,1956-07-19,2021-09-10,MO,South Melissastad,silver,Mobile App,N,
CUST003483,Tara,Figueroa,tara.figueroa408@yahoo.com,001-804-965-3521x70572,F,1977-03-25,2022-01-14,North Carolina,Lake Joseph,BRONZE,Mobile App,N,
CUST004849,John,Rodriguez,,,F,,2022-01-06,oh,Jeremyland,Gold,In-Store,,
CUST004771,Jacob,Bradley,jacob.bradley618@outlook.com,001-599-708-5692x028,M,2031-05-04,2025-08-22,Virginia,Rogersshire,BRONZE,Online,no,
CUST003016,Emily,Abbott,emily.abbott274@hotmail.com,001-652-990-8311x68674,F,1947-09-28,2022-05-04,Indiana,South Stephanie,gold,Online,N,
CUST003373,Joshua,Carter,joshua.carter408@gmail.com,983.592.1143x67858,F,2006-10-06,2022-08-05,WA,Lake Chasechester,Gold,Mobile App,yes,Walk-in
CUST001303,Stephanie,Gross,stephanie.gross216@hotmail.com,7403431566,M,1981-01-26,2025-01-30,IL,West Jonathanland,bronze,Mobile App,1,Email Campaign
CUST003073,  Terri ,Ramos,terri.ramos625@gmail.com,(876)524-3960,M,1995-09-08,2024-02-06,CA,Georgechester,GOLD,In-Store,N,Search Engine
CUST003409,Tiffany,Macdonald,tiffany.macdonald531@gmail.com,619.953.7281x7740,M,1945-12-15,2024-06-30,NJ,North Vanessaville,Gold,Online,N,Walk-in
CUST001108,Alejandro,Durham,alejandro.durham384@yahoo.com,8216516758,M,1992-05-17,2024-03-03,Washington,Port Alexisbury,SILVER,Mobile App,1,Influencer
CUST001062,Brittany,Bauer,brittany.bauer745@outlook.com,001-690-792-2884x987,F,2005-07-14,01/09/2024,MD,South Tylerview,BRONZE,Mobile App,Y,Friend Referral
CUST000229,Jennifer,Harper,jennifer.harper154@yahoo.com,+1-284-430-9883x92053,Other,2006-11-16,2025-06-12,OH,Gonzalesborough,bronze,In-Store,no,Search Engine
CUST005021,Lori,Fitzgerald,lori.fitzgerald507@yahoo.com,307.291.4813x982,Other,1976-06-24,09/25/2022,NC,North Michaelhaven,Silver,In-Store,Y,Influencer
CUST001714,Jaime,Camacho,jaime.camacho668@yahoo.com,(243)716-7859x8444,F,1979-06-18,2025-06-10,FL,Port Elizabeth,silver,Online,Y,Walk-in
CUST004407,Luis,Christian,luis.christian321@gmail.com,437.853.6143,M,1951-01-07,2021-04-29,Georgia,Trevinoshire,Bronze,Online,N,Influencer
CUST004739,Emily,Moore,emily.moore891@outlook.com,001-644-565-2488x26523,F,1945-03-14,10/04/2023,tn,New Kelseyhaven,Gold,In-Store,no,Influencer
CUST005889,Louis,Villa,louis.villa948@yahoo.com,(441)432-6049x435,M,1980-11-19,2026-02-02,California,Toddmouth,BRONZE,Mobile App,yes,
CUST003495,Desiree,Mcclure,desiree.mcclure458@yahoo.com,425-470-6029,M,2009-02-21,2020-11-04,NY,Lake Jessicaside,BRONZE,In-Store,1,TV Ad
CUST000317,Joshua,Lee,joshua.lee551@yahoo.com,+1-400-454-3645x97010,M,1996-06-09,2024-08-29,NY,Jimenezburgh,BRONZE,Online,N,Email Campaign
CUST003845,Kimberly,Jackson,kimberly.jackson430@hotmail.com,5477608307,M,1973-11-13,2021-10-04,Georgia,Amandaview,GOLD,In-Store,Y,Email Campaign
CUST002192,Samantha,Ellis,samantha.ellis223@gmail.com,+1-280-966-6405x99743,M,1992-03-18,2021-06-18,Wisconsin,East Craigland,BRONZE,Online,,Search Engine
CUST000738,Eric,Benson,eric.benson862@hotmail.com,001-643-364-3813x000,Other,1993-05-29,2024-11-03,MI,South Drewland,BRONZE,Online,1,Walk-in
CUST003990,Richard,Hamilton,richard.hamilton656@hotmail.com,494.693.1733x2206,Other,1967-04-09,2025-08-12,tx,Kimberlyside,BRONZE,Mobile App,1,Social Media
CUST003792,Nicole,Mendez,nicole.mendez928@gmail.com,+1-439-874-2608x550,M,1975-12-23,12/03/2023,IN,Rachelborough,gold,Mobile App,1,
CUST005648,Alexander,Green,alexander.green988@yahoo.com,444.886.8968x3929,F,2008-04-10,2023-09-04,Florida,Port Kevin,BRONZE,Online,Y,
CUST003867,Nicole,Martin,,,M,,2025-06-19,Maryland,Albertview,BRONZE,Mobile App,,
CUST001994,Shawn,Harris,shawn.harris663@hotmail.com,,F,1959-05-24,2026-06-19,New York,Johnstonberg,GOLD,In-Store,,
CUST005941,Jay,Cox,jay.cox782@outlook.com,(291)862-8875x0865,F,1950-03-16,2022-08-05,CA,North Lindseybury,Silver,Online,,Social Media
CUST003274,Mitchell,Dominguez,mitchell.dominguez130@gmail.com,001-696-988-5606x9456,Other,1963-08-19,2024-05-17,Illinois,Allenborough,bronze,Online,Y,Walk-in
CUST005972,Regina,Hernandez,regina.hernandez265@outlook.com,8398244254,F,1943-02-24,2023-09-27,FL,East Jay,GOLD,Mobile App,no,Social Media
CUST001941,William,Carney,william.carney895@yahoo.com,+1-654-790-2948x4943,Other,2007-10-16,2024-10-06,PENNSYLVANIA,Rodriguezshire,Silver,Mobile App,N,Email Campaign
CUST004944,Nathaniel,Morris,nathaniel.morris580@yahoo.com,(316)448-0421x00062,F,1999-12-06,2024-06-21,MI,Edwardsfort,bronze,Mobile App,yes,Social Media
CUST002719,Michael,Ford,michael.ford497@gmail.com,(689)922-5174x752,F,2004-08-07,2021-10-06,New Jersey,Sandraport,gold,Mobile App,N,Walk-in
CUST002676,Michael,Newton,michael.newton443@outlook.com,835.221.9980x6849,F,1958-02-20,2020-11-20,PENNSYLVANIA,South Amy,platinum,In-Store,0,Social Media
CUST001124,Jeffrey,Pearson,jeffrey.pearson106@outlook.com,001-967-665-2728x453,M,1961-07-26,2025-03-03,NORTH CAROLINA,Brownchester,Bronze,Mobile App,no,
CUST005131,Anthony,Mosley,anthony.mosley861@gmail.com,(823)459-6053,F,1976-10-13,2021-04-24,VA,Mannport,SILVER,Online,,Search Engine
CUST004769,Joseph,Patterson,joseph.patterson308@outlook.com,(746)753-0722,Other,1969-10-13,2026-06-14,fl,Port Amberland,Bronze,In-Store,,Email Campaign
CUST003235,  Joseph ,Adams,joseph.adams413@hotmail.com,,F,1985-04-11,2025-04-02,New Jersey,Roychester,bronze,Online,,
CUST000301,William,York,william.york336@gmail.com,6195292752,F,1960-02-15,2021-06-11,MASSACHUSETTS,Joshuaview,gold,In-Store,N,
CUST000483,Brenda,Barr,brenda.barr110@yahoo.com,+1-495-547-3820,M,1986-06-24,2021-10-12,NJ,Schaeferland,bronze,In-Store,1,Influencer
CUST004455,Marcus,Clements,marcus.clements559@outlook.com,4092299695,F,1966-01-17,2024-10-31,ga,Jacksonberg,Bronze,Mobile App,Y,Search Engine
CUST001276,Caitlyn,Smith,caitlyn.smith145@outlook.com,001-894-808-4290,F,1997-09-04,2023-11-21,MD,Robynstad,Silver,Mobile App,0,Influencer
CUST004464,Barry,Gonzalez,barry.gonzalez955@hotmail.com,602-609-0167,Other,2009-03-26,2026-05-22,fl,Josephburgh,SILVER,Mobile App,,
CUST000077,Kayla,Strickland,kayla.strickland103@yahoo.com,+1-424-607-5818x141,Other,1975-11-17,2023-02-10,IN,Port James,BRONZE,Online,Y,Influencer
CUST001848,Robin,Reynolds,robin.reynolds334@outlook.com,001-295-386-4178x256,M,2002-01-18,2024-06-30,Washington,Port Mary,SILVER,Online,0,
CUST003889,Stephanie,Jackson,stephanie.jackson12@hotmail.com,886-815-7799x324,F,1991-09-01,2023-10-09,Illinois,North Jessicachester,bronze,Online,yes,
CUST000286,Lauren,Stein,,,M,,2022-08-27,Virginia,Oconnorhaven,BRONZE,In-Store,,
CUST002710,Patrick,Davis,patrick.davis506@yahoo.com,257-333-7684,F,1971-02-25,2024-08-04,ny,Cohenport,BRONZE,Online,,Search Engine
CUST000942,Melvin,Larson,melvin.larson743@hotmail.com,+1-782-273-4813x104,M,1960-03-16,2023-06-03,Texas,South Maryland,SILVER,Mobile App,,
CUST005774,Alicia,Haynes,alicia.haynes317@outlook.com,(357)916-7303x2733,F,1954-12-13,2022-03-30,MISSOURI,East Kendra,Gold,Mobile App,0,Search Engine
CUST002954,Anthony,Kline,anthony.kline241@hotmail.com,420.691.8281,M,2001-05-12,2022-09-27,Georgia,North Bradley,Bronze,In-Store,N,Search Engine
CUST002867,Eddie,James,eddie.james382@yahoo.com,+1-908-651-5122x86600,F,1976-02-11,2025-11-09,Michigan,Lydiaburgh,bronze,Mobile App,N,Influencer
CUST005026,Dave,Wallace,dave.wallace718@gmail.com,854.317.3234x25138,F,1980-01-02,2023-12-16,Arizona,Davenportshire,Silver,In-Store,N,Social Media
CUST000791,Lindsay,Gardner,lindsay.gardner898@outlook.com,(888)337-5056,F,1958-03-12,2020-10-11,Arizona,North Francismouth,SILVER,Mobile App,,TV Ad
CUST005743,Jermaine,Wright,jermaine.wright789@yahoo.com,549-517-1792,M,1941-08-31,2024-12-25,Georgia,West Kyle,SILVER,Online,yes,
CUST003657,Rachel,Hawkins,rachel.hawkins929@outlook.com,+1-762-263-1413,M,1981-06-28,2025-04-04,nc,East Colleenmouth,gold,Mobile App,Y,Friend Referral
CUST004991,Michelle,Thompson,michelle.thompson324@yahoo.com,272-995-6469x4713,M,2003-09-19,2021-03-04,NY,North Monicamouth,Gold,Mobile App,1,Search Engine
CUST005795,Suzanne,Johnson,suzanne.johnson648@gmail.com,(615)607-2919x6061,M,1992-11-03,2025-01-18,Massachusetts,Alexisland,Gold,Online,Y,Email Campaign
CUST005407,George,Hendricks,george.hendricks574@yahoo.com,(771)948-2016x5762,M,1987-10-21,2022-06-15,CA,North Jason,bronze,In-Store,1,Social Media
CUST005495,William,Frazier,william.frazier353@outlook.com,+1-466-784-9270x562,Other,1984-06-20,2022-08-30,Wisconsin,Lake Kelseystad,silver,In-Store,,Email Campaign
CUST000429,Lisa,Ortega,lisa.ortega444@hotmail.com,001-774-930-2716x938,Other,1951-10-16,2024-01-08,TX,Brianahaven,Gold,Online,,
CUST004700,Edward,Hunt,edward.hunt611@outlook.com,685-512-0540,F,2007-02-27,2021-02-16,NJ,Martinchester,BRONZE,Mobile App,,Search Engine
CUST000710,Jason,Love,jason.love657@yahoo.com,001-379-427-4907x280,F,1967-10-04,2024-04-24,New Jersey,South Lisa,Silver,Online,1,Email Campaign
CUST001741,David,Harris,david.harris814@hotmail.com,9526291845,M,1947-05-20,2023-01-06,PA,Lake Madisonton,BRONZE,Online,N,
CUST003879,Angela,Castillo,angela.castillo710@outlook.com,,F,1971-08-10,2022-03-28,MA,Hallshire,Silver,Online,,
CUST001806,Richard,Berry,richard.berry664@outlook.com,6187643231,M,1960-07-12,2020-10-20,Indiana,North Sarahborough,bronze,Online,N,TV Ad
CUST003022,  Denise ,Williams,denise.williams589@hotmail.com,629-457-9035x406,F,1945-08-31,11/23/2023,wi,Ramoston,Silver,Online,Y,Search Engine
CUST002706,Nicole,Reed,nicole.reed226@gmail.com,657.240.8747,Other,1978-11-30,2024-07-20,Georgia,Dorisville,BRONZE,Mobile App,N,
CUST005770,Max,Dixon,max.dixon892@hotmail.com,,F,2003-07-25,2021-03-15,North Carolina,Port Megan,silver,Mobile App,,
CUST004528,Jeff,Rogers,jeff.rogers235@gmail.com,714-957-4735x587,F,1998-04-02,2025-02-25,Indiana,Toddhaven,SILVER,Online,Y,Search Engine
CUST002824,Jodi,Ewing,jodi.ewing844@outlook.com,+1-401-906-5360x54971,F,1972-06-04,2021-01-20,Illinois,Wrightfort,platinum,Online,yes,
CUST000178,Kim,Flores,kim.flores745@outlook.com,001-278-450-8214x8628,M,1991-09-10,2024-03-12,VA,East Scottchester,SILVER,Online,1,Social Media
CUST002244,Michael,Reed,michael.reed492@hotmail.com,706.725.8736x080,F,1971-07-11,2021-09-20,VA,Port Jessica,BRONZE,Online,,Walk-in
CUST003114,Devon,Vaughan,devon.vaughan289@hotmail.com,(705)469-2745x0569,F,2005-07-14,2021-02-02,Tennessee,Jenningsport,silver,In-Store,,
CUST000383,Sandra,Castaneda,sandra.castaneda586@yahoo.com,(957)329-3417x22329,M,1990-09-27,2023-05-26,Texas,Jenniferfurt,gold,Mobile App,N,Email Campaign
CUST000797,Diane,Adams,diane.adams605@gmail.com,456.381.4298x3152,F,1944-04-26,2021-01-27,Florida,North Patriciaton,Gold,Mobile App,Y,Search Engine
CUST002634,Jeffrey,Davis,jeffrey.davis453@yahoo.com,+1-835-683-6249x21515,M,1997-08-30,2021-01-13,ca,Davidbury,Silver,Mobile App,N,Search Engine
CUST002149,Ashley,Turner,ashley.turner759@yahoo.com,591.546.5951x120,M,2003-10-02,2020-11-25,PENNSYLVANIA,North Amyside,Bronze,Mobile App,N,Influencer
CUST005935,Kevin,Walls,kevin.walls938@gmail.com,001-845-636-4512x543,Other,1951-01-25,04/07/2024,VA,North Chad,Gold,Mobile App,N,Influencer
CUST003363,Ashley,Barnes,ashley.barnes332@hotmail.com,680.557.4987x58402,F,1984-09-25,2025-01-19,MI,West Kristentown,silver,In-Store,no,Friend Referral
CUST003078,Alex,Smith,alex.smith443@hotmail.com,990.911.7528x20790,F,1979-10-19,2021-05-03,GEORGIA,New Jesse,Silver,In-Store,0,Walk-in
CUST004027,Chad,Baker,chad.baker840@yahoo.com,866.764.7984,F,1971-07-19,2026-06-11,ARIZONA,East Emily,Silver,Online,1,
CUST004306,Tanya,Greene,tanya.greene331@outlook.com,748.388.2581x20272,M,2004-02-18,2024-01-20,AZ,West Christopherstad,SILVER,Mobile App,N,Friend Referral
CUST001156,Anthony,James,,,Other,1953-04-01,2024-04-06,PA,Leestad,bronze,Mobile App,,
CUST005875,Laura,Richardson,laura.richardson143@gmail.com,8213299075,Other,1978-05-01,2023-05-09,Arizona,West Stephanieberg,gold,In-Store,N,Social Media
CUST005916,Russell,Romero,russell.romero692@outlook.com,828.598.2813,M,2008-10-21,2024-05-02,MD,West Phillip,bronze,In-Store,N,Email Campaign
CUST000781,Jacqueline,Johnson,jacqueline.johnson873@yahoo.com,(821)845-5937,M,1944-10-15,2025-10-07,Ohio,North Whitney,bronze,Online,yes,Influencer
CUST001328,Beverly,Allen,beverly.allen611@gmail.com,777.226.5976x4083,F,1962-12-08,2023-10-16,MI,West Matthew,Bronze,Online,,Walk-in
CUST003147,Mary,Burke,mary.burke331@yahoo.com,385-390-5273,M,1946-06-13,2026-02-26,mo,West Davidton,Silver,Online,Y,TV Ad
CUST004185,Emily,Gilbert,emily.gilbert685@yahoo.com,001-205-442-5317,F,1996-11-27,2023-03-03,Massachusetts,South Timothy,Bronze,Online,N,Search Engine
CUST000947,Evelyn,Brown,evelyn.brown181@yahoo.com,954.712.0122,M,1989-11-11,2021-08-26,Ohio,South Jenniferstad,bronze,Mobile App,no,Email Campaign
CUST006064,Tina,Haas,TINA.HAAS194@YAHOO.COM,+1-561-869-4135x12848,F,2000-07-07,2025-06-30,NY,Sandovaltown,Gold,Mobile App,,Influencer
CUST001316,Tracey,Warner,tracey.warner137@hotmail.com,(401)857-9115x01016,M,1972-10-12,2022-10-12,NJ,Timothybury,GOLD,In-Store,yes,Walk-in
CUST000208,Amy,Powell,amy.powell739@hotmail.com,598.578.0157,M,1965-02-18,2025-10-25,PA,Markport,bronze,In-Store,N,Social Media
CUST003587,Jill,Parks,jill.parks709@hotmail.com,001-394-571-8880x695,F,1948-08-31,2026-06-13,az,Adamton,BRONZE,In-Store,yes,Email Campaign
CUST005993,Denise,Franco,denise.franco996@gmail.com,284.857.9470x67050,M,1986-12-14,2022-10-03,MO,Port Andrew,GOLD,In-Store,0,
CUST000041,Anthony,Perez,anthony.perez880@hotmail.com,001-802-978-7429,F,1987-11-16,2025-09-06,wa,Port Emilyview,BRONZE,Online,0,Influencer
CUST004864,Richard,Hill,richard.hill984@yahoo.com,643-807-1417x47157,M,1962-01-19,2022-04-28,Virginia,New Geoffreyfort,Bronze,Mobile App,yes,Friend Referral
CUST004980,Karen,Mitchell,karen.mitchell689@yahoo.com,(482)258-5770,F,1941-09-16,2021-05-01,OH,Williamberg,gold,Mobile App,Y,TV Ad
CUST002114,Austin,Wheeler,austin.wheeler910@gmail.com,499-742-5059,Other,2003-06-03,2022-03-11,New Jersey,Debramouth,BRONZE,In-Store,Y,Walk-in
CUST004969,Timothy,Simon,timothy.simon597@gmail.com,,F,1995-03-12,2022-02-01,NJ,Jacobsville,Gold,Mobile App,,
CUST005501,Jerry,Cruz,jerry.cruz220@outlook.com,(520)952-5622x96515,M,1986-07-25,11/10/2022,fl,East Edwin,bronze,In-Store,0,Friend Referral
CUST001337,Erik,Stephenson,erik.stephenson730@hotmail.com,243-769-5805x045,F,1969-04-09,2025-05-09,Wisconsin,Lake Maria,silver,Mobile App,0,Walk-in
CUST005365,Stephanie,Hooper,stephanie.hooper160@hotmail.com,+1-314-867-2608x860,F,1964-05-10,2023-10-13,North Carolina,Port Rebeccaberg,gold,Mobile App,1,Friend Referral
CUST000075,Matthew,Miranda,matthew.miranda465@outlook.com,888-480-5929,Other,1954-02-11,2026-06-29,New Jersey,North Kenneth,Bronze,Mobile App,N,Email Campaign
CUST000961,Linda,Hill,linda.hill138@yahoo.com,(627)420-0283,M,2007-12-23,2022-06-26,Virginia,Lake Codyhaven,silver,In-Store,N,
CUST004122,Robert,Craig,robert.craig915@yahoo.com,+1-200-550-6748x179,M,1999-07-08,2026-04-01,VIRGINIA,North Matthew,silver,Mobile App,,Social Media
CUST001239,Misty,Bennett,misty.bennett604@gmail.com,(931)999-5695x5922,M,1944-05-09,2023-11-15,PA,South Karen,Bronze,Mobile App,0,
CUST001623,Dawn,Taylor,dawn.taylor998@outlook.com,001-574-721-7368,F,1975-06-08,2021-07-18,MD,New Nicholas,Gold,Mobile App,N,Email Campaign
CUST001084,Pamela,Sharp,pamela.sharp147@outlook.com,698-454-5829,M,1957-10-11,2023-04-08,fl,New Nicolemouth,Silver,Mobile App,no,Search Engine
CUST005138,Stephen,Martinez,stephen.martinez851@outlook.com,(665)528-2648x13122,F,1941-06-12,2021-09-24,Tennessee,Lake Michelleberg,Bronze,Online,1,Walk-in
CUST004029,Margaret,Ward,,,F,,2022-09-02,WI,,SILVER,Online,,
CUST003432,Kathleen,Wilson,kathleen.wilson548@hotmail.com,985-350-2313x744,Other,1982-01-15,2022-08-04,Wisconsin,Campbelltown,GOLD,In-Store,Y,Social Media
CUST005032,Erika,Shelton,erika.shelton169@gmail.com,+1-655-788-3710x355,Other,1967-08-29,2025-02-10,mo,Barryhaven,bronze,Online,N,Social Media
CUST005593,Jamie,Parker,jamie.parker63@hotmail.com,+1-662-651-0412x27741,M,1992-10-24,2021-02-21,WISCONSIN,Greenland,Gold,Mobile App,,
CUST005075,Deborah,Watson,deborah.watson110@outlook.com,251-806-1252,M,2008-09-29,2023-07-10,Virginia,Krauseview,bronze,In-Store,N,Social Media
CUST004188,Adam,Jones,adam.jones472@gmail.com,001-731-259-1051,F,1964-03-28,2022-09-13,AZ,East Rebecca,silver,Mobile App,Y,TV Ad
CUST001063,Karen,Bell,karen.bell493@hotmail.com,(371)374-3068,F,2000-07-28,2022-01-20,NJ,Amandamouth,silver,In-Store,0,Friend Referral
CUST000642,Luis,Mccann,luis.mccann53@outlook.com,675-682-3133,M,1973-08-11,2021-08-15,Maryland,Port Ryanport,gold,Mobile App,Y,Influencer
CUST005579,Joel,Collins,,,F,,2022-10-26,Missouri,,SILVER,Online,,
CUST004637,Steven,Deleon,steven.deleon636@hotmail.com,+1-691-831-3386x07927,M,1999-05-19,2024-05-14,Wisconsin,Port Susanburgh,bronze,In-Store,1,Search Engine
CUST000454,  Sandra ,Schultz,sandra.schultz401@outlook.com,001-391-356-6863x34141,Other,1975-02-10,2025-04-21,Georgia,Monicashire,Platinum,Online,1,TV Ad
CUST004560,Adam,Ball,adam.ball451@yahoo.com,709-399-7570x618,Other,1949-06-09,2023-11-14,VA,Williamsview,Silver,Online,N,Email Campaign
CUST005071,Troy,Gilbert,troy.gilbert497@hotmail.com,001-790-756-3804x004,F,1945-05-04,2020-10-01,INDIANA,Lake Angelachester,bronze,Online,no,Influencer
CUST000437,Kevin,George,kevin.george804@outlook.com,+1-956-825-2571x509,Other,2009-06-28,2021-04-07,Washington,West Susan,Silver,Mobile App,yes,Walk-in
CUST005497,Mason,Duncan,mason.duncan70@gmail.com,6864693417,M,1986-07-22,2023-09-08,IL,Port Kathrynborough,platinum,In-Store,no,Friend Referral
CUST004184,Phillip,Green,phillip.green688@yahoo.com,602-337-3930x457,F,1993-02-13,2023-03-12,MO,Jeffreychester,bronze,In-Store,,
CUST004501,Stephanie,Hernandez,stephanie.hernandez896@hotmail.com,001-761-613-9554x340,M,1970-08-12,2022-03-19,Virginia,New Andrea,Silver,Online,Y,Email Campaign
CUST004372,Scott,Chen,scott.chen806@yahoo.com,001-487-410-8296,M,1965-12-27,2023-11-15,NORTH CAROLINA,South Raymondview,BRONZE,Mobile App,,
CUST001049,Crystal,Jordan,crystal.jordan924@hotmail.com,+1-598-757-3908,M,2008-09-09,2022-08-29,Arizona,Lake Benjaminton,Bronze,Online,no,Friend Referral
CUST003850,Todd,Sanders,todd.sanders750@outlook.com,,M,1997-11-01,2022-11-12,tx,New Wayne,gold,Online,,
CUST001498,Miranda,Morgan,miranda.morgan211@yahoo.com,2599563431,M,1975-01-28,04/05/2021,IL,Torreschester,Bronze,Mobile App,N,
CUST003057,  Zachary ,Carter,zachary.carter331@gmail.com,+1-302-390-3008x1039,M,1956-02-10,2024-08-03,PA,North Theresa,gold,Mobile App,N,
CUST004198,Margaret,Davenport,margaret.davenport590@hotmail.com,001-217-711-4675x30157,Other,1942-01-19,05/16/2021,Indiana,East Dustin,silver,Online,N,
CUST003160,Scott,Barajas,scott.barajas910@outlook.com,959-496-4608,M,2003-02-13,2024-07-16,New York,Amandabury,Bronze,In-Store,no,TV Ad
CUST000309,Richard,Luna,,,F,,2021-01-30,Illinois,North Patrick,silver,In-Store,,
CUST002280,James,Orozco,james.orozco893@outlook.com,001-487-668-1605x19170,Other,1968-06-23,2024-06-19,MA,East Stacy,GOLD,Mobile App,N,Email Campaign
CUST001421,Mariah,Wells,mariah.wells567@gmail.com,655-892-8974x87411,F,1950-12-08,2022-01-07,MI,North Sharon,platinum,In-Store,Y,Walk-in
CUST000581,Katherine,Mckay,,,M,,2026-03-05,Illinois,,Bronze,Online,,
CUST002626,Caleb,Rios,caleb.rios538@gmail.com,630-402-7732x0656,Other,1982-12-05,2025-07-02,MA,North Deannaview,Gold,Online,no,Walk-in
CUST004001,  Christopher ,Cohen,christopher.cohen690@yahoo.com,366.953.5818x98579,F,1982-08-12,2025-07-16,NY,North Frank,Platinum,In-Store,yes,TV Ad
CUST001249,Chelsea,Patterson,chelsea.patterson966@yahoo.com,(609)753-6773,M,1941-01-09,2022-03-17,Maryland,Jordanview,SILVER,Mobile App,no,Friend Referral
CUST000811,Margaret,Gonzalez,margaret.gonzalez833@outlook.com,9138546212,Other,1961-04-29,2021-01-11,Tennessee,Perezberg,silver,Online,yes,Influencer
CUST004473,Tammy,Martinez,tammy.martinez543@gmail.com,(258)836-6824,M,1968-11-05,2024-12-15,Wisconsin,North Vanessa,Silver,Mobile App,Y,Walk-in
CUST000556,Lisa,Stokes,,,M,,01/23/2024,md,East Arthurberg,bronze,Online,,
CUST005347,Catherine,Harrison,catherine.harrison372@hotmail.com,377.649.8548x50678,F,1963-04-29,2021-06-11,Georgia,Jillshire,BRONZE,Online,N,Social Media
CUST000707,Monica,House,monica.house787@yahoo.com,(660)546-5586x6525,F,1941-06-04,2024-01-05,WASHINGTON,Oscarfort,PLATINUM,In-Store,Y,Social Media
CUST001382,Matthew,Wall,matthew.wall281@gmail.com,+1-903-896-9645x3591,Other,1981-02-08,2022-09-11,IN,Chelseafort,Bronze,In-Store,0,
CUST003875,Chris,Wood,chris.wood551@gmail.com,937.298.4800x2032,M,1962-04-07,2022-10-07,VA,West Traci,GOLD,In-Store,N,Social Media
CUST004675,  Troy ,Moore,troy.moore127@hotmail.com,227.788.4593,F,1958-03-18,2026-01-07,Wisconsin,Kathleenbury,BRONZE,In-Store,N,Walk-in
CUST000902,Jennifer,Gomez,jennifer.gomez411@gmail.com,+1-664-996-6834x960,M,1995-03-17,2023-05-09,Tennessee,Whiteton,Bronze,Mobile App,no,Email Campaign
CUST000352,Matthew,Smith,matthew.smith310@outlook.com,907-390-5696x591,M,1963-07-03,2023-05-10,Maryland,Bradleychester,Bronze,In-Store,yes,
CUST006020,Maria,Houston,MARIA.HOUSTON726@HOTMAIL.COM,(433)804-3494x815,Other,1996-09-23,2024-12-25,Tennessee,Smithview,Platinum,In-Store,N,Influencer
CUST005778,Tiffany,Williams,tiffany.williams827@gmail.com,(860)896-4847x4515,M,1990-10-23,2022-03-28,Michigan,Deniseview,Bronze,In-Store,Y,Walk-in
CUST000555,Catherine,Pittman,,,F,,2022-07-17,NY,,silver,Online,,
CUST004441,Stephanie,Page,stephanie.page497@outlook.com,252-383-1533x896,M,1946-08-20,2025-07-24,Illinois,New Shellyshire,GOLD,In-Store,Y,Social Media
CUST003212,Kimberly,Adams,kimberly.adams677@hotmail.com,2949207961,F,1941-05-29,2023-09-11,VA,New Jill,BRONZE,Mobile App,,
CUST000513,Victor,Stewart,victor.stewart586@hotmail.com,827.591.0336x829,F,1996-02-12,2024-08-05,AZ,Abigailtown,Gold,Mobile App,N,Friend Referral
CUST001401,Jon,Quinn,jon.quinn93@outlook.com,(403)559-4410,F,1975-09-13,2021-08-25,Arizona,Evansport,silver,Online,N,
CUST005905,Adrian,James,adrian.james136@hotmail.com,268.453.4434x674,F,1966-08-29,07/09/2025,Georgia,Jacquelinemouth,silver,Online,,
CUST004896,Michelle,Holmes,michelle.holmes145@gmail.com,(930)230-8593,M,1999-08-10,2022-08-13,NJ,Lloydberg,bronze,Mobile App,,Walk-in
CUST002051,Zachary,Wallace,zachary.wallace145@hotmail.com,755.279.8322x9000,M,1967-07-09,06/01/2025,ca,New Katelynhaven,bronze,Mobile App,Y,Search Engine
CUST000888,  Bradley ,Brown,bradley.brown317@outlook.com,+1-831-276-4172,Other,1948-12-20,2025-03-26,Illinois,North Jaredchester,Bronze,Online,,Friend Referral
CUST005249,Alexis,Morris,alexis.morris868@hotmail.com,(398)847-8350,F,1981-07-08,2026-04-08,IL,Lake Kimberly,Bronze,Mobile App,N,TV Ad
CUST003900,Tyler,Hall,tyler.hall602@yahoo.com,575.433.5940x953,Other,1993-02-19,2023-11-11,Washington,Pamelabury,BRONZE,Online,1,Social Media
CUST003992,Justin,Ochoa,justin.ochoa133@hotmail.com,001-445-703-7350x926,F,1998-11-11,2022-09-23,GEORGIA,Lake Melissa,silver,Mobile App,N,
CUST000233,Zachary,Smith,zachary.smith788@yahoo.com,482-575-5394,F,1998-12-05,2022-02-12,MI,South Emilymouth,gold,Mobile App,yes,TV Ad
CUST002531,Glenn,Hunt,glenn.hunt547@gmail.com,001-598-816-2549x93145,F,1961-12-06,2023-05-10,CA,Berryville,BRONZE,Online,Y,TV Ad
CUST002212,Christine,Newton,christine.newton576@gmail.com,+1-911-526-4218x1544,Other,1955-04-29,2024-09-11,WA,East Alexandraland,silver,In-Store,no,Influencer
CUST005256,Joseph,Wilson,joseph.wilson90@yahoo.com,001-884-717-5022x78311,F,1990-05-28,2026-04-27,Virginia,Chadborough,BRONZE,Mobile App,,
CUST004432,Gregory,Torres,gregory.torres195@gmail.com,(368)421-5567,F,2002-10-25,2025-03-30,Virginia,North Victor,BRONZE,Online,no,Friend Referral
CUST002640,Lori,Ross,lori.ross900@hotmail.com,+1-287-914-8454x430,F,1954-08-16,2025-11-18,MD,Navarrobury,silver,Online,,
CUST006087,Michelle,Dean,MICHELLE.DEAN967@HOTMAIL.COM,(739)752-8966,F,1948-03-23,2022-03-01,North Carolina,East Kaylaview,Bronze,Online,Y,Friend Referral
CUST002485,Mark,Griffin,mark.griffin44@hotmail.com,305-791-5798,M,1953-03-19,2020-10-28,AZ,Lopezport,Gold,In-Store,Y,Social Media
CUST002521,Timothy,Guzman,,,M,,2023-07-08,MI,,Silver,Online,,
CUST001423,Kimberly,Graham,kimberly.graham546@outlook.com,300.893.5820,Other,2002-09-29,2024-03-25,Indiana,Morenochester,silver,Mobile App,,
CUST000788,Kimberly,Wyatt,kimberly.wyatt517@hotmail.com,6614537012,Other,2005-06-20,2022-12-09,Texas,Gregoryborough,BRONZE,In-Store,0,Friend Referral
CUST003871,Shelby,Ramirez,shelby.ramirez357@outlook.com,607-242-9828x03794,F,2009-09-15,2021-05-30,VA,Lindamouth,gold,Mobile App,0,Influencer
CUST001188,Cindy,Ferguson,cindy.ferguson902@yahoo.com,754-549-2054x8944,M,1943-09-08,2025-09-11,Georgia,Baileyfort,SILVER,Online,yes,Search Engine
CUST000053,Kristin,Walter,kristin.walter256@gmail.com,245.617.1236x8516,Other,1966-04-14,2023-08-05,Massachusetts,Mariaview,SILVER,Mobile App,,TV Ad
CUST000739,Jamie,Carey,jamie.carey377@yahoo.com,(960)294-5653x469,F,1988-04-22,2021-01-23,TENNESSEE,Tapiachester,bronze,Mobile App,no,Search Engine
CUST004542,Bradley,Spencer,bradley.spencer211@yahoo.com,001-224-716-5673x868,Other,2001-10-05,2024-02-11,Texas,South Ronnieberg,BRONZE,In-Store,N,Search Engine
CUST004503,Ryan,Cox,ryan.cox826@outlook.com,(883)599-5258x000,M,1994-09-07,2020-09-06,Ohio,West Toni,silver,Online,yes,Influencer
CUST005146,Robin,Ortega,robin.ortega53@hotmail.com,3627152738,F,1973-09-08,2023-04-14,Pennsylvania,New Allisonport,BRONZE,Online,yes,Email Campaign
CUST004530,Natalie,Wood,natalie.wood286@hotmail.com,407.847.1314x396,F,1945-01-14,2024-06-15,Wisconsin,Mariaborough,Bronze,Mobile App,N,
CUST001620,Jasmine,Dawson,jasmine.dawson677@gmail.com,446-803-6118,M,1989-11-20,2025-11-11,Ohio,South Amberville,BRONZE,Mobile App,1,Influencer
CUST001103,Angela,Hunt,angela.hunt361@outlook.com,+1-999-864-7718x37530,M,1995-03-21,2023-05-30,MA,East Patricia,GOLD,Online,,TV Ad
CUST002071,Paul,Hernandez,paul.hernandez993@hotmail.com,(776)998-7622,M,1971-06-02,04/28/2021,mo,Jefferyville,GOLD,Mobile App,no,Social Media
CUST000291,Timothy,Singleton,timothy.singleton835@hotmail.com,001-515-481-4876x963,F,1960-06-07,2022-09-14,Tennessee,New Dakota,platinum,In-Store,no,Walk-in
CUST001996,  Thomas ,Hebert,thomas.hebert792@yahoo.com,9047131667,Other,1989-09-20,2022-03-03,Wisconsin,West Nicholas,bronze,In-Store,N,Influencer
CUST000125,Christopher,Montgomery,christopher.montgomery45@outlook.com,001-365-451-1047x5412,Other,1996-07-15,2024-10-28,GEORGIA,West Ericberg,Silver,Mobile App,Y,
CUST000572,Chris,Wallace,chris.wallace701@outlook.com,864-720-5955,M,1976-06-12,2022-01-19,Pennsylvania,Ashleychester,BRONZE,Online,N,Influencer
CUST002408,Sean,Kemp,sean.kemp121@hotmail.com,001-464-670-3364,F,1976-03-11,2025-03-31,pa,Stephaniemouth,bronze,In-Store,,
CUST005152,Brian,Reyes,brian.reyes650@gmail.com,552.386.9141x32704,Other,1945-12-06,2024-08-15,WI,West Katherinebury,SILVER,In-Store,,Walk-in
CUST003659,Amy,Thompson,amy.thompson900@yahoo.com,(311)355-8497x38400,Other,1957-02-27,2026-02-05,Wisconsin,Saramouth,SILVER,Online,0,Social Media
CUST003559,Lindsay,Jones,lindsay.jones182@gmail.com,583-834-9437x47506,Other,1944-03-06,2022-01-11,WA,Lisaton,Bronze,Online,0,Walk-in
CUST002818,Phyllis,James,phyllis.james514@outlook.com,528-940-0001x374,F,1969-10-09,2023-05-23,fl,Robertville,Bronze,Online,no,Walk-in
CUST002409,Megan,Nguyen,megan.nguyen441@hotmail.com,(361)743-4037,M,1954-07-30,2024-11-01,Texas,South Lukebury,silver,Mobile App,0,Friend Referral
CUST005852,Nicole,Russell,,,F,,2021-01-06,Pennsylvania,,BRONZE,Online,,
CUST004680,Pamela,Wright,pamela.wright295@gmail.com,+1-264-591-7058,Other,1990-12-09,2021-06-15,OH,South Kevinmouth,Gold,Mobile App,Y,Walk-in
CUST005819,Benjamin,Lopez,benjamin.lopez69@hotmail.com,339-209-3052x7347,F,1957-05-28,2022-03-19,Missouri,North Diane,Gold,In-Store,no,
CUST000733,Bryan,Holt,bryan.holt70@gmail.com,(676)520-9014x47340,Other,1955-10-05,2022-12-27,GA,Johnsonfort,Gold,In-Store,,Email Campaign
CUST001807,Hannah,Ochoa,hannah.ochoa884@yahoo.com,570-403-4374,M,1947-06-17,04/03/2025,AZ,South Michael,GOLD,Online,yes,Friend Referral
CUST000264,Emily,Henderson,emily.henderson443@yahoo.com,+1-279-527-0335x211,F,1965-01-21,2022-07-16,MISSOURI,Port Kevinstad,silver,In-Store,yes,Search Engine
CUST000713,Tiffany,Craig,tiffany.craig360@outlook.com,001-945-775-7574,F,1962-12-18,2025-02-28,California,Helenland,platinum,In-Store,N,
CUST004915,Kelly,Chambers,kelly.chambers335@yahoo.com,667-202-7680x670,F,1957-08-25,2025-04-25,WA,East Kellyshire,Bronze,Online,no,
CUST001277,Ashley,Williams,ashley.williams950@yahoo.com,001-306-856-7337x4570,M,1961-07-15,2025-11-16,OHIO,Smithland,bronze,Mobile App,no,Social Media
CUST002776,Amanda,Pittman,amanda.pittman579@yahoo.com,334-222-9978x532,M,1969-12-02,08/10/2023,MD,Port Alejandro,gold,Online,N,Email Campaign
CUST001590,Christopher,Conrad,christopher.conrad481@gmail.com,(688)866-9059,F,1952-03-29,2025-08-24,GA,West Donald,bronze,In-Store,no,Email Campaign
CUST003967,Victor,Munoz,victor.munoz500@yahoo.com,+1-975-766-7175x240,M,1975-03-05,2021-09-06,MD,New Michelechester,SILVER,Online,1,Friend Referral
CUST004168,Donald,Ramirez,donald.ramirez435@hotmail.com,996-227-4368x4850,F,1949-06-29,2021-05-17,OH,Robbinshaven,BRONZE,Online,1,
CUST001350,Rebecca,Choi,rebecca.choi730@yahoo.com,462-491-0873,M,1997-04-19,2025-12-20,PA,Port Evan,BRONZE,Online,N,Social Media
CUST002514,Michael,Dawson,michael.dawson901@gmail.com,001-822-392-5384x18757,F,1988-05-20,2021-09-17,WA,South Candiceberg,bronze,In-Store,0,Email Campaign
CUST001763,Jesse,Rivera,jesse.rivera318@outlook.com,+1-548-674-7811x28269,Other,1963-11-18,2023-02-20,Arizona,North Derek,Bronze,In-Store,yes,Influencer
CUST000370,Ryan,Martin,ryan.martin172@yahoo.com,+1-370-932-0320x74276,M,1992-04-03,2023-07-14,PENNSYLVANIA,New Melissa,Gold,Online,Y,Walk-in
CUST003481,Kristen,Willis,kristen.willis105@outlook.com,(490)728-2774x694,M,1967-02-20,2022-06-07,Missouri,Elliottchester,Bronze,Online,N,Walk-in
CUST001253,Julie,Payne,julie.payne493@outlook.com,563.390.6168x24979,M,1956-05-25,2022-04-03,Wisconsin,Robertmouth,Bronze,Mobile App,1,Walk-in
CUST003880,Renee,Lang,renee.lang676@hotmail.com,734-218-8157x651,M,2008-12-07,2023-03-21,mi,Daniellefort,gold,In-Store,no,Influencer
CUST004437,David,Jenkins,david.jenkins204@hotmail.com,953.356.5026,F,1973-08-21,2022-09-01,AZ,Stephanieport,bronze,Mobile App,yes,Social Media
CUST001194,Mark,Mcclure,mark.mcclure583@gmail.com,987-368-0570x237,M,1979-06-09,2021-10-22,wa,Jenniferfort,bronze,Online,1,Search Engine
CUST002638,Wendy,Payne,wendy.payne719@gmail.com,716-649-3311x1568,M,2008-04-12,2024-12-20,TX,Annetteview,Gold,Online,0,Social Media
CUST001274,Monica,Martinez,monica.martinez435@hotmail.com,+1-567-242-8021,M,1994-01-08,2025-02-06,Florida,Lake Josefort,bronze,In-Store,no,Friend Referral
CUST003155,Jessica,Miller,jessica.miller825@outlook.com,+1-532-609-1431,F,1995-09-05,2023-02-08,nc,North Amandatown,SILVER,Mobile App,Y,Search Engine
CUST003305,William,Richards,william.richards373@gmail.com,289.419.8602,F,1955-08-09,2021-12-12,California,New Deniseland,Bronze,In-Store,1,Influencer
CUST000836,Jennifer,Chavez,jennifer.chavez349@yahoo.com,+1-669-496-4899x718,Other,1958-07-17,05/16/2025,Missouri,Avilashire,bronze,Mobile App,1,Email Campaign
CUST004487,Joanna,Wilson,,,F,1964-11-17,2022-05-01,FL,West Amandaborough,GOLD,Mobile App,,
CUST003108,Jesse,Shepard,jesse.shepard920@outlook.com,4736720403,F,1899-01-01,2022-08-15,FL,Lake Kevinfurt,Gold,In-Store,1,
CUST000064,Lindsay,Bruce,lindsay.bruce245@yahoo.com,8243455022,M,2008-11-22,2025-06-08,CA,New Sarahview,Silver,In-Store,N,
CUST004870,Kelly,Austin,kelly.austin603@outlook.com,,M,1953-02-22,2023-06-21,GA,North Jenniferland,Gold,In-Store,,
CUST003636,Anthony,Clark,anthony.clark421@outlook.com,+1-747-265-9544x08888,Other,1942-02-15,2025-09-12,Florida,Lake Caitlinton,SILVER,In-Store,,TV Ad
CUST002109,Joseph,Smith,joseph.smith942@gmail.com,6959792818,M,1984-02-01,2021-08-28,ILLINOIS,West Jenniferstad,silver,Online,1,Influencer
CUST006017,Bryan,Blackwell,BRYAN.BLACKWELL437@HOTMAIL.COM,769-894-3918,F,1996-06-17,2026-01-04,Ohio,North Matthewmouth,silver,In-Store,,Email Campaign
CUST002410,Edward,Wilkinson,edward.wilkinson365@yahoo.com,+1-730-495-3122,M,1959-05-01,2025-04-19,MO,New Calvinchester,SILVER,Mobile App,0,Social Media
CUST005378,Jason,Brown,jason.brown300@hotmail.com,333-592-6289,F,1974-05-21,2021-02-09,New York,Prestonchester,Bronze,Online,yes,TV Ad
CUST000376,Kelly,Kim,kelly.kim21@outlook.com,838-864-9081x0818,M,2004-03-06,2023-06-15,nc,East Gabrielle,GOLD,Mobile App,1,Influencer
CUST005738,Jamie,Ramsey,jamie.ramsey567@hotmail.com,293-704-1861x07672,Other,2004-04-09,06/17/2024,Illinois,North Susan,Silver,Mobile App,N,
CUST002760,Emily,Vargas,emily.vargas880@gmail.com,985.616.3238x13705,M,2009-03-14,2026-04-09,Wisconsin,West Mariah,Bronze,Online,0,Social Media
CUST003783,Steven,Johnson,steven.johnson629@outlook.com,+1-987-920-6965,M,1983-07-12,2025-01-23,va,Anthonyland,SILVER,Mobile App,N,Email Campaign
CUST005967,Ross,Howard,ross.howard473@gmail.com,677.374.7142x2724,F,1943-11-01,2025-06-27,IL,Adamsmouth,Bronze,In-Store,yes,Search Engine
CUST001410,Elizabeth,Anderson,,,M,1992-06-23,2023-01-10,MO,South Madison,BRONZE,Mobile App,,
CUST001286,Jeanne,Wong,jeanne.wong905@yahoo.com,001-447-518-5594x079,Other,1970-10-18,2022-11-13,NJ,Port Matthew,platinum,Mobile App,1,Friend Referral
CUST002577,Victoria,Garza,victoria.garza321@yahoo.com,(541)970-1831,M,1941-09-18,2025-03-22,Texas,New Kenneth,SILVER,Online,Y,Influencer
CUST005458,Logan,Reyes,logan.reyes721@yahoo.com,001-601-450-4121x5068,F,2008-02-18,05/15/2021,INDIANA,New Christina,bronze,Mobile App,1,Email Campaign
CUST002571,Melanie,Edwards,melanie.edwards507@gmail.com,670.269.9226x9156,M,1995-01-08,2022-10-08,OHIO,Amandaburgh,silver,In-Store,Y,Social Media
CUST004268,Derrick,Grimes,derrick.grimes623@outlook.com,887.433.8174x54985,M,1988-08-27,2024-03-30,California,Gomezberg,SILVER,In-Store,0,
CUST004779,Heather,Pearson,heather.pearson693@hotmail.com,812.238.6739x79600,M,2000-05-16,2022-02-18,WASHINGTON,Port Jennifermouth,Bronze,Online,N,TV Ad
CUST003104,Robin,Pope,robin.pope777@outlook.com,853-902-9333,Other,1975-06-20,2023-07-30,Michigan,New Stephaniehaven,SILVER,Mobile App,1,Walk-in
CUST005756,John,Kennedy,john.kennedy34@outlook.com,(879)385-9416,Other,1961-07-24,02/29/2024,Maryland,Port Chloeberg,BRONZE,In-Store,1,Social Media
CUST003174,Brittany,Ellis,brittany.ellis651@outlook.com,554.934.6458x29546,M,1992-07-14,2024-10-16,North Carolina,Powellhaven,BRONZE,In-Store,1,
CUST005503,Edward,Mccoy,edward.mccoy581@outlook.com,001-904-725-1497x46349,F,1983-04-01,2025-07-13,md,Port Joseph,Gold,Mobile App,1,
CUST001708,Jeanne,Chang,jeanne.chang726@yahoo.com,(907)981-9516x48497,F,1960-07-13,06/03/2025,Tennessee,North Andrewfort,bronze,Mobile App,,Email Campaign
CUST003997,Tammy,Booker,tammy.booker448@yahoo.com,(755)605-7519x4342,M,2003-01-22,2022-04-22,GA,Thorntonport,silver,In-Store,,TV Ad
CUST005342,Rachel,Khan,rachel.khan858@gmail.com,292-636-4666,M,1966-04-29,2024-04-06,MD,Millerburgh,BRONZE,In-Store,N,Influencer
CUST004623,Kelly,Woods,kelly.woods214@hotmail.com,001-929-465-7387x3341,F,1955-07-08,2023-04-12,Maryland,North Stephaniemouth,Bronze,Mobile App,yes,Friend Referral
CUST002573,Matthew,Norman,matthew.norman583@gmail.com,(963)937-5984x913,F,1955-01-22,2022-03-11,Massachusetts,Nicoleside,Bronze,Online,N,Social Media
CUST000637,Penny,Smith,penny.smith560@outlook.com,,Other,2006-12-17,2022-08-31,NC,Jamieberg,Bronze,Online,,
CUST000735,Donna,Watson,donna.watson981@gmail.com,(657)454-2786x5619,Other,1979-04-01,2021-07-09,PA,Richardshire,BRONZE,Online,yes,Walk-in
CUST003337,Andrew,Rodriguez,andrew.rodriguez668@yahoo.com,001-216-870-1410x4882,F,1997-09-22,2025-01-08,Georgia,North Michaelborough,gold,Mobile App,0,Social Media
CUST000536,Daniel,Williams,daniel.williams634@outlook.com,531-681-4396x661,M,1958-02-06,2021-04-27,Tennessee,North Pattyshire,platinum,Mobile App,Y,Social Media
CUST005126,Shelby,Fernandez,shelby.fernandez733@hotmail.com,989-659-3536x1038,Other,1941-08-03,2022-11-27,MO,North Ryan,bronze,Mobile App,N,
CUST004993,Randy,Jones,randy.jones940@yahoo.com,+1-210-825-2706x1226,M,2006-12-02,2024-12-07,TN,Roseville,Gold,Mobile App,N,TV Ad
CUST000451,Misty,Ramirez,misty.ramirez18@hotmail.com,363.705.0505x73976,M,1989-08-16,2025-06-01,WA,Shannonfort,silver,In-Store,Y,Search Engine
CUST000996,Brittney,Ball,brittney.ball166@gmail.com,(836)743-1594x89895,M,1953-03-22,2022-09-16,Maryland,New Evan,Silver,In-Store,N,Search Engine
CUST003395,Jennifer,Kennedy,jennifer.kennedy366@hotmail.com,001-615-289-1862x39378,M,1998-02-11,2021-02-21,Pennsylvania,Solishaven,bronze,In-Store,N,Social Media
CUST003062,Nancy,Taylor,nancy.taylor778@yahoo.com,+1-559-524-5802,M,2008-05-13,2022-05-17,IL,South Michael,bronze,Mobile App,Y,
CUST001125,Cindy,Sims,cindy.sims836@outlook.com,406-275-6020x8019,M,1966-10-30,2023-04-23,WI,New Michelechester,silver,Online,yes,Walk-in
CUST005948,David,Mclaughlin,david.mclaughlin707@yahoo.com,874-612-7543x6542,F,2010-08-09,2020-09-23,Arizona,Danielleberg,Gold,Online,,
CUST004932,Patricia,Blake,patricia.blake608@outlook.com,234-333-8132,M,1979-07-12,2026-05-03,Maryland,North Eileen,BRONZE,Online,,Friend Referral
CUST000485,Stephanie,Brown,stephanie.brown260@outlook.com,412.578.6866x94320,F,2008-09-30,2021-10-12,MO,Simpsonside,silver,In-Store,yes,Friend Referral
CUST004749,Tanya,Cruz,tanya.cruz965@outlook.com,001-967-324-3470x1492,F,1984-03-12,2022-04-26,Florida,Nicoleshire,Silver,In-Store,N,Friend Referral
CUST004147,Anna,Armstrong,anna.armstrong182@hotmail.com,+1-264-706-0564x3290,F,1979-03-23,2022-10-13,Tennessee,West Devonmouth,bronze,Online,Y,Email Campaign
CUST001394,Robert,Alvarez,robert.alvarez331@hotmail.com,(514)597-5341x157,M,1942-06-05,10/01/2025,California,Port Timothymouth,Bronze,In-Store,0,
CUST005611,Carolyn,Williams,carolyn.williams74@gmail.com,001-282-223-3703x9095,M,1984-11-22,2020-12-26,WA,Davismouth,Bronze,Online,,TV Ad
CUST002592,Michael,Harvey,michael.harvey589@outlook.com,001-482-272-4495,F,1978-06-15,2024-02-05,MA,North Dwayneville,bronze,In-Store,0,Walk-in
CUST001460,Sherry,Frazier,sherry.frazier952@hotmail.com,856.906.6992x61382,M,1993-10-01,2024-01-19,Pennsylvania,Suefurt,SILVER,Mobile App,N,Search Engine
CUST004396,Joshua,Flynn,joshua.flynn561@yahoo.com,783-218-2118x148,F,1984-02-09,2025-03-22,IL,New Paul,Silver,Online,N,TV Ad
CUST004633,Jason,Mitchell,jason.mitchell150@outlook.com,6179425914,M,1950-10-06,2023-01-20,MA,Donaldtown,gold,In-Store,1,Email Campaign
CUST003393,Rodney,Mclean,rodney.mclean112@gmail.com,770.970.1095,M,1958-11-26,2026-01-05,MA,Pattonton,Gold,In-Store,Y,
CUST005327,Danielle,Liu,danielle.liu728@hotmail.com,249-975-0148x218,F,1947-08-17,2026-03-16,Missouri,East Erik,Bronze,Mobile App,Y,Social Media
CUST003438,David,Kelly,david.kelly672@hotmail.com,591.678.2640,M,1988-11-24,2025-11-12,California,Ambershire,silver,Mobile App,no,Search Engine
CUST001835,Donald,Torres,donald.torres154@hotmail.com,778-536-9030x34136,Other,1964-07-03,2022-12-07,Tennessee,North Bettytown,silver,Mobile App,Y,Friend Referral
CUST003421,Ashlee,Peters,ashlee.peters757@hotmail.com,227-753-6247,M,1996-03-28,2022-05-24,IL,West Sarah,platinum,Online,N,
CUST002223,Christopher,Velez,christopher.velez572@outlook.com,(807)859-1445,F,1995-12-30,2026-02-17,Washington,Lake Amandamouth,Gold,Mobile App,no,Influencer
CUST001929,Lee,Dominguez,lee.dominguez485@gmail.com,(432)324-5182x56961,F,1948-11-01,2025-12-13,AZ,East Brenda,Gold,In-Store,N,Walk-in
CUST003282,Kimberly,Terrell,kimberly.terrell424@outlook.com,+1-251-951-4940,M,1962-12-18,2025-12-26,California,East Mark,gold,Mobile App,yes,Email Campaign
CUST001275,Paul,Avila,paul.avila304@gmail.com,+1-591-821-3974,Other,1975-07-08,2025-12-26,Arizona,Lake Wandamouth,BRONZE,In-Store,1,TV Ad
CUST002927,Heather,Hopkins,heather.hopkins499@yahoo.com,347-790-4475,F,1979-04-30,2025-12-15,NC,Christineport,Bronze,In-Store,N,TV Ad
CUST004928,Frank,Adkins,frank.adkins524@hotmail.com,623-942-9926,M,1946-04-12,2023-01-30,Washington,Mccallborough,Bronze,Mobile App,no,Friend Referral
CUST005272,David,Neal,david.neal409@outlook.com,001-536-932-6184x76069,Other,2000-04-09,2024-12-11,Virginia,South Cynthia,Silver,In-Store,Y,Social Media
CUST001228,  Zachary ,Page,zachary.page800@outlook.com,411.541.4701,M,1960-04-14,2020-12-07,NJ,Tinaside,PLATINUM,Mobile App,Y,
CUST004668,Daniel,Henry,daniel.henry239@outlook.com,431.745.0331x5235,M,1970-07-10,2021-02-23,PA,Summerhaven,Silver,Online,1,Email Campaign
CUST001605,Kristi,Rojas,kristi.rojas44@outlook.com,363.240.9412,M,1960-08-04,2026-06-11,TX,Lake Jacquelineshire,Gold,Mobile App,N,TV Ad
CUST001206,Lisa,Stanton,lisa.stanton45@outlook.com,967-287-1888x22378,M,1989-11-24,2022-06-11,Massachusetts,Evansburgh,bronze,Online,N,Influencer
CUST002110,Jessica,Myers,jessica.myers879@yahoo.com,+1-424-916-1195x406,F,1976-01-18,2022-12-25,MISSOURI,Lake Natasha,silver,In-Store,Y,Friend Referral
CUST005394,Jennifer,Robertson,jennifer.robertson257@hotmail.com,518-910-7543x8709,Other,1963-01-04,2022-08-26,Wisconsin,Christinatown,Bronze,Online,Y,
CUST001416,  Donna ,Williams,donna.williams856@yahoo.com,613-986-0479,F,1985-12-22,10/28/2025,IL,Port Brittany,BRONZE,Mobile App,Y,
CUST002782,Joseph,Kirby,joseph.kirby396@hotmail.com,001-950-613-9193x870,M,1978-01-27,2023-11-02,NEW JERSEY,Ramosshire,PLATINUM,In-Store,,
CUST000820,Kyle,Jackson,kyle.jackson854@outlook.com,236.499.8795,F,1981-01-19,2024-12-02,WASHINGTON,Lake Terrychester,Gold,In-Store,N,Influencer
CUST005851,Zachary,Johnson,zachary.johnson108@gmail.com,513-829-8833,M,1991-06-03,2022-04-01,NJ,Fisherfurt,silver,Online,N,Social Media
CUST004369,David,Villegas,david.villegas529@yahoo.com,933.611.2979,M,2010-08-09,2026-01-19,Wisconsin,North Suzannehaven,GOLD,Online,N,
CUST003261,Caitlin,Tyler,caitlin.tyler968@outlook.com,(729)629-7702,F,1980-06-15,07/21/2024,Michigan,Kimberlystad,bronze,Mobile App,yes,
CUST003638,Robert,Brown,robert.brown509@yahoo.com,456-734-3976,M,1995-05-19,07/31/2023,Washington,Jeffreyburgh,SILVER,Mobile App,yes,
CUST005207,William,Bradley,william.bradley459@outlook.com,518-424-9328,M,1947-08-19,2023-02-08,PA,East Patrickhaven,SILVER,Mobile App,1,Friend Referral
CUST001914,Julie,Johnson,julie.johnson436@gmail.com,461-818-9787x372,F,1944-11-04,2022-09-25,NC,South Krystalborough,BRONZE,Online,Y,
CUST000298,Tiffany,Carroll,tiffany.carroll696@gmail.com,(584)978-1891,F,1990-01-06,2021-05-01,INDIANA,Nixonland,BRONZE,In-Store,Y,Influencer
CUST004577,Shelly,Dunlap,shelly.dunlap621@gmail.com,467.255.4228x39247,F,2010-01-28,2023-06-10,IL,Lindseyshire,Bronze,In-Store,yes,
CUST005263,Nicholas,Schneider,nicholas.schneider351@gmail.com,001-563-750-2998,M,1971-09-05,2021-09-14,Arizona,Annaborough,Bronze,In-Store,no,TV Ad
CUST000188,Curtis,Gordon,curtis.gordon420@gmail.com,001-289-585-6257x5326,M,1962-02-07,2021-01-19,IN,West Stacymouth,BRONZE,Mobile App,N,
CUST000194,Lauren,Banks,lauren.banks310@hotmail.com,001-279-472-9659,Other,1996-06-16,2021-05-01,MI,Port Erikchester,bronze,Mobile App,yes,Influencer
CUST003191,Nicholas,Brown,nicholas.brown831@outlook.com,5453543623,M,1992-08-23,2023-07-18,MASSACHUSETTS,Port Jennifer,Platinum,Online,N,Influencer
CUST005298,Deborah,Yates,deborah.yates997@yahoo.com,+1-490-792-1890x00913,Other,1981-11-04,2024-02-01,IN,East Saraview,BRONZE,In-Store,N,Walk-in
CUST005397,Elizabeth,Barton,elizabeth.barton989@hotmail.com,+1-760-664-2772,M,1976-05-09,2024-09-05,New York,North Emily,silver,Mobile App,0,Influencer
CUST000160,Madison,Watson,madison.watson804@hotmail.com,9132721510,M,1984-10-17,2024-06-04,MICHIGAN,Samanthaland,Gold,Mobile App,0,
CUST003896,Christine,Cardenas,christine.cardenas236@outlook.com,+1-532-524-0840x749,F,2004-01-17,2021-01-19,Missouri,Hancockstad,silver,In-Store,N,TV Ad
CUST002300,Jason,Scott,jason.scott824@outlook.com,510-386-1997x07839,M,1984-06-07,2023-03-21,Pennsylvania,New Jessicamouth,bronze,Online,1,Walk-in
CUST000933,Shawn,Jones,shawn.jones15@outlook.com,826-257-8982,F,1972-06-27,2022-11-13,Arizona,East Andrew,gold,Online,N,Email Campaign
CUST002690,David,Alexander,david.alexander379@yahoo.com,,F,2010-08-14,2023-09-12,TN,Taylorshire,bronze,Mobile App,,
CUST003221,Sharon,Jimenez,sharon.jimenez138@outlook.com,001-345-908-8306x82948,M,2008-02-07,01/27/2022,CA,Elizabethfort,SILVER,Online,yes,
CUST003222,Sandra,Williams,sandra.williams494@yahoo.com,(279)219-1637,M,2006-09-11,2024-09-07,TN,Hernandezport,Bronze,Mobile App,N,Walk-in
CUST005491,Brian,Bowers,brian.bowers589@yahoo.com,476.368.4542x772,M,2004-09-05,2024-04-01,WA,North Ruthview,bronze,In-Store,0,
CUST002018,David,Harris,david.harris91@yahoo.com,+1-302-228-0177,F,1992-06-10,2024-10-08,az,Tammyfort,Platinum,Online,1,Search Engine
CUST003276,Mark,Mathews,mark.mathews867@hotmail.com,8772146502,M,1975-10-31,2022-02-17,NY,Lake Lindabury,BRONZE,Online,1,Search Engine
CUST000777,Erik,Murphy,erik.murphy205@outlook.com,(486)271-2007,M,1967-01-20,2021-02-26,Illinois,North Lauratown,Bronze,Online,N,Friend Referral
CUST003527,Trevor,Park,trevor.park830@yahoo.com,520.840.6322,M,1973-04-12,2024-12-09,Florida,Port Ronald,silver,In-Store,Y,Social Media
CUST005471,Ashley,Smith,ashley.smith184@outlook.com,294.414.6276,M,1977-11-13,04/04/2021,Wisconsin,South Edward,bronze,Mobile App,N,Influencer
CUST005726,Edwin,Hensley,edwin.hensley36@gmail.com,361-461-2668,M,1956-07-06,2024-03-07,Wisconsin,Lake Joseph,SILVER,Online,1,Friend Referral
CUST001407,Veronica,Phillips,veronica.phillips383@outlook.com,(930)915-3030x440,M,1968-10-14,2021-10-26,MI,West Nicolestad,Silver,Online,Y,TV Ad
CUST000477,Elizabeth,Vaughan,elizabeth.vaughan71@yahoo.com,+1-225-568-6211x02258,F,2007-11-08,05/24/2026,MA,South Tracyfort,Bronze,Online,N,Social Media
CUST000102,Derrick,Gilbert,derrick.gilbert880@hotmail.com,865-971-2082,F,1981-10-02,2022-01-31,nj,Lake Jesse,platinum,In-Store,,
CUST005448,Peter,Marquez,peter.marquez568@hotmail.com,225-991-5433x9748,M,1953-12-12,2025-06-28,Texas,Port Emily,Bronze,In-Store,N,Search Engine
CUST001869,Stephanie,Gonzales,stephanie.gonzales334@yahoo.com,+1-448-736-0943x868,M,1951-08-02,2022-06-10,MARYLAND,Hooperfurt,silver,In-Store,no,Walk-in
CUST006048,Samantha,Faulkner,SAMANTHA.FAULKNER273@HOTMAIL.COM,001-617-979-0366x66369,F,2001-11-24,2024-10-21,WI,Lake Sarahhaven,Silver,Online,N,
CUST003487,Marcus,Ross,marcus.ross708@gmail.com,937.904.2141x5238,M,1946-08-26,2026-06-20,NC,Mollyview,silver,Mobile App,no,Email Campaign
CUST005419,Elizabeth,Bernard,elizabeth.bernard501@yahoo.com,4658001595,Other,1979-02-22,2022-10-23,North Carolina,Lake Cassandra,gold,Online,no,
CUST006031,Matthew,Williams,MATTHEW.WILLIAMS290@OUTLOOK.COM,928.421.8019x428,Other,2002-01-30,2023-06-17,New Jersey,Port Breanna,Bronze,In-Store,no,Search Engine
CUST001088,Andre,Phillips,andre.phillips383@gmail.com,281-661-2559,Other,1951-11-03,2021-03-23,WISCONSIN,New Jacqueline,silver,In-Store,no,Influencer
CUST004114,Michael,Vaughan,michael.vaughan873@yahoo.com,972-463-4855x00230,M,1979-06-08,2022-09-23,NJ,Jennifershire,gold,In-Store,Y,
CUST004073,Dawn,Thomas,dawn.thomas923@outlook.com,(594)242-0520,M,2002-05-15,2023-12-19,California,New Brentchester,bronze,In-Store,N,
CUST005576,Susan,Rivera,susan.rivera478@hotmail.com,365-570-0831,F,1975-10-06,2021-06-15,CA,Nicholasburgh,Bronze,Online,Y,Email Campaign
CUST001962,Elizabeth,Burgess,elizabeth.burgess400@gmail.com,001-947-462-3703x8547,M,1967-12-15,2021-08-10,NJ,Carpentermouth,Bronze,Online,1,Search Engine
CUST005354,Douglas,Gray,douglas.gray579@hotmail.com,860.957.4707,M,1943-11-13,2024-12-20,Washington,New Robert,Silver,Online,no,Search Engine
CUST003770,  Jeremy ,Jones,jeremy.jones758@outlook.com,817-200-5245,F,1972-11-03,2024-06-24,va,Port Hannah,SILVER,In-Store,no,Social Media
CUST002995,Lawrence,Stewart,lawrence.stewart471@outlook.com,(810)374-9818x869,F,1946-03-05,2026-01-31,OH,Staceystad,Gold,Mobile App,N,
CUST005454,Brandon,Owens,brandon.owens676@gmail.com,965.215.6238,F,1998-03-31,05/11/2024,Illinois,North Jenna,SILVER,In-Store,N,Walk-in
CUST005110,Lisa,Flores,lisa.flores472@outlook.com,+1-953-968-1909,M,1980-04-17,2020-09-12,Georgia,Lake Jamieport,silver,Mobile App,N,Social Media
CUST002359,Tony,Graves,tony.graves265@gmail.com,+1-710-614-7391x2983,Other,1965-05-17,2023-01-17,TX,Coreyshire,SILVER,Mobile App,,
CUST005091,Kyle,Serrano,,,Other,,2023-10-10,Arizona,,Bronze,In-Store,,
CUST002382,Samuel,Cooley,samuel.cooley105@gmail.com,+1-947-968-8938x6161,F,1956-04-23,2023-02-03,Virginia,Thomasborough,Silver,Online,,
CUST002541,Abigail,Nguyen,abigail.nguyen843@outlook.com,+1-643-214-9142x154,F,1984-08-16,2021-05-19,WA,Lake Marissa,silver,Mobile App,1,Walk-in
CUST005190,Jessica,Green,jessica.green751@gmail.com,750.883.7006,F,2001-08-22,2021-05-02,TX,Hendersonshire,BRONZE,Mobile App,1,Social Media
CUST000899,Lisa,Green,lisa.green302@yahoo.com,469.914.9611,Other,1943-12-15,2023-06-08,oh,Estradaburgh,Bronze,In-Store,1,Friend Referral
CUST003962,Megan,Vasquez,megan.vasquez304@outlook.com,001-408-852-2861x9827,M,1972-12-29,2025-10-11,Washington,Angelaview,bronze,Online,N,Search Engine
CUST002714,William,Roberson,william.roberson62@yahoo.com,727.222.3736,Other,1974-03-27,2021-11-25,nc,East Trevorfurt,Bronze,In-Store,yes,Social Media
CUST001900,Steven,Pacheco,steven.pacheco544@gmail.com,292.330.5782x4531,M,1958-12-14,2026-05-21,il,Port Allisonview,BRONZE,Online,Y,Social Media
CUST004812,David,Garcia,david.garcia437@hotmail.com,+1-839-932-5019x22719,F,1950-05-10,2024-05-21,az,Seanfort,BRONZE,In-Store,no,
CUST003203,Timothy,Kim,timothy.kim973@gmail.com,+1-699-712-6382x7941,M,1984-10-25,2023-09-24,New Jersey,Katherinehaven,GOLD,Online,,
CUST004250,Pamela,Valdez,pamela.valdez779@outlook.com,,F,1967-01-07,2023-06-28,NC,North Robert,bronze,In-Store,,
CUST002240,Roberto,Jackson,roberto.jackson809@hotmail.com,882-613-8011x557,Other,1983-11-12,2024-12-31,Michigan,Josephview,bronze,Online,1,
CUST004741,Shawn,Klein,shawn.klein982@yahoo.com,320-883-8921,M,1980-11-25,2025-06-05,TX,Lake Amytown,BRONZE,Mobile App,yes,TV Ad
CUST003917,Jeffrey,Johnson,jeffrey.johnson955@yahoo.com,(574)221-2813,F,1997-04-21,2023-05-04,PA,West Christopher,BRONZE,Mobile App,no,
CUST004937,Isaiah,Smith,isaiah.smith516@outlook.com,001-526-888-2708x65021,F,1988-11-21,2022-02-03,MO,North Ryan,Bronze,In-Store,no,
CUST002679,Jeff,Ward,jeff.ward211@yahoo.com,(961)903-3248,M,2031-05-04,2022-04-22,az,Mooreview,Bronze,Online,1,Social Media
CUST001971,  William ,Walters,william.walters199@yahoo.com,441-306-6788x4573,F,1948-02-03,2025-06-18,Florida,Vanceberg,PLATINUM,In-Store,1,
CUST004253,Cindy,Rangel,cindy.rangel171@outlook.com,+1-379-968-8248x9323,M,1988-06-14,2025-06-21,AZ,South Dawnview,PLATINUM,In-Store,,
CUST002899,Kendra,Ortiz,kendra.ortiz925@outlook.com,443-695-9289x14631,M,1997-11-14,2024-10-23,Wisconsin,Stevenfurt,GOLD,In-Store,N,Friend Referral
CUST001659,Ronald,Lopez,ronald.lopez522@outlook.com,+1-565-558-6819x00415,M,1948-10-12,2022-08-22,North Carolina,Lake Autumn,silver,In-Store,yes,Social Media
CUST000763,Garrett,Jones,garrett.jones117@yahoo.com,(723)403-9111x42817,Other,2001-09-13,2024-04-15,GA,West Amy,Bronze,Mobile App,1,
CUST005443,Alexandra,Russell,alexandra.russell223@hotmail.com,(264)962-1299x9445,M,1981-09-13,2021-06-22,New Jersey,East Amanda,Bronze,In-Store,,
CUST002610,Brittany,Arnold,brittany.arnold782@yahoo.com,(892)975-9274x60100,F,1974-01-01,2024-09-26,IN,Robinsonville,BRONZE,Online,Y,
CUST001090,Stephen,Johnson,stephen.johnson409@gmail.com,(796)215-1204,F,1991-04-25,2025-01-05,Washington,East Tonya,BRONZE,Mobile App,N,TV Ad
CUST003088,Nathan,Kaufman,nathan.kaufman456@gmail.com,630-961-4328x8589,F,1951-05-11,2026-04-23,wa,Lake Rachel,BRONZE,Mobile App,no,Email Campaign
CUST004973,Scott,Hardin,scott.hardin81@outlook.com,(717)671-3538x99096,M,1992-03-29,2025-03-28,GA,West Jamesberg,bronze,In-Store,N,TV Ad
CUST004124,Natalie,Jones,natalie.jones89@outlook.com,(916)891-8536x10670,Other,1945-04-02,2022-02-26,Virginia,East Michelletown,bronze,In-Store,yes,Social Media
CUST005625,Joshua,Fernandez,joshua.fernandez934@yahoo.com,407-941-5072x38954,M,1952-06-03,2023-02-16,Missouri,Port Lorrainetown,Silver,Online,1,Walk-in
CUST002930,Cindy,Harris,,,F,,2025-06-11,NY,Port Tasha,SILVER,In-Store,,
CUST002047,Andrea,Fowler,andrea.fowler653@hotmail.com,+1-840-450-4726x097,F,1957-10-25,2026-06-02,Virginia,West Tamaraville,Silver,Online,Y,Friend Referral
CUST004678,Sheryl,Harrison,sheryl.harrison283@outlook.com,+1-887-566-2690x9119,M,2000-07-30,2025-07-19,Pennsylvania,Lake Ericstad,bronze,In-Store,Y,Walk-in
CUST004956,  Jeffrey ,Gates,jeffrey.gates475@gmail.com,518.284.2247,F,1986-04-15,2021-04-16,Virginia,Paulfort,SILVER,In-Store,N,
CUST001207,Mark,Payne,mark.payne126@gmail.com,001-249-756-4799x846,Other,2000-01-09,2021-01-24,WA,South Heidiborough,bronze,In-Store,N,
CUST002309,Justin,Young,justin.young262@hotmail.com,001-932-324-9673,Other,1974-09-03,2023-06-27,mo,Barajasstad,silver,Online,yes,Friend Referral
CUST003731,Scott,Watkins,scott.watkins397@gmail.com,+1-501-592-4675x95796,Other,2003-12-09,2023-04-21,North Carolina,Port George,BRONZE,In-Store,no,Influencer
CUST001679,Erin,Ward,erin.ward508@outlook.com,748.688.2372,M,1973-10-26,2026-05-02,GA,Michellechester,gold,Online,Y,Walk-in
CUST003877,Gregory,Thomas,gregory.thomas970@hotmail.com,626-498-8320x9912,M,1957-08-25,2021-06-16,Michigan,North Shawnstad,BRONZE,Mobile App,,Walk-in
CUST004664,Jeffery,Harris,jeffery.harris125@hotmail.com,286.250.9525x630,F,1985-02-01,09/12/2024,Texas,Port Brittney,GOLD,Mobile App,Y,Social Media
CUST003002,Shannon,Dickerson,shannon.dickerson585@gmail.com,001-529-643-6813x145,M,1958-06-19,2025-10-28,ca,Lake Angelafurt,bronze,In-Store,N,Influencer
CUST004587,Karla,Evans,,,M,,2026-05-04,nc,,Bronze,Mobile App,,
CUST002701,Elizabeth,Cameron,elizabeth.cameron126@outlook.com,299-854-1710,M,2009-06-16,2025-07-24,Florida,Josephchester,Bronze,Mobile App,1,
CUST004060,Robert,Cruz,robert.cruz162@gmail.com,001-879-788-1594x560,F,1970-11-07,2026-03-11,Florida,Clarkside,GOLD,Online,Y,Walk-in
CUST001705,Betty,Lopez,betty.lopez771@gmail.com,3407737304,F,1983-03-06,2022-02-11,fl,Turnerhaven,BRONZE,Mobile App,N,TV Ad
CUST003036,Frank,Young,frank.young149@outlook.com,001-332-201-0898,Other,1992-08-24,2023-07-12,MASSACHUSETTS,Jenniferhaven,BRONZE,Mobile App,Y,Social Media
CUST003815,Ashley,Mercado,ashley.mercado823@outlook.com,001-807-731-1567x6238,F,1992-06-06,12/15/2025,New Jersey,Heidiberg,Silver,In-Store,N,Search Engine
CUST004778,Julie,Smith,julie.smith929@yahoo.com,545.586.1624x84388,Other,1973-03-31,2022-02-04,MA,Mathewfurt,SILVER,Online,1,Walk-in
CUST002802,Robin,Long,robin.long650@gmail.com,8946783062,M,1983-05-21,2022-04-14,New Jersey,New Bryanfurt,bronze,Mobile App,N,
CUST001470,Erin,Cross,erin.cross984@hotmail.com,816-448-7921x046,M,1986-08-08,2020-09-10,Virginia,Wardstad,BRONZE,Online,Y,TV Ad
CUST000195,  Timothy ,Freeman,timothy.freeman426@hotmail.com,001-989-793-5889x163,F,2002-10-22,03/28/2023,Texas,West Dianatown,SILVER,In-Store,Y,TV Ad
CUST000411,Sherry,Parsons,sherry.parsons896@gmail.com,6068512070,F,1984-01-17,2025-02-13,fl,Rileyland,GOLD,In-Store,0,Walk-in
CUST005341,Tony,Hughes,tony.hughes126@gmail.com,257-298-7321x62823,M,2005-12-23,2023-04-29,MICHIGAN,North Joshuaside,GOLD,In-Store,N,TV Ad
CUST006024,Angela,Wood,ANGELA.WOOD172@HOTMAIL.COM,6048896560,M,1961-07-03,2023-11-03,Illinois,Cindyport,bronze,Mobile App,Y,
CUST000387,  William ,Miller,,,Other,1966-09-30,2025-01-24,Wisconsin,Crystalbury,SILVER,Mobile App,,
CUST001336,Melissa,Collier,melissa.collier651@outlook.com,(607)575-8708,M,1955-10-14,05/15/2026,WI,Zacharybury,Bronze,Online,Y,TV Ad
CUST003963,Kimberly,Gallegos,kimberly.gallegos669@hotmail.com,+1-267-628-2419x786,M,1967-02-04,2023-06-16,Michigan,Port Jasmin,silver,Mobile App,no,Walk-in
CUST001330,Michelle,Bell,michelle.bell926@hotmail.com,960.905.0092x44928,Other,1947-03-04,10/10/2023,GEORGIA,Lake Dannyport,BRONZE,Online,0,Social Media
CUST000549,Cassandra,Martinez,cassandra.martinez720@hotmail.com,960.314.6723x849,Other,1947-06-16,2021-11-11,VA,Johnsonhaven,Gold,In-Store,Y,
CUST001389,Zachary,Roberts,zachary.roberts421@hotmail.com,353.501.0127x89695,F,1957-10-15,2025-01-11,Illinois,Lake Paulmouth,BRONZE,In-Store,Y,Social Media
CUST001965,Thomas,Nguyen,thomas.nguyen965@outlook.com,001-786-257-1689x62132,M,1961-11-13,2024-03-27,MD,Tonyashire,Bronze,Online,1,
CUST005549,Nicholas,Turner,nicholas.turner942@outlook.com,250.583.4003,F,1979-02-25,2024-02-23,Wisconsin,South Tammy,Bronze,In-Store,N,Influencer
CUST002700,Melissa,Adams,melissa.adams982@gmail.com,+1-307-779-4914,Other,1988-08-06,2026-06-03,az,Shawnville,Silver,In-Store,yes,Influencer
CUST000565,  Christian ,Barr,christian.barr949@yahoo.com,952-203-7710,F,1999-07-29,2023-09-15,GEORGIA,Judyborough,GOLD,In-Store,Y,TV Ad
CUST004655,Ann,Brown,ann.brown796@hotmail.com,477.201.4389,F,1944-10-02,2022-08-25,Indiana,Youngview,Bronze,Mobile App,1,Search Engine
CUST005162,Hannah,Peterson,hannah.peterson753@hotmail.com,+1-914-912-1455x66445,F,1952-05-31,2021-08-11,Indiana,Johnhaven,GOLD,Mobile App,Y,
CUST003922,Sean,Poole,sean.poole115@gmail.com,(714)663-5476x584,F,1946-02-05,2023-08-08,VA,Port Desiree,Bronze,Online,,Email Campaign
CUST004551,Suzanne,Foster,,,Other,1999-08-28,2023-08-26,Massachusetts,Pierceburgh,Bronze,In-Store,,
CUST003833,William,Hood,william.hood951@yahoo.com,723-359-2887x0052,F,2002-06-17,2021-09-28,Missouri,West Gregory,gold,Mobile App,N,Friend Referral
CUST000339,Robert,Mccall,robert.mccall266@gmail.com,+1-398-488-1671,F,1952-02-02,2021-12-10,NY,Port Jacob,Bronze,Online,N,
CUST005920,Brian,Romero,brian.romero816@hotmail.com,309.216.0444x746,F,1984-04-23,2024-10-14,NC,Robertsontown,BRONZE,Mobile App,N,Social Media
CUST004481,Kyle,Wiggins,kyle.wiggins815@gmail.com,669.513.2147x52528,M,1988-12-20,2024-04-27,FL,East Kathrynberg,Silver,Mobile App,yes,Walk-in
CUST002328,Nicole,Peterson,nicole.peterson156@yahoo.com,(792)862-0555,Other,1953-11-25,2020-10-30,NY,East Katherineborough,silver,Online,no,
CUST004220,Jennifer,Lee,jennifer.lee797@yahoo.com,697-207-5149x767,M,1959-06-04,2024-12-20,ga,Port Wandamouth,bronze,Mobile App,0,
CUST002662,Chad,Neal,chad.neal659@hotmail.com,745-561-4315x38348,Other,1980-06-02,2023-01-25,VA,Hernandezborough,gold,In-Store,0,TV Ad
CUST004283,Christine,Smith,christine.smith171@hotmail.com,+1-908-527-3377,M,1941-06-17,2025-05-03,md,Reynoldsmouth,gold,In-Store,,TV Ad
CUST003204,Deanna,Clarke,,,Other,,2023-05-20,ILLINOIS,,BRONZE,Online,,
CUST000614,Frederick,Smith,frederick.smith215@outlook.com,936.413.2850,Other,1950-12-31,2025-10-24,MI,Kyleburgh,BRONZE,Mobile App,1,TV Ad
CUST005965,Ashley,Carter,ashley.carter317@gmail.com,(733)571-4411x8956,M,2002-04-04,2025-03-02,Arizona,South Beverly,BRONZE,Mobile App,Y,TV Ad
CUST005230,Carrie,Marquez,carrie.marquez435@hotmail.com,(985)780-6984x3495,M,1996-02-17,2026-03-16,Maryland,South Juanton,BRONZE,Mobile App,no,TV Ad
CUST002019,Robert,Elliott,robert.elliott47@yahoo.com,001-294-547-3534x14391,F,1966-01-28,2025-12-29,Texas,Lake Paul,bronze,In-Store,yes,Email Campaign
CUST001660,Jay,Anderson,jay.anderson152@yahoo.com,355.400.2957x38010,F,1978-09-28,2024-10-31,North Carolina,Smithbury,Gold,Online,N,
CUST004799,Julie,Terry,julie.terry319@hotmail.com,(305)275-2149x742,Other,1987-05-31,2021-06-15,TN,Robertburgh,silver,Mobile App,,Friend Referral
CUST000503,Brandon,Davis,brandon.davis716@hotmail.com,356.452.1568,M,1962-04-12,2026-05-19,MASSACHUSETTS,Susanhaven,Bronze,Mobile App,Y,Email Campaign
CUST005136,Kimberly,Graham,kimberly.graham206@yahoo.com,590-384-8539,M,1965-05-10,2024-12-12,in,North Justintown,Silver,Online,Y,
CUST003806,Mary,Meadows,mary.meadows813@hotmail.com,786-320-5025,M,1950-10-24,11/12/2022,NJ,East Andreaville,silver,In-Store,Y,Friend Referral
CUST002433,  Lisa ,Sullivan,lisa.sullivan170@outlook.com,+1-851-666-1907,F,1982-06-26,2024-04-01,WISCONSIN,Baileyhaven,silver,Mobile App,1,Walk-in
CUST003600,Michelle,Odom,,,F,,2025-03-06,OH,,BRONZE,In-Store,,
CUST001058,Christopher,Chen,christopher.chen980@outlook.com,(839)279-2551x1643,M,1961-02-08,2024-07-19,Florida,Lake Matthewfurt,bronze,Mobile App,0,Search Engine
CUST002848,Andrew,Griffin,andrew.griffin920@yahoo.com,+1-801-891-6536x4706,M,1961-04-17,2021-11-20,Tennessee,Port Logan,silver,Online,N,
CUST004522,  Adam ,Caldwell,adam.caldwell212@gmail.com,6883130575,M,1989-06-20,2025-01-12,California,Hannaville,bronze,Online,Y,
CUST003281,Jennifer,Vasquez,jennifer.vasquez84@hotmail.com,777.573.1102,F,1950-09-11,2023-02-04,Arizona,New Emmaton,Gold,Online,no,Walk-in
CUST004161,Elizabeth,Thompson,elizabeth.thompson212@outlook.com,+1-389-676-8116x55089,M,1951-08-30,2024-02-22,VA,Lake Amystad,SILVER,Online,yes,Influencer
CUST004137,Jennifer,Gilbert,jennifer.gilbert465@hotmail.com,001-748-382-5267x9138,F,1983-09-21,2025-08-06,IN,Edwardton,Gold,In-Store,0,Friend Referral
CUST004460,Beth,Ferguson,beth.ferguson92@outlook.com,859.959.3897x87261,M,1989-12-29,2021-06-16,GA,Smithview,Gold,Mobile App,yes,Social Media
CUST005720,Brenda,Mitchell,brenda.mitchell288@yahoo.com,379.233.2356x99107,F,1994-01-08,2022-08-12,WA,Barrerabury,Platinum,In-Store,0,Email Campaign
CUST000515,Sara,Ellis,sara.ellis424@yahoo.com,364-991-1110x9617,Other,1966-10-17,2023-11-22,INDIANA,New Ryan,Bronze,In-Store,Y,Email Campaign
CUST002415,Benjamin,Perry,benjamin.perry172@yahoo.com,748-335-1560,M,1994-08-18,2023-04-06,Pennsylvania,Deborahview,Bronze,In-Store,,
CUST002761,Charles,Sanchez,charles.sanchez513@gmail.com,+1-541-752-5838x516,F,1969-06-10,2021-08-06,GA,Farrellmouth,BRONZE,Online,Y,Friend Referral
CUST003006,Lisa,Stevens,lisa.stevens751@hotmail.com,(448)768-9832,F,1957-05-10,11/25/2021,NC,Arianamouth,bronze,In-Store,yes,
CUST000016,Sarah,Ibarra,sarah.ibarra952@outlook.com,001-449-680-8412x411,F,2002-03-23,2022-10-28,Tennessee,South Martha,GOLD,Online,N,Social Media
CUST005850,Lauren,Glass,lauren.glass656@yahoo.com,2852879414,M,1997-09-29,2021-12-03,MO,South Reneeshire,PLATINUM,Mobile App,no,Search Engine
CUST003778,Kimberly,Bell,kimberly.bell651@outlook.com,2616779989,F,1950-10-19,2021-12-31,TN,East Amanda,PLATINUM,In-Store,yes,Search Engine
CUST005274,Katie,Martinez,katie.martinez747@hotmail.com,377.202.7002,F,1995-02-06,2024-10-19,NEW YORK,Briannachester,bronze,Online,Y,
CUST001143,Thomas,Fisher,thomas.fisher780@outlook.com,929-204-6175x5188,F,2004-12-22,2020-11-09,oh,Port John,GOLD,In-Store,no,Friend Referral
CUST002757,Lori,Reyes,lori.reyes21@yahoo.com,001-387-520-2981,M,1945-03-13,2024-08-10,Georgia,Lisaville,SILVER,Mobile App,Y,
CUST001372,Ashley,Green,ashley.green527@outlook.com,863-609-3079x68590,M,1958-10-01,2025-06-22,NJ,Lucasville,PLATINUM,Mobile App,1,Email Campaign
CUST004377,  Angelica ,Waters,angelica.waters830@yahoo.com,4792636690,M,1941-11-06,2024-07-02,AZ,North Jacksonland,gold,Online,Y,Email Campaign
CUST002286,Heather,Johnson,heather.johnson131@hotmail.com,914.493.1813,M,2006-06-06,2023-11-05,California,Port Lindsey,BRONZE,Mobile App,Y,
CUST003335,Troy,Stewart,troy.stewart45@hotmail.com,(910)619-9532x1059,F,1952-09-20,2021-04-03,fl,Kimberlyland,Bronze,Mobile App,yes,
CUST000998,Joshua,Hayes,joshua.hayes301@hotmail.com,001-682-323-0958x62973,F,1956-07-10,2025-10-19,INDIANA,Bakerhaven,BRONZE,In-Store,0,
CUST003001,Sandra,Ward,sandra.ward134@hotmail.com,670-299-7341x3505,M,1953-12-11,2023-11-10,oh,North Edgar,Bronze,Mobile App,Y,Social Media
CUST004887,Elizabeth,Garner,elizabeth.garner83@yahoo.com,2999866479,F,2001-12-28,2024-05-17,OH,Elaineville,Bronze,Online,no,
CUST001502,Nicholas,Myers,nicholas.myers480@yahoo.com,001-200-909-1435x29493,M,1941-08-07,2025-04-27,IL,Johnbury,Gold,In-Store,no,
CUST001097,Kristopher,Rogers,kristopher.rogers965@hotmail.com,449.368.0664x05110,F,1981-09-30,2022-05-07,Pennsylvania,Lake Calvin,silver,Mobile App,Y,Walk-in
CUST002285,Alec,Moreno,alec.moreno620@gmail.com,+1-590-624-4628x82617,F,1943-12-25,2024-08-14,GA,Pennyhaven,Silver,In-Store,0,Email Campaign
CUST005051,Vanessa,Mendoza,vanessa.mendoza478@outlook.com,270-213-6353,Other,1980-08-29,2024-05-09,New Jersey,South Ronald,PLATINUM,Mobile App,Y,TV Ad
CUST005475,Roberto,Simmons,roberto.simmons315@hotmail.com,(509)847-4230x6546,M,1997-02-28,2021-08-13,MO,West Richardmouth,bronze,In-Store,Y,Email Campaign
CUST001397,Christian,Greene,christian.greene207@outlook.com,881-358-3746,F,1994-04-02,2023-08-05,GA,Bassland,BRONZE,Mobile App,N,
CUST005221,Jennifer,Sanchez,jennifer.sanchez348@gmail.com,001-512-402-8021,Other,1976-10-25,2026-01-24,CA,New Breanna,Silver,Online,,Email Campaign
CUST001399,Matthew,Burke,matthew.burke450@hotmail.com,001-930-529-2764x054,M,1966-12-02,2023-09-27,Washington,West Jenniferbury,BRONZE,Online,N,Search Engine
CUST003490,Antonio,Wright,antonio.wright810@outlook.com,(307)690-4660x05593,M,1957-04-15,2022-12-23,az,East Christophermouth,Gold,In-Store,N,Influencer
CUST001101,Kathleen,Case,kathleen.case793@yahoo.com,001-547-985-5011,M,1988-07-15,2024-04-06,AZ,Lake Williamville,Silver,Online,0,Email Campaign
CUST005206,Kaitlyn,Jones,kaitlyn.jones27@gmail.com,553.403.3679,F,1977-06-23,2024-10-08,NC,Chaseberg,bronze,In-Store,no,Search Engine
CUST000207,Eric,Morris,eric.morris816@gmail.com,+1-451-858-3281,F,1944-03-27,2026-02-06,AZ,Tracyshire,SILVER,In-Store,N,
CUST005890,John,Wong,john.wong928@yahoo.com,773.282.0264x0765,F,1969-01-11,2024-09-19,New York,West Gregoryberg,Bronze,In-Store,0,Search Engine
CUST003113,Melissa,Sharp,melissa.sharp495@hotmail.com,572.549.2921,M,2008-11-20,2024-07-31,Wisconsin,Lewisberg,silver,Online,N,Walk-in
CUST003953,Richard,Watkins,richard.watkins254@hotmail.com,949.852.2499x4989,F,1997-03-06,2023-06-27,NC,Josetown,Bronze,In-Store,1,Search Engine
CUST003863,Joshua,Cameron,joshua.cameron282@outlook.com,699-312-0624,Other,1975-12-10,02/19/2021,Tennessee,Deborahberg,BRONZE,In-Store,0,TV Ad
CUST003589,George,Bryant,george.bryant298@outlook.com,398.682.3916x27049,M,1982-10-08,2024-04-12,WI,Colemanmouth,silver,Online,no,Walk-in
CUST004835,Marvin,Vaughn,marvin.vaughn538@gmail.com,+1-343-512-9543,Other,2009-05-29,10/20/2025,MO,West Kristy,gold,In-Store,0,Email Campaign
CUST001553,Justin,Hall,justin.hall562@gmail.com,259.983.9859,M,1994-06-23,2025-07-04,WA,Lake Peterview,GOLD,Mobile App,Y,Search Engine
CUST003330,Todd,Miller,todd.miller586@hotmail.com,(524)970-3213,F,2000-07-14,2025-04-23,GA,West Patrickburgh,silver,Online,Y,
CUST005022,Jessica,Robertson,jessica.robertson490@yahoo.com,685.809.8181,F,1943-07-18,2022-03-28,North Carolina,West Sarashire,silver,In-Store,no,Search Engine
CUST004284,Chad,Reed,chad.reed690@gmail.com,685-686-8587x3257,M,1977-02-10,2024-04-05,NC,South Mark,SILVER,Online,Y,Influencer
CUST002828,Donna,Flores,,,F,1968-04-21,2023-03-10,WA,Rachelview,Bronze,Online,,
CUST000826,Maria,Scott,maria.scott892@yahoo.com,211-597-8718,F,1962-09-24,2024-10-19,PA,Chandlerberg,Gold,In-Store,1,
CUST004682,Alex,Macias,alex.macias719@outlook.com,001-968-814-6910,F,1996-01-09,2025-06-02,Arizona,Port Bryanville,gold,In-Store,yes,Social Media
CUST005432,Matthew,Meyers,matthew.meyers697@outlook.com,818-719-3310x43474,M,1995-04-02,2021-01-01,fl,Henryland,bronze,Online,N,
CUST003058,Darren,Evans,darren.evans628@hotmail.com,(216)734-8443,F,1975-02-01,2022-11-06,New Jersey,Medinachester,BRONZE,In-Store,N,TV Ad
CUST005792,Bethany,Perez,bethany.perez786@hotmail.com,001-445-738-7471x5589,M,2008-02-06,2026-01-22,NY,Hoganland,Gold,Online,,
CUST000776,Ryan,Briggs,ryan.briggs561@outlook.com,437-776-9366x3439,M,1951-06-17,2023-06-05,WI,West Sharonville,Silver,In-Store,Y,Friend Referral
CUST000878,James,Ramirez,james.ramirez940@yahoo.com,001-367-413-9719,M,2001-06-04,2023-08-26,ARIZONA,New Madelinetown,BRONZE,In-Store,1,Search Engine
CUST002809,Tanner,Alvarado,tanner.alvarado341@yahoo.com,845-947-5971x1315,F,1972-03-18,2021-01-05,nj,Deckerburgh,BRONZE,In-Store,0,Search Engine
CUST000869,Nicholas,Smith,nicholas.smith914@hotmail.com,001-487-450-8276x817,F,1946-12-19,02/05/2022,NY,Tracyborough,SILVER,Mobile App,yes,TV Ad
CUST005515,Aaron,Conrad,aaron.conrad971@outlook.com,836.210.1801x9622,F,1958-02-19,2024-07-16,IL,Amybury,bronze,Online,N,TV Ad
CUST004331,Dustin,Lee,dustin.lee266@hotmail.com,345.764.8671,M,1945-01-30,2021-12-29,NY,South Corey,bronze,In-Store,0,
CUST002869,Dustin,Guzman,dustin.guzman877@yahoo.com,001-729-778-6715x429,M,1970-07-02,2022-04-19,MI,West Kathleen,SILVER,In-Store,,Walk-in
CUST005182,Manuel,Myers,manuel.myers957@outlook.com,978.386.8671,Other,1943-05-16,2023-06-19,CA,Longmouth,platinum,Mobile App,0,Walk-in
CUST000427,James,Myers,james.myers801@yahoo.com,+1-341-821-8209x7023,M,1978-02-02,2021-10-08,OH,West Ashleymouth,Silver,In-Store,yes,Social Media
CUST000462,Heather,Davis,heather.davis662@gmail.com,951-382-6068,M,1982-03-06,2022-11-28,Missouri,Evansberg,Gold,Mobile App,,Email Campaign
CUST003984,Vanessa,Thomas,vanessa.thomas392@yahoo.com,676.880.7981x05131,F,1975-06-22,2021-07-18,VA,South Michael,gold,In-Store,1,
CUST005098,Anna,Gonzales,anna.gonzales83@gmail.com,+1-358-421-0626,F,1999-03-20,02/09/2021,NORTH CAROLINA,East Lydia,silver,In-Store,N,
CUST004257,Jane,Olsen,jane.olsen611@outlook.com,+1-229-928-5034x1359,M,1942-06-03,10/31/2023,Virginia,North Jennifer,bronze,In-Store,,TV Ad
CUST003977,Troy,Morris,troy.morris70@hotmail.com,,Other,1979-05-25,2021-08-31,AZ,Nicholsland,Silver,Online,,
CUST003748,Glenn,Jackson,glenn.jackson458@yahoo.com,001-433-500-0429x56030,M,1955-07-08,2022-05-17,Massachusetts,East David,Platinum,Online,Y,Influencer
CUST004462,Richard,Wilson,richard.wilson269@gmail.com,(330)390-1573x04523,F,1996-08-17,2025-03-01,tx,East Hollymouth,BRONZE,Mobile App,1,Influencer
CUST003130,Samantha,Ball,samantha.ball266@gmail.com,499-369-9465,M,1951-02-19,2024-02-27,Massachusetts,South James,GOLD,Mobile App,yes,
CUST002104,Richard,Walker,richard.walker438@gmail.com,+1-623-746-6521x746,M,1997-02-21,2026-02-25,Illinois,Coreymouth,Silver,Online,no,Walk-in
CUST001479,David,Ruiz,david.ruiz146@yahoo.com,4916657376,F,2001-03-01,2026-04-08,Washington,Lake Brendanport,SILVER,Online,yes,Influencer
CUST002295,Jacob,Velasquez,jacob.velasquez799@yahoo.com,727.376.0639,F,1978-10-17,2026-05-08,TX,Parkfort,BRONZE,In-Store,Y,
CUST005553,Allen,Decker,allen.decker309@outlook.com,+1-545-958-2753x262,F,1955-06-02,11/04/2024,fl,Gregoryshire,bronze,Mobile App,0,
CUST005731,Amber,Mason,amber.mason946@yahoo.com,(433)345-3750,M,1943-05-30,2024-09-23,pa,East Christian,BRONZE,Online,no,
CUST004321,Timothy,Garcia,timothy.garcia549@outlook.com,444.615.1361,M,1961-10-31,2020-09-11,NY,Seanfurt,bronze,Mobile App,1,Email Campaign
CUST005315,Elizabeth,Garcia,elizabeth.garcia824@gmail.com,484-805-9914x709,F,1999-10-20,2024-07-15,Ohio,West Jeffery,Bronze,In-Store,0,Walk-in
CUST006016,Anthony,Elliott,ANTHONY.ELLIOTT607@GMAIL.COM,660-532-5039,Other,1968-06-22,2021-06-19,Michigan,Lake Thomasborough,Silver,Online,0,Social Media
CUST003811,Jacob,Riggs,jacob.riggs110@hotmail.com,345-707-6547x889,M,1969-06-09,2022-10-24,Pennsylvania,Lake Jonathan,Bronze,In-Store,yes,Social Media
CUST000544,Brenda,Miller,brenda.miller33@hotmail.com,(661)444-9429x65923,F,1955-12-30,2023-06-05,Tennessee,Johnfurt,silver,Mobile App,1,Social Media
CUST001656,Bradley,Weiss,bradley.weiss938@yahoo.com,8234089964,M,1976-03-29,2024-04-10,New York,South Ericmouth,GOLD,In-Store,N,
CUST000470,Douglas,Bradley,douglas.bradley229@hotmail.com,+1-696-372-7578x44683,F,1959-05-23,2026-01-07,WASHINGTON,Jasminebury,BRONZE,In-Store,no,
CUST001020,Stephanie,Thompson,stephanie.thompson104@hotmail.com,(286)887-6401x91854,M,1946-01-05,2025-01-12,Washington,Lake Nathanberg,Silver,Mobile App,,
CUST002453,Kayla,Holmes,kayla.holmes579@yahoo.com,001-697-238-5442,F,1959-09-04,05/02/2026,TN,Jeffreyberg,bronze,Online,Y,Social Media
CUST000274,Kelly,Sanders,kelly.sanders578@yahoo.com,+1-408-827-7181x298,M,1961-12-29,2025-06-28,Virginia,Jacksonport,silver,In-Store,Y,Social Media
CUST000846,James,Moon,james.moon146@hotmail.com,+1-911-992-0613x63852,M,1968-10-07,2023-05-24,CA,South Alexburgh,BRONZE,Online,1,Email Campaign
CUST003171,William,Collins,william.collins880@gmail.com,818.584.9741,F,1961-06-01,2023-07-20,Massachusetts,Allenton,PLATINUM,In-Store,Y,Influencer
CUST002281,Jacob,Young,jacob.young503@gmail.com,5137184341,Other,1993-02-16,2023-03-30,Massachusetts,South John,Silver,In-Store,Y,Walk-in
CUST001210,Vickie,Jackson,vickie.jackson534@yahoo.com,386-482-4051x66545,M,1973-08-05,2022-04-09,il,North Paulmouth,bronze,Mobile App,N,Search Engine
CUST004652,Amber,Morales,amber.morales868@outlook.com,316.523.0248x298,Other,1991-07-16,2025-09-11,AZ,Lake Danielmouth,bronze,Online,0,Walk-in
CUST003619,Shirley,Cook,shirley.cook956@hotmail.com,(973)200-6364,M,1965-03-05,2023-01-23,NC,Richardberg,BRONZE,Online,no,Social Media
CUST003320,Joseph,Pope,joseph.pope566@yahoo.com,001-986-383-5473x745,M,1959-02-04,2022-01-11,MA,Grossside,Bronze,Mobile App,N,
CUST000967,Patrick,Graves,patrick.graves999@outlook.com,594-844-0766x3493,M,2005-10-06,2021-02-28,WA,Coxton,Gold,In-Store,Y,
CUST005978,Dennis,Yu,dennis.yu320@hotmail.com,817-370-5913,F,1962-07-29,2021-09-03,Michigan,Danielview,silver,Mobile App,N,TV Ad
CUST002121,Gary,Kirby,gary.kirby964@yahoo.com,6533558823,F,1962-08-06,2020-11-08,Illinois,Khantown,silver,Mobile App,yes,Walk-in
CUST001509,Melanie,Gray,melanie.gray916@gmail.com,,Other,1986-09-20,2024-02-29,Maryland,Jessicachester,platinum,Online,,
CUST003388,Debbie,Brown,debbie.brown704@hotmail.com,720-849-5492x8767,M,2005-07-30,03/04/2025,MD,Kimberlyside,Bronze,In-Store,yes,Social Media
CUST003161,Madison,Morgan,madison.morgan416@hotmail.com,001-381-276-8353x24781,F,1975-08-20,2023-07-24,Florida,Riverahaven,Bronze,In-Store,Y,Email Campaign
CUST000665,Heather,Osborn,heather.osborn512@hotmail.com,+1-832-989-6340x646,F,1952-05-07,2021-08-06,MO,Lake Cynthia,Platinum,Online,Y,TV Ad
CUST002598,Emily,Hawkins,emily.hawkins346@hotmail.com,001-525-346-5476,F,2005-12-17,2024-08-11,WA,Port Wendy,Gold,Mobile App,1,Social Media
CUST003687,Claudia,Perkins,claudia.perkins993@gmail.com,619-984-6563x16032,F,1962-10-15,2025-11-09,Washington,Websterchester,Platinum,Mobile App,no,Search Engine
CUST002490,Tammy,Johnson,tammy.johnson571@gmail.com,+1-379-398-7256x964,M,1986-12-01,2023-02-28,Washington,Annafurt,Silver,Mobile App,N,
CUST001552,Thomas,Crawford,thomas.crawford423@outlook.com,844.741.0769x262,F,1960-08-05,2024-01-24,Virginia,Kimberlymouth,GOLD,In-Store,yes,Social Media
CUST002739,Amy,Dunn,amy.dunn42@hotmail.com,(980)297-0209,F,1952-04-04,2022-06-16,TN,Priceview,Silver,Online,Y,Social Media
CUST003941,Larry,Peterson,larry.peterson915@outlook.com,(916)359-8115,Other,1994-06-24,2021-10-09,MA,Collinsberg,BRONZE,Online,Y,
CUST000092,Marcia,Johnson,marcia.johnson193@outlook.com,(490)978-4473x64710,Other,1943-11-10,2024-05-28,MA,Debrashire,SILVER,Online,no,Social Media
CUST002371,Diane,Archer,diane.archer964@outlook.com,497-743-5752,M,1998-08-26,2023-12-02,Virginia,West Stephentown,Gold,In-Store,1,Email Campaign
CUST002767,Mariah,Turner,mariah.turner801@gmail.com,289.342.5963x490,M,1957-01-22,2022-04-08,MA,Kyleshire,BRONZE,In-Store,1,
CUST002249,Angelica,Khan,angelica.khan910@hotmail.com,+1-494-351-0683x829,Other,1967-01-01,2026-01-02,WI,Hudsonborough,SILVER,Online,1,TV Ad
CUST004063,Alison,Moore,alison.moore361@hotmail.com,,F,1962-07-21,2025-09-15,Washington,Hunthaven,silver,Online,,
CUST003211,Shawna,Pruitt,shawna.pruitt752@outlook.com,001-345-231-9651x644,Other,1951-11-20,04/23/2026,TN,New Sydney,bronze,In-Store,0,Walk-in
CUST003494,Kevin,Beltran,kevin.beltran134@hotmail.com,(381)959-1567x40794,M,1969-10-13,2021-03-25,va,Nancyhaven,bronze,Online,Y,Social Media
CUST001771,Robert,Martin,robert.martin622@yahoo.com,(592)623-9407x1734,M,2004-07-07,2026-04-09,FL,West Jenna,Bronze,Online,N,
CUST000009,Allison,Obrien,allison.obrien33@outlook.com,+1-557-287-1331x50983,F,2008-03-06,2026-01-29,Texas,Lake Larry,Bronze,Online,N,TV Ad
CUST005430,Benjamin,Koch,benjamin.koch697@outlook.com,552.363.5325x65899,F,1950-03-03,2024-07-20,North Carolina,Reevesbury,PLATINUM,Online,N,
CUST003838,Laura,Collins,laura.collins812@hotmail.com,(542)558-4658,F,1985-11-24,2025-12-23,MD,Port Cynthiaport,BRONZE,In-Store,no,
CUST003287,Kelly,Colon,kelly.colon265@outlook.com,001-358-599-3219,Other,1984-10-22,2024-05-04,AZ,Osbornhaven,SILVER,In-Store,N,Walk-in
CUST002658,Stephen,Hayden,stephen.hayden17@gmail.com,895.810.8327,M,1999-08-29,2023-02-05,VA,South Briannaburgh,SILVER,Online,N,TV Ad
CUST001686,Jessica,Mills,jessica.mills560@hotmail.com,959-892-7943,F,1947-02-20,02/06/2026,mo,Brownberg,bronze,Mobile App,1,
CUST004691,Christina,Kennedy,christina.kennedy689@outlook.com,+1-601-496-2231,M,1992-12-28,2022-12-30,MO,Morenohaven,BRONZE,In-Store,N,
CUST003394,Kimberly,Gomez,kimberly.gomez694@hotmail.com,384.337.1171x856,F,2004-04-08,2025-10-18,Missouri,West Kimberly,gold,In-Store,,TV Ad
CUST002089,Sheila,Hernandez,sheila.hernandez309@outlook.com,+1-525-340-1493x84754,M,1995-08-08,2021-11-17,az,New Shawn,Gold,In-Store,Y,
CUST001046,James,Moreno,james.moreno419@outlook.com,+1-426-908-7882x815,Other,1970-03-02,2025-10-04,NC,Lake Jameshaven,Bronze,Online,Y,TV Ad
CUST003124,Amy,Knight,amy.knight941@outlook.com,(240)850-0451,F,1969-10-07,2024-10-16,Tennessee,Marystad,Bronze,Online,0,
CUST001288,Jessica,Massey,jessica.massey790@outlook.com,791.217.7666,F,1971-10-02,2025-03-24,va,New Kennethstad,Silver,Mobile App,,
CUST001263,Evan,Cantu,evan.cantu135@outlook.com,+1-874-952-7193,F,1979-07-28,2024-06-26,WA,Christopherberg,Gold,Online,N,Walk-in
CUST000217,Rebecca,Arnold,rebecca.arnold952@yahoo.com,(263)594-2788x165,M,1978-09-19,06/27/2026,CALIFORNIA,Valdezberg,BRONZE,Mobile App,no,Email Campaign
CUST001793,Teresa,Brown,teresa.brown803@outlook.com,(414)299-9703,Other,1985-01-30,2023-05-31,Michigan,Mayborough,silver,Mobile App,N,Friend Referral
CUST001736,Rebecca,Perez,rebecca.perez203@yahoo.com,+1-713-786-7485x78304,M,1955-03-22,2023-07-03,oh,Brianfurt,Bronze,In-Store,no,
CUST002234,Daniel,Acosta,daniel.acosta656@yahoo.com,+1-704-364-4940x581,M,1990-04-26,2022-11-22,GEORGIA,North Joshuamouth,SILVER,Mobile App,no,Friend Referral
CUST003003,Angela,Smith,angela.smith615@hotmail.com,958-845-8402x227,F,1973-06-21,2021-06-14,Arizona,Port Margaretside,Gold,In-Store,N,Search Engine
CUST001809,Alexander,Garcia,alexander.garcia460@yahoo.com,(622)414-4267x353,M,1992-04-07,2024-06-15,TX,North Kristen,SILVER,Mobile App,Y,Friend Referral
CUST005234,Alexis,Young,alexis.young822@gmail.com,825-374-1922x91534,F,2002-06-09,2024-02-20,GA,West Dawnville,Silver,Mobile App,1,Search Engine
CUST005516,Emily,Brady,emily.brady677@outlook.com,766.474.9513x498,M,1946-08-23,2024-01-20,NJ,Danielchester,silver,In-Store,N,Walk-in
CUST005734,Eric,Riley,eric.riley794@yahoo.com,546.987.3756x16814,M,1965-06-23,2020-10-05,md,Port Cindychester,SILVER,Mobile App,0,Friend Referral
CUST004262,Heather,Trevino,heather.trevino74@hotmail.com,(533)491-8075x76449,M,1941-10-29,2023-04-11,Maryland,North Tiffanystad,BRONZE,Online,Y,Social Media
CUST004256,Eric,Richardson,eric.richardson289@outlook.com,360-559-2338x92516,Other,2010-05-24,2024-11-29,GA,Gabriellastad,bronze,In-Store,N,
CUST005918,Scott,Berry,scott.berry480@hotmail.com,(944)899-5967,M,1984-02-15,2022-12-31,MA,Port Keith,platinum,Mobile App,Y,Email Campaign
CUST001359,Hailey,Lowe,hailey.lowe487@hotmail.com,(912)366-7830x5573,M,1975-09-16,2025-01-14,MD,Allenstad,Silver,In-Store,Y,Friend Referral
CUST005039,Jane,Gilbert,jane.gilbert627@yahoo.com,(679)331-6632,F,1944-10-28,2021-11-22,Ohio,East Joshua,BRONZE,Online,Y,
CUST002780,Nicole,Gibson,nicole.gibson403@outlook.com,001-342-669-1548x978,F,1990-05-01,2022-07-11,PA,Baldwinshire,BRONZE,Online,N,TV Ad
CUST003739,Shelley,Diaz,shelley.diaz242@yahoo.com,4057299423,M,1986-05-12,2021-04-21,VA,Bendershire,bronze,In-Store,0,Social Media
CUST000499,Christian,Jones,christian.jones894@outlook.com,001-228-447-6570x4120,M,1980-07-08,2025-05-29,GA,Port Ian,Bronze,Online,N,TV Ad
CUST004083,Terri,Green,terri.green171@gmail.com,692.269.4813x35295,F,1987-09-14,2024-01-17,TN,Caldwellborough,silver,In-Store,1,Friend Referral
CUST000939,Christopher,Chaney,christopher.chaney683@hotmail.com,4589011950,M,1945-10-01,2026-02-25,NEW JERSEY,Adamland,Bronze,In-Store,no,Walk-in
CUST001200,James,Jones,james.jones43@gmail.com,001-770-470-3850x3605,M,2002-09-29,2023-08-15,Illinois,South Richardport,bronze,Mobile App,N,TV Ad
CUST004251,Sara,Wells,sara.wells777@yahoo.com,402.871.5133,Other,1979-06-03,2021-12-03,Pennsylvania,Munozville,Bronze,Mobile App,,
CUST004893,Samantha,Williams,samantha.williams569@outlook.com,973-999-2051,M,1947-11-11,2022-10-07,nj,Hutchinsonstad,Gold,Online,N,
CUST001267,Ronald,Munoz,ronald.munoz975@outlook.com,795-667-5635,F,1976-02-22,2026-05-22,TN,North Anthony,gold,Online,N,
CUST004182,James,Reid,james.reid528@yahoo.com,001-941-718-7274x29331,F,1998-09-28,2021-03-14,WA,Paulashire,Bronze,Mobile App,0,Email Campaign
CUST005704,Adrian,Perez,adrian.perez239@yahoo.com,662-913-0440,F,1975-12-20,2023-12-28,ga,South Mark,PLATINUM,Mobile App,no,
CUST004767,Rachel,Jordan,rachel.jordan811@yahoo.com,(780)594-9305,M,1965-05-09,2025-10-29,IN,Karenville,bronze,In-Store,no,
CUST004371,Jeffrey,Meyers,jeffrey.meyers475@outlook.com,686.489.4338x3645,F,1970-09-11,2023-06-28,GEORGIA,Lake James,silver,Mobile App,no,
CUST004030,Joe,Schmitt,joe.schmitt757@hotmail.com,(930)261-9377x06198,Other,1955-12-22,2022-02-11,Missouri,Jonesbury,platinum,Mobile App,Y,Influencer
CUST001767,Shannon,Gomez,,,F,,2025-10-22,Virginia,,GOLD,Mobile App,,
CUST001069,Christian,Crawford,christian.crawford375@yahoo.com,(661)818-9003,Other,1961-07-28,2021-07-06,Pennsylvania,Alexisborough,Bronze,Online,Y,Walk-in
CUST002971,Jeremy,Davis,jeremy.davis860@hotmail.com,992-382-0666x53479,M,1981-05-17,2024-06-17,NJ,Melissahaven,Bronze,Online,1,
CUST003471,Arthur,Miller,arthur.miller615@gmail.com,+1-838-221-2101x510,M,1987-02-21,2024-04-16,GA,Hernandezside,GOLD,In-Store,Y,Friend Referral
CUST003482,Jennifer,Lara,jennifer.lara410@gmail.com,(700)413-7683,F,1973-06-03,2022-02-02,IN,Lisaside,GOLD,Mobile App,0,Influencer
CUST001014,John,Grant,john.grant852@gmail.com,(626)654-9633x0833,F,1953-05-26,2020-10-18,Wisconsin,Edwardville,silver,Online,,TV Ad
CUST003129,Samantha,Carlson,samantha.carlson987@hotmail.com,(960)617-8296x14730,M,1967-06-24,2024-08-01,California,Samuelfort,Bronze,Online,,TV Ad
CUST000525,  Ryan ,Griffin,ryan.griffin246@outlook.com,(739)855-1720x84964,F,1982-06-02,2022-04-03,NY,Cindyfurt,bronze,Mobile App,,
CUST000435,Sarah,Brooks,sarah.brooks58@yahoo.com,531-531-2206x81558,M,1957-05-16,2021-03-16,Illinois,Johnsontown,Bronze,Online,1,Influencer
CUST002946,Jessica,Reyes,jessica.reyes405@yahoo.com,001-672-877-7198,F,2001-02-16,10/30/2023,FL,Murraystad,SILVER,Online,0,Influencer
CUST002044,Yolanda,Avery,yolanda.avery218@hotmail.com,001-845-905-8105x8010,F,1991-06-29,12/16/2020,California,New Timothyfurt,Bronze,Mobile App,yes,Friend Referral
CUST005212,Ann,Todd,ann.todd69@gmail.com,462.618.7540x65702,M,1961-08-15,2023-11-09,MA,Shanemouth,silver,Online,Y,Influencer
CUST001936,Samantha,Faulkner,samantha.faulkner273@hotmail.com,001-617-979-0366x66369,F,2001-11-24,2024-10-21,WI,Lake Sarahhaven,Silver,Online,N,
CUST002324,Margaret,Cooper,margaret.cooper778@outlook.com,+1-260-978-1384x75134,F,1990-09-24,2025-06-09,NJ,Port Tricia,Bronze,In-Store,N,Influencer
CUST000325,Tina,Allen,tina.allen738@outlook.com,755.748.6401,F,1948-08-16,2023-06-17,GA,Port Julie,Bronze,In-Store,0,Search Engine
CUST001427,Blake,Zamora,blake.zamora61@hotmail.com,720.853.6499x1192,Other,1974-08-05,2022-03-25,WISCONSIN,Schultzberg,BRONZE,Mobile App,Y,Email Campaign
CUST003499,  Robert ,Rose,robert.rose246@gmail.com,358.900.2729,M,1983-03-02,2025-11-28,NY,Lake Joshuafurt,gold,Online,1,Influencer
CUST000589,Kyle,Ortiz,kyle.ortiz724@hotmail.com,+1-395-229-8006x155,M,1980-10-01,2021-08-23,Florida,Port Colleen,Silver,In-Store,,
CUST004738,William,Hammond,william.hammond365@outlook.com,2367029193,Other,1954-02-01,2024-05-12,FL,Hamiltonmouth,BRONZE,Online,N,
CUST001024,Denise,Palmer,denise.palmer165@yahoo.com,(860)520-0053x28538,M,1954-08-13,2024-12-14,NEW JERSEY,North Jeffreychester,platinum,Mobile App,1,
CUST004520,Bruce,Brooks,bruce.brooks329@outlook.com,+1-705-250-7788x439,F,2004-08-14,2021-06-26,AZ,New Williamhaven,GOLD,Mobile App,Y,TV Ad
CUST005755,Sarah,Nicholson,sarah.nicholson47@outlook.com,497-343-6271,Other,1975-10-14,2021-08-16,NEW YORK,Davidview,SILVER,In-Store,1,Walk-in
CUST000988,Tiffany,Adams,,,M,1946-02-06,2025-02-18,Texas,Markview,Bronze,In-Store,,
CUST004815,Mary,Doyle,mary.doyle7@gmail.com,578.830.0575x25758,M,1985-05-05,2024-08-04,Pennsylvania,Port Charles,Bronze,Online,N,TV Ad
CUST004519,Stephen,Griffin,stephen.griffin946@hotmail.com,805-283-7849,F,2004-10-11,2024-04-21,OH,West Pamelamouth,gold,In-Store,1,
CUST003551,Jason,Turner,jason.turner425@outlook.com,9297554859,M,1979-10-11,01/14/2023,Tennessee,South Rodney,gold,Online,0,Search Engine
CUST000249,James,Moss,,,F,1947-04-03,2024-07-19,MISSOURI,South Paul,Bronze,Mobile App,,
CUST005015,Peter,Mcdonald,peter.mcdonald744@yahoo.com,001-471-411-7087,Other,1961-06-12,12/21/2020,NJ,Benjaminville,silver,In-Store,N,Social Media
CUST000736,  Marvin ,Howard,marvin.howard780@outlook.com,+1-229-358-2923x6161,Other,1973-05-02,2025-01-22,GA,North Matthew,Bronze,Mobile App,,Friend Referral
CUST001501,Wendy,Phillips,wendy.phillips396@yahoo.com,497.667.3887,M,2010-02-25,2023-08-17,CA,Lake Annaside,bronze,In-Store,Y,Walk-in
CUST004243,Joanna,Schultz,joanna.schultz19@gmail.com,001-672-623-7091,F,1954-07-28,2022-10-05,MI,Lake Michael,bronze,In-Store,,
CUST004536,Lisa,Lambert,lisa.lambert858@hotmail.com,812-654-1895x081,F,1946-07-05,2022-04-08,MI,Garciachester,BRONZE,In-Store,N,TV Ad
CUST002687,Michelle,English,michelle.english370@yahoo.com,(752)332-2148x94413,Other,1951-08-26,2021-07-05,MO,Jonathanstad,Silver,Online,0,Walk-in
CUST003122,Nicole,Evans,nicole.evans864@yahoo.com,(802)733-6270,Other,1994-04-24,2020-09-19,California,Bautistafurt,BRONZE,In-Store,,Email Campaign
CUST002883,Nancy,Gardner,nancy.gardner198@outlook.com,249-790-1409,F,1996-06-29,2023-03-28,Tennessee,Christopherfurt,BRONZE,In-Store,N,Influencer
CUST002753,Ashley,Lee,ashley.lee895@hotmail.com,711.320.2730x2385,F,1997-08-26,2025-10-14,New Jersey,West Jill,SILVER,Mobile App,,TV Ad
CUST005092,Adam,Cannon,adam.cannon671@outlook.com,(923)647-1905,Other,2000-07-25,2023-05-18,MO,Chelseaport,SILVER,In-Store,N,Social Media
CUST003469,Brenda,Williams,brenda.williams203@yahoo.com,5086884391,F,1941-09-16,2022-04-25,TX,East Jacobchester,BRONZE,Mobile App,N,Social Media
CUST004970,Daniel,Rodriguez,daniel.rodriguez640@outlook.com,,F,1995-06-26,2024-08-07,PA,Jeremyfort,Gold,Mobile App,,
CUST004649,Joshua,Chang,joshua.chang729@gmail.com,959-566-8292,F,1973-10-30,2026-03-07,ny,Teresaberg,Platinum,Online,1,TV Ad
CUST005226,Russell,Burns,russell.burns15@yahoo.com,+1-779-757-3637,M,1949-10-15,2024-10-06,Indiana,West Anthony,Bronze,Mobile App,no,
CUST004986,Robert,Mcmillan,robert.mcmillan276@yahoo.com,(722)913-5064x7209,F,1948-05-06,2021-01-09,Georgia,Lake Joelstad,gold,Online,0,Influencer
CUST004303,Anthony,Colon,anthony.colon46@yahoo.com,9094037224,Other,1970-12-18,2022-04-26,PENNSYLVANIA,Melanieport,Bronze,Mobile App,yes,Search Engine
CUST002077,Michelle,Ward,michelle.ward633@gmail.com,+1-452-275-0568x8084,M,1945-09-28,2020-09-21,WISCONSIN,Joshuaberg,SILVER,In-Store,Y,
CUST002587,Madeline,Williams,madeline.williams5@gmail.com,+1-788-577-3352x108,F,1987-11-29,2025-08-27,Georgia,East Jimmy,BRONZE,Online,yes,Friend Referral
CUST004061,Stephanie,Banks,stephanie.banks908@gmail.com,(775)509-0161,M,1990-11-21,2023-12-25,Missouri,West Gregoryview,Bronze,Mobile App,1,
CUST005066,Dawn,Todd,dawn.todd687@hotmail.com,969.770.8632x956,F,1977-01-14,2023-08-21,Indiana,Danielborough,BRONZE,Online,N,Influencer
CUST001927,Megan,Freeman,megan.freeman142@yahoo.com,+1-867-385-1506,M,1960-11-16,2021-09-18,North Carolina,Port David,GOLD,In-Store,0,
CUST006071,Hector,Parker,HECTOR.PARKER429@GMAIL.COM,(755)332-0528,F,1967-06-22,2023-08-24,Maryland,Kristenmouth,GOLD,Online,,Search Engine
CUST000191,Chelsea,Strickland,chelsea.strickland565@outlook.com,(208)373-7530,F,1998-11-17,2026-05-03,OH,Jadeport,BRONZE,In-Store,,Search Engine
CUST004480,Ryan,Turner,ryan.turner250@outlook.com,001-930-328-7833x206,M,1941-05-06,2023-07-05,Wisconsin,New Hollyville,Bronze,Online,,Email Campaign
CUST002888,Mary,Harris,mary.harris435@gmail.com,427-701-8233x200,F,1996-03-07,2023-03-15,Florida,West Diana,silver,Mobile App,N,
CUST001989,Laurie,Byrd,,,M,,2026-01-17,Virginia,,bronze,Mobile App,,
CUST000094,Brent,Dougherty,brent.dougherty319@gmail.com,001-953-227-8774,Other,2001-03-02,2023-02-08,GA,Port Mark,Silver,Mobile App,N,Search Engine
CUST002232,Mary,Reyes,mary.reyes993@yahoo.com,+1-324-864-9137,F,1994-03-16,2023-09-17,tn,West Andrewburgh,bronze,Online,0,Email Campaign
CUST004556,Denise,Powell,denise.powell487@outlook.com,001-863-413-6439,M,2001-09-08,2021-03-23,Texas,Copelandstad,bronze,Mobile App,Y,Friend Referral
CUST001213,Tonya,Frank,tonya.frank392@hotmail.com,001-461-697-9797,M,1960-02-19,2021-01-28,Tennessee,Elizabethtown,Bronze,Online,N,Walk-in
CUST002750,Maria,Smith,maria.smith165@hotmail.com,(814)394-9185x1475,M,1985-07-17,2023-02-06,WA,Martinezshire,BRONZE,Online,no,
CUST003005,Danielle,Jones,,,F,,2025-08-16,MI,North Robert,silver,In-Store,,
CUST003855,  John ,Dunn,john.dunn660@outlook.com,,M,2001-06-08,2021-01-29,California,Allisonbury,SILVER,Mobile App,,
CUST005311,Misty,Miller,misty.miller583@yahoo.com,459-731-9426x02181,M,1970-04-25,2024-12-26,NEW JERSEY,South Jeremy,BRONZE,Mobile App,1,Email Campaign
CUST003063,David,Romero,david.romero644@outlook.com,638-682-7374x909,M,1975-12-25,06/11/2024,Missouri,Port Markland,bronze,In-Store,Y,Search Engine
CUST003625,Ashley,Merritt,ashley.merritt703@gmail.com,707-399-3456,F,1985-06-30,2025-05-17,MI,North Gloria,platinum,Mobile App,,Email Campaign
CUST005513,Timothy,Gonzalez,timothy.gonzalez840@hotmail.com,547.894.4033,Other,1962-09-19,2022-09-01,Michigan,Hallshire,Platinum,Online,no,Walk-in
CUST004204,Katherine,Lee,katherine.lee998@hotmail.com,816.974.3121x82725,M,1969-12-02,2024-08-17,MD,Dudleyview,silver,Mobile App,no,Influencer
CUST001000,Mitchell,Kennedy,mitchell.kennedy606@outlook.com,5442964612,M,1981-09-01,2025-09-03,WI,North John,bronze,In-Store,yes,Search Engine
CUST003029,Andrea,Morris,andrea.morris85@gmail.com,001-520-846-5456x566,F,2002-04-18,10/18/2020,Arizona,Stephanieville,Bronze,In-Store,yes,Walk-in
CUST001119,Daniel,Adams,daniel.adams11@yahoo.com,469-803-9220,M,1979-05-08,2024-01-12,Pennsylvania,North Nicholas,silver,Mobile App,Y,Search Engine
CUST005973,Edgar,Weber,edgar.weber484@outlook.com,(962)924-5860x4885,F,1981-09-05,06/25/2023,mo,North Mary,Platinum,Online,0,Walk-in
CUST001430,Catherine,Brown,catherine.brown106@hotmail.com,441-549-2531x649,F,1974-07-03,2022-10-30,Indiana,New Erica,BRONZE,In-Store,1,Search Engine
CUST006059,Gary,Webb,GARY.WEBB64@GMAIL.COM,7779748212,Other,1994-11-20,2022-10-17,mo,Lake Eric,SILVER,Online,1,Email Campaign
CUST001852,Clifford,Rogers,clifford.rogers135@hotmail.com,+1-650-282-4326x25381,F,1969-03-28,2024-05-08,WI,New Jason,BRONZE,In-Store,Y,Email Campaign
CUST001513,Cassandra,Hall,cassandra.hall444@outlook.com,426-841-0603,F,1983-04-08,2024-10-17,NC,Adkinsport,bronze,Mobile App,no,Search Engine
CUST000133,Adriana,Bailey,adriana.bailey377@gmail.com,4107512382,F,1947-07-05,2024-11-15,va,Floresport,gold,In-Store,N,Walk-in
CUST003820,Shelby,Jones,shelby.jones76@yahoo.com,(595)758-4457,F,1950-11-09,10/23/2023,Wisconsin,New Tabithaville,silver,In-Store,N,Email Campaign
CUST003826,Anna,Lopez,anna.lopez550@hotmail.com,(742)884-6851x92617,M,1974-03-11,2023-11-23,North Carolina,Dennisfort,Bronze,Mobile App,no,
CUST004892,Gary,Tanner,gary.tanner419@hotmail.com,455.574.9262x77730,F,1959-11-13,2021-12-18,Washington,Port Stephen,BRONZE,Mobile App,,TV Ad
CUST003503,Monica,Collins,monica.collins134@gmail.com,(599)338-7884,F,1993-09-10,2021-08-23,NJ,Michaelland,GOLD,Online,Y,Influencer
CUST002131,  Crystal ,Smith,crystal.smith323@yahoo.com,784-600-0040x0464,F,1945-09-22,2022-02-26,Arizona,Stephaniestad,Silver,In-Store,yes,Influencer
CUST003883,Alex,Stephenson,alex.stephenson125@gmail.com,001-842-909-2259x739,F,1990-02-14,2024-09-26,mi,Smithchester,gold,Online,N,Social Media
CUST005370,Billy,Roach,billy.roach850@gmail.com,+1-985-769-3440,M,1988-08-12,2024-04-28,FL,Carrillomouth,BRONZE,Online,0,Influencer
CUST001616,Taylor,Greene,taylor.greene128@hotmail.com,882-258-5455x13919,F,1941-01-15,2024-01-14,Wisconsin,East Alicia,GOLD,Online,,
CUST004830,Brian,Preston,brian.preston370@hotmail.com,988-263-3200x2683,M,1994-10-04,2025-04-07,PA,South Johntown,SILVER,Mobile App,Y,Social Media
CUST004420,Shawn,Tyler,shawn.tyler200@outlook.com,001-314-863-5808x057,M,2002-09-24,2021-04-29,va,Lisahaven,SILVER,In-Store,0,Social Media
CUST003177,Shannon,Snyder,shannon.snyder129@outlook.com,775.614.3535,Other,1984-11-22,02/20/2025,CA,Lake Donna,SILVER,In-Store,Y,Social Media
CUST003656,Christopher,Keller,christopher.keller839@outlook.com,981.536.2480x467,M,1970-09-10,2026-04-28,WA,New Michelle,platinum,Mobile App,N,TV Ad
CUST005413,Derek,Anderson,derek.anderson234@yahoo.com,+1-723-600-3191x026,M,1950-08-20,2023-07-26,tn,Cunninghamberg,silver,In-Store,yes,Influencer
CUST002646,Angelica,Chase,angelica.chase385@outlook.com,3182175760,M,2007-06-05,2023-10-13,Pennsylvania,North Robert,BRONZE,In-Store,1,
CUST005566,Logan,Crawford,logan.crawford603@outlook.com,001-343-369-4882x595,M,1998-09-09,2020-09-21,OH,New Raymondfurt,BRONZE,Mobile App,N,Email Campaign
CUST001202,Nathan,Howe,nathan.howe756@gmail.com,663.985.6461,Other,1999-08-09,2023-03-05,WA,North Megan,Silver,In-Store,yes,Walk-in
CUST003708,Angel,Reyes,angel.reyes127@yahoo.com,+1-953-716-4705x9488,Other,1998-12-16,2024-11-20,California,Port Jennifershire,Gold,In-Store,no,Friend Referral
CUST004596,Amanda,Peck,amanda.peck185@outlook.com,(765)248-6202x6369,Other,1994-07-24,2023-10-17,WISCONSIN,Richardmouth,Silver,Online,,Email Campaign
CUST000277,Adam,Cannon,,,M,,2023-07-27,MO,,SILVER,Online,,
CUST001344,Paul,Cuevas,paul.cuevas286@outlook.com,(826)441-2608x48187,M,1950-07-03,2021-03-06,ARIZONA,Mariastad,gold,In-Store,N,TV Ad
CUST003443,James,Hull,james.hull513@yahoo.com,722-671-0684x66656,M,2004-08-26,2025-01-23,IN,New Shirleyfurt,Gold,Online,yes,TV Ad
CUST002172,Karen,Graham,karen.graham386@outlook.com,+1-963-560-2536,M,1969-08-11,2026-05-23,Florida,Liustad,SILVER,Online,yes,Email Campaign
CUST005962,Mike,Edwards,mike.edwards839@outlook.com,225-832-4223x2069,Other,2005-12-30,2021-08-10,OH,East Sarah,Bronze,In-Store,Y,
CUST003771,Christine,Davis,christine.davis7@outlook.com,001-584-302-7094,M,1993-05-14,2025-08-15,wa,Jacksonton,Bronze,Mobile App,no,TV Ad
CUST005154,Janice,Michael,janice.michael588@gmail.com,729.831.2368x9297,M,1967-12-11,07/03/2022,GA,Harrisshire,GOLD,In-Store,no,Search Engine
CUST001944,Robert,Thornton,robert.thornton666@gmail.com,8338881120,Other,1975-03-02,2020-11-30,FL,Taylorberg,gold,Online,1,Influencer
CUST001974,Michael,Moss,michael.moss868@gmail.com,001-422-202-8815,F,1945-04-18,2023-12-13,Missouri,West Karen,SILVER,Mobile App,N,Social Media
CUST000348,Tyrone,Johnson,tyrone.johnson29@outlook.com,001-218-277-3477x84858,F,1953-03-18,2024-03-11,VIRGINIA,Ericville,platinum,Mobile App,Y,Email Campaign
CUST001935,Kristin,Combs,kristin.combs719@outlook.com,+1-706-595-8621,F,1946-05-03,2023-11-30,WISCONSIN,North Tammy,GOLD,In-Store,yes,Email Campaign
CUST000587,Carla,Daniels,carla.daniels600@yahoo.com,836-512-7515x62779,Other,1961-05-09,2021-12-12,Florida,Robertmouth,BRONZE,Online,no,Social Media
CUST000087,Jill,Porter,jill.porter966@outlook.com,494.973.1217,M,1967-10-07,2023-12-11,MI,Kimberlymouth,SILVER,In-Store,no,Search Engine
CUST000655,Kara,Stewart,kara.stewart800@gmail.com,770-606-6615,M,1954-01-16,2026-05-29,New Jersey,Timothyhaven,Bronze,Mobile App,yes,Walk-in
CUST003277,Mary,Murillo,mary.murillo689@yahoo.com,001-998-213-7801x104,F,1976-03-18,2023-04-06,Georgia,North Williamside,Silver,In-Store,,Influencer
CUST005179,Karen,Nunez,karen.nunez859@yahoo.com,405.738.6377,M,1956-09-26,2024-10-11,Maryland,Kristamouth,silver,Mobile App,Y,Friend Referral
CUST005559,Dylan,Smith,dylan.smith141@yahoo.com,748-411-7694,F,1990-07-23,02/19/2026,Pennsylvania,North Coryfurt,BRONZE,Mobile App,Y,Social Media
CUST001282,Melinda,Morris,melinda.morris817@hotmail.com,9294662991,F,1978-04-28,2025-05-22,Maryland,Perezview,bronze,Online,1,
CUST002868,Becky,Hull,,,M,,2023-03-31,MISSOURI,Victoriaton,bronze,In-Store,,
CUST002251,Courtney,Parks,courtney.parks928@yahoo.com,+1-888-299-0888,M,1967-07-05,2022-06-02,Maryland,East Luis,gold,Online,0,Friend Referral
CUST001933,Jeremy,Price,jeremy.price566@yahoo.com,(667)335-7756x942,M,1970-01-29,2021-07-18,TX,North Robert,BRONZE,Mobile App,,Email Campaign
CUST001438,Steven,Lee,steven.lee736@gmail.com,,Other,1998-05-26,2021-04-05,az,South Michaeltown,BRONZE,Mobile App,,
CUST001828,Mark,Vega,mark.vega774@gmail.com,450-949-7236x6946,Other,1964-05-04,2026-06-10,WASHINGTON,Baileyville,silver,Mobile App,1,
CUST002087,Stephanie,Ruiz,stephanie.ruiz891@outlook.com,001-839-203-9092x00562,F,1954-05-24,2023-09-25,Georgia,Millerview,BRONZE,Online,N,Influencer
CUST002934,Christina,Dalton,christina.dalton365@gmail.com,+1-508-237-4320x0608,M,1954-09-20,2021-12-11,NEW JERSEY,Zacharystad,silver,Mobile App,N,Social Media
CUST000690,Tyler,Duncan,,,Other,,2020-12-08,CALIFORNIA,,GOLD,In-Store,,
CUST002498,Carlos,Jackson,carlos.jackson895@hotmail.com,349.367.8452x733,F,1974-12-17,2023-03-28,CALIFORNIA,West Madison,GOLD,Online,,
CUST005622,William,Sanders,william.sanders295@hotmail.com,(491)935-6787x714,F,1988-08-29,03/14/2025,MA,East Kimberly,Silver,Online,N,Friend Referral
CUST001952,Jessica,Perez,,,F,1994-09-08,2022-02-09,NY,Sheltonmouth,bronze,Online,,
CUST003717,Dale,Wolfe,dale.wolfe81@gmail.com,(740)653-6065x681,F,1979-05-12,2025-08-17,Missouri,Leeview,Bronze,Online,Y,Social Media
CUST001157,Jenny,Rodriguez,jenny.rodriguez499@outlook.com,+1-731-258-9016x49281,F,1973-09-05,2025-09-05,Missouri,South Cynthiaview,Bronze,In-Store,0,Influencer
CUST005823,Robert,Cochran,robert.cochran742@gmail.com,001-945-975-7158,M,1952-03-28,2023-07-03,Indiana,West Arthurfurt,Bronze,Online,no,Search Engine
CUST002026,Kaitlin,Thompson,kaitlin.thompson554@outlook.com,877.796.2638,M,2007-05-17,2022-08-10,CA,North Christinemouth,GOLD,Mobile App,N,
CUST002561,Marc,Castro,marc.castro327@hotmail.com,(945)211-5905x92568,F,2000-12-25,02/24/2026,MA,South Stevenshire,bronze,Mobile App,N,
CUST005641,Jessica,Taylor,jessica.taylor386@yahoo.com,889.910.7944,F,1944-10-23,2022-12-22,MD,Chelseaton,GOLD,Mobile App,0,Social Media
CUST004817,Hannah,Wright,hannah.wright983@gmail.com,910.688.6429x43214,M,1998-08-20,2025-08-22,Arizona,New Evan,silver,Online,0,Email Campaign
CUST003331,Amanda,Barron,amanda.barron935@yahoo.com,(593)485-5507,F,1944-11-04,10/20/2023,WASHINGTON,New Graceview,bronze,Online,no,TV Ad
CUST002635,Larry,Tran,larry.tran698@outlook.com,493-958-9105x48256,F,2002-09-08,2023-06-11,NJ,Frederickbury,Bronze,In-Store,0,
CUST002665,Catherine,Ho,catherine.ho948@outlook.com,301-772-7482,M,1997-09-11,2024-11-26,NC,Jessicaburgh,GOLD,Online,no,Friend Referral
CUST003318,Donald,Johnson,donald.johnson415@yahoo.com,927.926.3401x88149,F,1999-05-29,2021-06-15,MI,North Aprilfurt,platinum,Online,N,
CUST002376,Brandon,Moore,brandon.moore334@gmail.com,936.782.8765,Other,1954-04-23,07/06/2022,New York,Hutchinsonmouth,GOLD,Mobile App,no,Walk-in
CUST002029,Jennifer,Welch,jennifer.welch416@outlook.com,(674)596-6529,M,1965-05-22,2024-09-18,PA,West Eric,GOLD,In-Store,1,Search Engine
CUST000847,Amy,Bray,amy.bray358@gmail.com,244-390-2950x2648,M,1966-12-29,2021-10-12,California,Jonesside,GOLD,In-Store,,
CUST005233,David,White,david.white847@gmail.com,+1-379-821-2959,M,1989-04-23,2020-10-30,Missouri,Harrismouth,bronze,Online,N,Social Media
CUST000669,Stefanie,Williams,stefanie.williams610@yahoo.com,001-874-838-1199x537,F,1999-05-02,2022-02-28,Florida,Simmonsburgh,Bronze,In-Store,yes,TV Ad
CUST003688,Angela,Bernard,angela.bernard700@hotmail.com,001-652-588-2808x231,F,1961-11-18,2024-09-17,tx,Martinezbury,Bronze,Online,Y,Search Engine
CUST006019,Jeffrey,Graham,JEFFREY.GRAHAM489@YAHOO.COM,(898)406-9901,F,1942-09-16,08/18/2022,Texas,Ramseymouth,bronze,Online,N,Friend Referral
CUST003756,Robert,Fernandez,robert.fernandez752@outlook.com,762.724.4626,F,1943-11-03,2023-02-24,NC,East Matthewfurt,PLATINUM,Online,0,
CUST004810,Ronnie,Hodges,ronnie.hodges165@hotmail.com,+1-640-898-6681x986,F,2008-05-08,2025-11-24,WISCONSIN,Jerryside,gold,In-Store,Y,Social Media
CUST000844,Dana,Nelson,dana.nelson765@yahoo.com,001-972-966-2925x081,M,2003-05-17,2023-03-28,MA,Peterton,PLATINUM,Online,N,Walk-in
CUST003359,Jessica,Thompson,jessica.thompson935@gmail.com,001-326-514-8109x957,Other,1988-11-29,2024-02-19,tn,South Russellside,bronze,In-Store,N,Email Campaign
CUST001724,Timothy,Harrison,timothy.harrison947@yahoo.com,+1-548-749-6741x662,Other,1943-05-17,2023-07-19,WI,Morganstad,silver,Online,Y,
CUST004875,Timothy,Dawson,timothy.dawson561@gmail.com,824.648.1564x26439,F,1990-07-23,2021-02-22,FL,West Scotthaven,Bronze,Mobile App,N,
CUST004044,Tonya,Brown,tonya.brown991@yahoo.com,+1-500-992-8210,M,1941-04-08,2020-11-22,Tennessee,Port Christopherton,GOLD,In-Store,Y,Social Media
CUST005789,Vickie,Jones,,,F,,2024-10-09,WA,East Jane,BRONZE,In-Store,,
CUST004585,Jeffrey,Thomas,jeffrey.thomas646@hotmail.com,456.206.7148x98153,F,1976-11-04,2023-07-17,Missouri,South Melindaland,Bronze,Mobile App,1,Influencer
CUST001702,Randall,Vasquez,randall.vasquez292@outlook.com,001-758-576-6949x4715,F,1970-05-18,2025-05-04,Arizona,Brookeview,Bronze,Mobile App,Y,Search Engine
CUST002080,Kristin,Harris,kristin.harris973@yahoo.com,(584)390-5366x78320,M,1974-11-26,2024-05-19,Georgia,Moorefurt,Platinum,Online,N,Search Engine
CUST004316,Cynthia,Wu,cynthia.wu224@gmail.com,+1-625-299-5511x4068,Other,1950-08-18,2023-01-27,NC,Lake Cindy,Gold,Mobile App,no,Email Campaign
CUST005076,Sarah,Edwards,sarah.edwards474@yahoo.com,001-248-785-1457x956,F,1982-05-25,2021-12-22,MI,Lake Sherryland,silver,In-Store,N,Friend Referral
CUST002549,Marilyn,Garcia,marilyn.garcia879@gmail.com,+1-239-423-1867x81108,M,2000-03-21,2021-08-08,Wisconsin,Lambertchester,Silver,Online,yes,Social Media
CUST002233,Laura,Brown,laura.brown759@yahoo.com,001-363-778-1319,M,1960-03-04,2024-05-25,Wisconsin,Lake Daniel,bronze,Online,Y,Search Engine
CUST000912,Kelly,Bennett,kelly.bennett874@gmail.com,7569420456,M,1966-12-05,2025-09-16,OH,Reynoldschester,bronze,In-Store,Y,Influencer
CUST002876,Arthur,Smith,arthur.smith937@hotmail.com,631.267.9266,F,1981-09-25,2023-01-02,MA,New Amandaborough,gold,In-Store,0,Influencer
CUST005343,Heather,Tran,heather.tran435@outlook.com,001-935-278-8471x5415,F,1958-03-12,2022-02-10,Virginia,New Joseph,BRONZE,Online,Y,Friend Referral
CUST005628,Ryan,Cooper,,,M,,2026-03-27,FLORIDA,Reneeland,GOLD,In-Store,,
CUST000593,Jeffrey,Russell,jeffrey.russell623@hotmail.com,965.381.7390x6375,M,1960-03-04,2022-04-30,mo,South Andre,bronze,Mobile App,no,
CUST004475,Ashley,Frye,ashley.frye519@gmail.com,,M,2006-08-21,2023-04-19,Wisconsin,Turnerborough,SILVER,In-Store,,
CUST000845,Sandra,Leblanc,sandra.leblanc42@yahoo.com,(788)441-3337x3125,F,2009-05-31,2023-12-19,VA,Port Kimberlytown,BRONZE,Mobile App,0,Influencer
CUST005871,Patrick,Johnson,patrick.johnson363@hotmail.com,299-581-2917x999,M,1952-01-17,2022-01-31,New York,Burnettland,silver,In-Store,,
CUST005599,  Molly ,Serrano,molly.serrano111@gmail.com,685.202.7409,Other,1988-02-03,2021-01-04,Wisconsin,Hunterhaven,gold,Mobile App,N,Friend Referral
CUST004357,James,Bell,james.bell349@yahoo.com,(671)905-3883,M,2001-01-30,2025-07-31,Maryland,Michaelville,bronze,Mobile App,Y,Friend Referral
CUST000696,Brian,Cohen,brian.cohen65@outlook.com,(302)513-0609x069,Other,1969-05-15,2023-10-13,Arizona,Lake Sarah,BRONZE,Mobile App,,
CUST000757,James,Jensen,james.jensen593@gmail.com,536-633-7922,Other,2007-06-28,2021-03-15,NY,Lisaville,SILVER,Mobile App,N,
CUST000832,Roy,Burch,roy.burch677@yahoo.com,001-400-930-8356x69106,F,1992-09-26,2023-09-12,WA,North Juliechester,Gold,Mobile App,,Influencer
CUST000644,Thomas,Chase,thomas.chase932@yahoo.com,946.696.6060x652,F,1961-12-05,2021-07-08,FL,Jessicamouth,SILVER,In-Store,Y,
CUST004079,Michelle,Vazquez,michelle.vazquez707@yahoo.com,291.989.0091,M,1983-12-31,2025-09-16,New York,Woodwardfurt,bronze,Mobile App,,
CUST000074,Brandi,Thomas,brandi.thomas250@outlook.com,486-552-8168x5054,F,1965-02-28,2026-04-22,GA,Andersonland,SILVER,Mobile App,no,TV Ad
CUST002836,Amanda,Pratt,amanda.pratt147@hotmail.com,+1-799-916-9927x70866,F,1981-04-27,2023-11-02,North Carolina,East Nicholaschester,GOLD,In-Store,N,Social Media
CUST005647,Kevin,Schneider,kevin.schneider470@outlook.com,+1-583-412-8829,M,1977-01-16,2026-04-02,NY,East Ryan,bronze,Online,,
CUST000308,Rita,Baldwin,rita.baldwin393@gmail.com,920.806.4256x9087,M,1947-11-27,2021-02-05,Tennessee,Kimberlytown,Silver,Mobile App,N,TV Ad
CUST003981,Laura,Mathews,laura.mathews621@gmail.com,739.577.2518x83389,M,1981-03-19,2026-06-01,MD,Lopeztown,Bronze,Online,Y,
CUST001678,Ronald,Schmidt,ronald.schmidt169@outlook.com,8965242657,M,1956-08-22,2021-12-08,ca,New Danieltown,BRONZE,Online,0,Friend Referral
CUST000687,Brian,Haas,brian.haas752@gmail.com,899.888.6834x52734,F,1974-04-21,2025-08-01,TEXAS,Port Aprilmouth,BRONZE,Mobile App,no,
CUST004477,Mark,Blanchard,mark.blanchard907@hotmail.com,882.978.1469,M,2003-04-27,2025-02-21,Tennessee,Woodsberg,bronze,In-Store,yes,Walk-in
CUST000026,Mary,Ramirez,mary.ramirez400@outlook.com,001-443-545-5812x236,F,1995-02-10,2023-06-30,Pennsylvania,West Scott,GOLD,In-Store,1,Walk-in
CUST002050,Joseph,Sparks,joseph.sparks320@yahoo.com,525-674-7774x37212,Other,1982-09-27,2022-12-11,MD,Sanchezshire,Bronze,In-Store,N,
CUST002884,Kevin,Newman,kevin.newman844@gmail.com,(921)865-3897x390,M,1962-06-19,2023-12-31,TX,Lake Julia,SILVER,Mobile App,N,Search Engine
CUST002046,Julia,Ortiz,julia.ortiz72@gmail.com,001-662-581-9150x237,F,1956-09-11,2026-03-21,nj,East Laura,Silver,In-Store,Y,Walk-in
CUST005054,Leslie,Norris,leslie.norris662@gmail.com,001-245-253-0952x7613,F,1961-01-27,2021-12-14,Wisconsin,Nicoleshire,silver,In-Store,N,TV Ad
CUST004638,Vanessa,Walter,vanessa.walter682@gmail.com,963-896-3926x6919,F,2008-05-28,2021-08-07,Tennessee,East Mark,BRONZE,Online,,
CUST003134,Amanda,Randall,amanda.randall555@gmail.com,(219)897-5117x56344,M,1987-11-15,2023-06-25,oh,West Benjamin,PLATINUM,Mobile App,Y,TV Ad
CUST002602,David,James,david.james904@outlook.com,654-524-0150,M,1964-09-13,2025-11-03,Arizona,Jacobland,GOLD,In-Store,Y,Email Campaign
CUST000353,Hannah,Harris,hannah.harris576@outlook.com,(863)571-8344x049,F,1975-06-12,2025-05-25,PA,Garrettport,bronze,Mobile App,Y,Walk-in
CUST004726,Marc,Hinton,marc.hinton783@gmail.com,001-943-506-7387x50278,M,1978-12-31,2025-03-15,nc,South Erinchester,BRONZE,Mobile App,1,Walk-in
CUST000151,Alexander,Taylor,alexander.taylor64@hotmail.com,(352)641-0564,M,1941-06-21,2023-07-25,Indiana,Alexandraview,BRONZE,Online,N,Friend Referral
CUST001318,Patricia,Greene,patricia.greene2@hotmail.com,(838)866-4320x3172,F,1948-03-22,2023-12-29,NJ,Hudsonview,gold,Mobile App,N,Friend Referral
CUST005214,Gene,Huerta,gene.huerta183@gmail.com,,F,1989-04-14,2022-10-06,VA,East Thomas,silver,Mobile App,,
CUST000904,Joseph,Ross,joseph.ross361@yahoo.com,(672)387-9916x0911,F,1989-06-11,2021-12-31,MI,South Derrickview,SILVER,Mobile App,,TV Ad
CUST002781,Cole,Taylor,cole.taylor287@outlook.com,8504875505,M,1963-08-18,2021-08-17,Tennessee,Goodwinfort,Platinum,Mobile App,N,
CUST001354,Charles,Sanchez,charles.sanchez408@gmail.com,001-351-533-4601x84220,M,1979-02-20,2021-06-10,Texas,North Brandon,bronze,Mobile App,,
CUST000048,  Courtney ,Clay,courtney.clay854@gmail.com,216.711.7240,Other,1974-10-31,2023-10-28,MI,East Crystalport,Bronze,Mobile App,yes,TV Ad
CUST001691,Antonio,Nelson,antonio.nelson117@hotmail.com,735-384-9811x846,F,1965-05-03,2022-01-08,NORTH CAROLINA,East Johnny,bronze,In-Store,,
CUST002076,Ryan,Martinez,ryan.martinez569@outlook.com,,M,1965-05-03,2022-04-26,NEW JERSEY,Michaelfurt,Bronze,In-Store,,
CUST001476,Matthew,Mayer,matthew.mayer183@outlook.com,+1-373-596-2625,M,1961-11-12,2025-09-03,IN,Robinport,Silver,Mobile App,N,
CUST005153,Samuel,Spencer,samuel.spencer174@outlook.com,310-493-8788,M,1953-10-21,2025-11-18,Illinois,East Karla,BRONZE,Online,N,Social Media
CUST000950,Susan,Howell,susan.howell745@yahoo.com,604-352-0360,Other,2008-07-24,2025-03-04,Missouri,East Hannahshire,BRONZE,Mobile App,1,
CUST001135,Cody,Salas,cody.salas506@gmail.com,(940)485-8588x38256,F,2006-09-01,2021-08-21,MO,Moranport,bronze,In-Store,no,
CUST001168,Nathan,Norman,nathan.norman612@outlook.com,849.231.5398x39122,F,1941-07-16,2021-05-19,NORTH CAROLINA,Aliciaton,BRONZE,In-Store,0,Friend Referral
CUST000799,James,Rose,james.rose50@outlook.com,539-616-4970x169,Other,1964-10-09,2023-01-11,Illinois,Bartlettport,Bronze,Online,N,Walk-in
CUST005524,Amber,Smith,amber.smith179@outlook.com,(468)565-1890x247,F,1999-12-06,2021-08-26,MA,Nancychester,bronze,Online,0,Influencer
CUST003746,David,Munoz,david.munoz919@outlook.com,8297394099,F,1992-10-29,2020-10-07,TN,Riveraland,Bronze,Online,yes,Search Engine
CUST000375,Tracy,Mcclure,tracy.mcclure698@hotmail.com,(992)366-1085x732,M,1974-01-10,12/14/2023,IL,Davischester,BRONZE,In-Store,N,Social Media
CUST005300,Jeffrey,Powell,jeffrey.powell649@gmail.com,660.241.1037,M,1976-07-21,2022-10-17,OH,Port Maryport,bronze,Online,Y,Influencer
CUST004935,Sarah,Clark,sarah.clark284@gmail.com,001-980-957-1818x781,M,1960-01-25,2025-04-30,TEXAS,Larsonport,gold,Mobile App,Y,
CUST003604,Joe,Hernandez,joe.hernandez895@outlook.com,+1-515-689-9609x9326,Other,1959-01-01,2022-12-15,Missouri,Hallside,Bronze,Mobile App,N,Search Engine
CUST002964,Sara,Moss,sara.moss803@outlook.com,451.875.9317,F,1965-03-08,2022-02-23,WI,South Adamview,bronze,Online,Y,Influencer
CUST003292,Mary,Henderson,mary.henderson480@yahoo.com,660.815.0085x85491,F,2010-03-14,2022-12-14,WASHINGTON,Perezmouth,Bronze,In-Store,yes,Walk-in
CUST003725,Chad,Simmons,chad.simmons173@outlook.com,381-446-0499,F,1988-02-26,2021-03-08,NC,Ibarraview,BRONZE,Mobile App,N,Influencer
CUST004267,Makayla,Bennett,makayla.bennett600@outlook.com,+1-461-991-1294x90401,M,1980-01-21,2023-03-29,MO,Rogersmouth,Bronze,Online,N,TV Ad
CUST001072,Javier,Murray,javier.murray897@hotmail.com,838-969-0871,M,1953-12-10,2025-03-16,AZ,Jacksonland,SILVER,In-Store,,Influencer
CUST004329,Bryan,Soto,bryan.soto163@gmail.com,396-646-8467x1947,Other,1990-10-01,09/08/2025,Ohio,West Daniel,SILVER,In-Store,,Influencer
CUST002955,Timothy,Williamson,timothy.williamson304@outlook.com,517.929.4099,F,1986-10-09,03/08/2023,Michigan,Palmertown,bronze,In-Store,Y,Friend Referral
CUST001673,Kayla,Fernandez,kayla.fernandez159@gmail.com,968-996-7016x562,M,1971-02-25,02/21/2025,Massachusetts,Candiceberg,bronze,Online,N,Friend Referral
CUST005224,Rachel,Stevens,rachel.stevens716@yahoo.com,(859)646-3089,M,2003-08-10,2026-01-14,Texas,Port Deannastad,silver,Mobile App,Y,
CUST001569,Taylor,Kelley,taylor.kelley241@hotmail.com,(457)677-0612x98897,F,1978-03-21,2020-10-02,Florida,Port Heidiview,gold,Mobile App,,Influencer
CUST005760,Carlos,Williams,carlos.williams187@outlook.com,001-829-566-7149,M,1986-04-17,2022-04-14,VIRGINIA,Burnsstad,Silver,Mobile App,,TV Ad
CUST005514,Nicole,Williams,,,F,1967-08-13,2024-09-28,fl,Fosterton,BRONZE,In-Store,,
CUST005202,Kim,Sparks,kim.sparks326@outlook.com,(852)782-5164,F,1948-09-16,2025-06-30,Tennessee,Mariochester,bronze,Online,Y,
CUST004692,Tiffany,Garcia,tiffany.garcia90@gmail.com,404-744-4072x111,F,2010-04-26,2025-07-28,IN,West John,Bronze,Online,1,Search Engine
CUST005526,Vanessa,Shepard,vanessa.shepard31@hotmail.com,(793)216-4937x808,Other,1945-12-08,2025-07-11,WA,New Traceyville,bronze,Online,yes,Influencer
CUST005574,Connie,Ramos,connie.ramos93@hotmail.com,+1-884-941-6864x5746,M,1991-12-23,2024-01-30,Missouri,East Bobby,silver,Mobile App,0,Search Engine
CUST001540,Katrina,Thomas,katrina.thomas840@yahoo.com,216.569.6874,Other,2007-08-23,2020-11-06,Wisconsin,Port Robertfurt,SILVER,In-Store,Y,TV Ad
CUST005698,Ryan,Willis,ryan.willis962@hotmail.com,001-648-819-1597x781,F,2004-07-11,2024-02-11,NJ,New Lorichester,PLATINUM,Online,Y,TV Ad
CUST001599,Brian,Anderson,brian.anderson192@yahoo.com,001-813-287-1628x335,F,1990-12-18,2021-12-26,Pennsylvania,New William,bronze,Mobile App,0,Influencer
CUST004999,Sheryl,Newton,sheryl.newton692@gmail.com,(566)239-6279x549,M,2008-04-19,2024-07-28,Arizona,South Frederickland,bronze,In-Store,,Friend Referral
CUST002311,Ashley,Blanchard,ashley.blanchard449@gmail.com,368.699.6908x78639,F,1957-03-01,2022-12-08,IN,Adamsside,Platinum,Mobile App,Y,
CUST000843,Brandon,Jones,brandon.jones148@yahoo.com,001-750-576-2839x7620,M,1977-08-15,2024-03-27,az,Christopherland,SILVER,In-Store,Y,Search Engine
CUST003467,Monique,Guerrero,monique.guerrero252@yahoo.com,3653332396,M,1944-07-15,2026-01-23,WA,Lake Shawna,Platinum,Online,N,
CUST001446,Michelle,Crosby,michelle.crosby729@hotmail.com,483-533-5401x127,F,1958-11-20,2024-07-30,Ohio,North Sophia,Gold,Mobile App,0,TV Ad
CUST003491,Ashley,Lopez,ashley.lopez893@hotmail.com,(790)728-7982x622,F,1959-11-02,2024-03-29,Missouri,Lake Debraland,Gold,Online,Y,Walk-in
CUST001396,Matthew,White,matthew.white968@gmail.com,+1-700-847-0911x0349,F,1954-09-11,2024-08-11,CA,Jordanton,gold,Mobile App,0,Search Engine
CUST002517,Jacob,Thomas,jacob.thomas634@outlook.com,5479092803,F,2010-08-03,10/01/2020,OH,Lake Robert,Gold,Mobile App,Y,Social Media
CUST002213,  Katrina ,Reid,katrina.reid703@outlook.com,9958062632,M,1972-07-29,2023-07-06,NC,Melissamouth,Bronze,In-Store,,Email Campaign
CUST004902,Paul,Galvan,paul.galvan285@gmail.com,001-605-724-5795x1706,F,1998-02-01,2025-07-02,VIRGINIA,Younghaven,gold,Online,N,Influencer
CUST005663,Mary,Rosales,mary.rosales58@outlook.com,910-458-8882,Other,1974-01-20,2024-11-24,Maryland,West Gary,GOLD,Mobile App,,Friend Referral
CUST000974,Paul,Fitzpatrick,paul.fitzpatrick264@hotmail.com,232.961.4543,M,1960-09-08,06/25/2026,North Carolina,Debrashire,platinum,In-Store,N,Friend Referral
CUST000574,Mariah,Johnson,,,M,1991-07-07,2022-11-22,Illinois,North Susanbury,bronze,Mobile App,,
CUST003676,Andrew,Trujillo,andrew.trujillo255@hotmail.com,633.761.2393x381,F,2009-07-30,2025-03-19,OHIO,North Justin,bronze,Mobile App,no,Social Media
CUST006081,Christina,Kennedy,CHRISTINA.KENNEDY689@OUTLOOK.COM,+1-601-496-2231,M,1992-12-28,2022-12-30,MO,Morenohaven,BRONZE,In-Store,N,
CUST001190,Leslie,Russell,leslie.russell653@yahoo.com,(448)860-7047,F,1941-07-09,04/26/2026,Massachusetts,Garciachester,BRONZE,Online,no,Influencer
CUST001061,Elizabeth,Payne,elizabeth.payne153@yahoo.com,362.581.4447,F,1950-02-24,2026-05-18,ca,West Douglaschester,BRONZE,Online,,
CUST000946,Daniel,Snyder,daniel.snyder178@yahoo.com,678-961-9025,M,1989-08-30,2024-12-04,Ohio,East Coryland,Bronze,Mobile App,yes,
CUST000251,Gina,Morgan,,,F,,2025-02-03,Pennsylvania,,bronze,Online,,
CUST004524,Cassie,Horne,cassie.horne859@hotmail.com,606-345-3384x5247,Other,2006-08-16,2024-05-19,Washington,New Hannah,Bronze,In-Store,N,Search Engine
CUST002242,Steven,Merritt,steven.merritt432@gmail.com,221-939-5796x562,M,1997-10-12,2021-07-18,FL,East Joshua,Gold,In-Store,N,
CUST004054,Abigail,Jimenez,abigail.jimenez77@gmail.com,588-304-9625x25580,Other,1961-01-29,2022-01-08,Indiana,Loriberg,Silver,Mobile App,no,TV Ad
CUST001820,Cory,Martin,cory.martin199@outlook.com,001-428-992-0745x952,Other,1967-02-13,2023-08-11,Pennsylvania,North Michaelberg,SILVER,In-Store,Y,TV Ad
CUST003183,Elizabeth,Allen,elizabeth.allen337@hotmail.com,936-718-7749,F,1971-11-21,2021-11-19,TENNESSEE,Perezfort,Silver,In-Store,Y,Search Engine
CUST005293,Glenn,Mcdonald,,,M,,2025-06-18,GA,Erinchester,Gold,Online,,
CUST000220,Desiree,Diaz,desiree.diaz951@outlook.com,665.557.7908x27231,F,1986-05-29,2025-07-15,MD,Nicholasbury,bronze,Online,,
CUST004850,Chad,Gordon,chad.gordon218@yahoo.com,529.631.1371,M,2008-11-19,2024-02-24,tn,West Nicholeland,Gold,Mobile App,N,Social Media
CUST000792,Lindsay,Parsons,lindsay.parsons504@yahoo.com,001-237-787-6553x0073,M,1968-11-05,2021-08-25,NJ,Ayalaland,silver,Online,no,Social Media
CUST002079,David,West,david.west998@yahoo.com,681.594.6877x49294,M,1991-02-22,2023-03-25,MICHIGAN,Maciasmouth,gold,In-Store,Y,TV Ad
CUST000240,Barbara,Santos,barbara.santos308@outlook.com,871.369.4722x5699,M,1978-05-14,2026-05-17,Indiana,Michaelhaven,bronze,In-Store,,
CUST000349,Vicki,Beard,vicki.beard39@gmail.com,8289427624,Other,1949-01-05,04/17/2023,Michigan,Ramoston,bronze,In-Store,N,
CUST000177,Christine,Becker,christine.becker303@outlook.com,001-674-950-5444x7132,F,1968-10-17,2022-12-23,New York,Hannahton,bronze,In-Store,yes,Friend Referral
CUST001180,Peter,Moore,peter.moore297@outlook.com,,Other,1989-07-10,2021-03-14,OH,Campbellchester,silver,In-Store,,
CUST003852,Brian,Thornton,brian.thornton133@gmail.com,2619772382,F,1979-01-06,2025-01-02,TEXAS,West Kayla,SILVER,Online,N,Influencer
CUST005714,  Noah ,Shields,noah.shields965@hotmail.com,794.572.0769,F,1997-11-26,2020-10-25,California,West Michaelside,PLATINUM,Online,Y,Email Campaign
CUST005401,Shane,Brown,shane.brown88@gmail.com,+1-939-681-7146x4213,Other,1962-08-10,2022-08-29,va,Kevinville,GOLD,Online,yes,Email Campaign
CUST001081,Natalie,Juarez,natalie.juarez156@hotmail.com,001-367-339-1900x8899,Other,1940-10-24,2020-10-16,Texas,Wrightport,bronze,Online,N,Email Campaign
CUST001631,Maria,Peterson,maria.peterson21@hotmail.com,3898410791,Other,1979-11-25,2025-10-25,Virginia,Port Aliciamouth,BRONZE,Mobile App,yes,Search Engine
CUST002204,  Dylan ,Ellis,dylan.ellis45@hotmail.com,+1-646-352-6505x3477,M,1970-02-10,2025-04-07,Washington,West Marilyn,gold,Online,0,Friend Referral
CUST002445,Jennifer,Pearson,jennifer.pearson675@gmail.com,(447)741-5163,Other,1968-02-24,2023-04-22,IL,South Carlos,BRONZE,In-Store,yes,Search Engine
CUST005842,Lauren,Baker,lauren.baker286@hotmail.com,804.681.0905x65463,F,1955-02-27,2024-02-13,NY,Justinfort,bronze,Mobile App,1,
CUST003840,Teresa,Harrison,teresa.harrison758@outlook.com,314.900.4640x879,Other,2006-05-21,2021-07-27,NC,New Monicafort,Bronze,In-Store,Y,TV Ad
CUST003874,Jenny,Stewart,jenny.stewart994@gmail.com,001-248-215-7581,Other,1994-10-26,2024-08-01,MI,West Haleymouth,Platinum,Online,1,Walk-in
CUST002325,Emily,Montgomery,emily.montgomery332@yahoo.com,(440)255-4651,F,1975-11-19,2024-12-14,New York,West Hollyside,BRONZE,Mobile App,Y,
CUST004592,Joseph,Norman,joseph.norman450@gmail.com,271.787.9882x35196,F,2009-08-03,2025-05-08,NEW JERSEY,Hallside,GOLD,In-Store,N,Walk-in
CUST005414,David,Torres,david.torres843@hotmail.com,229.953.9384x2640,F,1975-05-15,2025-11-01,North Carolina,Garciaview,Silver,Mobile App,N,
CUST002150,Anna,Bullock,anna.bullock213@gmail.com,+1-494-623-9438x3754,F,2009-05-15,2026-06-14,Pennsylvania,Riggschester,Bronze,In-Store,no,Walk-in
CUST005031,Frank,Turner,frank.turner810@hotmail.com,+1-596-817-6000x40839,F,1993-02-27,2025-05-24,Texas,North Robert,BRONZE,Mobile App,N,
CUST001008,John,Goodman,john.goodman826@hotmail.com,(539)684-7230,F,1952-10-28,2024-05-29,Washington,North Christian,Silver,In-Store,1,Social Media
CUST003496,Joseph,Pierce,joseph.pierce121@hotmail.com,959.865.0002x1979,M,2003-02-16,2023-03-22,Georgia,Thomaschester,silver,Mobile App,N,Friend Referral
CUST005176,Matthew,Marshall,matthew.marshall5@hotmail.com,893-276-3131x0855,M,1964-05-18,2022-08-04,California,West Katherine,Gold,In-Store,,Walk-in
CUST002250,Patrick,Mccann,patrick.mccann810@gmail.com,457.710.3630x56956,Other,1976-10-25,2024-12-04,MD,West Heatherfort,Silver,Mobile App,Y,TV Ad
CUST002420,Anthony,Larson,anthony.larson342@hotmail.com,001-622-488-7415,Other,1988-06-26,2021-05-03,TX,Davidville,bronze,Online,Y,Social Media
CUST001964,Rhonda,Ward,rhonda.ward406@hotmail.com,431.840.0356x30328,M,1964-08-05,2022-04-17,MD,West Amber,silver,Online,Y,Email Campaign
CUST004449,Lisa,Morrison,lisa.morrison100@hotmail.com,+1-665-645-5218x08595,F,1999-03-09,2024-05-12,INDIANA,Lake Ray,bronze,Mobile App,N,Email Campaign
CUST005236,Antonio,White,antonio.white19@hotmail.com,(210)811-0900x537,M,2000-04-01,2021-11-04,Washington,Kariburgh,GOLD,In-Store,1,Influencer
CUST002749,Timothy,Foley,timothy.foley602@gmail.com,433-332-7988,M,1953-09-09,2024-02-21,Missouri,Fletchertown,Bronze,Online,Y,
CUST005629,Alexander,Smith,alexander.smith473@gmail.com,245-878-9632,F,1941-05-19,09/24/2020,Arizona,Lewismouth,bronze,Mobile App,no,Search Engine
CUST001613,Christopher,Compton,christopher.compton703@outlook.com,9392963066,M,1987-09-14,2026-05-11,Michigan,West Kayleemouth,silver,Mobile App,0,Email Campaign
CUST005024,Maria,Garcia,maria.garcia646@outlook.com,4222948302,F,2009-10-28,2022-04-20,WA,Rodgersview,GOLD,Mobile App,N,Walk-in
CUST003414,Gregory,Collins,gregory.collins386@yahoo.com,+1-703-315-1226,Other,1982-06-01,06/25/2024,NJ,Port Natalie,BRONZE,In-Store,1,Search Engine
CUST004500,Zachary,Smith,zachary.smith666@outlook.com,907.776.7758x31312,F,1954-05-16,2021-10-18,VIRGINIA,Richardsonmouth,SILVER,In-Store,0,Email Campaign
CUST003243,Chad,Mitchell,chad.mitchell744@hotmail.com,+1-465-814-8111x4687,Other,2008-12-12,2024-09-20,il,South Bethanyland,bronze,Online,N,Influencer
CUST004549,Brandon,Scott,brandon.scott804@gmail.com,(457)889-7616,M,2000-05-08,2023-06-11,North Carolina,Camachochester,SILVER,In-Store,Y,Social Media
CUST004290,Isabella,Jones,isabella.jones537@yahoo.com,(628)599-5182,M,2001-05-08,2021-10-08,PA,East Lauraport,bronze,In-Store,,TV Ad
CUST005145,Samantha,Tate,samantha.tate232@gmail.com,+1-357-301-6394x3665,M,1976-08-18,2022-04-07,NEW YORK,South Michelle,BRONZE,Mobile App,,Friend Referral
CUST000848,Ryan,Mitchell,ryan.mitchell487@yahoo.com,981.427.7822x1021,M,1944-05-18,2023-04-21,NJ,Marilynfurt,gold,In-Store,no,
CUST003186,Joanna,Cox,joanna.cox817@gmail.com,001-575-779-0155x08806,M,1997-04-02,2024-09-09,TN,Rileybury,Platinum,Online,Y,Friend Referral
CUST001176,Charles,Sherman,charles.sherman319@gmail.com,773-828-9514,M,1945-08-31,2023-06-01,Illinois,Lake Angelastad,gold,Online,N,Search Engine
CUST005285,Brittany,Fisher,brittany.fisher912@hotmail.com,+1-243-657-1102x3477,M,1954-04-23,2025-06-02,WA,Lake Penny,bronze,Mobile App,no,Search Engine
CUST002724,Kimberly,Perry,kimberly.perry346@yahoo.com,(421)323-9551,Other,1948-01-20,2023-11-06,nc,North Laurentown,Platinum,Online,no,Influencer
CUST000972,Anne,Ritter,anne.ritter690@hotmail.com,(634)321-2545x08095,M,1959-08-20,2022-12-04,New York,Riversland,BRONZE,In-Store,N,
CUST001145,Kayla,Jackson,kayla.jackson169@outlook.com,(494)879-0254x8536,M,1959-06-26,2023-03-02,New York,Laurahaven,platinum,Mobile App,N,
CUST002381,Melanie,Zamora,melanie.zamora756@outlook.com,774.436.0489x098,F,1990-12-28,2021-02-22,MI,Port Danielfurt,GOLD,Online,no,
CUST004547,Willie,Park,,,F,,2021-08-27,Arizona,,PLATINUM,Mobile App,,
CUST004459,Shannon,Harrington,shannon.harrington373@gmail.com,764.339.1172x2837,Other,1953-01-05,2023-05-03,MI,Timothyberg,silver,Online,,
CUST004017,Linda,Robertson,linda.robertson867@hotmail.com,883.900.3056x4415,M,1953-11-07,2021-11-18,Texas,New Matthewville,Bronze,Online,N,
CUST005934,Lisa,Hughes,lisa.hughes665@gmail.com,477-931-6306,F,1983-01-18,2024-12-18,pa,Jeanshire,platinum,Online,0,Search Engine
CUST000775,Rebecca,Howe,rebecca.howe898@gmail.com,001-754-213-2971,M,1989-06-28,2023-08-14,NJ,Newtonchester,gold,Mobile App,1,Search Engine
CUST005253,Jamie,Floyd,jamie.floyd353@yahoo.com,(358)461-5843x5814,Other,1963-12-15,2026-04-19,ga,Jasmineton,Bronze,In-Store,no,Search Engine
CUST004216,Matthew,Taylor,matthew.taylor256@yahoo.com,(343)979-7975x2542,F,1973-06-15,2025-09-21,AZ,Baileyburgh,SILVER,Mobile App,N,TV Ad
CUST005371,Amanda,Barnett,amanda.barnett786@outlook.com,001-529-231-9826,M,1989-05-22,2023-10-12,New Jersey,Port David,BRONZE,In-Store,no,Social Media
CUST005235,Christina,Wheeler,christina.wheeler26@hotmail.com,+1-827-335-6232,F,1978-03-30,2023-04-15,WI,Barreramouth,bronze,Online,,TV Ad
CUST003374,James,Lang,james.lang652@gmail.com,(968)929-3007x37038,M,1988-05-15,2022-03-19,md,Zunigafort,bronze,Online,,Email Campaign
CUST003301,Devin,Mendoza,devin.mendoza176@hotmail.com,764.494.1330x9845,Other,2008-06-18,2022-08-21,Indiana,Julieborough,BRONZE,In-Store,0,Influencer
CUST003660,Maria,Kelly,maria.kelly888@gmail.com,001-567-586-1986x6453,M,1950-07-23,2021-08-26,Virginia,Lake Patriciachester,GOLD,Mobile App,,Social Media
CUST003662,Joseph,Nelson,joseph.nelson616@hotmail.com,+1-580-727-2099,Other,1962-04-16,2021-08-19,Florida,Timothyshire,bronze,In-Store,,Social Media
CUST002547,Carl,Ellison,carl.ellison122@yahoo.com,(641)630-1606,M,1955-03-06,2022-05-14,Maryland,Port Brian,bronze,Online,N,Social Media
CUST000439,Dawn,Young,dawn.young743@yahoo.com,,Other,1991-06-12,2026-06-05,Wisconsin,Stevensonmouth,Bronze,Online,,
CUST004826,  Christopher ,Young,christopher.young334@hotmail.com,(712)780-5439x1322,M,1968-10-28,2022-08-25,md,East Luisview,Bronze,Online,no,Email Campaign
CUST002199,Tyler,May,tyler.may570@yahoo.com,249-826-2735,M,1944-04-20,2025-12-28,Georgia,South Denise,gold,Online,yes,
CUST004201,Jennifer,Dawson,jennifer.dawson290@gmail.com,327-841-4055,F,2008-08-13,2021-11-07,PA,Robertburgh,GOLD,In-Store,no,Social Media
CUST000457,Troy,Padilla,troy.padilla872@hotmail.com,001-930-727-6420x8656,M,1967-01-17,2026-05-20,md,Ericborough,Silver,Mobile App,1,Search Engine
CUST002844,Nancy,Sanders,nancy.sanders849@gmail.com,904-359-9920,F,1972-02-04,2021-01-14,Georgia,New Stevenmouth,BRONZE,In-Store,,Email Campaign
CUST004285,Jerry,Medina,jerry.medina897@outlook.com,001-342-393-9911x96862,F,1973-06-05,2025-09-23,MO,West Karen,bronze,In-Store,N,Social Media
CUST004259,Cheryl,Yoder,cheryl.yoder48@outlook.com,+1-879-784-0582x7345,M,1947-04-02,2021-04-24,IL,Port Amandaburgh,GOLD,In-Store,Y,
CUST004508,Eric,Smith,eric.smith597@outlook.com,264-243-3730,M,1998-11-07,07/28/2023,FL,Garciahaven,bronze,Mobile App,1,Social Media
CUST003971,Kathy,Miller,kathy.miller195@yahoo.com,001-906-282-1797x646,M,1945-04-24,2023-08-15,NY,Welchchester,Bronze,Online,N,Search Engine
CUST002088,Timothy,Chen,timothy.chen293@gmail.com,+1-379-788-8921x3273,M,2009-08-15,2026-02-13,FLORIDA,Mitchellmouth,PLATINUM,Online,,Email Campaign
CUST004423,Christina,Smith,christina.smith481@hotmail.com,660-722-3779,M,1968-12-26,2023-01-29,TX,East Michael,bronze,Mobile App,,Email Campaign
CUST003519,Lisa,Taylor,lisa.taylor826@gmail.com,339-671-5010x2394,F,1942-12-10,2023-09-16,ca,East Fernandoshire,BRONZE,Online,Y,Friend Referral
CUST004982,Sara,Ortiz,sara.ortiz186@hotmail.com,(445)395-5212,M,1946-07-29,2023-10-10,NY,North Christinamouth,BRONZE,Online,,Walk-in
CUST003747,Robert,Nash,robert.nash144@gmail.com,+1-681-671-3032x928,Other,1979-09-16,2026-01-08,il,Hillstad,bronze,Mobile App,no,Influencer
CUST003307,Tiffany,Warren,tiffany.warren330@gmail.com,(887)690-2446x44235,M,1994-10-27,2023-07-03,Illinois,Masonmouth,bronze,Online,,
CUST005586,Tammy,Hansen,tammy.hansen394@yahoo.com,(463)355-4201x17389,M,2002-08-06,2024-01-26,AZ,South Michelleton,bronze,Online,no,Walk-in
CUST005689,Gabriella,Browning,gabriella.browning523@gmail.com,654.811.8324x102,Other,1954-10-18,2024-02-26,Wisconsin,Nicoleton,GOLD,In-Store,yes,TV Ad
CUST000440,John,Ryan,john.ryan439@outlook.com,001-239-468-5270x1713,Other,2004-02-20,2024-07-17,Florida,Port Grace,Silver,Online,Y,Influencer
CUST005681,Edward,Nguyen,edward.nguyen261@hotmail.com,+1-607-964-9037x91894,M,1959-07-11,2025-11-19,Illinois,Mcclainchester,Bronze,Online,1,Search Engine
CUST000532,Becky,Stanley,becky.stanley214@hotmail.com,001-941-858-3311x70303,M,2009-01-07,2022-07-19,FL,Perezview,BRONZE,In-Store,0,Friend Referral
CUST005140,Michael,Aguilar,michael.aguilar561@hotmail.com,(919)829-2214x26484,M,1951-07-01,2023-11-02,PA,Port Teresaton,Bronze,Online,0,Friend Referral
CUST003924,James,Mcguire,james.mcguire134@hotmail.com,(251)345-8850x182,M,1961-11-29,2026-01-05,Georgia,Mooreburgh,PLATINUM,In-Store,N,Influencer
CUST000258,Nicholas,Pierce,nicholas.pierce998@gmail.com,6045908240,F,1992-10-17,2022-10-08,MARYLAND,Westfurt,Gold,In-Store,N,Email Campaign
CUST000618,Eugene,Anderson,eugene.anderson402@yahoo.com,(304)464-1978x57585,M,1976-02-29,2024-09-01,Texas,South Desireefurt,silver,Mobile App,no,TV Ad
CUST002452,Cheryl,Good,cheryl.good829@gmail.com,(392)770-4388x5287,F,1990-03-25,2026-04-20,nc,New Jessicamouth,SILVER,Online,N,
CUST004318,Monica,Williams,monica.williams92@hotmail.com,+1-303-297-0970x4922,M,1965-01-18,2024-12-21,NC,Darrellshire,BRONZE,Online,N,TV Ad
CUST005461,Pamela,Shields,pamela.shields345@yahoo.com,8127161060,M,1950-10-29,2021-07-21,MD,Parkerport,silver,Online,yes,
CUST002111,William,Mcclain,william.mcclain188@outlook.com,412-417-9592,F,1983-06-23,2023-08-24,Washington,South Wayneborough,bronze,Online,Y,Walk-in
CUST002072,Latoya,Fowler,latoya.fowler87@hotmail.com,+1-898-297-1733x1571,M,2006-08-08,2023-07-08,WASHINGTON,Benjaminton,Bronze,Mobile App,1,Influencer
CUST002439,Kenneth,Ramsey,kenneth.ramsey258@yahoo.com,,M,1986-10-08,2022-07-09,OH,North Karla,Silver,Online,,
CUST002775,Ashley,Henry,ashley.henry23@gmail.com,(757)661-5033,M,1981-12-14,10/02/2021,Wisconsin,Whitemouth,bronze,Mobile App,N,
CUST003441,Mark,Roberts,mark.roberts728@gmail.com,001-928-897-2249,M,1971-10-27,2021-04-15,Washington,South Lisa,BRONZE,Mobile App,,TV Ad
CUST006086,Teresa,Baker,TERESA.BAKER574@GMAIL.COM,001-603-982-6512,M,1970-11-25,2022-07-17,IL,North Cynthia,Gold,In-Store,N,Social Media
CUST005010,Wesley,Scott,wesley.scott782@yahoo.com,496.443.8873x346,M,1968-04-02,2023-03-22,NC,North Maria,platinum,Online,Y,Walk-in
CUST001503,Heather,Reeves,heather.reeves897@gmail.com,(762)489-7351x89622,Other,1948-02-14,2026-06-12,IN,Edwardsview,Silver,Online,N,Social Media
CUST001041,Carla,Burke,carla.burke892@gmail.com,4712245531,M,1963-07-07,2021-03-26,TN,New Jeffrey,bronze,Mobile App,yes,Walk-in
CUST000046,Sarah,Kane,sarah.kane680@gmail.com,7573662702,F,2009-04-30,2022-01-23,NJ,Hallchester,SILVER,In-Store,,
CUST005873,Joseph,Flores,joseph.flores194@outlook.com,+1-692-328-9214x155,M,2004-03-07,2025-10-22,WI,West Paulaview,GOLD,Online,N,Influencer
CUST000504,Andrew,Flynn,andrew.flynn628@outlook.com,,Other,1974-01-23,2025-09-24,Florida,West Evanmouth,BRONZE,Mobile App,,
CUST004132,Ethan,Owens,ethan.owens805@gmail.com,+1-973-851-5496x0660,Other,1945-10-25,2025-04-23,New Jersey,Kentmouth,Silver,Online,yes,Influencer
CUST001074,Mandy,Malone,,,F,,2025-04-02,Georgia,,GOLD,In-Store,,
CUST003260,Cindy,Mathews,cindy.mathews434@gmail.com,(540)755-8972,F,2003-09-10,2026-04-03,MD,Lake Joseph,PLATINUM,Online,Y,
CUST002350,Jacqueline,Ward,jacqueline.ward878@hotmail.com,484.316.2906,M,2008-03-10,2024-03-19,Massachusetts,Gloriabury,Bronze,In-Store,0,
CUST004836,Lisa,Gross,lisa.gross564@gmail.com,001-400-667-2825,M,2006-06-23,2022-11-05,MISSOURI,Shannonborough,gold,In-Store,Y,
CUST001556,Edgar,Gonzalez,edgar.gonzalez784@outlook.com,001-599-352-8502,M,1990-06-27,2022-07-18,Washington,East Rebeccachester,silver,Online,yes,Search Engine
CUST004148,Stacey,Pratt,stacey.pratt921@outlook.com,4637622982,Other,1945-07-07,2023-07-31,WA,South Sarah,GOLD,Mobile App,,
CUST005180,Jay,Reese,jay.reese651@outlook.com,551.926.7390x86943,M,1985-09-11,2021-08-12,va,Lake Kevinchester,Gold,Mobile App,N,Social Media
CUST002075,Derek,Morrison,derek.morrison445@gmail.com,224-427-6074x14644,M,1997-06-01,2025-05-17,Pennsylvania,Wrightfurt,Bronze,Mobile App,1,Email Campaign
CUST003402,Luis,Davis,luis.davis186@hotmail.com,205-947-5532x4136,M,1954-12-01,10/04/2023,wi,West Sandraport,BRONZE,In-Store,,
CUST001694,Renee,Long,renee.long835@yahoo.com,977.659.3586x1341,M,1981-01-03,2021-09-14,New Jersey,Murrayhaven,silver,Mobile App,0,Social Media
CUST005844,William,Luna,william.luna418@hotmail.com,001-412-938-7197,Other,1956-06-19,2024-08-31,OH,Reyesside,BRONZE,Online,Y,Email Campaign
CUST001044,Christina,West,christina.west41@yahoo.com,977-644-7353x524,F,1944-07-04,2026-01-02,Missouri,West Kyleland,PLATINUM,Online,Y,Influencer
CUST002481,Tyler,Reynolds,tyler.reynolds761@outlook.com,(440)396-5261,M,1948-06-03,2025-10-28,MISSOURI,Zacharybury,Silver,In-Store,Y,Friend Referral
CUST000192,Rebecca,Conley,rebecca.conley158@yahoo.com,737-844-7012x045,M,1987-07-04,2021-07-17,MARYLAND,Port Williamville,silver,Online,0,Social Media
CUST006088,Vickie,Jones,,,F,,2024-10-09,WA,East Jane,BRONZE,In-Store,,
CUST005658,Maria,Wade,maria.wade500@yahoo.com,+1-437-764-6831x8971,M,1986-09-28,2022-04-21,ma,Elizabethberg,BRONZE,Mobile App,Y,Influencer
CUST002505,Randy,Carpenter,randy.carpenter382@hotmail.com,8894676040,M,1959-03-08,2021-04-11,MA,Port Arthurburgh,Bronze,In-Store,N,Influencer
CUST004832,Christopher,Castillo,christopher.castillo379@yahoo.com,6367184061,F,1968-05-14,2025-02-28,California,Shawnport,gold,Online,no,Social Media
CUST003789,Jessica,Castro,jessica.castro613@outlook.com,445-474-3425x951,M,1976-05-08,2024-10-14,Pennsylvania,Joeburgh,GOLD,In-Store,1,
CUST003706,Brandon,Vasquez,brandon.vasquez350@hotmail.com,5433281277,M,1992-02-04,2023-10-23,OH,South Michelleberg,SILVER,Mobile App,N,Friend Referral
CUST000384,Laura,Hahn,,,M,1975-03-28,2022-01-15,Indiana,North Michaelview,Silver,Online,,
CUST002529,Debra,Dennis,debra.dennis255@yahoo.com,391-763-3547,F,2009-08-08,2024-10-19,CALIFORNIA,North Heather,bronze,In-Store,Y,Email Campaign
CUST005065,Dawn,Dennis,dawn.dennis387@yahoo.com,,F,1971-08-06,2023-08-02,IN,New Johnberg,Bronze,Online,,
CUST002323,Kathleen,Weaver,kathleen.weaver99@gmail.com,+1-701-698-9289x14353,M,1992-04-17,2023-01-25,Massachusetts,South Jorge,bronze,In-Store,,TV Ad
CUST003169,Corey,Barnett,corey.barnett932@gmail.com,402.500.5657,F,1978-07-16,2021-09-09,Indiana,New Amy,bronze,Online,0,
CUST003744,Jeffrey,Krueger,jeffrey.krueger868@yahoo.com,+1-245-573-6253,Other,2005-09-23,2021-03-29,Wisconsin,South Joelfort,silver,In-Store,Y,TV Ad
CUST005133,Elaine,Johnson,elaine.johnson242@outlook.com,+1-218-392-9015x44014,F,1953-10-08,2023-11-28,Florida,Landrybury,bronze,Online,Y,Email Campaign
CUST003340,Jeremy,Bailey,jeremy.bailey668@gmail.com,(849)970-7306,M,1981-01-11,2021-06-07,TEXAS,East Deborah,GOLD,Online,no,Walk-in
CUST002994,Samantha,Caldwell,samantha.caldwell964@outlook.com,001-283-968-7619,F,1988-01-09,2025-10-10,MI,Danaberg,gold,In-Store,0,
CUST004421,Jamie,Lucas,jamie.lucas748@gmail.com,386-224-3801,M,2006-11-18,2024-05-29,PA,New Alicia,Silver,In-Store,,
CUST000810,  Craig ,Gordon,craig.gordon120@gmail.com,001-478-520-1904x32230,Other,1956-09-23,2024-01-09,California,South Heatherstad,BRONZE,In-Store,no,Walk-in
CUST003488,Sherri,Potter,sherri.potter674@gmail.com,350-469-3576x338,Other,1975-03-04,2021-01-07,GA,North Ashleymouth,PLATINUM,In-Store,no,Social Media
CUST004762,Shawn,Holland,shawn.holland814@gmail.com,878-384-3475x85080,M,2006-11-21,2023-02-23,NY,Erinside,BRONZE,In-Store,Y,Search Engine
CUST001369,Jeffrey,Terrell,jeffrey.terrell53@outlook.com,654.790.0490x37295,F,1954-04-16,2026-01-12,mo,North Theodore,Gold,Online,N,
CUST000698,Drew,Walsh,drew.walsh184@outlook.com,001-506-842-0768x3625,F,1952-11-17,2026-04-21,New York,Nicolestad,Platinum,Mobile App,N,Friend Referral
CUST000271,Catherine,Salazar,catherine.salazar469@gmail.com,(489)475-2677,M,1982-06-03,2022-01-06,WI,West Christopherfort,Bronze,In-Store,yes,TV Ad
CUST005955,Kevin,Gardner,kevin.gardner945@gmail.com,554.842.1317x05895,Other,2001-01-12,2023-03-17,NC,Karenhaven,GOLD,Mobile App,no,Social Media
CUST002882,Amy,Cole,,,Other,1975-11-16,2022-03-22,az,West Paul,GOLD,In-Store,,
CUST003713,Rebecca,Hayes,rebecca.hayes802@outlook.com,+1-404-363-6320x15461,Other,1971-04-27,2024-05-17,TX,South Amber,GOLD,In-Store,N,Social Media
CUST005396,Tracy,Williams,tracy.williams305@hotmail.com,304.691.0089,M,1955-04-03,2024-08-28,fl,East Matthew,BRONZE,Mobile App,,
CUST004356,Anthony,Johnson,anthony.johnson680@outlook.com,001-267-916-1370x1811,Other,1964-10-29,2021-09-02,Missouri,Drakeville,BRONZE,In-Store,Y,Walk-in
CUST004695,Bruce,Johnston,bruce.johnston392@outlook.com,+1-336-362-0666x1020,Other,1982-12-16,10/14/2020,IL,Christopherland,bronze,Online,no,
CUST000467,Lorraine,Stewart,lorraine.stewart238@gmail.com,+1-618-461-5155,F,1995-10-27,2022-11-17,GA,North Joseph,Bronze,In-Store,Y,Email Campaign
CUST000699,Robert,Butler,robert.butler896@yahoo.com,862-783-3339x39578,F,1992-01-07,2023-04-04,IL,Fordmouth,silver,Mobile App,Y,Influencer
CUST004315,Shirley,Smith,shirley.smith495@hotmail.com,(946)684-8085x22824,F,1956-06-16,04/09/2026,New York,Carolside,SILVER,Mobile App,N,Email Campaign
CUST001393,Joseph,Simpson,joseph.simpson541@hotmail.com,885-929-5377x4037,M,1994-10-24,2022-11-07,Maryland,Gabriellebury,GOLD,In-Store,1,Social Media
CUST003733,Randall,Robinson,randall.robinson668@outlook.com,538-945-5427x24475,F,1952-02-03,2021-07-24,MA,South Bettyview,GOLD,In-Store,,Walk-in
CUST003458,Craig,Santos,craig.santos713@yahoo.com,+1-617-330-9818x19242,M,2005-05-11,2026-02-07,MO,West Erin,Bronze,In-Store,N,Walk-in
CUST002630,John,Gibbs,john.gibbs49@hotmail.com,001-472-445-9798,Other,1961-03-04,2025-10-11,tx,Port William,Silver,In-Store,no,Friend Referral
CUST000794,David,Cochran,david.cochran727@hotmail.com,(740)310-4246x24561,M,1995-09-15,2024-05-21,TX,West Amanda,Silver,Mobile App,Y,Search Engine
CUST002644,Kathryn,Scott,kathryn.scott686@yahoo.com,7438968483,M,1959-08-28,2021-04-19,WISCONSIN,Calebview,Silver,In-Store,N,Walk-in
CUST004111,Richard,Rodriguez,richard.rodriguez783@outlook.com,+1-314-694-3405x01368,M,1987-10-17,2025-07-03,TN,Manningchester,BRONZE,Mobile App,yes,TV Ad
CUST003766,Joyce,Ramirez,joyce.ramirez619@gmail.com,001-712-631-4142x1582,M,1985-07-13,2026-01-14,Virginia,West Matthew,silver,Online,N,Email Campaign
CUST003930,Sara,Michael,sara.michael959@gmail.com,+1-804-288-3563x471,M,1985-07-13,2024-05-13,Ohio,Morganfurt,Gold,Mobile App,,
CUST001584,Maurice,Thomas,maurice.thomas213@yahoo.com,+1-688-797-9887x754,F,1998-12-05,2021-09-22,California,Linchester,gold,Mobile App,N,Search Engine
CUST002336,Vanessa,Mann,vanessa.mann927@outlook.com,261-283-2152,F,1978-09-25,04/17/2021,Illinois,North Denise,platinum,Mobile App,0,Social Media
CUST000175,Brad,Miller,brad.miller917@hotmail.com,811-368-6854x87099,M,1988-06-29,2021-11-06,WA,Port Brooke,Bronze,Mobile App,no,
CUST000275,Robert,Hayes,robert.hayes299@gmail.com,821-211-7518x68926,M,1953-03-13,2024-02-10,OH,South Christopher,GOLD,In-Store,no,Friend Referral
CUST005020,Anthony,Lopez,anthony.lopez908@hotmail.com,001-954-223-9728x018,M,2001-12-11,2025-02-07,MARYLAND,Johnmouth,Platinum,Mobile App,Y,Walk-in
CUST005763,Emily,Hansen,emily.hansen275@outlook.com,955.938.7214,Other,2006-05-10,03/17/2025,PA,Clairechester,SILVER,In-Store,N,Influencer
CUST000344,Jason,Perez,jason.perez497@outlook.com,,F,1948-07-29,2026-05-28,TN,South Danielberg,gold,Mobile App,,
CUST001572,Brandi,Lee,brandi.lee274@gmail.com,354.616.0199,F,1949-04-20,2021-09-08,Tennessee,Dennisstad,Silver,Online,N,
CUST003692,Ashley,Chang,ashley.chang368@hotmail.com,717-504-9441,M,1962-11-10,2024-02-17,OHIO,Sandramouth,GOLD,In-Store,no,Email Campaign
CUST003568,Frank,Summers,frank.summers555@gmail.com,253-581-2916x6040,F,1990-10-17,2023-08-19,Massachusetts,East Dana,gold,In-Store,Y,Walk-in
CUST004405,Oscar,Pitts,oscar.pitts152@yahoo.com,374.725.9437x35918,M,1996-04-07,10/29/2021,md,Haynesberg,gold,In-Store,yes,Friend Referral
CUST003166,Joshua,Bradley,joshua.bradley580@hotmail.com,+1-677-472-0439x71888,F,1965-03-24,2021-05-23,TX,Arnoldborough,SILVER,In-Store,Y,Social Media
CUST003401,Mark,Harvey,mark.harvey470@yahoo.com,472-932-8823,F,1949-05-24,2023-09-15,NC,Lake Jayshire,silver,Mobile App,Y,Influencer
CUST002191,  Christine ,Sloan,christine.sloan198@yahoo.com,+1-790-848-3346,M,1964-11-16,2024-11-23,Illinois,Rebekahmouth,bronze,Mobile App,N,Social Media
CUST001012,Cory,Miller,cory.miller246@gmail.com,958.669.0170,F,2009-03-24,2021-05-14,New York,Churchton,Bronze,In-Store,,
CUST002009,Adriana,Smith,adriana.smith848@yahoo.com,7812403340,F,1976-09-21,2025-05-14,Massachusetts,West Melissahaven,BRONZE,In-Store,Y,Friend Referral
CUST005486,Todd,Boyer,todd.boyer720@outlook.com,+1-636-853-3390x29651,F,1990-01-10,2021-07-29,Pennsylvania,Nicolebury,Platinum,Online,Y,Email Campaign
CUST000578,Andrew,Jackson,andrew.jackson957@outlook.com,(368)234-1559,M,1945-10-14,09/02/2023,MI,Strongstad,Bronze,Online,N,Friend Referral
CUST001621,Kaitlyn,Johnson,kaitlyn.johnson619@outlook.com,626-283-6843x771,M,1963-12-22,2022-08-26,Georgia,Nicholasstad,GOLD,Online,N,Friend Referral
CUST000109,Jonathan,Smith,jonathan.smith675@hotmail.com,+1-801-770-4622,F,1955-12-06,2021-02-05,CALIFORNIA,Cooperland,bronze,Mobile App,Y,
CUST002164,Christopher,Evans,christopher.evans52@hotmail.com,808.480.5015x1378,Other,2009-07-10,2025-01-07,PENNSYLVANIA,Katiefurt,bronze,Online,N,
CUST001836,David,Robertson,david.robertson768@gmail.com,001-570-570-6007x4614,Other,1971-01-12,2026-02-14,Maryland,Christinamouth,gold,Mobile App,0,Social Media
CUST005957,Alexander,Olsen,alexander.olsen324@hotmail.com,+1-963-331-7763x310,F,1952-08-16,2021-11-14,FL,Amandabury,BRONZE,Mobile App,N,TV Ad
CUST001689,Richard,Smith,richard.smith300@outlook.com,+1-821-428-2193,M,2008-05-12,2022-11-14,North Carolina,East Melissa,BRONZE,Mobile App,N,Friend Referral
CUST001774,Ryan,Beck,ryan.beck831@gmail.com,336.765.0285,M,1946-09-09,2024-12-07,oh,Josephborough,SILVER,In-Store,yes,Search Engine
CUST000625,Amber,Alvarez,amber.alvarez446@outlook.com,(277)338-2646,M,1979-09-17,2022-09-02,MD,Michaelmouth,Silver,In-Store,Y,Search Engine
CUST004367,Barbara,Kirby,barbara.kirby731@outlook.com,687-516-3457,F,1965-03-17,2021-11-23,Indiana,Coleberg,SILVER,Online,,
CUST004304,  Kevin ,Cervantes,kevin.cervantes190@hotmail.com,680-882-3006x79928,F,1956-05-22,2022-09-21,TX,Blackburntown,Gold,In-Store,1,Social Media
CUST005151,Emily,Key,emily.key466@outlook.com,8716999319,M,2002-02-14,07/03/2023,Virginia,East Michaelhaven,BRONZE,Mobile App,yes,TV Ad
CUST000183,Erin,Griffith,erin.griffith627@outlook.com,(409)693-5387x5842,F,1986-07-21,2026-06-24,Massachusetts,Rebeccafurt,SILVER,Online,N,Search Engine
CUST001560,Sue,Hernandez,sue.hernandez293@hotmail.com,661.822.2830x564,F,1988-01-24,2025-01-26,Washington,Port Roberttown,bronze,Online,,Walk-in
CUST005436,Wendy,Montgomery,wendy.montgomery331@gmail.com,(465)555-1971x718,F,1980-11-26,2024-06-04,OH,Kevinton,PLATINUM,In-Store,yes,Email Campaign
CUST004960,Ralph,Cooper,ralph.cooper38@outlook.com,917.948.7041,M,1975-12-12,2024-07-16,NJ,North Crystalton,bronze,Mobile App,Y,Email Campaign
CUST003765,Matthew,Sandoval,matthew.sandoval658@outlook.com,8284207495,Other,1983-10-05,2022-12-30,Tennessee,South Heatherberg,Bronze,In-Store,no,Walk-in
CUST005777,Stephen,Young,stephen.young842@yahoo.com,587-989-9958x860,F,2008-12-04,2023-01-14,ca,Stacyside,Bronze,In-Store,N,Friend Referral
CUST003336,Zoe,Tyler,zoe.tyler305@hotmail.com,+1-851-594-1997x9817,F,1997-08-03,2025-08-27,MI,Port Kellybury,gold,Online,N,Walk-in
CUST000281,Alicia,Carney,alicia.carney534@hotmail.com,829.834.3010x7139,F,1965-06-11,2021-06-05,MA,Stonefort,Bronze,Mobile App,no,
CUST005829,Robert,Wilson,robert.wilson23@gmail.com,7149043044,F,1958-02-14,2023-07-09,New Jersey,North Daniel,Bronze,In-Store,1,TV Ad
CUST002288,Jonathan,Lopez,jonathan.lopez287@gmail.com,337.722.7818,M,1974-01-31,2023-12-09,California,Petersville,bronze,Online,no,Influencer
CUST002898,Thomas,Chen,,,Other,,2025-03-03,TN,Port Ashley,BRONZE,In-Store,,
CUST006018,Karen,Rodriguez,KAREN.RODRIGUEZ888@GMAIL.COM,887-541-4656,F,1950-03-14,2022-09-04,ga,South Elizabethhaven,gold,Mobile App,Y,Email Campaign
CUST004309,Travis,Knox,travis.knox388@hotmail.com,+1-508-363-9277x6984,M,1964-09-07,2026-02-09,Pennsylvania,Lake Troystad,gold,Mobile App,,
CUST005667,John,Robles,,,M,,2020-12-19,Illinois,Allenview,gold,Mobile App,,
CUST003232,Douglas,Clark,douglas.clark648@hotmail.com,+1-616-273-4214x211,M,1960-05-23,2022-05-08,MA,Thomasshire,Bronze,Online,Y,Email Campaign
CUST003671,Randy,Serrano,randy.serrano330@hotmail.com,+1-717-892-6119x809,F,1971-03-21,2024-09-18,North Carolina,South Dustintown,GOLD,In-Store,1,
CUST004339,Angela,Thompson,angela.thompson393@outlook.com,+1-765-467-5696x5420,M,1972-11-04,2024-11-29,CA,Montoyaborough,Bronze,In-Store,Y,TV Ad
CUST000670,Brian,Garcia,brian.garcia701@yahoo.com,664-351-0173x97396,M,1994-07-28,2025-07-29,New Jersey,Rebeccahaven,Bronze,Mobile App,Y,
CUST002290,Robin,Wells,robin.wells978@yahoo.com,+1-507-326-4881x050,M,1977-02-25,2023-01-09,Wisconsin,New Trevor,BRONZE,Online,,
CUST000021,Sheila,Wilson,sheila.wilson286@hotmail.com,(256)598-1693x406,F,2008-08-08,2021-09-17,NY,Benjaminchester,Bronze,Mobile App,no,Email Campaign
CUST005585,Robert,Hardy,robert.hardy766@outlook.com,001-853-362-4878x485,F,1997-04-04,2026-02-13,Georgia,South Trevor,Bronze,Mobile App,no,Friend Referral
CUST002291,Robert,Herrera,,,Other,1952-10-30,2023-08-24,MO,South Chelsea,platinum,Online,,
CUST000103,Thomas,Gonzalez,thomas.gonzalez944@outlook.com,480.626.2067,F,2008-02-24,2022-07-17,GA,Port Christophershire,platinum,Online,N,
CUST000341,Hannah,Bowers,hannah.bowers177@outlook.com,6892071401,F,1946-02-12,2025-03-07,WA,Williamsville,Bronze,Mobile App,1,Influencer
CUST003641,Erika,Chavez,erika.chavez197@yahoo.com,001-728-488-9702x600,M,1986-08-22,2024-07-01,tn,Lake Lisa,Silver,Online,no,Walk-in
CUST005484,Richard,Harrell,richard.harrell434@outlook.com,712.409.6714,F,1947-11-12,2021-06-24,GA,Lake Arthur,Bronze,Mobile App,N,Email Campaign
CUST001115,Thomas,Holt,thomas.holt861@yahoo.com,+1-706-704-8869x320,M,1965-09-29,2021-05-27,Michigan,Bowenfort,SILVER,Mobile App,1,Social Media
CUST001214,  Matthew ,Hernandez,matthew.hernandez313@gmail.com,6452073567,M,1959-06-27,2021-11-22,Missouri,Lynchhaven,SILVER,Mobile App,Y,TV Ad
CUST002392,Matthew,Dodson,matthew.dodson486@yahoo.com,739-797-4869x800,Other,1968-10-20,2023-08-21,WI,New Kaylaside,silver,In-Store,N,TV Ad
CUST003239,Michael,Gallagher,michael.gallagher241@hotmail.com,(253)297-9005x78341,F,1968-09-12,2021-01-02,ga,New Rebeccafort,BRONZE,Online,Y,Email Campaign
CUST004823,Kelly,Alvarado,kelly.alvarado372@outlook.com,,Other,1949-09-11,2024-11-09,MO,Garciamouth,Gold,Mobile App,,
CUST005209,Jessica,Ford,jessica.ford444@hotmail.com,313-201-4444,M,1979-02-11,2023-04-26,MISSOURI,Christianchester,GOLD,Online,,Search Engine
CUST000226,Diamond,Watts,diamond.watts227@yahoo.com,948-469-5946x368,F,1962-10-15,2022-10-13,Michigan,South Denise,PLATINUM,In-Store,Y,
CUST003047,Jessica,Curtis,jessica.curtis239@outlook.com,7305581815,Other,1984-07-04,2024-11-18,TEXAS,East Brian,bronze,Online,N,TV Ad
CUST004631,Joanna,Pierce,joanna.pierce749@yahoo.com,(416)902-2274x2178,M,1944-12-06,2024-01-04,ca,South Jasonside,GOLD,Mobile App,Y,Search Engine
CUST003928,Damon,Morris,damon.morris791@gmail.com,401.893.8682,Other,1976-03-31,2026-01-28,NJ,East Gary,Bronze,In-Store,N,TV Ad
CUST005806,Deborah,Johnson,deborah.johnson634@gmail.com,950-264-4234x168,Other,1990-03-09,2025-11-23,wi,Port Margaret,Bronze,Online,1,Influencer
CUST004544,Stacey,Dennis,stacey.dennis819@yahoo.com,538-448-5159x6981,Other,1954-03-31,2023-03-23,Texas,Port Aaronhaven,Bronze,Mobile App,Y,Search Engine
CUST001651,Shelby,James,shelby.james637@outlook.com,+1-873-822-3487x49391,F,1966-12-31,2024-08-24,WI,West Jill,Bronze,Mobile App,,
CUST003168,Joyce,Benson,joyce.benson993@hotmail.com,001-242-353-2836x9308,M,2005-10-16,2022-06-16,GA,Longshire,GOLD,In-Store,N,
CUST000049,Laura,Carter,laura.carter524@hotmail.com,(421)596-9379,M,1966-11-30,2021-07-09,MA,Knightburgh,gold,Mobile App,Y,Search Engine
CUST001810,Leslie,Coleman,leslie.coleman764@hotmail.com,001-994-742-6184x553,F,1949-05-02,2023-01-21,MO,Elizabethshire,SILVER,Online,yes,Social Media
CUST005741,Leslie,Smith,leslie.smith472@outlook.com,6203559421,M,1973-03-13,08/21/2021,Illinois,Justinbury,Bronze,Mobile App,Y,Friend Referral
CUST000718,Andrew,Wood,andrew.wood3@yahoo.com,+1-574-585-9532x5939,M,1957-11-26,2026-03-04,Georgia,Port Rachel,bronze,In-Store,no,Search Engine
CUST003608,Jackie,Hill,jackie.hill795@outlook.com,,M,1983-12-25,2026-03-26,MASSACHUSETTS,Zimmermanmouth,GOLD,In-Store,,
CUST003929,Steven,Thompson,steven.thompson969@outlook.com,575-362-9788x2355,Other,1964-09-20,2021-04-04,IN,Jamesville,BRONZE,Online,no,Social Media
CUST002653,Christine,Gillespie,christine.gillespie650@outlook.com,271.834.1253x8341,M,1988-12-15,2021-12-12,ARIZONA,Mccormickport,platinum,In-Store,,
CUST001418,Jesus,Alexander,jesus.alexander672@outlook.com,+1-809-853-2670x8488,M,1979-12-06,2024-02-06,FL,Lake Robertborough,Bronze,Mobile App,1,TV Ad
CUST000677,Martha,Lucero,martha.lucero687@gmail.com,509.877.6889,M,1957-11-06,2021-12-27,Tennessee,East Alexander,BRONZE,Mobile App,1,Email Campaign
CUST005645,Kristin,King,kristin.king659@hotmail.com,+1-923-791-2235x630,Other,1978-06-18,2024-03-18,Michigan,Schmidtberg,silver,Mobile App,Y,Friend Referral
CUST005057,Shelly,Anderson,shelly.anderson129@gmail.com,968-640-8940x9434,Other,1946-10-05,2021-06-15,Michigan,Nicoleton,bronze,Mobile App,,Search Engine
CUST005420,Ryan,Conley,ryan.conley357@yahoo.com,234.799.5666x37243,M,1982-07-17,2026-01-29,fl,Jacksonshire,Bronze,In-Store,N,Walk-in
CUST005194,  Tiffany ,Young,tiffany.young981@hotmail.com,(582)540-8341x585,Other,2000-04-09,2023-12-03,Ohio,Moralesfort,BRONZE,Online,N,Friend Referral
CUST000113,Kevin,Thomas,kevin.thomas480@gmail.com,001-726-887-0568,F,1986-11-21,2021-12-16,nj,Joshuaside,Bronze,Online,yes,TV Ad
CUST002124,Bruce,Wu,bruce.wu348@hotmail.com,561-919-5530,M,1989-07-17,2021-11-30,CA,North Cory,SILVER,In-Store,0,Email Campaign
CUST000153,Michele,Smith,michele.smith663@outlook.com,3867353654,Other,1943-11-23,2022-10-16,TX,East Sarah,Bronze,Mobile App,,Walk-in
CUST003185,John,Noble,john.noble552@yahoo.com,+1-684-686-0641,F,1960-11-25,2023-11-11,Pennsylvania,West Joe,gold,In-Store,0,Walk-in
CUST002081,Randy,Winters,randy.winters29@outlook.com,234-303-8833x31518,F,1990-06-18,2021-11-15,IN,South Shannontown,PLATINUM,In-Store,0,
CUST002669,Dana,Smith,dana.smith598@outlook.com,252-878-4300x3987,M,1952-08-30,2023-03-24,California,Hamptonview,BRONZE,Mobile App,no,Walk-in
CUST000755,David,White,david.white831@outlook.com,288-242-1630,M,1965-12-20,05/03/2025,NJ,North Melanieview,BRONZE,Online,0,Walk-in
CUST000651,Shannon,Gilmore,shannon.gilmore11@gmail.com,586.706.9409x600,F,1992-05-26,06/16/2024,Pennsylvania,East Deborahmouth,Gold,In-Store,yes,Search Engine
CUST003120,Tamara,Cummings,tamara.cummings255@hotmail.com,(858)468-4810,F,1961-04-11,2020-11-20,Georgia,Kennedyborough,SILVER,Online,Y,Walk-in
CUST003344,Jeffrey,Best,jeffrey.best163@hotmail.com,+1-226-797-8833x102,M,1965-10-30,2021-10-16,Washington,Lisatown,bronze,Mobile App,0,
CUST005866,Christopher,Powell,christopher.powell116@hotmail.com,001-980-640-5724x589,F,1979-02-15,2026-06-23,New York,Meaganmouth,GOLD,Online,,Walk-in
CUST000017,Juan,Clark,juan.clark498@gmail.com,4169400524,Other,1964-09-04,2024-09-03,New York,Williamview,platinum,In-Store,Y,Friend Referral
CUST000653,Amber,Blevins,amber.blevins654@gmail.com,926-543-3502x7160,Other,1963-08-07,2022-07-05,OHIO,Lake Jason,Silver,Mobile App,N,Friend Referral
CUST006028,Emily,Freeman,EMILY.FREEMAN925@OUTLOOK.COM,3065985887,M,1983-02-10,2023-02-19,mo,Ashleyborough,bronze,Mobile App,no,Friend Referral
CUST000570,Brian,Mcmillan,brian.mcmillan102@outlook.com,(244)547-2322,M,1960-01-10,2024-03-23,INDIANA,Stephaniemouth,silver,Online,,Search Engine
CUST005537,Jean,Dominguez,jean.dominguez427@yahoo.com,4174409666,Other,1956-05-03,05/23/2026,TN,Ryanfurt,bronze,In-Store,no,Social Media
CUST001957,Caleb,Mclean,caleb.mclean349@gmail.com,645-637-5257,F,1960-05-26,2025-07-28,TN,Gouldstad,SILVER,Online,0,Email Campaign
CUST004643,Kevin,Davis,kevin.davis710@hotmail.com,9504206515,F,1959-03-18,2023-07-10,NEW YORK,Paigechester,Bronze,Mobile App,,
CUST001664,Elizabeth,Acevedo,elizabeth.acevedo416@hotmail.com,+1-856-327-4806,M,1998-07-21,2023-06-16,WA,South Tylerhaven,GOLD,Mobile App,N,Friend Referral
CUST002207,Kenneth,Hampton,kenneth.hampton183@gmail.com,(878)667-4047x724,F,1956-08-01,2025-03-10,VA,New Jacqueline,platinum,Mobile App,Y,Walk-in
CUST000822,Zachary,Gray,zachary.gray19@outlook.com,+1-512-869-4289x46420,M,1994-02-22,2023-10-01,OH,South Josephberg,GOLD,In-Store,Y,Friend Referral
CUST002569,Luke,Hudson,luke.hudson48@yahoo.com,001-954-915-1909x375,Other,1998-12-30,2023-11-10,NJ,West Mark,Bronze,Mobile App,Y,Search Engine
CUST002895,Richard,Cruz,richard.cruz786@outlook.com,001-451-499-9721x115,F,1956-08-20,2021-12-08,IL,Lake Lauren,BRONZE,Online,Y,Search Engine
CUST001710,Sonya,Pruitt,sonya.pruitt541@outlook.com,001-470-468-7567x07181,Other,1987-06-26,2025-02-22,Washington,South Anthony,BRONZE,Mobile App,yes,Influencer
CUST002378,Jeffrey,Williams,jeffrey.williams784@gmail.com,634.679.8529,Other,1952-12-23,2022-09-22,New Jersey,Davidsonmouth,Bronze,Mobile App,no,
CUST000672,Lisa,Higgins,lisa.higgins103@hotmail.com,906.660.3920x51460,M,1943-06-20,2024-06-09,Maryland,Phelpsshire,Gold,Online,no,Search Engine
CUST000066,Ebony,Tucker,ebony.tucker930@hotmail.com,+1-497-684-0369x00343,F,1971-08-14,2022-04-06,MI,West Russellport,bronze,In-Store,N,Search Engine
CUST003927,George,King,george.king161@gmail.com,+1-674-422-5779x830,Other,1968-08-29,2025-02-17,Tennessee,Courtneyborough,SILVER,Online,0,Friend Referral
CUST002892,Molly,Miller,molly.miller221@outlook.com,+1-912-351-2188x33401,F,1989-09-23,2025-11-24,PENNSYLVANIA,Matthewview,gold,Mobile App,,Social Media
CUST003802,Zachary,Harper,zachary.harper916@gmail.com,+1-244-651-6961x37034,Other,1972-02-07,2020-09-21,WI,Bentonport,Bronze,Mobile App,,
CUST002027,Kelly,Choi,kelly.choi615@gmail.com,+1-322-600-8100,F,2006-09-24,2025-10-13,CA,Hudsonfort,Gold,Mobile App,N,Search Engine
CUST000129,Juan,Hartman,juan.hartman848@hotmail.com,(980)473-7416,M,1966-03-24,2026-02-05,GA,New Wendy,bronze,Mobile App,N,TV Ad
CUST002612,Victor,Calderon,victor.calderon972@gmail.com,,F,1947-09-10,2026-01-09,Wisconsin,East Jenny,Silver,In-Store,,
CUST000347,Katelyn,Owen,katelyn.owen817@hotmail.com,227-311-4773x201,F,2006-09-13,2022-09-30,GA,Archerhaven,Bronze,In-Store,Y,Email Campaign
CUST003140,Sierra,Smith,sierra.smith136@hotmail.com,370-946-6870,M,1967-03-05,2024-12-10,New York,Charlesburgh,GOLD,Mobile App,Y,
CUST005751,Matthew,Sanchez,matthew.sanchez26@hotmail.com,(973)305-9621x047,F,1993-10-13,2026-06-28,MD,Ruizfort,PLATINUM,In-Store,yes,Social Media
CUST004229,David,Smith,david.smith920@yahoo.com,924.340.6953x5171,Other,1975-11-16,2025-10-16,Pennsylvania,Schmidtburgh,Bronze,Mobile App,Y,
CUST004028,Lauren,Smith,lauren.smith258@hotmail.com,001-215-927-6509x603,M,1957-07-01,10/13/2020,Georgia,Wagnerton,Bronze,Online,Y,TV Ad
CUST002346,Yvette,Mccullough,yvette.mccullough885@outlook.com,(673)871-1070x68686,M,2008-11-12,2025-12-26,Illinois,North Matthew,GOLD,In-Store,Y,
CUST002852,Deborah,Cox,deborah.cox1@hotmail.com,001-823-762-5932,Other,2005-10-05,2021-03-24,MISSOURI,Trevinobury,bronze,In-Store,N,TV Ad
CUST000221,Edward,Moore,edward.moore829@gmail.com,001-417-477-3926x0302,Other,1982-10-25,2025-06-05,Massachusetts,South Lisa,bronze,In-Store,no,Influencer
CUST001790,Shirley,Parker,shirley.parker520@outlook.com,327-359-6373,F,1971-09-11,2024-08-22,wi,Natalieville,platinum,Mobile App,N,Influencer
CUST004593,William,Bullock,william.bullock496@hotmail.com,747-991-2251,F,1963-12-23,2024-08-06,TENNESSEE,Tonyahaven,Gold,Online,Y,Email Campaign
CUST001550,Gloria,Mccall,gloria.mccall335@gmail.com,+1-979-792-7156x033,M,1960-04-30,2025-12-04,New Jersey,Lake Johnshire,SILVER,In-Store,Y,
CUST002157,Joshua,Lee,joshua.lee260@hotmail.com,902.217.3733,M,2004-01-15,2023-04-19,California,Lynnfort,Silver,Mobile App,N,
CUST004877,Kim,Drake,kim.drake401@yahoo.com,(576)265-2685,F,2008-01-05,2023-07-18,Washington,Port Angelaborough,silver,Online,,Influencer
CUST002829,Kim,Rice,kim.rice735@yahoo.com,001-675-563-4491x08853,M,1957-07-08,2020-09-26,VA,Amandaside,SILVER,In-Store,0,
CUST001126,Gabriel,Ingram,gabriel.ingram648@gmail.com,+1-504-548-9093x225,Other,2003-12-18,2025-03-12,Virginia,Nicolebury,Bronze,In-Store,,Influencer
CUST005672,Gregory,Maldonado,gregory.maldonado888@yahoo.com,(462)825-6734x214,F,1972-06-19,2021-08-18,FL,Port Brandimouth,bronze,Mobile App,N,Walk-in
CUST002697,John,Pearson,john.pearson911@gmail.com,001-323-677-3813x30983,M,1952-06-16,2021-04-05,WI,East Samuelchester,BRONZE,Online,N,
CUST005446,Robin,Cowan,robin.cowan621@outlook.com,(946)643-7381x674,F,1947-12-07,2023-02-25,Tennessee,Garzaview,Platinum,Mobile App,Y,Search Engine
CUST002623,Robert,Lamb,robert.lamb322@yahoo.com,+1-854-392-0398x01337,M,2009-09-07,2025-03-06,AZ,Cabrerafort,Silver,Mobile App,,Social Media
CUST003296,Elizabeth,Sanchez,elizabeth.sanchez76@gmail.com,887-362-4046,M,1992-12-30,2024-11-27,NC,North Matthew,Silver,Online,yes,
CUST001264,Melinda,Richardson,melinda.richardson156@gmail.com,+1-610-474-9161,F,1967-04-25,2025-09-05,MO,New Charles,SILVER,Mobile App,N,Influencer
CUST005558,Alicia,Hudson,alicia.hudson119@yahoo.com,6654279612,F,1973-07-01,2024-02-07,Illinois,South Josemouth,Platinum,Mobile App,N,Email Campaign
CUST002591,Jeffrey,Bennett,jeffrey.bennett715@gmail.com,+1-372-444-7839x0712,M,1956-03-08,2022-05-19,Indiana,North Diane,Platinum,Mobile App,1,TV Ad
CUST003724,Stephen,Marshall,stephen.marshall453@outlook.com,+1-614-876-2380x26709,Other,1979-03-05,2025-06-29,AZ,Lake Jennyview,silver,Mobile App,,
CUST002847,Sarah,Peterson,sarah.peterson107@hotmail.com,(866)730-3633x864,F,1981-10-06,2023-02-02,CA,Julieland,GOLD,In-Store,no,Search Engine
CUST005352,Brandon,Davis,brandon.davis606@hotmail.com,923-257-9659x31491,M,1953-11-02,2024-02-19,VA,Carolmouth,SILVER,Online,N,Search Engine
CUST000750,Robert,Hoffman,robert.hoffman132@outlook.com,454.989.5478x769,F,1989-12-27,2025-03-13,CA,West Joshuaview,bronze,Mobile App,Y,TV Ad
CUST005450,Jonathon,Wilkinson,jonathon.wilkinson15@gmail.com,364.509.3223x49268,F,2004-03-12,2022-11-18,TENNESSEE,South Steven,Silver,Online,0,
CUST004955,Patricia,Thompson,patricia.thompson199@gmail.com,,M,1954-05-07,2024-02-18,NY,Jamesview,BRONZE,Mobile App,,
CUST003686,Ashley,Nielsen,ashley.nielsen613@hotmail.com,(772)339-7424x742,F,2010-07-25,2025-07-20,IL,Maryland,Bronze,Online,Y,Friend Referral
CUST003515,Steven,Berg,steven.berg911@yahoo.com,001-380-677-8336x826,M,2008-10-23,2022-09-04,TX,New Chadland,BRONZE,Mobile App,Y,Walk-in
CUST005703,Krista,Dunn,krista.dunn392@outlook.com,759.411.0141,Other,1961-03-21,06/03/2021,MA,Zunigatown,Bronze,Mobile App,Y,Walk-in
CUST004780,Diana,Warren,diana.warren138@gmail.com,512.851.7769,F,1960-12-30,2024-01-23,OH,East Jaredfurt,BRONZE,Mobile App,N,Search Engine
CUST005381,Dwayne,Nunez,dwayne.nunez61@outlook.com,768-637-8926,Other,1970-12-22,2024-06-08,OH,East John,SILVER,Mobile App,0,Social Media
CUST002362,Maria,Jacobs,maria.jacobs480@gmail.com,976.445.2658,Other,1994-02-22,2022-07-27,TX,Antonioshire,Platinum,In-Store,yes,
CUST001082,Johnny,Sullivan,johnny.sullivan514@outlook.com,227.837.9897,M,1940-11-10,2024-01-18,PENNSYLVANIA,South Ashleyberg,Bronze,Mobile App,,
CUST005946,Tommy,Bush,tommy.bush683@gmail.com,(932)756-3372x59266,F,1949-05-29,2021-01-28,Wisconsin,West Rachelfort,Bronze,Mobile App,N,Social Media
CUST001353,Wesley,Chavez,wesley.chavez905@gmail.com,367-254-1823x688,F,1968-06-08,01/21/2022,ARIZONA,West Alanborough,silver,Mobile App,,Social Media
CUST004994,Heather,Roberts,heather.roberts21@gmail.com,282-931-3842x87333,Other,1952-10-20,2022-06-29,MICHIGAN,Nelsonport,SILVER,Mobile App,0,
CUST004866,Charles,Garcia,charles.garcia916@outlook.com,346.419.2400,M,1952-06-17,2025-04-19,Georgia,West Elizabethstad,silver,Online,0,
CUST002275,Marissa,Wilson,marissa.wilson473@outlook.com,290.553.0673,F,1994-01-20,2021-05-20,WISCONSIN,Port Michaelhaven,Silver,Mobile App,0,Influencer
CUST005470,James,Green,james.green157@yahoo.com,+1-803-995-4832x4923,F,1972-09-23,2021-03-24,Tennessee,Farrellfort,bronze,Online,Y,TV Ad
CUST002830,Samantha,English,samantha.english520@yahoo.com,378.834.0793x281,M,1999-01-15,2025-12-05,Georgia,Hardyburgh,Bronze,Mobile App,Y,Search Engine
CUST000351,Mary,Bailey,mary.bailey940@yahoo.com,(656)350-3334x911,F,1992-08-14,2020-10-30,IL,Oscarchester,gold,Mobile App,0,Search Engine
CUST000897,Crystal,Guerrero,crystal.guerrero964@hotmail.com,298.397.2117x08894,F,1958-11-03,2025-08-14,VA,East Mikeshire,Gold,Online,N,Friend Referral
CUST001595,Shelly,Parsons,shelly.parsons887@hotmail.com,504.924.0255x546,F,1956-02-13,2024-05-17,Pennsylvania,East Andrea,BRONZE,Online,N,Search Engine
CUST003284,Elizabeth,Wang,elizabeth.wang592@gmail.com,725-637-7696x732,M,2005-02-10,2025-11-12,Illinois,Mcknightton,silver,Mobile App,N,Friend Referral
CUST004361,Karen,Hawkins,karen.hawkins178@yahoo.com,+1-555-313-1277,Other,1959-07-29,2024-02-23,NJ,Davischester,PLATINUM,In-Store,Y,Search Engine
CUST003068,John,Porter,john.porter768@yahoo.com,728-963-2310x265,M,1986-02-04,2021-01-04,TX,Alyssatown,bronze,Online,1,
CUST002974,Michael,Harris,michael.harris265@hotmail.com,001-576-561-6242,Other,1954-11-14,2022-07-31,MO,South Charles,bronze,In-Store,N,
CUST001893,Tiffany,Bernard,,,F,,2025-10-10,MD,East Courtney,SILVER,In-Store,,
CUST001908,Ashley,Hester,ashley.hester464@gmail.com,001-286-996-6096x35476,M,1964-07-18,05/18/2025,Indiana,Port Dennisstad,BRONZE,Online,N,TV Ad
CUST004672,Darryl,Conrad,darryl.conrad181@yahoo.com,643-747-8217x3891,Other,1983-01-12,2026-02-04,Missouri,Westmouth,BRONZE,In-Store,Y,Social Media
CUST005217,Nichole,King,nichole.king872@gmail.com,989-800-0190x938,M,1956-09-06,2025-10-26,FLORIDA,South Dustin,Silver,In-Store,N,Social Media
CUST005045,Cynthia,Watson,cynthia.watson377@gmail.com,(497)441-2782,F,1942-09-13,2023-10-28,Florida,South Fernandomouth,bronze,Mobile App,N,Social Media
CUST002369,Steven,Norman,steven.norman871@outlook.com,+1-611-789-1728,Other,1976-03-27,2024-08-23,Florida,West Markview,Silver,Online,N,TV Ad
CUST004925,Carol,Miller,carol.miller800@gmail.com,(531)984-7612x4062,M,1955-04-15,2023-12-02,tn,Lake Justin,SILVER,In-Store,0,Email Campaign
CUST003010,Danielle,Lopez,danielle.lopez364@gmail.com,985.913.4455x3296,M,2001-09-03,2023-08-18,New York,Christinashire,Bronze,Mobile App,,Walk-in
CUST002354,Emily,Castro,emily.castro626@hotmail.com,(927)873-3125x8128,F,1981-12-02,2023-11-30,Washington,Josephberg,Bronze,Online,no,
CUST002139,Melissa,Gibson,melissa.gibson230@gmail.com,466.860.9191x935,Other,1970-04-26,08/08/2025,Missouri,Parkerchester,silver,In-Store,yes,Friend Referral
CUST001603,Jocelyn,Bates,jocelyn.bates567@gmail.com,+1-982-616-5119x2145,M,1966-05-13,2025-05-19,Florida,South Patriciahaven,Bronze,Online,,Friend Referral
CUST004854,Christopher,Tucker,christopher.tucker709@hotmail.com,612.824.6394x841,M,1941-07-24,2025-08-21,Washington,West Steven,Bronze,Online,,
CUST005838,Phillip,Clay,phillip.clay623@gmail.com,510.454.0478x94392,F,1958-09-05,09/15/2025,NY,Arnoldfort,SILVER,Mobile App,0,Walk-in
CUST001743,Rebecca,Gordon,rebecca.gordon116@hotmail.com,330-861-0922,M,1954-03-28,2022-06-28,MISSOURI,Lake Timothystad,bronze,In-Store,Y,Social Media
CUST005156,Jose,Cabrera,jose.cabrera137@yahoo.com,329.431.2286x835,M,1994-09-18,2023-07-21,Missouri,West Amandatown,bronze,Mobile App,yes,Search Engine
CUST004496,Judith,Walters,judith.walters157@yahoo.com,318.945.7543,F,1950-06-29,2025-05-02,NEW JERSEY,Duranshire,bronze,Mobile App,no,Friend Referral
CUST000568,Ashley,Carroll,ashley.carroll62@outlook.com,(804)241-3845,Other,1976-12-31,2021-08-14,Texas,Mcdonaldbury,bronze,Mobile App,1,Social Media
CUST004953,Deanna,Taylor,deanna.taylor404@gmail.com,(736)240-3067,M,1958-11-04,2024-09-28,CA,Kramerfort,GOLD,Online,0,
CUST004684,Amy,Davis,amy.davis292@outlook.com,001-860-566-5431x1309,F,1995-04-08,2021-09-13,WI,New Timothyburgh,silver,In-Store,Y,TV Ad
CUST004987,Richard,Byrd,richard.byrd390@yahoo.com,001-757-315-1959x3372,M,1989-08-09,2025-12-26,FL,East Haleyton,bronze,In-Store,Y,Search Engine
CUST002944,Christopher,Rodriguez,christopher.rodriguez829@outlook.com,430.518.0872x584,F,1959-01-25,2021-08-22,New Jersey,West Matthew,bronze,In-Store,Y,TV Ad
CUST001068,Jennifer,Collins,jennifer.collins713@hotmail.com,409.787.2649x632,M,2007-07-05,2026-01-18,WA,Port Joshua,bronze,Mobile App,N,Search Engine
CUST004907,Craig,Solis,,,F,,2024-03-19,Georgia,,bronze,In-Store,,
CUST001224,Brittney,Maldonado,brittney.maldonado866@outlook.com,+1-481-229-8861,F,1953-04-21,2026-02-13,North Carolina,Lake Melissaland,Silver,Online,N,TV Ad
CUST003918,Chelsea,Phillips,,,M,1995-12-15,2023-09-25,OH,Port Amyton,Bronze,In-Store,,
CUST001472,Alexander,Ponce,alexander.ponce459@yahoo.com,(880)960-1457x9232,M,1976-03-19,2023-07-18,Michigan,Lake Angela,bronze,Mobile App,yes,Walk-in
CUST004452,Amy,Hall,amy.hall428@hotmail.com,001-424-793-4737,Other,1988-07-12,2025-10-22,MO,North Ana,SILVER,Online,N,Influencer
CUST001554,Lisa,Padilla,lisa.padilla700@gmail.com,+1-575-268-1678x43407,M,1980-09-26,2023-03-04,Georgia,Shannonbury,bronze,Online,N,
CUST004484,Amy,Mccarthy,amy.mccarthy881@outlook.com,271-819-5266x533,M,1973-06-09,2022-11-18,nc,East Gary,Silver,Mobile App,Y,Walk-in
CUST004159,Ronald,Thomas,ronald.thomas883@hotmail.com,(612)673-4857x94941,F,1996-08-09,2022-06-29,md,Lake Brian,bronze,In-Store,Y,TV Ad
CUST000211,Laura,Grant,laura.grant980@yahoo.com,+1-366-750-6180x9190,M,1980-12-03,2021-12-30,Indiana,Rickeymouth,silver,In-Store,0,TV Ad
CUST001727,Justin,Diaz,justin.diaz251@outlook.com,(262)716-8335x766,M,1979-07-29,04/10/2025,Wisconsin,Michaelmouth,BRONZE,Online,0,
CUST001113,Tiffany,Moreno,tiffany.moreno448@gmail.com,457.926.0292x54686,M,1995-01-07,2025-11-05,New York,Loriport,silver,In-Store,Y,Social Media
CUST003944,Amanda,Adkins,amanda.adkins859@hotmail.com,7546332125,F,1952-06-17,2021-03-22,ny,Lancemouth,bronze,In-Store,Y,Walk-in
CUST001548,Teresa,Ramos,teresa.ramos465@outlook.com,+1-495-489-7015,F,1958-03-08,2025-02-19,OH,North Wendytown,Bronze,Online,0,Social Media
CUST004703,John,Marsh,john.marsh845@yahoo.com,+1-778-942-3740x51717,F,1995-06-02,2023-06-20,North Carolina,East Ronald,Bronze,Online,,Email Campaign
CUST001187,  Brian ,Yang,brian.yang163@yahoo.com,223-275-9795x31926,F,1985-05-30,2021-07-04,ca,North Charlene,Bronze,Mobile App,no,
CUST001035,Andrew,Stephens,andrew.stephens700@yahoo.com,6885983057,F,1959-08-13,2025-07-11,FL,Abigailbury,bronze,Online,0,
CUST004852,Kendra,Mcclain,kendra.mcclain268@yahoo.com,+1-268-220-4018x07949,M,1953-04-02,2023-10-15,IN,North Kyle,Bronze,Online,,Social Media
CUST002677,Elizabeth,Noble,elizabeth.noble759@gmail.com,922.966.2810x767,F,2005-09-18,2021-09-13,Illinois,Brianfurt,Bronze,Mobile App,Y,Walk-in
CUST001242,Brittany,Stewart,brittany.stewart285@outlook.com,237-276-6183x0858,F,1945-02-14,2025-10-06,OH,West Alexismouth,BRONZE,Mobile App,Y,Search Engine
CUST003557,Melanie,Martin,melanie.martin162@outlook.com,+1-287-306-4108,M,1969-05-24,2026-01-21,Indiana,Beckchester,Bronze,Mobile App,Y,Walk-in
CUST002745,Zachary,Fowler,zachary.fowler715@gmail.com,+1-752-597-9934x96577,F,1955-07-22,2025-10-20,MD,Port Kyle,SILVER,Mobile App,Y,Social Media
CUST001332,Joshua,Duncan,joshua.duncan264@gmail.com,(833)469-3180,F,2008-07-04,01/04/2023,PENNSYLVANIA,Edwardburgh,GOLD,In-Store,,
CUST004752,Douglas,Gonzalez,douglas.gonzalez652@hotmail.com,(653)934-3659,M,2008-04-22,2023-11-29,Massachusetts,North Alexishaven,silver,In-Store,no,Friend Referral
CUST004311,Jeremy,Coleman,jeremy.coleman9@outlook.com,(919)763-4610,F,1949-06-21,2021-02-03,VIRGINIA,Russoview,Platinum,In-Store,0,Social Media
CUST001099,Tyler,Garcia,tyler.garcia470@yahoo.com,220.331.9789,F,1991-10-10,2025-10-01,California,Brownton,SILVER,Mobile App,N,Walk-in
CUST005319,Kevin,Le,kevin.le581@gmail.com,(646)570-8450,Other,1958-11-14,2021-10-22,Ohio,Andreaport,Silver,In-Store,,Search Engine
CUST001335,Juan,Rios,juan.rios213@gmail.com,848.434.8358,F,2003-06-02,2026-05-08,North Carolina,Gomezhaven,gold,Mobile App,Y,Influencer
CUST005900,April,Mendez,april.mendez410@yahoo.com,622.946.0193x084,M,1945-01-28,2024-09-10,New Jersey,South Samuel,bronze,In-Store,Y,Email Campaign
CUST003271,Alexander,Sawyer,alexander.sawyer125@hotmail.com,001-606-240-5118x328,M,2001-12-06,2022-11-28,fl,South Brianmouth,Bronze,Mobile App,yes,Email Campaign
CUST001013,Heather,Yates,heather.yates435@yahoo.com,001-852-695-1712x227,M,2005-12-14,2024-02-26,CALIFORNIA,Daleview,silver,Mobile App,,Search Engine
CUST000498,Maria,Brown,maria.brown363@yahoo.com,001-765-401-9179x202,Other,1950-04-28,04/10/2026,PA,South Jessica,GOLD,Mobile App,Y,Email Campaign
CUST000479,Thomas,Patton,thomas.patton676@yahoo.com,001-423-812-6043,Other,1947-11-22,2024-12-03,Florida,East Victoria,gold,In-Store,Y,Walk-in
CUST001775,  Rebecca ,Horton,rebecca.horton14@yahoo.com,+1-357-382-9052x49221,M,2002-03-23,2023-11-20,WI,Lucasville,SILVER,Mobile App,no,
CUST000408,Brianna,Reese,brianna.reese562@hotmail.com,830-889-4870x605,M,1949-08-06,2026-02-08,Michigan,New Jessica,gold,Online,,
CUST001262,Todd,Crosby,todd.crosby290@outlook.com,911.271.3219x4024,M,1982-02-03,2021-11-13,Tennessee,Brownmouth,bronze,Mobile App,N,Social Media
CUST004059,Clayton,Rowland,clayton.rowland27@gmail.com,211.594.2710,M,1973-01-29,2023-05-20,Missouri,East Courtneyville,gold,Online,N,Friend Referral
CUST000137,Jacob,Wilkinson,,,F,,2025-09-17,MD,South Derrickfurt,bronze,Mobile App,,
CUST002860,Gregory,Wright,gregory.wright14@gmail.com,751-699-5508x977,F,1949-08-25,2022-05-31,Illinois,Elizabethbury,SILVER,Mobile App,Y,
CUST002940,Jasmine,Tyler,,,M,,2025-05-19,OH,,bronze,Mobile App,,
CUST004612,Juan,Myers,juan.myers671@hotmail.com,476.764.0072x032,F,1997-10-04,2024-03-18,NJ,Tammyville,bronze,Online,yes,Email Campaign
CUST000706,William,Hendrix,william.hendrix152@outlook.com,+1-234-447-6504x7158,F,2003-12-22,2020-10-22,NEW JERSEY,Rebeccaton,Bronze,Online,,
CUST005523,Lisa,Hernandez,lisa.hernandez898@yahoo.com,+1-918-568-4256x3799,Other,1975-04-02,2025-06-16,mi,Ryanside,SILVER,In-Store,0,Influencer
CUST000571,Danny,Johnson,danny.johnson575@gmail.com,7443058093,M,1988-08-02,2025-09-06,INDIANA,Bobbybury,bronze,Mobile App,1,TV Ad
CUST005353,Steven,Howard,steven.howard708@hotmail.com,001-702-842-0119x702,F,1973-06-07,2022-04-22,ca,South Nicole,gold,Online,yes,
CUST001985,Carol,Taylor,carol.taylor943@yahoo.com,329.687.3401,Other,1989-07-19,2025-08-13,Tennessee,New Desireestad,platinum,In-Store,N,Friend Referral
CUST002810,Jason,Nunez,jason.nunez723@yahoo.com,394.268.4583,F,1949-10-23,2021-08-03,Arizona,Loganchester,Silver,Online,,
CUST001384,Jodi,Bishop,jodi.bishop104@gmail.com,+1-299-847-0617,Other,1968-10-24,2022-11-14,Maryland,Jordanshire,SILVER,Mobile App,,TV Ad
CUST005974,Amanda,Ramirez,amanda.ramirez548@gmail.com,710-899-2959,F,1942-02-24,2025-07-07,mi,Jessemouth,silver,Mobile App,,Walk-in
CUST002426,Jeffery,Aguilar,jeffery.aguilar608@yahoo.com,+1-276-505-5080x0509,M,1986-01-17,09/09/2022,California,Myersfurt,silver,Online,1,TV Ad
CUST004808,Christopher,Kirk,christopher.kirk443@outlook.com,279-653-4330x6666,M,1960-11-19,2023-10-21,Wisconsin,New Bradleyshire,BRONZE,In-Store,Y,TV Ad
CUST005466,David,King,david.king810@gmail.com,001-475-475-2515x6561,M,1965-02-20,2020-09-03,MASSACHUSETTS,Stephaniemouth,BRONZE,Mobile App,no,Walk-in
CUST005016,Melinda,Palmer,melinda.palmer443@outlook.com,676-675-0634x470,F,1964-01-12,07/15/2025,MO,Jenkinshaven,silver,Mobile App,,Influencer
CUST003280,Kenneth,Cobb,kenneth.cobb130@gmail.com,355.269.3149x35488,M,1962-04-04,2023-05-04,NY,Martinburgh,gold,Online,,Friend Referral
CUST002763,Mary,Pierce,mary.pierce499@gmail.com,(235)335-9682,Other,1977-06-21,2026-01-01,GA,North Justinton,Silver,Online,Y,Social Media
CUST001429,Ana,Davis,ana.davis600@yahoo.com,(378)344-6078x9075,M,1951-10-14,2021-09-25,FL,Jeffstad,Bronze,Online,1,TV Ad
CUST004300,Thomas,Mercer,thomas.mercer499@hotmail.com,001-768-983-8491x6971,Other,1995-11-23,2023-06-29,MO,Lake Angelafort,Silver,Online,Y,
CUST004505,Reginald,Vazquez,reginald.vazquez446@yahoo.com,,M,1964-02-18,2025-02-06,ca,Gonzalezville,PLATINUM,Online,,
CUST002668,Heather,West,heather.west714@hotmail.com,001-299-939-1767,F,1947-06-07,2025-10-26,New York,Martinezland,SILVER,Online,0,
CUST004353,Jason,Velasquez,jason.velasquez192@gmail.com,477-949-2050x318,Other,1984-05-28,2025-10-07,in,Yangport,BRONZE,Mobile App,,Influencer
CUST001092,Michael,Ball,michael.ball325@outlook.com,335-486-1768x225,M,1996-07-28,2026-05-24,Washington,Travisberg,PLATINUM,Online,N,
CUST003428,Christopher,Garcia,christopher.garcia815@hotmail.com,+1-279-278-9293,Other,1957-08-26,2026-04-23,GEORGIA,Masonland,GOLD,Online,Y,Influencer
CUST000591,Bobby,Campbell,bobby.campbell53@hotmail.com,866-224-1118,M,1942-05-16,2024-05-07,PA,North Joseph,bronze,In-Store,no,Influencer
CUST001747,Luis,Krueger,luis.krueger650@gmail.com,693.623.5393x305,M,1994-10-04,04/30/2026,NY,Lake Alexandrafurt,SILVER,In-Store,no,Friend Referral
CUST000958,Rebecca,Wilson,,,F,,2025-07-28,MI,,silver,Online,,
CUST005469,Timothy,Olson,timothy.olson825@hotmail.com,439-652-7450x36353,M,1985-05-09,2023-05-30,Georgia,Lake Martinfort,bronze,Online,Y,Influencer
CUST003678,Jennifer,Walker,jennifer.walker37@hotmail.com,001-209-303-1346x443,M,1949-12-26,2024-08-22,North Carolina,South Lisa,silver,In-Store,1,
CUST004034,Michelle,Foster,michelle.foster431@gmail.com,410-322-0139,Other,1952-05-18,2022-07-27,Ohio,East Jose,gold,Mobile App,N,
CUST004065,  Edward ,Smith,edward.smith963@yahoo.com,342-259-4283x98112,F,1991-02-14,2021-11-27,MO,East Claireville,silver,In-Store,,Search Engine
CUST000402,Kathryn,Pearson,kathryn.pearson502@outlook.com,925.282.3868,M,1949-06-19,12/25/2023,NEW JERSEY,Millerhaven,Gold,Online,yes,Social Media
CUST002733,Jaclyn,King,jaclyn.king8@hotmail.com,001-931-705-5771x0302,M,1972-12-28,2025-04-03,IL,Grossport,Bronze,Online,,Search Engine
CUST001534,Joseph,Miller,joseph.miller622@hotmail.com,3383625676,F,1945-03-08,2024-08-08,Georgia,Richmondmouth,Bronze,Mobile App,no,Social Media
CUST001116,Kimberly,Green,kimberly.green654@gmail.com,(915)997-6405x35670,F,1964-12-14,2020-10-26,IL,South James,bronze,Online,N,Search Engine
CUST004425,Michael,Wagner,michael.wagner678@gmail.com,001-613-209-3732x97291,F,2010-05-08,2025-11-30,NORTH CAROLINA,Harrisonstad,Bronze,In-Store,yes,Friend Referral
CUST004327,Mary,Cook,mary.cook429@gmail.com,935.223.3919x98627,M,1967-02-27,2021-06-27,AZ,East Paul,gold,Mobile App,N,Friend Referral
CUST004575,Stephen,Chambers,stephen.chambers826@gmail.com,(244)701-1432,M,1984-04-18,2023-06-13,TX,Snydertown,BRONZE,Online,no,Influencer
CUST005433,Christine,Arellano,christine.arellano895@gmail.com,(488)661-4980,Other,1955-09-16,2023-02-08,NY,New Melissa,GOLD,Online,no,Email Campaign
CUST000255,Alicia,Miles,alicia.miles197@outlook.com,+1-271-370-5865x0948,F,1958-08-04,2022-10-21,Indiana,North Sarahborough,GOLD,Mobile App,yes,Search Engine
CUST002340,Joseph,Little,joseph.little572@hotmail.com,390.233.6759x479,M,1988-02-19,2024-12-24,North Carolina,Shawnstad,BRONZE,Online,,Friend Referral
CUST002190,Robert,Parsons,robert.parsons133@yahoo.com,+1-699-279-7031x08083,F,1988-02-09,02/23/2024,WI,Lake Justin,Bronze,In-Store,N,Friend Referral
CUST002979,Sandra,Vargas,sandra.vargas656@hotmail.com,201.796.5497,M,1981-12-15,2021-06-04,VA,West Barbara,SILVER,Mobile App,Y,Influencer
CUST005953,Beverly,Johnson,beverly.johnson640@gmail.com,+1-603-371-3907x683,M,1993-11-16,2024-12-08,Ohio,Danachester,Bronze,In-Store,yes,Walk-in
CUST001922,Eric,Yang,eric.yang457@gmail.com,325-682-8488,Other,1994-12-03,10/10/2022,FLORIDA,South Steven,BRONZE,In-Store,Y,
CUST002916,Thomas,Hoffman,thomas.hoffman542@outlook.com,959-605-4248,M,1999-10-24,2020-12-12,OH,Williamshire,Bronze,In-Store,N,Influencer
CUST004274,Stephanie,Miles,stephanie.miles501@outlook.com,001-821-353-2823x3201,F,1977-01-01,2021-08-12,wi,East Mary,SILVER,Online,1,
CUST005295,Brianna,Hanson,brianna.hanson585@hotmail.com,001-644-839-1593x67535,Other,1954-11-17,2024-02-17,Wisconsin,Mccallbury,Silver,Online,N,
CUST005560,Troy,Bates,troy.bates354@yahoo.com,001-401-616-4581x79782,F,1941-08-20,2026-05-16,NY,Billport,Gold,Online,Y,Walk-in
CUST004294,Kyle,Williams,kyle.williams763@yahoo.com,+1-617-516-4207,F,1999-02-09,2023-03-30,OHIO,South Robert,bronze,In-Store,Y,Walk-in
CUST004566,Cindy,Johnston,cindy.johnston520@yahoo.com,+1-944-954-0649,F,1978-01-09,2026-04-12,NJ,Haysberg,GOLD,In-Store,,Search Engine
CUST000267,Andrew,Dillon,andrew.dillon569@hotmail.com,679-781-2387x80038,M,1986-02-18,2022-01-07,AZ,Romeroville,Bronze,In-Store,0,Search Engine
CUST002421,Lauren,Baker,lauren.baker412@yahoo.com,+1-227-738-6966x4811,M,1954-02-04,2024-10-16,GEORGIA,East Richardview,BRONZE,Mobile App,1,TV Ad
CUST003242,Marcus,Solis,marcus.solis128@gmail.com,528.803.2538,Other,1967-03-18,2020-12-09,md,North Debbietown,gold,Mobile App,Y,TV Ad
CUST004399,Melissa,Martin,melissa.martin701@yahoo.com,971.881.9624,F,1975-06-07,05/22/2023,New Jersey,West Nathanton,Gold,Online,N,Social Media
CUST004531,Christopher,Guerrero,christopher.guerrero780@yahoo.com,9756047570,M,1977-07-09,2025-02-25,North Carolina,Waltersbury,BRONZE,Online,1,
CUST002843,Robert,Thomas,robert.thomas874@outlook.com,308-796-2870x132,M,1989-05-22,2024-09-17,Indiana,Maynardburgh,gold,Online,1,
CUST001425,Patrick,Tran,patrick.tran972@hotmail.com,280-340-3348,F,1980-06-01,2023-09-13,TEXAS,Ryanton,bronze,Mobile App,yes,
CUST005011,Justin,Morales,justin.morales788@outlook.com,630-840-0512,F,1959-08-30,2023-10-19,NJ,East Maria,silver,In-Store,yes,Friend Referral
CUST005160,John,Weaver,john.weaver601@hotmail.com,+1-837-932-8201x550,M,1995-08-11,2024-07-22,New Jersey,Normantown,silver,Online,N,TV Ad
CUST004115,Brooke,Gray,brooke.gray215@hotmail.com,298-828-5904,M,1972-08-30,2023-10-23,nj,New Randy,silver,Online,Y,Friend Referral
CUST003931,Daniel,Poole,daniel.poole815@outlook.com,(340)665-0023x564,F,1972-09-17,2021-01-04,California,Fritzfurt,Bronze,Mobile App,Y,Social Media
CUST002424,Lacey,Cruz,lacey.cruz411@yahoo.com,(895)812-6608,M,1998-09-05,2022-12-05,Virginia,North Christopher,PLATINUM,Online,no,TV Ad
CUST003672,Jacqueline,Cobb,jacqueline.cobb24@outlook.com,967.536.5401,Other,1986-01-14,2024-03-21,oh,East Dillon,silver,Online,Y,Walk-in
CUST000684,Cody,Smith,cody.smith809@yahoo.com,001-595-712-3972,M,2009-08-19,2020-09-29,MI,Paultown,silver,Mobile App,N,Search Engine
CUST000118,Kenneth,Gonzalez,kenneth.gonzalez854@hotmail.com,+1-254-277-7252x28728,M,1956-10-10,2023-12-28,AZ,South Andrea,SILVER,Online,Y,TV Ad
CUST000319,Brian,Graham,brian.graham627@gmail.com,335.943.5209x042,F,1955-10-22,2024-03-21,Arizona,South Nathaniel,bronze,Online,Y,Search Engine
CUST002168,Samuel,Moreno,samuel.moreno705@hotmail.com,001-219-422-8349x143,F,1970-08-17,2023-06-27,GA,South Ronaldberg,gold,Mobile App,Y,Search Engine
CUST000908,Christopher,Nelson,christopher.nelson619@yahoo.com,(566)848-6989,F,1976-11-11,2026-06-19,North Carolina,Port Mark,platinum,Online,,Influencer
CUST004419,Ashley,Thompson,ashley.thompson193@yahoo.com,001-878-888-5882x81889,M,2008-06-12,2022-07-03,FLORIDA,New Crystal,Bronze,Online,yes,TV Ad
CUST001896,Raymond,Gonzalez,raymond.gonzalez958@outlook.com,(628)786-2335x7044,M,2002-06-07,2026-05-29,North Carolina,Port Robert,silver,Mobile App,0,Walk-in
CUST002463,Jesse,Warner,jesse.warner947@gmail.com,(501)843-5456,M,1974-04-13,2022-10-09,GA,West Andrea,BRONZE,In-Store,N,TV Ad
CUST001226,Joshua,Mccarthy,joshua.mccarthy335@outlook.com,8355067578,M,1987-01-25,08/14/2025,Michigan,Catherinemouth,BRONZE,Mobile App,0,
CUST001614,Alexander,Wheeler,alexander.wheeler742@outlook.com,001-223-937-0071x580,Other,1960-05-04,2025-12-29,Indiana,Sandersbury,Silver,In-Store,0,Friend Referral
CUST005940,Paul,Lowery,paul.lowery978@yahoo.com,001-606-730-4416x7284,F,2001-07-16,2022-03-05,Wisconsin,South Michael,bronze,Mobile App,no,Social Media
CUST006032,Robin,Cowan,ROBIN.COWAN621@OUTLOOK.COM,(946)643-7381x674,F,1947-12-07,2023-02-25,Tennessee,Garzaview,Platinum,Mobile App,Y,Search Engine
CUST005050,Kathryn,Jordan,kathryn.jordan908@yahoo.com,(279)920-8945x6121,F,1965-11-13,2022-08-29,Florida,Amberbury,bronze,In-Store,1,Walk-in
CUST004912,Holly,Romero,,,Other,,2021-10-23,IL,Lake Kevin,SILVER,Online,,
CUST000279,Daniel,Chaney,daniel.chaney228@yahoo.com,(901)445-5616x814,F,1951-12-20,2022-04-30,California,South Kara,BRONZE,Mobile App,no,Friend Referral
CUST003758,Brad,Gomez,brad.gomez423@outlook.com,953.260.6844,M,1982-08-03,2026-01-19,WA,Nicholasmouth,silver,In-Store,0,Search Engine
CUST005732,Melinda,Smith,melinda.smith590@yahoo.com,+1-224-857-7833x7937,M,1951-01-08,2025-11-19,Florida,Port Joelberg,gold,Mobile App,N,
CUST001050,Frank,Padilla,frank.padilla747@yahoo.com,+1-446-748-8499x7957,M,1978-06-30,2023-01-21,MD,Rebeccaburgh,Silver,Online,1,Friend Referral
CUST004094,Kim,Gonzalez,,,F,,2023-08-16,Washington,Lake Tammymouth,GOLD,Mobile App,,
CUST003894,James,Porter,james.porter412@yahoo.com,504.720.8664x786,F,1974-04-19,2024-04-20,MISSOURI,Evansview,silver,In-Store,0,Social Media
CUST000659,Eric,Smith,eric.smith273@yahoo.com,(387)929-0477x42585,F,2003-06-24,2021-03-17,TX,North Tanyamouth,SILVER,Mobile App,Y,
CUST001138,Christopher,Hudson,christopher.hudson312@gmail.com,(827)502-6604x5095,F,1952-12-04,2020-09-27,Florida,New Jacquelinechester,bronze,In-Store,yes,Influencer
CUST004492,Pamela,Baker,pamela.baker998@hotmail.com,+1-878-679-9632x386,M,1973-11-04,2022-10-18,TX,West Elizabeth,BRONZE,Online,N,Social Media
CUST002654,Miguel,Ellis,miguel.ellis194@hotmail.com,(962)906-7039x336,M,2003-06-26,2024-03-24,FL,Fisherfurt,BRONZE,Mobile App,,
CUST004120,Andrew,Rivas,andrew.rivas145@gmail.com,+1-692-928-4014,F,1960-01-25,2023-03-01,TX,Perezshire,Bronze,Mobile App,N,Influencer
CUST000802,Molly,Hodge,molly.hodge502@hotmail.com,5678200784,F,1987-01-14,2023-07-11,VA,Samuelview,GOLD,Online,1,Walk-in
CUST003137,Danielle,Ramsey,danielle.ramsey154@hotmail.com,294.954.1646,F,1973-06-25,2026-04-20,Arizona,East Christineside,BRONZE,In-Store,N,Influencer
CUST003251,Kayla,Wilkerson,kayla.wilkerson110@yahoo.com,(687)344-7706,Other,1966-06-07,2024-04-23,Georgia,Smithton,bronze,Online,1,Search Engine
CUST002195,Mary,Crawford,mary.crawford357@yahoo.com,(762)908-4078x46401,M,1978-10-19,2023-04-16,California,West Debrafort,silver,In-Store,0,Email Campaign
CUST001864,Troy,Edwards,troy.edwards828@gmail.com,(596)959-5965x6003,M,2009-11-04,2021-01-25,PA,Danielfort,Silver,Online,N,Friend Referral
CUST003714,Jonathan,Willis,jonathan.willis82@hotmail.com,+1-767-331-9419x4926,M,2000-10-09,2021-03-15,Texas,Lake Hunter,BRONZE,Online,no,TV Ad
CUST003319,Jennifer,Rodriguez,jennifer.rodriguez338@yahoo.com,(813)519-4828x827,F,2004-06-10,2025-06-15,New York,South Christopher,GOLD,Online,,Walk-in
CUST003794,Ryan,Tucker,ryan.tucker686@outlook.com,601.352.7737,M,1979-09-06,2025-03-29,NEW YORK,South James,bronze,Mobile App,0,
CUST000015,James,Moran,james.moran157@outlook.com,6794911838,F,1957-05-20,2022-12-23,IN,Stephenland,gold,In-Store,,Social Media
CUST003640,Ryan,Cooper,ryan.cooper226@gmail.com,432-597-9202x221,Other,2005-10-08,2021-02-02,NY,South Danielleview,platinum,Online,,Influencer
CUST000322,Timothy,Yates,timothy.yates524@outlook.com,9636254310,Other,1998-03-01,2023-04-22,NY,North Angela,bronze,Online,Y,TV Ad
CUST003008,Allison,Snyder,allison.snyder169@yahoo.com,420-204-0234,Other,1988-09-29,2023-07-14,New York,Donaldburgh,Silver,Mobile App,Y,Friend Referral
CUST000793,Andre,Beck,andre.beck37@hotmail.com,,M,1966-10-02,2022-08-24,Texas,West Michelleland,bronze,Online,,
CUST000403,Aaron,Marshall,aaron.marshall23@yahoo.com,349.646.5398x4028,M,1998-09-24,2022-05-10,Illinois,North Brian,bronze,In-Store,Y,Walk-in
CUST001291,Misty,Gray,misty.gray713@outlook.com,214-529-4300,F,1985-03-06,2024-11-12,Tennessee,Robertfort,Bronze,In-Store,Y,
CUST004434,Lee,Allen,lee.allen899@yahoo.com,726.599.5191x3205,F,1980-03-02,2025-07-03,GA,Lake Debbie,bronze,Online,Y,Influencer
CUST002465,Karen,Bowers,karen.bowers715@hotmail.com,001-404-629-4299x211,Other,2000-11-01,2025-02-07,Michigan,Lake Anthony,silver,Mobile App,yes,Social Media
CUST005740,Mathew,Key,mathew.key766@hotmail.com,+1-744-942-9345x46266,F,1975-06-04,2022-09-16,Maryland,East Abigailburgh,Bronze,Online,,Search Engine
CUST002133,Tammy,Moreno,tammy.moreno51@outlook.com,(716)752-5081,M,1989-06-11,2024-03-06,Georgia,North Vanessaville,silver,Mobile App,Y,Friend Referral
CUST003351,  Randy ,Phillips,,,M,,2025-11-20,California,Marymouth,bronze,In-Store,,
CUST005710,David,Smith,david.smith901@outlook.com,+1-213-255-8103,Other,1980-06-02,2024-02-05,TN,North Karen,silver,Online,no,Search Engine
CUST004673,Michael,Gomez,michael.gomez15@gmail.com,464-628-5952x529,M,1985-07-20,06/24/2022,Arizona,North Dennis,BRONZE,Mobile App,Y,Search Engine
CUST001186,Randy,Hamilton,randy.hamilton950@outlook.com,3984910390,Other,1941-04-05,12/05/2020,PA,Lake Cynthiaview,BRONZE,Online,0,Walk-in
CUST000289,Thomas,Lowe,thomas.lowe611@yahoo.com,+1-979-354-5381x7921,M,1948-02-03,2020-12-26,Indiana,Myersshire,SILVER,In-Store,Y,
CUST005849,Carmen,Nguyen,carmen.nguyen502@yahoo.com,(286)566-3049x661,M,1971-07-11,2022-12-25,New York,Wuburgh,SILVER,Online,yes,Walk-in
CUST002805,William,Johnson,william.johnson910@hotmail.com,370.208.7775,F,1961-01-08,2021-04-20,Wisconsin,Caldwellburgh,gold,In-Store,N,Walk-in
CUST001475,Brittney,Garcia,brittney.garcia49@outlook.com,263-997-1492,F,1978-02-28,2026-02-17,TX,Robinville,BRONZE,In-Store,,Social Media
CUST005535,Mike,Torres,mike.torres625@outlook.com,948.393.5998x51017,M,1953-10-01,2021-06-30,GA,New Melissaberg,Gold,Online,N,Email Campaign
CUST000332,Sean,Davis,sean.davis582@gmail.com,,M,1944-07-12,2024-05-28,Washington,Port Shari,Bronze,Mobile App,,
CUST005609,  Eric ,Douglas,eric.douglas424@gmail.com,+1-616-536-0052,Other,1978-08-14,2025-06-03,PA,New Andrewton,Bronze,Mobile App,yes,
CUST000915,Herbert,Gill,herbert.gill396@yahoo.com,362-759-1601x1241,M,1972-04-23,2026-04-15,Washington,Bensonfort,SILVER,Online,no,Influencer
CUST004384,Melanie,Sullivan,melanie.sullivan404@yahoo.com,(353)666-1211x23792,M,1988-04-28,2024-02-01,California,Port Timothy,bronze,Mobile App,N,Social Media
CUST001130,Charles,Stevens,charles.stevens106@outlook.com,+1-319-537-5919x2267,Other,1981-11-01,2022-04-16,OH,North Patrickview,silver,In-Store,N,Walk-in
CUST001230,Michael,Hunt,michael.hunt325@outlook.com,001-566-340-1632x95737,M,1959-02-11,2026-05-10,IN,Angelbury,bronze,Mobile App,1,Email Campaign
CUST005728,Austin,Walker,austin.walker704@gmail.com,310-561-1638x94494,F,1999-12-21,2024-06-29,Georgia,Ayalastad,silver,Online,1,Walk-in
CUST005604,Daniel,Perez,daniel.perez578@outlook.com,(592)969-4694x683,Other,1955-07-22,2022-10-23,Tennessee,Jackstad,Bronze,Mobile App,N,Walk-in
CUST005723,Sandra,Perry,sandra.perry734@outlook.com,+1-312-398-5623,M,1972-05-06,2023-04-25,Texas,New James,Bronze,Online,no,Email Campaign
CUST005985,Jennifer,Clements,jennifer.clements938@outlook.com,001-534-368-1459,F,2007-11-29,2025-04-07,VA,Hensonmouth,Bronze,Mobile App,Y,
CUST001733,John,Wheeler,john.wheeler222@hotmail.com,599-724-6871x446,F,1986-04-05,2023-09-09,tn,Wallaceport,Gold,In-Store,N,Email Campaign
CUST004330,Sarah,Perez,sarah.perez177@hotmail.com,972-940-5394,F,1986-12-09,2025-10-17,Wisconsin,Christopherchester,bronze,Online,Y,Social Media
CUST000905,Jason,Gallegos,jason.gallegos377@hotmail.com,+1-523-261-3376x052,M,1981-09-23,2025-01-28,MA,West Donna,BRONZE,Mobile App,Y,Friend Referral
CUST001177,James,Scott,james.scott124@gmail.com,(381)815-7449x653,F,1983-01-10,2021-02-05,IL,Williamstad,Bronze,In-Store,no,Social Media
CUST000476,Amanda,Adams,amanda.adams616@yahoo.com,001-260-453-1340x2665,M,2009-12-06,2024-06-29,ga,Martinstad,Gold,Online,,Influencer
CUST000621,Jessica,Schmidt,jessica.schmidt682@outlook.com,(445)379-3897x01550,M,1968-05-30,2021-09-10,PA,East Jessicafort,GOLD,Online,no,
CUST002619,Katherine,Kim,katherine.kim562@gmail.com,(749)691-0471x64954,Other,1980-05-30,2020-11-09,MI,Port Jenna,Platinum,Mobile App,N,Friend Referral
CUST004352,Tanya,Edwards,tanya.edwards259@outlook.com,840.621.1990,M,1964-07-07,2024-04-10,PA,West Robin,BRONZE,Online,Y,Friend Referral
CUST004222,Michael,Parks,michael.parks844@yahoo.com,8826872740,M,1948-01-06,2025-10-17,MO,Port Theresa,GOLD,Online,Y,
CUST003009,Jacob,Gregory,jacob.gregory324@outlook.com,(800)621-5638x366,M,1978-10-28,2024-05-26,mi,Nathanborough,gold,Online,N,Walk-in
CUST001887,Christopher,Moore,christopher.moore162@gmail.com,+1-601-299-0502,M,1998-07-11,2022-02-28,Illinois,Woodardfurt,gold,Mobile App,no,Walk-in
CUST000983,  Randy ,Gomez,randy.gomez745@hotmail.com,+1-621-476-4846x7357,F,1999-11-06,2025-06-20,pa,New Erica,bronze,In-Store,Y,Social Media
CUST006085,David,Smith,DAVID.SMITH901@OUTLOOK.COM,+1-213-255-8103,Other,1980-06-02,2024-02-05,TN,North Karen,silver,Online,no,Search Engine
CUST005061,William,Lucero,william.lucero267@gmail.com,843.641.4671x701,M,1968-08-10,2021-11-01,MICHIGAN,East Christinefort,SILVER,Online,yes,Friend Referral
CUST000326,Shaun,Mason,shaun.mason529@gmail.com,+1-413-971-1624x11241,F,1998-09-29,2023-05-30,Pennsylvania,Shannonstad,Platinum,Mobile App,,
CUST000148,Kenneth,Brown,,,M,,2026-03-25,NY,Cruzbury,gold,In-Store,,
CUST000080,Kimberly,Young,,,F,,2022-01-22,WA,,bronze,Online,,
CUST000879,Raymond,Schultz,raymond.schultz828@gmail.com,001-876-372-0191x116,F,1991-11-24,2021-05-06,CA,North Michelle,silver,Online,0,Influencer
CUST001717,Jason,Martin,jason.martin259@gmail.com,600-342-3182x06820,M,1948-11-24,2025-09-18,NC,Jasonside,Bronze,In-Store,Y,Social Media
CUST003127,Emma,Tran,emma.tran505@gmail.com,,M,1953-11-02,2022-11-28,FL,Lake Kimberlymouth,gold,Online,,
CUST005355,Brendan,Miller,brendan.miller49@outlook.com,776.813.8672x9383,Other,1943-09-21,2022-08-03,MI,North Nicoleburgh,Silver,Online,Y,Search Engine
CUST004803,Sarah,Wilson,sarah.wilson336@hotmail.com,973.413.3411x702,M,2003-05-31,2024-06-19,New York,Washingtonview,bronze,Mobile App,,Search Engine
CUST005646,Elizabeth,Ward,,,M,,2024-02-16,pa,,Bronze,Mobile App,,
CUST005254,Kelly,Gillespie,kelly.gillespie713@hotmail.com,4063622771,F,1996-06-08,2025-08-13,MI,Kellyside,Silver,Online,N,TV Ad
CUST000022,Michael,Jones,,,M,1987-03-04,2022-08-06,Ohio,Elizabethville,BRONZE,In-Store,,
CUST004109,Katrina,Young,katrina.young898@yahoo.com,001-369-580-2250x91357,F,1972-12-07,2022-06-27,FL,Williambury,GOLD,In-Store,1,Social Media
CUST001940,Rebecca,Jones,rebecca.jones92@outlook.com,001-713-461-6576,F,1949-02-17,2024-02-03,wi,Crawfordview,Bronze,In-Store,N,TV Ad
CUST004677,Jonathan,Austin,jonathan.austin883@hotmail.com,001-937-901-4155x1051,M,1948-08-20,2025-04-10,Virginia,Joshuaberg,Silver,In-Store,Y,Social Media
CUST002921,Russell,Snyder,russell.snyder558@hotmail.com,001-332-651-0110x2883,M,1975-01-09,2021-08-17,Massachusetts,Littleview,Silver,Online,Y,Friend Referral
CUST004149,Alexander,Sanchez,alexander.sanchez368@hotmail.com,884-420-9418x444,Other,1968-01-20,2025-09-11,Indiana,East Jamesside,BRONZE,In-Store,0,Walk-in
CUST000385,Jonathan,Peterson,jonathan.peterson313@outlook.com,+1-310-477-1199x180,F,1965-07-17,2020-12-11,wi,Paulahaven,BRONZE,Mobile App,0,
CUST002308,Kimberly,Phelps,kimberly.phelps94@yahoo.com,365.278.3715,Other,1979-09-01,2021-06-08,MARYLAND,North Patrick,gold,In-Store,yes,Influencer
CUST002633,Joanna,Dunlap,joanna.dunlap424@yahoo.com,(237)373-1252x4587,F,1982-04-25,2025-09-06,MA,Port Danielle,Platinum,In-Store,0,
CUST002554,Michele,Schwartz,michele.schwartz506@hotmail.com,(685)652-0101x544,Other,1981-01-10,2022-12-13,Virginia,East Sydney,bronze,Online,yes,Walk-in
CUST003974,Richard,Morgan,richard.morgan624@hotmail.com,(759)422-0213,F,1985-02-08,2022-03-20,North Carolina,Lake Timothyport,PLATINUM,Mobile App,no,
CUST001100,Christopher,Hill,christopher.hill966@yahoo.com,871-497-8601,Other,2006-05-12,2021-11-23,CALIFORNIA,Libury,silver,Online,N,Social Media
CUST002723,Tamara,Bell,tamara.bell680@hotmail.com,7689992471,F,1974-12-27,08/19/2024,TX,Kristinechester,Platinum,Mobile App,yes,Search Engine
CUST001477,Heather,Thompson,heather.thompson75@yahoo.com,001-967-472-4434x35497,M,1986-05-24,2026-03-20,GA,Lunabury,silver,Mobile App,Y,Social Media
CUST005613,David,Schneider,david.schneider574@yahoo.com,+1-494-360-6419x33755,F,1991-02-16,2020-09-20,PA,Port Chelsea,gold,Online,Y,
CUST005588,Alyssa,Burton,alyssa.burton369@hotmail.com,+1-712-901-4873x54462,F,1954-09-20,2026-02-18,PA,East Julia,Bronze,In-Store,0,Influencer
CUST003066,Anne,Thomas,anne.thomas335@outlook.com,(752)985-1419x08274,M,1986-12-31,2026-01-30,FLORIDA,New Maureen,Bronze,In-Store,0,Email Campaign
CUST000038,Kimberly,James,kimberly.james131@gmail.com,+1-213-834-1232x812,Other,2004-04-08,2022-05-28,Missouri,Torreston,Bronze,In-Store,0,Email Campaign
CUST000631,Thomas,Marquez,thomas.marquez841@outlook.com,539.973.2781x952,F,1954-08-29,2021-06-12,CA,North Jamiemouth,BRONZE,Mobile App,Y,Email Campaign
CUST003179,Angela,Wood,angela.wood172@hotmail.com,6048896560,M,1961-07-03,2023-11-03,Illinois,Cindyport,bronze,Mobile App,Y,
CUST003828,Andrew,Dawson,andrew.dawson310@gmail.com,305.821.7020x73970,M,1975-06-05,2024-06-28,WASHINGTON,Hallport,platinum,Online,no,
CUST001256,Brittany,Evans,brittany.evans872@hotmail.com,001-692-264-5633x9172,F,1994-10-20,2022-12-25,Indiana,Dawnberg,BRONZE,Mobile App,1,TV Ad
CUST001338,Virginia,Johnson,virginia.johnson328@outlook.com,9739429390,Other,1952-11-30,2022-03-29,California,Martintown,Gold,Online,no,
CUST004385,Haley,Mills,haley.mills457@hotmail.com,001-687-447-4412x4043,F,1951-07-17,02/07/2025,Washington,Lake Joy,gold,In-Store,,
CUST000679,Tina,Mueller,tina.mueller73@yahoo.com,001-858-337-4907x9779,F,1976-03-13,2023-06-11,TN,Danielbury,silver,Online,0,Walk-in
CUST004891,Debra,Valencia,debra.valencia434@outlook.com,001-507-853-7142x27690,Other,1977-12-12,2021-01-23,pa,New Johnton,Bronze,Mobile App,Y,Social Media
CUST002784,Grace,Gonzalez,grace.gonzalez142@outlook.com,(673)730-8903,F,1965-09-18,2023-03-27,MI,East Robert,BRONZE,Mobile App,Y,Walk-in
CUST004181,Joshua,Garcia,joshua.garcia980@gmail.com,209-685-9306,F,1973-01-01,2024-07-27,CA,Ericaberg,silver,In-Store,N,TV Ad
CUST003200,Tyler,Moses,tyler.moses833@outlook.com,8242201277,Other,1954-01-29,2022-06-18,Wisconsin,New Brucetown,Gold,In-Store,0,Email Campaign
CUST000382,Allison,Henderson,allison.henderson486@outlook.com,595.776.0243x7573,M,1962-10-14,2021-01-16,PENNSYLVANIA,Smallville,BRONZE,Online,N,Influencer
CUST003356,Patrick,Spencer,patrick.spencer455@outlook.com,460-936-3242x8662,M,2000-05-23,2022-11-12,Illinois,Melissafurt,platinum,Online,Y,
CUST001248,Jeremy,Thompson,jeremy.thompson955@outlook.com,001-694-656-4523x4286,F,1953-05-20,2022-11-17,TX,Port Jasonbury,bronze,Online,Y,Social Media
CUST002793,Ashley,Baker,ashley.baker5@gmail.com,(928)973-5118,M,1978-05-07,2021-05-31,IN,Christopherstad,Bronze,Online,Y,Social Media
CUST001098,Eugene,Humphrey,eugene.humphrey575@yahoo.com,201.560.4986,Other,1962-06-12,2024-06-29,wa,Christopherburgh,bronze,In-Store,Y,TV Ad
CUST003092,Michelle,King,michelle.king501@hotmail.com,001-869-744-1042x32008,Other,1947-01-02,2024-07-23,NC,East Denise,Silver,Mobile App,,TV Ad
CUST000433,Carlos,Kelley,carlos.kelley711@outlook.com,(820)491-2418,M,1957-08-20,2026-03-15,PA,South Lori,SILVER,In-Store,,
CUST003112,Joseph,Price,joseph.price678@hotmail.com,825-808-8232x439,Other,1978-05-07,2022-01-07,CALIFORNIA,Tanyafurt,bronze,Mobile App,N,
CUST003461,Theresa,King,theresa.king909@yahoo.com,+1-537-385-1393x1165,M,1955-08-07,07/01/2023,Pennsylvania,Nathanmouth,BRONZE,Online,0,Walk-in
CUST005517,Stephen,Gates,stephen.gates945@outlook.com,626.888.6219,F,1956-02-26,2021-11-18,GEORGIA,Fisherside,bronze,Online,no,TV Ad
CUST002316,Richard,Gonzales,richard.gonzales337@gmail.com,001-886-638-1303x26249,M,1994-03-29,2023-09-29,California,South Rachelbury,Gold,Online,Y,Social Media
CUST004659,Kimberly,Ellis,kimberly.ellis20@gmail.com,581.869.7507,M,1941-05-30,2023-07-01,TN,Lake Stacey,Silver,Online,N,TV Ad
CUST004245,Jessica,Larson,jessica.larson504@outlook.com,001-782-548-5802x576,F,1976-01-18,2022-09-13,Arizona,Michaelberg,BRONZE,Online,N,Friend Referral
CUST002335,Christine,Mccoy,christine.mccoy92@yahoo.com,(764)471-0793x52756,M,2005-08-15,2025-11-14,Massachusetts,Lake Kimberlyfurt,Bronze,Mobile App,yes,Search Engine
CUST004479,Michael,Hurst,michael.hurst33@yahoo.com,001-812-346-9025,Other,2000-09-29,2026-01-27,OH,Lake Lisaview,Bronze,Mobile App,N,Search Engine
CUST005552,Alex,Ponce,alex.ponce422@yahoo.com,,F,1962-04-02,2021-02-05,ma,Joshuaton,silver,Mobile App,,
CUST004324,Paula,Schmidt,paula.schmidt275@gmail.com,(808)634-0017x047,Other,1950-08-13,2022-01-05,TX,Spencerberg,BRONZE,Online,Y,TV Ad
CUST004088,Jennifer,Montgomery,jennifer.montgomery285@hotmail.com,267.240.8656,F,1977-03-05,2025-08-20,Indiana,Colemanshire,Gold,Mobile App,N,Social Media
CUST000545,Robert,Gonzalez,robert.gonzalez14@yahoo.com,(912)287-5857x56766,M,1962-01-09,2022-05-28,WI,Gardnerfurt,Silver,Mobile App,no,
CUST005200,Denise,Pena,denise.pena445@yahoo.com,+1-278-623-6813x14342,F,1992-06-02,2021-08-28,NEW YORK,South Tara,GOLD,Online,N,Influencer
CUST003314,Richard,Farley,richard.farley133@outlook.com,+1-908-697-3036x5907,M,1970-12-07,12/01/2021,Indiana,Georgetown,BRONZE,Online,Y,TV Ad
CUST002785,Kimberly,Collins,kimberly.collins880@gmail.com,309-954-9686,M,1986-07-19,2022-04-28,MISSOURI,Port Gregory,bronze,Online,Y,Walk-in
CUST005372,Jacob,Greene,jacob.greene63@hotmail.com,961.266.0333,M,1980-06-27,2022-03-09,WI,Port Gloriaberg,gold,In-Store,Y,Influencer
CUST005846,Raymond,Hammond,,,M,,08/03/2024,North Carolina,,Silver,In-Store,,
CUST004116,David,Hudson,david.hudson39@hotmail.com,801.530.1132,M,1962-02-06,2025-09-09,Indiana,Darinberg,bronze,Mobile App,1,Search Engine
CUST002961,Chelsea,Lane,chelsea.lane592@yahoo.com,(891)376-4803,Other,2000-08-23,11/23/2020,North Carolina,South Jennifer,Bronze,Mobile App,N,
CUST005863,Michelle,Roth,michelle.roth383@gmail.com,001-615-932-2760x348,Other,1983-12-30,2026-05-06,NY,Adamland,silver,In-Store,yes,
CUST003456,Gary,Walker,gary.walker593@hotmail.com,(494)842-4722,Other,1974-09-20,2020-11-30,IN,West Nicholas,SILVER,Online,0,Friend Referral
CUST004333,Thomas,Cox,thomas.cox772@hotmail.com,6575013632,M,2008-08-27,2025-07-02,IN,Youngview,Bronze,Mobile App,yes,Influencer
CUST000673,Michael,Vega,michael.vega724@outlook.com,774-523-8856x52715,F,1965-05-05,04/17/2026,PENNSYLVANIA,Seanton,BRONZE,Online,Y,Email Campaign
CUST001645,Tim,Fisher,tim.fisher810@yahoo.com,242-715-7837x9264,M,1986-10-14,10/26/2023,ma,Phillipsstad,SILVER,Online,yes,Email Campaign
CUST001462,Chad,Floyd,chad.floyd901@outlook.com,+1-696-522-0682,F,1944-07-15,03/22/2023,PA,West David,Silver,Online,1,Walk-in
CUST000722,Angela,Wheeler,angela.wheeler652@outlook.com,001-997-742-9250x105,F,1993-10-07,2021-04-20,North Carolina,Stephenborough,BRONZE,In-Store,,Search Engine
CUST003354,Wesley,Stewart,wesley.stewart197@gmail.com,977-841-7333x6010,M,1964-10-19,2021-10-02,TN,South Carmen,BRONZE,In-Store,Y,Social Media
CUST005368,Alexander,Sutton,alexander.sutton502@hotmail.com,357-470-7330,F,1957-08-11,2026-06-08,Indiana,Dannyborough,SILVER,Mobile App,no,
CUST004838,Ryan,Livingston,ryan.livingston163@outlook.com,+1-745-722-0597x9884,F,1972-07-18,2023-12-17,Michigan,Williamsside,Gold,Online,Y,Friend Referral
CUST004289,Holly,Norton,holly.norton126@gmail.com,,M,1977-11-21,2025-06-03,GA,Port Lucasmouth,SILVER,In-Store,,
CUST005803,Kristin,Hammond,kristin.hammond611@outlook.com,001-638-234-1381x391,M,1980-07-14,2023-10-03,Arizona,Stevenshire,BRONZE,Online,N,Social Media
CUST001655,Melvin,Archer,melvin.archer939@yahoo.com,698-788-3743,M,1979-05-24,2023-04-01,MO,Jodymouth,Bronze,Mobile App,Y,Social Media
CUST000469,Catherine,Mosley,catherine.mosley270@yahoo.com,+1-496-479-2408,Other,1952-08-17,2026-03-08,nc,Whiteside,BRONZE,In-Store,0,Search Engine
CUST002337,Mary,Vasquez,mary.vasquez230@outlook.com,308.860.4283,M,1945-07-16,2024-12-20,AZ,Dawsonview,bronze,In-Store,Y,
CUST000143,Amy,Anderson,amy.anderson22@outlook.com,6124770632,M,2000-05-05,2025-04-05,Michigan,North Corymouth,bronze,Online,no,TV Ad
CUST003628,Alicia,Buchanan,alicia.buchanan563@yahoo.com,3353783542,M,1976-02-27,2020-11-04,pa,Ericmouth,Bronze,Online,,Friend Referral
CUST003075,William,Chavez,william.chavez348@yahoo.com,777.235.1059x73446,F,2003-07-09,2021-04-11,WI,Thomasshire,SILVER,In-Store,1,Friend Referral
CUST000134,Anita,Mullen,anita.mullen571@gmail.com,(360)493-7966x03341,Other,1956-11-26,2023-01-12,WI,East Danielle,silver,Online,1,Social Media
CUST004597,Alexander,May,alexander.may877@yahoo.com,+1-541-365-1163,Other,1958-05-14,2024-07-09,ny,South Angelastad,gold,In-Store,Y,Influencer
CUST004635,Alec,Chen,alec.chen991@hotmail.com,278-498-6877x81164,F,1975-07-15,2025-02-11,pa,North Benjaminmouth,bronze,Mobile App,no,
CUST005596,Jean,Sims,jean.sims869@outlook.com,+1-436-416-8846,Other,1972-02-26,2026-06-02,TX,Jameschester,bronze,Mobile App,Y,
CUST002317,Anthony,King,anthony.king255@outlook.com,7536644349,F,1968-06-06,2025-05-20,MO,Ashleymouth,SILVER,In-Store,no,
CUST003165,Matthew,Valdez,matthew.valdez275@outlook.com,+1-595-413-3316x95432,M,1979-11-15,2021-08-13,WA,Tamaramouth,Silver,Online,no,Social Media
CUST000493,Paul,Gomez,paul.gomez466@hotmail.com,221.431.4519x5151,M,1960-10-02,2026-01-14,WISCONSIN,Mcdanielville,SILVER,In-Store,Y,Walk-in
CUST002416,Joseph,Anderson,joseph.anderson61@gmail.com,886.411.5111,F,1972-09-21,2020-12-22,va,North Matthew,silver,Mobile App,N,TV Ad
CUST003268,Jonathan,Smith,jonathan.smith398@hotmail.com,+1-740-471-2534x61155,M,2008-02-26,2020-10-16,TN,Williamsview,SILVER,Mobile App,N,Email Campaign
CUST004299,Kristopher,Mccullough,kristopher.mccullough714@hotmail.com,6855544364,M,1990-01-18,2022-09-27,Michigan,Gonzalesborough,bronze,Online,Y,Influencer
CUST001464,Erin,Smith,erin.smith61@outlook.com,(852)694-1285x3700,Other,1983-07-07,2024-06-25,TEXAS,West Samuel,Bronze,Online,,Social Media
CUST002516,Thomas,Robinson,thomas.robinson815@outlook.com,266.280.8079x56530,F,2000-03-12,2021-04-29,California,Port Paul,Silver,Online,Y,TV Ad
CUST003910,Harold,Haas,harold.haas918@outlook.com,+1-718-379-3759x3727,F,1998-02-24,05/01/2026,WI,Jacksonshire,SILVER,Online,no,Search Engine
CUST006066,Joshua,Jones,JOSHUA.JONES586@GMAIL.COM,001-965-812-0541x5280,M,2006-06-19,2022-09-11,Pennsylvania,Gilbertside,silver,Mobile App,no,TV Ad
CUST002484,Joseph,Morrison,joseph.morrison205@hotmail.com,8944281683,Other,1944-07-31,2026-05-21,New York,West Jessicastad,Gold,In-Store,no,Social Media
CUST003561,Joseph,Garcia,joseph.garcia602@gmail.com,730.354.0696,M,1968-08-16,2026-02-18,CALIFORNIA,Averyport,BRONZE,Mobile App,1,
CUST004080,Jimmy,Martin,jimmy.martin890@hotmail.com,+1-673-748-6071x775,M,1947-04-22,2024-02-11,Washington,Davidland,Bronze,Mobile App,N,TV Ad
CUST004178,Paul,Short,paul.short672@outlook.com,(334)485-2852x95803,M,1988-01-11,2021-03-27,fl,South Debra,silver,In-Store,Y,
CUST000273,Jennifer,Long,jennifer.long299@hotmail.com,2385860868,M,2006-05-31,2024-01-01,WASHINGTON,New Danielmouth,Platinum,Mobile App,0,Walk-in
CUST004045,  William ,Cook,william.cook891@yahoo.com,7165242955,M,2003-01-10,2021-04-14,Indiana,South Michael,bronze,Online,N,Friend Referral
CUST001700,Darrell,Rogers,darrell.rogers880@gmail.com,+1-826-309-6856x8888,Other,1988-02-15,2021-03-25,Arizona,Loweborough,BRONZE,Mobile App,Y,Influencer
CUST002832,Katherine,Green,katherine.green246@yahoo.com,3006013302,M,1973-11-01,03/29/2024,MI,Danielletown,Bronze,In-Store,N,
CUST003960,Amanda,Bryant,amanda.bryant142@gmail.com,(608)865-2077,F,2003-11-11,2023-11-29,oh,Alexandriaberg,BRONZE,Mobile App,,Influencer
CUST001866,Timothy,Matthews,timothy.matthews426@outlook.com,966.204.1426x4302,F,1966-06-15,2024-11-12,NY,Davidsonbury,Silver,Mobile App,,
CUST001955,Charles,Taylor,charles.taylor49@outlook.com,702.487.5740,Other,1989-12-23,2025-10-04,Maryland,Port Arthur,GOLD,Mobile App,1,Walk-in
CUST003769,Alex,Olson,alex.olson731@outlook.com,469.417.0324,M,1991-08-04,02/07/2021,CA,Fosterberg,Silver,In-Store,,
CUST002926,Sonya,Sawyer,sonya.sawyer397@hotmail.com,001-556-898-0284x4027,M,1943-12-14,2021-09-04,MISSOURI,Lake Jameshaven,Gold,Online,yes,Email Campaign
CUST005081,Isaac,Nash,isaac.nash651@gmail.com,739-800-9058x48136,Other,1960-09-08,2023-11-18,Pennsylvania,Churchtown,GOLD,Mobile App,N,Walk-in
CUST004798,Mark,Holmes,mark.holmes848@gmail.com,230-529-9903,M,1967-07-15,2021-04-06,NC,New Jordan,Gold,Online,,Email Campaign
CUST000937,Megan,Thomas,megan.thomas907@yahoo.com,563-456-4072,Other,1999-10-17,2022-10-23,Virginia,Lake Autumnton,bronze,In-Store,no,Search Engine
CUST001823,Tara,Kelly,tara.kelly439@hotmail.com,909.950.7933,Other,1940-12-22,2023-12-24,MO,North Angela,Silver,In-Store,no,
CUST004497,Brian,Jordan,brian.jordan607@yahoo.com,,F,1996-01-23,2021-10-27,Texas,Washingtonchester,SILVER,Mobile App,,
CUST002814,Pamela,Atkins,pamela.atkins846@hotmail.com,4084222053,F,2002-06-18,2026-06-04,Ohio,Smithton,BRONZE,Mobile App,yes,Email Campaign
CUST003037,Timothy,Hall,timothy.hall151@hotmail.com,630.419.4410x88344,Other,1991-08-03,2021-07-01,CA,Evansmouth,BRONZE,In-Store,Y,Influencer
CUST004846,Trevor,Simpson,trevor.simpson692@gmail.com,(495)832-5085x804,Other,1977-02-26,2024-10-10,MO,East Danieltown,silver,Online,,Walk-in
CUST002064,Todd,Carter,todd.carter106@yahoo.com,(641)504-1507,F,1965-11-10,2023-06-04,IL,North Alicia,Bronze,In-Store,Y,Friend Referral
CUST005742,Alex,Ruiz,alex.ruiz709@outlook.com,310.306.5232,M,1991-11-05,2022-03-04,MI,East Derek,Silver,Mobile App,1,TV Ad
CUST000580,Samuel,Romero,samuel.romero620@hotmail.com,8987898645,M,1981-11-03,2026-03-04,IL,East Kennethmouth,SILVER,Mobile App,Y,Walk-in
CUST001873,Joseph,King,joseph.king242@yahoo.com,686-295-6134,Other,2003-04-07,2022-02-26,NY,Port Johnstad,Bronze,In-Store,0,TV Ad
CUST003935,Robert,Henderson,robert.henderson514@hotmail.com,286-905-0350,M,1946-07-20,12/24/2022,IL,Deniseton,Platinum,Mobile App,,
CUST005858,  Daniel ,Wood,daniel.wood364@outlook.com,479-447-7646x377,M,1962-08-05,2024-05-16,Washington,Christinaborough,bronze,Online,Y,Email Campaign
CUST005676,Maria,Robinson,maria.robinson767@outlook.com,894.345.7282,F,2006-05-03,2021-08-10,az,West Taylorchester,gold,Mobile App,N,
CUST004628,Maria,Ponce,maria.ponce662@outlook.com,(211)435-8884x5775,M,2002-03-06,2026-04-09,AZ,Lake Sandra,bronze,In-Store,1,Email Campaign
CUST004526,Lindsey,Sloan,lindsey.sloan287@yahoo.com,567-340-9061x4356,F,1985-02-26,2026-01-07,FL,Williamsmouth,bronze,In-Store,Y,Influencer
CUST005316,Sarah,Brown,sarah.brown575@gmail.com,+1-461-635-7826x183,M,1960-01-19,2023-10-28,MI,East Emily,GOLD,Mobile App,no,Social Media
CUST004395,Kyle,Sexton,kyle.sexton708@outlook.com,+1-619-904-2446x24167,F,1986-04-29,2026-05-14,va,Coxfurt,silver,Online,Y,Walk-in
CUST000182,William,Bates,william.bates27@yahoo.com,815.745.4443x2830,F,1999-09-15,2022-11-07,GEORGIA,Kennethville,SILVER,Mobile App,,
CUST002908,Matthew,Smith,matthew.smith46@gmail.com,+1-584-281-3120x5930,M,1949-06-07,2021-07-02,MO,New Terrihaven,gold,Online,Y,
CUST005899,Patricia,Hanson,patricia.hanson42@yahoo.com,+1-683-422-2747x72033,M,1976-11-24,2023-06-17,New York,North Larryhaven,BRONZE,Online,,Email Campaign
CUST002582,Jill,Gonzales,jill.gonzales536@yahoo.com,8475442175,M,1965-04-20,2023-05-22,Maryland,Lake Rachel,platinum,In-Store,no,Influencer
CUST000604,Mark,Bartlett,mark.bartlett583@gmail.com,+1-476-904-4090x7977,F,2004-10-12,2023-08-07,New Jersey,New Joshuaview,Gold,In-Store,0,TV Ad
CUST002326,Richard,Johnson,richard.johnson257@outlook.com,001-897-637-2530x31584,M,1984-08-03,2023-03-07,MD,New Staceystad,silver,Mobile App,1,Walk-in
CUST004679,Katie,Hall,katie.hall573@hotmail.com,907.201.3168,F,1994-09-14,2021-08-06,CA,South Alice,gold,Online,,
CUST003027,Jessica,Parker,jessica.parker725@hotmail.com,261.599.9326,M,1972-03-18,2022-08-18,AZ,New Jason,BRONZE,Online,0,Influencer
CUST002924,  Zachary ,Buchanan,zachary.buchanan105@outlook.com,842-447-0269x15466,F,1972-01-29,2024-12-07,PA,Bensonburgh,bronze,In-Store,N,Search Engine
CUST005507,Christopher,Davies,christopher.davies596@hotmail.com,923.728.7159x55471,M,1997-03-31,2024-04-04,WI,Chelseaborough,GOLD,Mobile App,N,Search Engine
CUST004990,Marisa,Mcmahon,marisa.mcmahon634@hotmail.com,+1-281-577-2201,F,1998-10-19,2021-11-03,WA,North Coreyborough,Silver,Online,N,Friend Referral
CUST003507,Robert,Merritt,robert.merritt784@outlook.com,340.902.6716,Other,1985-09-07,07/15/2024,mo,Wardstad,Platinum,In-Store,N,
CUST004517,John,Lewis,john.lewis981@gmail.com,001-567-250-4464,M,1983-05-18,2025-12-10,Florida,Lake Tiffanychester,BRONZE,Online,Y,Influencer
CUST001508,Robin,Johnson,robin.johnson391@hotmail.com,+1-496-706-1047x18911,F,1951-05-08,2024-08-16,Texas,West Kristinbury,Bronze,Mobile App,Y,TV Ad
CUST003633,Jeffrey,Smith,jeffrey.smith534@outlook.com,(458)935-7178x62089,F,1981-11-14,2024-12-21,OHIO,North Anne,silver,In-Store,N,Search Engine
CUST003464,Scott,Underwood,scott.underwood679@hotmail.com,838.522.6068x686,M,1950-05-25,2026-02-11,ca,East Antonio,platinum,In-Store,N,Search Engine
CUST002257,Maurice,Glenn,maurice.glenn269@outlook.com,500-817-9251,Other,1952-05-25,2022-12-24,MICHIGAN,North Baileybury,GOLD,Mobile App,N,Walk-in
CUST001791,Kevin,Skinner,,,Other,1955-01-31,2026-06-09,PENNSYLVANIA,North Wendyhaven,platinum,In-Store,,
CUST005019,Kevin,Diaz,kevin.diaz36@hotmail.com,001-953-740-2926x67316,Other,1991-07-25,2021-03-27,TX,Jillchester,bronze,Mobile App,Y,
CUST003595,Brian,Stevens,brian.stevens388@yahoo.com,(689)433-2345,F,1969-07-27,2023-05-23,Florida,Gardnerville,gold,Online,no,Influencer
CUST002140,  Mary ,Martinez,mary.martinez686@outlook.com,001-370-285-6759,M,1981-01-20,2024-06-13,OHIO,North Shane,Bronze,In-Store,N,Social Media
CUST005654,Michael,Rivas,michael.rivas606@hotmail.com,001-850-999-2901x059,F,1968-08-19,2024-08-03,Florida,East Allison,BRONZE,Mobile App,no,TV Ad
CUST002073,Patricia,Thompson,patricia.thompson442@hotmail.com,616.750.4415x264,F,2006-04-28,2025-06-27,TX,Maryview,platinum,In-Store,1,Email Campaign
CUST001487,Sarah,Hall,sarah.hall972@yahoo.com,264.712.2474,F,1964-07-02,2024-05-02,TX,North Henry,BRONZE,Mobile App,Y,TV Ad
CUST001756,Anthony,Obrien,anthony.obrien842@yahoo.com,490-281-7003x276,F,2006-06-04,2021-12-15,Texas,New Debrashire,GOLD,In-Store,Y,Social Media
CUST005296,Kevin,Woods,kevin.woods743@yahoo.com,001-533-287-9602x04155,F,1953-06-16,2023-03-04,AZ,Port Kimberly,Bronze,Online,Y,Social Media
CUST001905,Sarah,Holland,sarah.holland103@hotmail.com,7737723861,F,1960-09-09,2022-04-17,AZ,Derekfurt,Bronze,Mobile App,no,Friend Referral
CUST000186,Vanessa,Orozco,vanessa.orozco812@yahoo.com,825-800-7432x92712,M,2009-09-27,2021-07-04,FLORIDA,Port Christopher,BRONZE,In-Store,Y,TV Ad
CUST003187,Abigail,Cook,abigail.cook477@yahoo.com,770.847.6809,M,1964-12-24,04/28/2024,PA,New Paul,Bronze,Online,Y,Email Campaign
CUST000093,Robert,Marshall,robert.marshall295@hotmail.com,(425)388-1537x1473,F,1964-06-27,2021-07-05,Missouri,Jessicastad,GOLD,In-Store,N,Social Media
CUST002768,Brittany,Barnes,brittany.barnes802@gmail.com,5412951130,F,1991-01-30,2024-03-20,GA,West Michael,SILVER,Online,N,Search Engine
CUST004143,Kenneth,Watson,kenneth.watson234@hotmail.com,(695)918-4691x728,F,1989-09-12,2023-06-21,WI,South Danielbury,silver,In-Store,0,Social Media
CUST003957,Robert,Casey,robert.casey175@hotmail.com,9596993219,M,1977-10-14,2021-09-06,Michigan,West Ronaldchester,Silver,Online,N,Influencer
CUST001915,  Rachel ,Barajas,rachel.barajas683@hotmail.com,719-617-1603x3308,F,2003-03-11,2021-10-08,MA,Lake William,BRONZE,In-Store,Y,Social Media
CUST005575,Evan,Carroll,evan.carroll58@gmail.com,+1-624-967-3756x798,M,1993-04-13,2022-10-13,va,Andersonhaven,Gold,Mobile App,Y,TV Ad
CUST000238,Angela,Chase,angela.chase46@hotmail.com,(667)228-8574,Other,1954-05-26,2025-04-30,Texas,South Linda,bronze,Online,N,Social Media
CUST005144,Ryan,Herring,ryan.herring263@gmail.com,564-484-1326x9717,M,1944-05-30,2026-05-12,il,West Christopher,gold,Online,0,Email Campaign
CUST004728,Gregory,Shaffer,gregory.shaffer680@outlook.com,4975071020,M,1981-04-11,2021-01-30,NEW JERSEY,North Michael,BRONZE,Mobile App,,Walk-in
CUST004126,Robert,Stanley,robert.stanley247@hotmail.com,(752)656-7678x790,M,1979-04-16,2023-02-21,New York,North Yolanda,silver,Mobile App,yes,
CUST000377,Cody,Guerrero,cody.guerrero998@hotmail.com,6177226016,F,1980-06-20,2022-02-23,Georgia,Brendahaven,GOLD,In-Store,1,Walk-in
CUST005776,Michael,Chapman,michael.chapman494@gmail.com,9369460098,F,1969-07-30,2023-04-05,MARYLAND,North Patrickburgh,bronze,In-Store,yes,TV Ad
CUST002021,Kenneth,Arnold,kenneth.arnold941@yahoo.com,(401)787-7795x3342,Other,1976-04-29,2022-02-09,Georgia,Mathisburgh,Bronze,In-Store,yes,Influencer
CUST001533,Amanda,Smith,amanda.smith346@yahoo.com,001-679-939-5795x5192,M,1984-04-01,2022-09-05,Tennessee,Mcdonaldbury,BRONZE,In-Store,Y,Influencer
CUST002952,James,Bennett,james.bennett232@outlook.com,779.309.1281x21263,M,1998-03-24,2021-06-08,FL,North Amy,platinum,Online,Y,Influencer
CUST004056,Sarah,Mccoy,sarah.mccoy447@hotmail.com,745-872-6542,M,1949-09-12,2025-12-08,TN,Ayalabury,Silver,Online,Y,Email Campaign
CUST001910,Marc,Brooks,marc.brooks446@yahoo.com,001-495-707-6557x37485,M,1964-03-21,2025-05-03,California,South Kendra,bronze,Mobile App,,
CUST003110,John,Barr,john.barr114@yahoo.com,(664)369-8363x320,F,1977-09-12,2023-03-16,tx,Pattersonmouth,bronze,Online,N,Walk-in
CUST003049,Lisa,Davenport,lisa.davenport778@hotmail.com,968-450-2208x05384,Other,2001-09-11,2024-09-24,nc,Figueroastad,gold,Mobile App,yes,TV Ad
CUST005172,Teresa,Thompson,teresa.thompson629@yahoo.com,+1-207-450-5702x6607,M,1954-03-27,2021-12-27,PA,East Barry,BRONZE,Mobile App,1,Search Engine
CUST005679,Amanda,Glass,amanda.glass391@hotmail.com,+1-841-579-5758x118,F,1982-10-07,05/16/2021,CA,Moorehaven,BRONZE,In-Store,0,Social Media
CUST000490,Andrew,Martin,andrew.martin803@yahoo.com,(237)261-8209x16601,Other,1953-02-12,2022-12-20,Michigan,North Douglas,silver,Online,Y,TV Ad
CUST000443,Oscar,Torres,oscar.torres414@gmail.com,001-873-723-0085x766,M,1960-07-02,2023-12-12,AZ,Jonesberg,Bronze,Mobile App,0,TV Ad
CUST002738,Amanda,Miller,amanda.miller846@gmail.com,001-268-352-7682,Other,1960-06-30,2024-05-02,Maryland,West Emily,GOLD,In-Store,1,Search Engine
CUST003034,Ann,Miller,ann.miller136@hotmail.com,967.836.1404,F,1979-02-03,2024-09-04,Tennessee,East Anna,Bronze,Online,Y,Friend Referral
CUST002186,Andrew,Collins,,,M,,2023-11-08,MO,,Gold,Mobile App,,
CUST000307,Paul,Ferrell,paul.ferrell232@hotmail.com,596.327.1286,M,1958-10-02,2025-05-28,New York,South Chad,bronze,Mobile App,0,Search Engine
CUST002685,Linda,Terrell,linda.terrell525@hotmail.com,+1-205-314-5386,F,1983-06-25,2025-02-13,Pennsylvania,Bensonbury,BRONZE,In-Store,Y,Social Media
CUST004624,Julia,Joseph,julia.joseph4@gmail.com,366-562-7131x240,Other,1965-05-31,2022-02-26,Michigan,Diazside,silver,Online,0,Search Engine
CUST004388,Jeffrey,Little,,,M,,2025-11-14,TN,,bronze,Online,,
CUST004340,Frank,Pearson,frank.pearson975@hotmail.com,001-667-301-6299x8858,Other,1962-11-30,2025-11-29,az,Justinmouth,Bronze,Mobile App,Y,Email Campaign
CUST004972,Anita,Hamilton,anita.hamilton519@hotmail.com,321-472-5401x486,Other,1958-08-03,2026-04-02,IN,South Mary,Silver,In-Store,,
CUST005848,Jeffrey,Hopkins,jeffrey.hopkins221@gmail.com,(326)774-9174x55468,M,1989-08-25,2024-01-10,va,Jessicaton,Silver,Mobile App,0,Email Campaign
CUST002625,Chelsea,Martin,chelsea.martin643@hotmail.com,309-716-3975x05792,Other,1945-10-22,2022-10-04,WI,Hutchinsonfurt,bronze,In-Store,N,
CUST005003,Casey,Hahn,casey.hahn280@gmail.com,3505122327,F,1967-11-23,09/26/2023,TX,Pattonberg,silver,Mobile App,0,Social Media
CUST003375,Kelly,Reynolds,kelly.reynolds702@outlook.com,(457)504-4554,M,2008-08-22,2022-01-09,North Carolina,Andrehaven,BRONZE,Mobile App,1,Search Engine
CUST005380,Paul,Gallegos,paul.gallegos57@yahoo.com,001-351-574-5184,M,1967-09-30,2022-02-01,Pennsylvania,Whitebury,Platinum,In-Store,0,Walk-in
CUST004214,  Michelle ,Buchanan,michelle.buchanan305@yahoo.com,+1-916-273-8339,M,1946-10-14,2021-05-21,MICHIGAN,New Christophermouth,PLATINUM,In-Store,Y,Walk-in
CUST004068,Andrea,Lewis,andrea.lewis40@yahoo.com,8099038755,M,1968-02-17,2023-01-21,California,Mcdanielborough,GOLD,Mobile App,yes,Influencer
CUST004087,Joshua,Huerta,joshua.huerta875@gmail.com,001-207-327-9999x4994,Other,1962-04-15,2021-02-11,Florida,Danielsberg,BRONZE,Mobile App,N,Influencer
CUST005995,Laurie,Torres,laurie.torres713@yahoo.com,694.595.9368x243,F,2001-04-05,2021-10-18,Virginia,Benjaminfurt,BRONZE,Mobile App,N,Influencer
CUST005196,Stephen,Chan,stephen.chan374@hotmail.com,989.458.4295x2496,F,1966-09-23,2023-07-04,California,New Brad,Silver,Online,yes,Walk-in
CUST001754,Bradley,Bell,bradley.bell652@outlook.com,001-635-870-7650,F,1990-11-22,2024-05-03,Georgia,Mariamouth,bronze,In-Store,,
CUST005571,Brian,Morales,brian.morales927@yahoo.com,(846)540-3037x276,F,1958-08-14,2023-03-11,Illinois,Arnoldfort,bronze,In-Store,,Walk-in
CUST000552,Michael,Foley,michael.foley1@gmail.com,+1-925-495-7244x6176,M,1975-11-25,2022-09-14,MASSACHUSETTS,Palmerburgh,platinum,Mobile App,Y,Friend Referral
CUST002025,Robert,Benitez,robert.benitez361@gmail.com,363.761.3959x45921,F,1985-10-24,2023-09-24,MA,New Victoriashire,BRONZE,In-Store,Y,Email Campaign
CUST004754,Shane,Leon,shane.leon587@hotmail.com,4834367809,F,2008-09-20,2022-08-20,California,West Karen,SILVER,In-Store,Y,Friend Referral
CUST002060,Paul,Allen,paul.allen302@yahoo.com,953.379.8214x92413,M,1972-03-02,2020-11-01,Missouri,South Michelle,Silver,Online,Y,Friend Referral
CUST004584,Ashley,Martinez,ashley.martinez25@gmail.com,363.213.4792,Other,2000-01-27,2023-07-21,Georgia,Daviston,BRONZE,Online,N,Influencer
CUST004878,Sean,Chang,sean.chang551@hotmail.com,(764)246-9024x6664,Other,1991-06-12,2022-06-20,Arizona,Lake Joshuaborough,Gold,Online,Y,Friend Referral
CUST001494,Mariah,Warren,mariah.warren652@hotmail.com,(716)838-8168x7851,F,1979-09-07,2023-10-21,VIRGINIA,North Juan,Silver,Online,no,TV Ad
CUST002503,Bobby,Martin,bobby.martin465@hotmail.com,(309)767-3725x00932,M,1964-07-04,2024-10-30,Washington,Lake Joshuamouth,BRONZE,In-Store,yes,Friend Referral
CUST003602,Jasmine,Taylor,jasmine.taylor593@outlook.com,001-597-578-0349x316,F,1980-09-06,12/24/2025,ILLINOIS,Adamschester,gold,Mobile App,N,Search Engine
CUST003290,Tiffany,Andrade,tiffany.andrade676@gmail.com,(360)958-0856x90289,F,1959-04-12,2021-05-26,VA,Lake Renee,GOLD,In-Store,Y,
CUST003836,Angela,Reed,angela.reed83@yahoo.com,6237352358,Other,1951-07-23,2024-09-18,Maryland,Stricklandside,BRONZE,Mobile App,no,Social Media
CUST006090,Richard,Sanford,RICHARD.SANFORD565@YAHOO.COM,6584300335,Other,1967-07-05,2020-11-22,VA,Lake Nathan,Silver,Mobile App,,
CUST004704,Tina,Phelps,tina.phelps149@outlook.com,642-200-2873,Other,1951-08-16,2023-11-25,Washington,Rodriguezhaven,bronze,Online,Y,
CUST001690,Timothy,Tyler,timothy.tyler556@gmail.com,+1-833-804-5969x206,F,1994-01-20,2021-06-14,Michigan,Jeanetteborough,Bronze,Online,N,Social Media
CUST004595,Briana,Gregory,briana.gregory300@outlook.com,001-240-493-3732x608,M,2006-01-31,2022-07-14,Indiana,Patriciaton,BRONZE,In-Store,1,TV Ad
CUST004478,Nicholas,Miller,nicholas.miller5@outlook.com,+1-678-887-3812,F,1980-06-01,2022-02-05,WISCONSIN,Parkerside,bronze,In-Store,yes,
CUST005522,Clinton,Thomas,clinton.thomas280@yahoo.com,+1-282-452-2299x11840,F,1997-03-24,2022-02-20,VA,South Carriestad,bronze,Online,1,Friend Referral
CUST004693,Brenda,Stafford,brenda.stafford648@gmail.com,(511)739-3530x19363,F,1968-06-27,2026-02-01,CA,Daltonstad,platinum,Mobile App,0,Search Engine
CUST004271,Jacob,Torres,jacob.torres908@outlook.com,222.942.8234x429,F,1947-08-29,2021-06-15,GA,East Heather,bronze,Online,N,Email Campaign
CUST002440,Janice,Anderson,janice.anderson588@yahoo.com,+1-854-504-4503,F,1966-07-17,2023-02-16,New York,Port Barbara,Silver,Online,yes,Walk-in
CUST004187,  Nathan ,Campbell,nathan.campbell455@yahoo.com,796.571.8323,M,2009-09-08,03/28/2026,California,Fishermouth,BRONZE,Mobile App,,
CUST001405,Larry,Gill,,,Other,,2023-11-11,oh,Lake Brianborough,BRONZE,Online,,
CUST004152,Jody,Gonzales,jody.gonzales74@yahoo.com,+1-287-765-9732x46057,M,1945-10-13,2023-04-27,fl,Port Scott,BRONZE,Online,yes,Email Campaign
CUST005107,Richard,Chavez,richard.chavez276@hotmail.com,+1-209-636-3662x057,M,1985-06-22,2022-03-29,Illinois,Heidichester,BRONZE,Online,no,
CUST005068,Kelsey,Thomas,kelsey.thomas866@hotmail.com,814.996.2340x21646,M,1977-05-03,2022-08-16,Illinois,Burtonbury,SILVER,In-Store,N,Walk-in
CUST001296,Tara,Barnes,tara.barnes86@yahoo.com,(627)667-2935x09793,Other,1967-06-29,01/29/2026,IL,East Lorettaton,BRONZE,Online,N,Walk-in
CUST002580,Frank,Palmer,,,F,,2025-06-19,az,,BRONZE,In-Store,,
CUST000496,Heather,Gutierrez,heather.gutierrez649@yahoo.com,588.378.8361x9689,F,1996-03-21,08/12/2022,North Carolina,South Robert,Silver,Mobile App,0,Walk-in
CUST000785,Jason,Cook,jason.cook269@yahoo.com,,M,1986-10-13,2024-12-16,Illinois,Alyssahaven,Silver,Online,,
CUST001993,Brandon,Allen,brandon.allen706@gmail.com,697.429.6822x885,F,2000-12-22,2021-05-22,New Jersey,Edwardston,bronze,Mobile App,yes,Walk-in
CUST002855,Donald,Rush,donald.rush964@outlook.com,001-635-731-5356x2872,F,2001-05-17,2022-01-20,NEW YORK,Annettebury,BRONZE,Mobile App,N,Walk-in
CUST000730,Jamie,Arroyo,jamie.arroyo34@gmail.com,278.694.3191x0090,M,1967-11-16,2022-07-30,Texas,Guzmanburgh,SILVER,Mobile App,Y,
CUST000708,Tracy,Adams,tracy.adams723@outlook.com,310.221.3125x12931,Other,2004-08-10,2026-01-08,Indiana,Port Elizabethmouth,SILVER,Mobile App,Y,
CUST003412,Maria,Poole,maria.poole79@yahoo.com,813-400-9322x064,F,1969-02-26,2024-06-16,Florida,Stewartside,Silver,In-Store,no,
CUST001112,Kendra,Mcdonald,kendra.mcdonald130@gmail.com,771.656.4783x70317,M,1943-03-30,2021-01-18,FL,North Steventon,SILVER,Mobile App,1,Friend Referral
CUST000111,Tiffany,Ford,tiffany.ford35@outlook.com,352.343.1069x033,F,1991-01-05,2023-02-21,MI,Morrowbury,Silver,In-Store,1,TV Ad
CUST002134,Carolyn,Parker,carolyn.parker165@hotmail.com,001-574-316-4776x31032,F,1948-04-17,2026-02-22,Florida,Parrishland,Bronze,Online,yes,Influencer
CUST001663,Tracy,Buck,tracy.buck32@outlook.com,(613)249-5220,M,1947-10-10,2023-02-18,AZ,New Jeffrey,Platinum,Mobile App,1,Email Campaign
CUST005903,Kristi,Alvarado,kristi.alvarado499@hotmail.com,637-584-5374x834,F,1985-10-05,2024-06-11,Michigan,New Amy,SILVER,In-Store,yes,
CUST001134,Jean,King,jean.king850@hotmail.com,887-770-6769x3332,F,1996-07-11,2022-07-18,NY,New Henrytown,SILVER,Mobile App,0,TV Ad
CUST003148,Kathy,Gonzales,kathy.gonzales392@outlook.com,312-786-5038x410,M,1968-03-23,2025-09-24,Texas,Livingstonburgh,bronze,In-Store,0,Influencer
CUST000167,Kurt,Barker,kurt.barker49@yahoo.com,4297593917,F,1949-08-03,2024-11-30,Georgia,Rosalesshire,bronze,Online,no,Search Engine
CUST005046,James,Villa,james.villa130@gmail.com,+1-570-912-6821x3342,F,2008-06-23,2021-08-21,MASSACHUSETTS,North Brenda,BRONZE,In-Store,N,Walk-in
CUST001261,Nancy,Guzman,nancy.guzman221@yahoo.com,001-954-384-2035x3160,M,1957-12-04,2021-07-06,Virginia,West Wayne,Platinum,In-Store,Y,Search Engine
CUST005814,Kevin,Duncan,kevin.duncan698@hotmail.com,451.343.4286x619,M,1981-01-27,2024-03-30,NJ,Roberthaven,bronze,Mobile App,no,Influencer
CUST004057,Jo,Smith,jo.smith302@gmail.com,460-781-0745,M,1948-11-20,2024-08-31,Washington,Tashaville,bronze,Mobile App,N,TV Ad
CUST001223,William,Franklin,william.franklin882@hotmail.com,448.587.6380x20761,F,1990-07-13,2022-12-12,PA,Serranoborough,Silver,Online,,Email Campaign
CUST001040,Derrick,Randolph,derrick.randolph281@yahoo.com,733-747-0474x76484,Other,1994-06-11,2021-09-29,California,North Chelsea,bronze,In-Store,Y,Email Campaign
CUST002875,Michael,Brennan,michael.brennan9@gmail.com,(294)389-3049x408,M,1968-09-21,2023-12-03,PA,Lake Rachelview,SILVER,In-Store,Y,
CUST000358,Kimberly,Brown,kimberly.brown906@hotmail.com,(616)923-1981x898,M,2003-06-06,2022-07-02,ARIZONA,Michellechester,SILVER,Online,0,Walk-in
CUST004962,Tonya,Marquez,tonya.marquez887@yahoo.com,415-477-9258x530,M,1964-11-22,2024-12-11,MA,West Susanberg,bronze,In-Store,N,Social Media
CUST003712,Nicolas,Stone,nicolas.stone680@yahoo.com,406.797.7773x084,M,1987-08-27,2025-10-14,MISSOURI,New Gabriel,bronze,Mobile App,no,Walk-in
CUST002545,Christopher,Graves,christopher.graves406@hotmail.com,,F,1983-12-13,2020-09-12,Washington,Bradleyland,Bronze,Online,,
CUST005915,Gregg,Best,,,M,2004-04-16,07/28/2025,Illinois,Michelleton,bronze,Online,,
CUST003131,Thomas,Baxter,thomas.baxter287@yahoo.com,(784)743-8068x41457,M,1986-05-05,07/03/2022,Texas,Jamesside,bronze,Online,no,Email Campaign
CUST003040,James,Brown,james.brown447@hotmail.com,+1-877-968-9617,Other,1967-01-13,2021-08-04,MD,Juanland,PLATINUM,Online,N,Social Media
CUST001403,Willie,Gonzalez,willie.gonzalez87@hotmail.com,(739)288-5217x895,F,2003-09-22,2026-04-28,GEORGIA,Amandaland,Gold,Online,1,TV Ad
CUST000803,Daniel,Mitchell,daniel.mitchell445@hotmail.com,997-854-3734,M,1960-07-07,2021-09-14,VA,South Kristihaven,bronze,In-Store,0,
CUST005219,Daniel,Young,daniel.young824@yahoo.com,(450)414-5307x300,Other,1999-03-09,2025-01-11,Arizona,Jenniferstad,bronze,Mobile App,0,Social Media
CUST000527,Paul,Guzman,paul.guzman20@yahoo.com,001-966-255-3307,Other,1977-08-01,2021-04-09,Tennessee,Jenniferland,bronze,Online,Y,Friend Referral
CUST005417,Lauren,Hill,lauren.hill575@gmail.com,(897)353-3573,Other,1982-05-04,2021-10-29,CA,Lake Scottbury,bronze,Mobile App,N,Email Campaign
CUST002982,Christopher,Hurst,christopher.hurst35@yahoo.com,+1-956-386-2229x05441,M,1977-07-07,2023-11-18,Florida,Kevinstad,bronze,In-Store,N,
CUST002194,Tommy,Sampson,tommy.sampson114@gmail.com,521-575-6247x9944,M,1947-07-26,2024-05-08,IN,Gonzalezland,BRONZE,Online,yes,
CUST004723,Katie,Sims,katie.sims141@outlook.com,6022530095,M,1958-01-17,2023-09-09,New Jersey,Damonfurt,silver,Online,1,Influencer
CUST001574,Jeffrey,Proctor,jeffrey.proctor841@hotmail.com,,F,1981-03-15,2024-12-07,Wisconsin,Chavezberg,SILVER,Mobile App,,
CUST003050,Shannon,Wood,shannon.wood377@yahoo.com,+1-235-391-4612,M,1955-07-17,2021-09-29,md,Randyland,Gold,In-Store,,Friend Referral
CUST003347,Mary,Drake,mary.drake43@yahoo.com,442-928-3299x5874,F,2002-11-21,12/29/2023,VA,Sarahshire,BRONZE,Mobile App,N,
CUST001521,Donna,Hughes,donna.hughes703@yahoo.com,779-367-0605,F,1972-05-26,2021-03-18,CA,East Joshuaborough,bronze,Mobile App,N,Walk-in
CUST003798,Andrew,Mckinney,andrew.mckinney912@hotmail.com,248-319-3220x61525,F,1989-05-11,03/21/2026,AZ,Port Jessicafurt,platinum,Mobile App,,TV Ad
CUST003682,Tina,Ryan,tina.ryan971@gmail.com,238-566-8970x73421,M,2004-12-22,2023-03-26,North Carolina,South Kimberly,bronze,In-Store,,TV Ad
CUST005598,Tanner,Sullivan,tanner.sullivan778@gmail.com,(541)809-0211,M,1982-03-07,2022-01-31,New Jersey,New Crystalburgh,Bronze,Mobile App,,Walk-in
CUST004010,Timothy,Blanchard,timothy.blanchard542@outlook.com,648.969.9358x8397,F,1944-08-05,2022-07-13,az,Rothtown,Platinum,In-Store,0,Influencer
CUST004789,Anna,Crawford,anna.crawford603@hotmail.com,902.290.2801x332,M,1956-07-02,2024-02-04,OH,New Anthonyville,SILVER,Mobile App,N,Social Media
CUST003202,Clarence,Kaufman,clarence.kaufman261@gmail.com,594-804-7891,M,1952-12-14,2025-04-08,MI,Kaylaberg,SILVER,In-Store,N,TV Ad
CUST002574,Monica,Rodriguez,monica.rodriguez219@yahoo.com,295.923.3143x2417,M,1976-10-14,2024-05-04,MICHIGAN,North Jenniferbury,BRONZE,Mobile App,Y,
CUST002586,Melissa,Byrd,melissa.byrd902@gmail.com,772.507.4197,Other,1959-12-06,2021-03-30,MD,Thomasburgh,Silver,In-Store,0,Influencer
CUST002943,Rebecca,Tate,rebecca.tate940@gmail.com,(370)776-9864x4491,M,1978-09-03,2025-08-18,GA,New Karenside,BRONZE,Online,N,Friend Referral
CUST000674,Leslie,Torres,leslie.torres245@yahoo.com,+1-226-334-7557x5225,F,2004-08-31,2021-03-14,IN,Edwardsfort,Silver,In-Store,Y,
CUST003299,Paul,Jones,paul.jones408@yahoo.com,+1-512-941-5212x193,F,1964-06-06,2022-05-01,Missouri,Goldenhaven,bronze,In-Store,Y,Friend Referral
CUST000139,Kathleen,Alexander,kathleen.alexander608@hotmail.com,7748517133,F,1955-12-22,2023-02-23,MI,West Nancy,SILVER,Mobile App,Y,Email Campaign
CUST003844,Samantha,Stafford,samantha.stafford344@gmail.com,(396)290-5452,Other,1985-07-04,2025-12-04,CALIFORNIA,South John,BRONZE,Online,N,
CUST003734,Crystal,Aguilar,crystal.aguilar346@gmail.com,(892)837-9259,F,1992-09-12,2024-07-08,tx,West Pamelahaven,Gold,In-Store,yes,
CUST000987,Ashley,Cortez,ashley.cortez877@gmail.com,3558491215,M,1986-08-27,2022-12-02,California,Jessicafort,Silver,In-Store,yes,Walk-in
CUST000920,Samuel,Ayala,samuel.ayala589@outlook.com,220.338.8621x7508,M,1994-03-02,2022-02-01,Tennessee,Deannaburgh,silver,Online,no,Influencer
CUST002621,Kayla,Thomas,kayla.thomas587@gmail.com,548-242-7494x64540,M,1995-06-26,2021-09-06,TN,Saunderschester,BRONZE,In-Store,0,Influencer
CUST002474,Joshua,Stephenson,,,M,,2022-09-30,CA,,Gold,In-Store,,
CUST003763,Jeffrey,Hawkins,jeffrey.hawkins460@gmail.com,,F,1998-05-02,2024-07-07,GA,Matthewmouth,Silver,Online,,
CUST002945,Allen,Martin,allen.martin889@hotmail.com,(621)352-7231x143,F,1991-11-24,2026-01-26,nc,South Hayley,Gold,Mobile App,Y,Email Campaign
CUST002976,Joseph,Wilson,joseph.wilson974@hotmail.com,431.353.4976,Other,1992-09-16,2020-09-23,NC,North Sarah,BRONZE,Mobile App,no,TV Ad
CUST005111,Lynn,Kennedy,lynn.kennedy161@yahoo.com,325-309-3700,M,1980-05-24,2023-04-22,TX,Kathleenfort,bronze,Mobile App,no,TV Ad
CUST002754,Heather,Taylor,heather.taylor599@gmail.com,7333582339,M,1984-07-03,2026-05-21,mi,South Elijahborough,BRONZE,Online,yes,
CUST003613,Sharon,Williams,sharon.williams560@hotmail.com,472.570.7593x35924,F,1987-02-28,2020-10-16,Missouri,Jamesborough,bronze,Online,,
CUST005888,Logan,Perkins,logan.perkins505@yahoo.com,7588874333,F,1976-04-23,2024-07-04,OH,South Rachel,Bronze,Online,0,Email Campaign
CUST003500,Cristian,Martinez,cristian.martinez913@yahoo.com,819-236-2631x3494,F,1950-01-19,2026-04-28,PA,West Alexahaven,BRONZE,In-Store,Y,Email Campaign
CUST000096,Brett,Hoffman,brett.hoffman393@yahoo.com,599-812-1655x852,M,1966-01-19,2022-05-09,MA,Gordonside,gold,Mobile App,Y,Search Engine
CUST003381,Cameron,Mahoney,cameron.mahoney53@gmail.com,+1-678-874-1056x63262,F,1999-11-13,2022-11-28,TX,Brownville,silver,In-Store,0,Social Media
CUST001665,Carlos,Hull,carlos.hull386@gmail.com,001-303-306-9516x5712,M,2006-12-25,2021-09-23,Wisconsin,Mccormickberg,Bronze,In-Store,Y,Friend Referral
CUST001246,Benjamin,Edwards,benjamin.edwards443@hotmail.com,(563)438-2222x4005,F,1958-08-08,2024-12-21,FL,North Cody,Bronze,Mobile App,1,Search Engine
CUST005257,Dustin,Walls,dustin.walls359@gmail.com,(909)403-2400,M,1991-12-12,2024-03-08,Michigan,New George,SILVER,Online,N,Friend Referral
CUST003118,Laura,Morrison,laura.morrison55@gmail.com,424-427-8412x8761,F,1956-05-16,2023-06-04,WI,Bartlettburgh,silver,Online,0,Search Engine
CUST003447,Troy,Harris,troy.harris372@yahoo.com,871-295-5496x84727,F,1973-12-20,2022-04-19,oh,Lopezport,Bronze,Mobile App,Y,Influencer
CUST004627,Jeffrey,Crawford,jeffrey.crawford847@yahoo.com,(514)323-7048x551,M,2003-07-25,2025-04-14,ca,Samuelhaven,silver,In-Store,Y,TV Ad
CUST003793,Eric,Collier,eric.collier494@hotmail.com,001-253-595-9569x17207,F,1996-02-22,2024-02-02,New Jersey,West Katherinebury,silver,Mobile App,,
CUST001466,Rebecca,Moreno,rebecca.moreno100@yahoo.com,(955)807-8688,Other,1941-02-16,2022-02-11,OHIO,Ortizport,silver,In-Store,Y,
CUST001094,Kristy,Carter,kristy.carter371@hotmail.com,950.606.1848,M,1973-05-15,2021-02-21,TEXAS,New Brian,Platinum,Online,Y,Email Campaign
CUST005855,Charles,Mills,charles.mills487@gmail.com,374-629-0629,F,1997-06-08,2023-12-29,New Jersey,Port Joannatown,Bronze,Online,1,TV Ad
CUST002803,Richard,Mercer,richard.mercer52@yahoo.com,946-631-2842x092,M,1975-10-26,2023-10-08,New Jersey,Thompsonview,bronze,Mobile App,Y,Search Engine
CUST002859,Thomas,Carr,thomas.carr51@yahoo.com,741-505-7940x652,M,1960-02-07,2023-05-20,VA,South Rogerborough,Silver,Online,N,Social Media
CUST003622,Spencer,Jacobson,spencer.jacobson728@yahoo.com,213.562.2557x8419,Other,1987-11-19,2021-12-07,Washington,New Brettburgh,bronze,In-Store,Y,
CUST000488,Madison,Robinson,madison.robinson82@gmail.com,664-598-3735,F,2008-03-28,2021-09-13,North Carolina,New Dianeshire,SILVER,In-Store,,Influencer
CUST003357,Corey,Howell,corey.howell659@hotmail.com,566-873-9060x72772,M,1984-08-04,2021-03-07,Wisconsin,South Paul,bronze,In-Store,N,TV Ad
CUST002729,Ruben,Johnson,ruben.johnson670@outlook.com,,M,1987-12-27,2022-01-10,Washington,Hicksland,Bronze,Online,,
CUST005409,Cynthia,Trujillo,cynthia.trujillo660@gmail.com,(978)659-6831,M,1987-05-27,2025-04-08,IN,Kellyside,Silver,Mobile App,no,TV Ad
CUST003796,William,Nguyen,william.nguyen634@outlook.com,5376354053,M,1973-02-13,2026-05-10,Massachusetts,North Harold,silver,In-Store,N,Walk-in
CUST000042,Tanya,Harrison,tanya.harrison409@outlook.com,001-874-268-0715x451,M,1969-04-05,2022-07-17,CA,Port Eugenechester,Bronze,In-Store,1,TV Ad
CUST001170,Manuel,Santana,manuel.santana854@hotmail.com,+1-456-542-2405x9208,M,1999-09-23,05/30/2023,WA,New Chloechester,bronze,In-Store,no,
CUST003233,Steven,Grant,steven.grant294@gmail.com,,M,1946-02-09,2022-01-07,ga,Alvaradoport,bronze,Online,,
CUST002315,Daniel,Johnston,daniel.johnston732@gmail.com,497.846.3177x186,F,1987-09-27,2021-12-05,Arizona,West Phillip,Bronze,In-Store,N,
CUST005040,Stephanie,Smith,stephanie.smith480@outlook.com,001-341-452-3588x2803,M,1976-08-28,2026-04-29,WASHINGTON,Sharonside,BRONZE,In-Store,0,Email Campaign
CUST002299,Kristine,Matthews,kristine.matthews580@gmail.com,276.632.9403,M,1978-12-07,2021-02-02,mo,Blaketown,SILVER,Mobile App,N,Walk-in
CUST003159,Laura,Howard,laura.howard970@outlook.com,4253885510,M,1960-05-11,2021-08-31,Virginia,East Jorge,BRONZE,In-Store,,
CUST001931,  Christopher ,Coleman,christopher.coleman517@yahoo.com,001-536-292-2591x642,Other,1956-05-21,2022-09-11,AZ,Simsview,SILVER,Mobile App,no,Social Media
CUST006012,Rachel,Lopez,RACHEL.LOPEZ53@HOTMAIL.COM,576-272-2454x8466,F,1995-11-23,2023-03-16,North Carolina,Lake Jessicafurt,bronze,In-Store,,Walk-in
CUST000616,Michael,Santiago,michael.santiago278@yahoo.com,(258)509-9613x273,Other,2008-08-03,2020-10-30,VA,Port Joe,PLATINUM,Online,N,Friend Referral
CUST005951,Donald,Caldwell,donald.caldwell810@yahoo.com,001-571-516-1143,M,2001-05-10,2021-04-10,Massachusetts,Greenborough,GOLD,Online,N,Walk-in
CUST003090,Nancy,Cruz,nancy.cruz473@gmail.com,591.927.7905,F,1977-12-14,2023-09-30,Washington,Ambertown,BRONZE,Online,N,Social Media
CUST005307,John,Mcdowell,john.mcdowell82@yahoo.com,+1-642-335-0333x656,F,1979-09-26,2025-06-14,AZ,Antoniobury,BRONZE,Mobile App,,
CUST002273,Joshua,Ortiz,joshua.ortiz785@hotmail.com,(425)708-4501x4399,Other,2006-08-24,2023-06-19,WI,Stevenstad,BRONZE,Online,N,Influencer
CUST002526,Gina,Abbott,gina.abbott463@outlook.com,(949)916-2631,F,1957-02-02,2024-07-21,nj,Jamesview,bronze,Online,yes,TV Ad
CUST000119,Mary,Jones,mary.jones876@outlook.com,920-938-7509,M,1997-12-07,2020-12-15,MASSACHUSETTS,South Derrickbury,bronze,Online,0,TV Ad
CUST002880,Taylor,Nielsen,taylor.nielsen777@outlook.com,(301)997-0307,M,1984-10-15,2023-12-03,wi,Holderbury,bronze,Online,N,Search Engine
CUST005089,Wendy,Baker,wendy.baker872@gmail.com,450-267-9264,F,1971-06-06,2023-11-11,North Carolina,Lake Rogerbury,platinum,Online,Y,
CUST003121,Joshua,Jones,joshua.jones586@gmail.com,001-965-812-0541x5280,M,2006-06-19,2022-09-11,Pennsylvania,Gilbertside,silver,Mobile App,no,TV Ad
CUST000165,Brian,Guzman,brian.guzman294@hotmail.com,(352)750-0292,F,1942-01-26,2023-06-16,Illinois,Samanthaborough,Silver,In-Store,no,
CUST005073,John,Andrews,,,F,1993-02-13,2025-08-01,Wisconsin,Manuelborough,GOLD,In-Store,,
CUST005129,Steven,West,steven.west430@gmail.com,,M,1964-10-14,2024-08-25,New York,Timothymouth,bronze,Online,,
CUST000854,Justin,Hayes,justin.hayes47@hotmail.com,(923)686-7673x820,Other,1978-11-15,2023-05-04,NJ,Lake Dianaland,Gold,Online,0,Walk-in
CUST004895,Jane,Chambers,jane.chambers644@outlook.com,001-883-526-7045x6987,F,1991-09-19,2026-04-22,IL,Karenchester,Gold,In-Store,1,Email Campaign
CUST001720,  William ,Lopez,william.lopez987@hotmail.com,+1-615-659-0308x19695,M,1966-01-14,2024-06-08,nc,Schroederhaven,BRONZE,Online,N,
CUST005506,Charles,Pierce,charles.pierce5@outlook.com,2583945516,F,1968-10-23,2025-10-14,TN,Merritttown,BRONZE,Mobile App,0,Social Media
CUST001164,Jeffrey,Duran,jeffrey.duran302@gmail.com,+1-703-664-8821x59773,M,1958-08-02,2025-01-22,Michigan,Clarkeview,Silver,Online,1,Search Engine
CUST002470,Caitlin,Novak,caitlin.novak515@outlook.com,(541)876-5920x5948,Other,1982-06-01,2025-07-30,Arizona,New Michellebury,Silver,Online,yes,
CUST001760,Michael,Martinez,michael.martinez255@yahoo.com,577-793-5995x8438,M,1949-10-29,2021-05-01,tn,Bakermouth,Bronze,Mobile App,,
CUST004050,Karen,Pineda,karen.pineda114@gmail.com,,F,1958-03-13,2021-09-14,WA,West Christopherview,GOLD,In-Store,,
CUST003115,Patrick,Knox,patrick.knox232@yahoo.com,+1-981-625-8025x6219,M,2002-08-16,2024-12-17,Maryland,East Joshuabury,BRONZE,Mobile App,0,Walk-in
CUST003768,Michael,Brown,michael.brown667@gmail.com,001-283-849-4283x527,Other,1958-04-05,2025-03-10,Ohio,Brittanyberg,Silver,In-Store,yes,Influencer
CUST000057,Joshua,Donaldson,joshua.donaldson339@hotmail.com,5535293183,M,2007-02-08,2025-06-21,NY,Lake Jasontown,Bronze,In-Store,yes,Walk-in
CUST003256,Amy,Bright,amy.bright898@hotmail.com,+1-723-419-6172,M,2001-01-27,2020-12-04,MA,Port Jonathantown,gold,In-Store,,Influencer
CUST004510,Andrew,Le,andrew.le239@outlook.com,685-730-8967x46319,M,1947-12-09,2022-05-14,MA,Jonesland,BRONZE,In-Store,N,TV Ad
CUST004766,Julia,Gibson,julia.gibson4@hotmail.com,362-343-1435x6034,M,2003-09-23,04/02/2024,NJ,South Lorihaven,Silver,Online,1,
CUST004666,Alicia,Griffin,alicia.griffin184@outlook.com,001-874-562-2696x40763,M,1984-07-18,2024-02-18,TN,Lindseyport,PLATINUM,Online,no,Walk-in
CUST002804,Brenda,Jennings,brenda.jennings459@gmail.com,,Other,1998-07-31,2024-02-06,New Jersey,Lake Christopherberg,SILVER,Online,,
CUST003033,Sandra,Giles,sandra.giles955@gmail.com,,F,1990-02-01,2024-03-05,TN,North Tinaberg,Silver,Online,,
CUST004698,David,Walters,david.walters141@outlook.com,+1-704-357-8847x143,Other,1991-01-22,2020-12-25,MI,Robertport,Silver,Mobile App,N,Walk-in
CUST003835,Daniel,Chen,daniel.chen617@outlook.com,(527)857-3320x0611,M,1962-06-27,05/09/2021,NY,North Katrina,Silver,In-Store,N,Walk-in
CUST004039,Charles,Lopez,charles.lopez36@gmail.com,(443)920-6593x12483,Other,1978-08-24,01/21/2025,AZ,Port Reginastad,BRONZE,Online,Y,Email Campaign
CUST000219,Mike,Williams,mike.williams38@hotmail.com,4058184498,M,1955-02-24,2025-12-15,PENNSYLVANIA,Paulmouth,Gold,Online,1,Social Media
CUST002347,Victoria,Decker,victoria.decker971@gmail.com,968-895-3742x5257,M,1947-09-26,2023-06-04,WA,West Nancy,BRONZE,In-Store,yes,Influencer
CUST002218,Peggy,Hobbs,peggy.hobbs63@gmail.com,,F,1983-10-24,2023-02-19,MO,Port Stevenstad,Gold,Mobile App,,
CUST002370,Krista,Turner,krista.turner844@yahoo.com,001-226-928-8658,F,1992-05-19,2022-03-31,az,Bradton,Bronze,Online,no,Social Media
CUST004578,Hannah,Davis,hannah.davis462@yahoo.com,393.394.2596x23741,F,1951-10-07,2025-08-12,Illinois,Kathrynstad,gold,Mobile App,Y,TV Ad
CUST002675,Jennifer,Rose,jennifer.rose184@yahoo.com,(389)882-5817x3868,F,1899-01-01,2023-11-24,VIRGINIA,New Jennifer,Bronze,Online,Y,Friend Referral
CUST004203,Johnny,Hayes,johnny.hayes537@outlook.com,720-575-7046x48371,M,1990-08-26,2023-08-09,pa,South Meganshire,Gold,Online,N,Influencer
CUST000174,Tammy,Mcdaniel,tammy.mcdaniel800@gmail.com,(508)498-9921x7223,M,2006-03-21,2024-01-03,Michigan,South Kent,GOLD,Mobile App,1,Search Engine
CUST005695,Kathryn,Howard,kathryn.howard291@hotmail.com,646-577-5210x82191,F,1977-07-16,2021-12-09,California,Michaelview,BRONZE,In-Store,1,Walk-in
CUST005833,Justin,Mosley,justin.mosley476@yahoo.com,,F,1941-03-22,2023-01-08,Maryland,Benjaminchester,BRONZE,Mobile App,,
CUST000980,Rebecca,Johnson,rebecca.johnson512@hotmail.com,(959)553-3222,M,1985-10-25,2024-01-09,mi,Bowersstad,BRONZE,In-Store,Y,Social Media
CUST000128,Meagan,James,meagan.james813@gmail.com,759-837-5265x4793,Other,2001-01-10,2023-03-27,WI,Ochoaberg,gold,Mobile App,,Email Campaign
CUST000938,Joshua,Lin,joshua.lin983@gmail.com,9015788224,Other,2010-02-08,2023-08-08,Maryland,Paigeview,silver,Mobile App,yes,Friend Referral
CUST000297,Shawn,Coleman,shawn.coleman612@yahoo.com,7972384689,Other,1998-01-29,2022-11-29,VA,East Roger,bronze,In-Store,1,Influencer
CUST003213,Brittany,Leon,brittany.leon13@hotmail.com,308.878.1574x9167,M,1970-06-29,2024-12-20,PA,East Craigside,platinum,Online,no,Friend Referral
CUST004992,Lauren,Thomas,lauren.thomas274@yahoo.com,596-206-1648x312,M,1942-01-03,2021-04-16,NJ,New Laura,silver,In-Store,yes,Search Engine
CUST005498,Steven,Henry,steven.henry366@gmail.com,001-927-686-2915x814,F,1988-10-28,2022-09-28,Massachusetts,New Andreachester,Bronze,In-Store,no,
CUST005701,Marie,Ferguson,marie.ferguson81@yahoo.com,331-426-4738x6880,F,2005-07-05,2024-07-28,tn,Stevenhaven,Bronze,In-Store,0,Email Campaign
CUST000546,Rita,Johnson,,,Other,1994-05-08,2021-03-10,az,New Rebecca,GOLD,In-Store,,
CUST000584,Victoria,Dennis,victoria.dennis899@gmail.com,528-254-7815x06185,F,1948-10-29,2022-09-25,MA,Lake Lauraland,Gold,In-Store,,Walk-in
CUST005884,Paul,Price,paul.price623@hotmail.com,,M,1964-03-02,2022-01-20,California,Walkerbury,Silver,Mobile App,,
CUST001174,Vicki,Bailey,vicki.bailey666@gmail.com,699-491-9387x33703,F,1956-06-23,2021-03-05,nc,North Dwayne,Bronze,In-Store,1,
CUST004844,Rachel,Rice,rachel.rice650@gmail.com,314.915.8046x5721,M,1960-08-22,2023-01-29,AZ,Erinton,bronze,Online,0,Walk-in
CUST002217,Sean,Owen,,,M,,2026-06-17,fl,,BRONZE,Mobile App,,
CUST004190,Bobby,Williams,bobby.williams207@yahoo.com,(503)960-9603,F,1977-08-05,2025-07-14,wa,North Juliebury,BRONZE,Mobile App,Y,TV Ad
CUST005808,Joanna,Bennett,joanna.bennett100@outlook.com,320.208.2058,F,1952-06-19,2022-07-21,IN,East Dave,Bronze,Mobile App,,Email Campaign
CUST000510,Joshua,Johnson,joshua.johnson955@outlook.com,+1-660-456-7303x064,F,1951-07-30,2023-05-30,VA,West Ashley,BRONZE,In-Store,N,TV Ad
CUST005225,  Ryan ,Bennett,ryan.bennett646@gmail.com,+1-499-325-5495x952,F,2000-05-08,2025-08-10,Maryland,Danielview,SILVER,Mobile App,,Email Campaign
CUST004238,  Cynthia ,Coffey,cynthia.coffey246@outlook.com,384-917-1932x257,F,1950-05-05,09/08/2025,NY,Sarahborough,gold,Online,N,Social Media
CUST005879,Kaitlin,Jones,kaitlin.jones139@outlook.com,001-883-935-0493,M,2006-11-20,2023-02-13,Arizona,East Jenniferborough,silver,Mobile App,N,Friend Referral
CUST002448,Mandy,Chapman,mandy.chapman211@yahoo.com,+1-662-278-3877x765,M,1963-08-05,2024-08-11,GA,Port Erica,Gold,Mobile App,Y,Influencer
CUST001819,Melissa,Huynh,melissa.huynh77@gmail.com,(727)761-7640x4046,Other,1960-04-07,2020-10-23,PENNSYLVANIA,New Tammie,gold,In-Store,N,
CUST002205,Christopher,Jenkins,christopher.jenkins670@outlook.com,+1-475-259-8759,Other,1951-08-31,2022-11-07,Indiana,Jamesside,Bronze,In-Store,Y,
CUST004607,Shelley,Mitchell,shelley.mitchell384@hotmail.com,5355588905,Other,1972-07-19,2024-10-19,Florida,Chavezstad,Silver,Online,yes,
CUST002127,John,Ward,john.ward863@gmail.com,,F,1995-12-06,2022-07-18,Maryland,Landryberg,GOLD,Mobile App,,
CUST003550,Jean,King,jean.king372@outlook.com,001-485-446-4137x2811,M,1984-05-10,2022-07-15,Indiana,Johnsonville,BRONZE,In-Store,Y,Social Media
CUST004946,Nicholas,Price,nicholas.price178@outlook.com,+1-591-648-0405x41273,F,1960-01-12,2023-05-24,tn,Lake Laura,gold,Mobile App,,Search Engine
CUST000877,Sandra,Brewer,sandra.brewer324@gmail.com,(323)691-0292x950,F,1997-09-13,2025-08-26,AZ,Danielland,BRONZE,In-Store,N,Social Media
CUST003321,Larry,Schwartz,larry.schwartz244@gmail.com,+1-931-398-0712x336,Other,1996-02-18,10/01/2021,Maryland,Shelbymouth,BRONZE,In-Store,,Social Media
CUST001972,Russell,Brown,russell.brown923@hotmail.com,001-235-944-0711,Other,1953-02-11,2024-08-25,NY,East Kim,Gold,Mobile App,1,
CUST004868,Christopher,Harrison,christopher.harrison863@yahoo.com,001-967-814-0620x9631,M,1966-08-22,2026-05-24,Michigan,Laraberg,bronze,Mobile App,yes,Walk-in
CUST003926,Rodney,Smith,rodney.smith19@gmail.com,(497)203-4505,M,1986-08-16,2025-07-15,AZ,New Sharonmouth,SILVER,Online,Y,Friend Referral
CUST004626,Leah,Whitaker,leah.whitaker270@hotmail.com,350.719.3344x365,M,1959-01-06,2024-03-22,WISCONSIN,North William,gold,Online,0,Search Engine
CUST001106,Samuel,Vaughn,samuel.vaughn770@gmail.com,250-916-4261,M,1957-11-21,08/14/2025,FL,Heidiberg,silver,Mobile App,Y,Influencer
CUST003873,Brandi,Greer,brandi.greer33@gmail.com,493.548.5963x572,M,1977-04-25,2025-04-22,FL,Elliottshire,Silver,Online,Y,Influencer
CUST005113,Sarah,Jennings,sarah.jennings366@outlook.com,714.499.1891x621,F,1997-04-02,2021-10-02,Massachusetts,Nicoletown,bronze,Mobile App,yes,TV Ad
CUST001038,Wayne,Castillo,wayne.castillo158@gmail.com,+1-600-413-6510x3444,M,1991-02-23,2020-10-14,OH,New Thomaschester,BRONZE,In-Store,,Influencer
CUST001676,Jennifer,Robertson,jennifer.robertson68@gmail.com,523-322-1091x2944,M,1966-09-05,2023-01-30,Washington,Cheyennebury,BRONZE,Mobile App,yes,Friend Referral
CUST003911,Jay,Chan,jay.chan505@outlook.com,613.789.4778x5407,M,1995-05-09,2023-09-13,OH,Thomastown,silver,In-Store,Y,
CUST004537,Angela,Holt,angela.holt778@hotmail.com,617-893-8525x27470,Other,1973-10-25,2025-10-22,Tennessee,Walshfurt,bronze,Online,yes,TV Ad
CUST001695,Yesenia,Jones,yesenia.jones525@hotmail.com,(967)823-3990,M,1964-11-24,2025-03-07,Arizona,New Deniseport,Bronze,In-Store,no,Search Engine
CUST000001,Danielle,Johnson,danielle.johnson251@yahoo.com,296-500-1338,F,1959-12-05,2021-12-21,CA,Lake Joyside,Bronze,In-Store,,Search Engine
CUST003788,Candace,Horton,candace.horton528@hotmail.com,001-593-760-4259x90401,F,1993-06-26,2024-06-04,WA,Edwardchester,Bronze,Online,0,TV Ad
CUST005583,Vincent,Taylor,vincent.taylor157@yahoo.com,880.686.9193,F,1985-03-05,2021-05-24,pa,East Cameron,BRONZE,Mobile App,0,Influencer
CUST005337,Kristen,Jones,kristen.jones315@outlook.com,(756)337-0082,F,1982-04-10,2025-09-29,Florida,West Kimberly,Bronze,In-Store,Y,Social Media
CUST001580,Jonathan,Hubbard,jonathan.hubbard681@yahoo.com,001-708-551-8466x898,F,1962-11-21,05/05/2026,NORTH CAROLINA,North Rachelland,silver,Online,0,
CUST005411,Damon,Hogan,damon.hogan17@outlook.com,425-954-3941x705,M,1997-01-26,2026-05-28,AZ,South Nicholasborough,Silver,Online,Y,Social Media
CUST004279,  Luke ,Rivera,luke.rivera934@yahoo.com,(552)621-1986x44713,F,2001-05-25,2023-03-15,tn,East Stacy,gold,In-Store,,
CUST000748,Elizabeth,Hodge,elizabeth.hodge320@hotmail.com,001-823-265-3460,M,1950-11-08,2025-02-05,TN,Palmerland,Silver,Mobile App,no,
CUST004076,Annette,Moore,annette.moore751@hotmail.com,221.676.9995x9053,M,2000-11-12,09/29/2024,Wisconsin,Kathleentown,SILVER,Mobile App,Y,Friend Referral
CUST002835,Nicole,Arias,nicole.arias683@hotmail.com,+1-329-908-3382x656,M,1984-09-28,2024-02-10,Texas,Zacharyville,GOLD,In-Store,N,Social Media
CUST003907,Kelly,Nelson,kelly.nelson223@yahoo.com,+1-425-284-5972,F,1962-12-19,2022-11-02,WA,West Troy,bronze,Online,N,Influencer
CUST003117,Kenneth,Johnson,kenneth.johnson579@hotmail.com,(805)831-3978x3747,F,1991-01-06,2023-03-24,Maryland,Stevenfurt,Silver,Mobile App,1,Friend Referral
CUST002473,Jeffrey,Bauer,jeffrey.bauer664@hotmail.com,+1-688-880-4970,F,1964-09-30,2023-03-10,Massachusetts,West Erica,Gold,In-Store,,
CUST001486,Jodi,Powers,jodi.powers147@hotmail.com,+1-535-273-3813,Other,2001-03-26,2025-04-12,VA,Gregfort,Silver,Online,,Email Campaign
CUST004997,Brittany,Rodriguez,brittany.rodriguez144@yahoo.com,,M,1956-03-17,2024-08-09,Arizona,Berrytown,BRONZE,Mobile App,,
CUST000682,Jessica,Oconnor,jessica.oconnor738@yahoo.com,+1-771-451-1696x6672,M,1958-02-03,2024-03-04,Virginia,Port Howard,SILVER,Online,N,TV Ad
CUST000209,Susan,Fleming,susan.fleming322@hotmail.com,5857887704,F,1963-02-21,2026-01-02,Ohio,South Jonathanport,bronze,In-Store,N,Walk-in
CUST004618,Jade,Roberts,,,Other,,2025-09-28,wa,,BRONZE,Online,,
CUST002215,Cassandra,Holmes,cassandra.holmes547@gmail.com,(736)991-8454x41983,M,1975-04-20,2022-08-03,MD,New Brianna,PLATINUM,Mobile App,,Social Media
CUST003948,Christopher,Shepherd,christopher.shepherd186@outlook.com,329-392-6236,M,1941-04-13,2022-12-23,IL,Austinchester,GOLD,In-Store,Y,Social Media
CUST003080,Pamela,Hoffman,pamela.hoffman355@yahoo.com,(861)765-1758x6662,M,1950-10-22,2025-12-11,mi,Lake Kevin,BRONZE,Online,no,Search Engine
CUST003813,Lauren,Smith,lauren.smith369@gmail.com,001-691-542-0417x93953,M,1948-02-09,2022-07-19,OH,East John,BRONZE,Mobile App,N,TV Ad
CUST000639,Jessica,Lowery,jessica.lowery91@yahoo.com,399.577.1805,F,2004-02-08,2021-06-11,in,Brucebury,silver,In-Store,N,Influencer
CUST004686,  Paul ,Thompson,paul.thompson117@yahoo.com,(877)734-5734,M,1944-11-09,2022-07-10,Arizona,Rebeccaside,Bronze,Online,0,Social Media
CUST004554,Mark,Mcmillan,mark.mcmillan153@yahoo.com,+1-284-651-7438x818,M,1965-10-30,2020-10-04,Maryland,New Brettmouth,silver,In-Store,N,
CUST006000,Matthew,Simpson,matthew.simpson874@yahoo.com,001-407-535-9007x401,F,1967-06-21,2023-11-18,IN,Port Jenniferton,silver,Mobile App,yes,Social Media
CUST005700,Jessica,Wright,jessica.wright635@hotmail.com,224-887-0972,M,1964-09-24,2025-01-01,NJ,Robinsonbury,Silver,Mobile App,,
CUST001818,Jessica,Rogers,jessica.rogers408@hotmail.com,581.427.3174x271,M,1996-07-25,2024-03-11,nc,Jenniferstad,Silver,In-Store,no,
CUST002725,Michelle,Butler,michelle.butler290@hotmail.com,614-722-6326x214,F,1976-07-07,2021-06-19,IL,New Michael,Silver,In-Store,no,Influencer
CUST000414,John,Robles,john.robles395@hotmail.com,498-222-7495x4508,M,1944-11-28,2022-06-27,Massachusetts,Palmerstad,gold,Online,Y,Search Engine
CUST004276,Diana,Parsons,diana.parsons399@outlook.com,849.530.0382x9553,F,2008-07-24,07/03/2023,va,West Brianburgh,SILVER,Online,N,Walk-in
CUST004856,Scott,Williams,scott.williams323@gmail.com,001-991-210-7248x3516,M,2006-06-30,2026-05-17,IL,Wisestad,gold,Online,0,Friend Referral
CUST002178,Hector,Parker,hector.parker429@gmail.com,(755)332-0528,F,1967-06-22,2023-08-24,Maryland,Kristenmouth,GOLD,Online,,Search Engine
CUST002837,Samantha,Moody,samantha.moody431@yahoo.com,759.277.6738x007,M,2005-07-08,2024-12-10,Georgia,Marymouth,bronze,Online,N,Social Media
CUST000420,Monique,York,monique.york329@yahoo.com,791.928.6857x8725,M,2008-06-17,2025-10-30,NY,Lake Christopher,BRONZE,In-Store,Y,Email Campaign
CUST000747,Brenda,Smith,brenda.smith454@hotmail.com,337.477.3126,M,2002-04-20,2021-06-21,nj,Port Timothy,Bronze,In-Store,,Influencer
CUST002461,Stephen,Delgado,stephen.delgado929@outlook.com,753-583-3642x5503,M,2008-12-07,2024-03-13,MA,East Coltonfurt,BRONZE,In-Store,Y,Walk-in
CUST001361,Charles,Bryant,charles.bryant521@hotmail.com,(624)983-1968x636,F,1995-03-20,2024-08-27,North Carolina,Lake Emily,Silver,In-Store,0,Friend Referral
CUST003245,David,Pratt,david.pratt972@outlook.com,001-566-662-9136x215,Other,1997-04-09,2021-02-08,Florida,West James,gold,Mobile App,N,Friend Referral
CUST005578,Veronica,Woods,veronica.woods882@outlook.com,964.307.8299x366,M,1941-03-28,2025-07-26,Missouri,Mcmillanshire,BRONZE,Mobile App,N,Influencer
CUST002094,Kelly,Strong,kelly.strong168@gmail.com,399-745-7405,M,2007-06-01,2021-10-12,OH,North Thomasmouth,SILVER,Online,0,Friend Referral
CUST005964,Amanda,Howard,amanda.howard223@gmail.com,(869)692-7672,Other,1958-03-25,2025-01-31,MO,North Angelamouth,SILVER,Online,Y,Social Media
CUST000821,David,Brown,david.brown205@yahoo.com,,F,1899-01-01,2026-01-28,Tennessee,Kinghaven,Silver,Mobile App,,
CUST001916,Juan,Rice,juan.rice787@gmail.com,+1-509-831-3788x02109,F,1961-10-08,2023-02-12,Maryland,Brownburgh,gold,Mobile App,1,
CUST001670,Ryan,Grant,ryan.grant267@yahoo.com,942.994.1429x0495,F,1988-07-28,2024-05-20,MA,Ashleyton,silver,Mobile App,,Search Engine
CUST003651,Nancy,Parker,nancy.parker188@hotmail.com,(445)889-6019x377,M,1961-08-22,2021-11-24,OH,Danieltown,bronze,Mobile App,yes,TV Ad
CUST005926,Ryan,Perez,ryan.perez666@gmail.com,882.604.9776x38013,M,1948-08-26,2022-11-01,MD,East Leah,bronze,Online,1,Influencer
CUST002752,Ariel,James,ariel.james33@outlook.com,(257)889-0885,F,1945-07-28,02/13/2026,Indiana,New Nicole,bronze,Online,Y,Influencer
CUST005070,Lucas,Anderson,,,F,2003-03-28,2022-09-10,Massachusetts,Stoneport,Bronze,Mobile App,,
CUST001029,Karla,Cummings,karla.cummings802@gmail.com,919.327.9761,M,1998-06-18,08/24/2021,OH,Port Destinyview,silver,In-Store,Y,
CUST001630,Emily,Pacheco,emily.pacheco577@yahoo.com,930-326-5647,M,1990-07-31,2025-09-04,CA,Berryside,Silver,Mobile App,no,Social Media
CUST001147,Greg,Myers,greg.myers87@outlook.com,001-937-681-4604x76143,F,1960-03-04,2022-07-18,FLORIDA,Port Laurenshire,Bronze,In-Store,yes,Walk-in
CUST002137,Teresa,Blankenship,teresa.blankenship313@gmail.com,584-963-9248x87807,F,1980-12-10,2022-06-15,NY,New Donnafurt,bronze,In-Store,N,Email Campaign
CUST005387,Clayton,Cook,clayton.cook217@outlook.com,+1-961-333-1725x339,F,1994-08-02,2026-01-16,NC,Lake Claudia,Gold,Online,Y,
CUST004857,Daniel,Young,daniel.young268@gmail.com,+1-995-894-6738x52219,M,1975-03-21,2022-08-10,Ohio,Richardsonchester,Bronze,Mobile App,no,
CUST001546,Jasmine,Watkins,jasmine.watkins26@gmail.com,(429)235-5459,F,1948-12-01,2023-11-02,Ohio,Port Pamelaport,SILVER,Mobile App,N,TV Ad
CUST004409,Jonathan,Pierce,jonathan.pierce602@hotmail.com,001-426-349-9289,F,1998-03-18,2024-03-18,North Carolina,Port Michelle,SILVER,In-Store,yes,Social Media
CUST005324,Stacy,Owens,stacy.owens212@gmail.com,533-517-9462,F,1952-08-14,2024-10-28,OH,Lake Matthewview,BRONZE,In-Store,,Walk-in
CUST005614,Michael,Brown,michael.brown853@gmail.com,+1-571-298-4951x341,F,1986-05-02,2021-08-30,FLORIDA,Rodriguezfurt,gold,In-Store,N,Walk-in
CUST000596,Susan,Young,susan.young183@yahoo.com,(420)928-1237x1067,F,1972-12-20,2023-06-26,FL,North Ronaldland,silver,Mobile App,,Friend Referral
CUST004000,Stephen,Coleman,stephen.coleman807@outlook.com,852.301.8897,Other,1998-05-04,2024-05-17,GA,Caldwellborough,bronze,Online,N,Influencer
CUST003616,Krista,King,krista.king270@yahoo.com,+1-773-223-3519,F,1983-08-10,2026-04-08,NC,New Jamesville,Bronze,Online,Y,Walk-in
CUST002864,Erika,Henry,erika.henry719@hotmail.com,001-229-490-2510,M,1946-06-01,12/17/2020,Arizona,South Michelle,BRONZE,In-Store,1,
CUST005429,Robert,Brown,robert.brown813@outlook.com,696-784-7081,F,1967-10-07,2023-11-14,MD,Jillbury,SILVER,In-Store,N,
CUST000295,Jacqueline,Hoover,jacqueline.hoover34@hotmail.com,(856)766-6832x7238,F,1965-10-27,2025-09-08,Georgia,East Ryanshire,Bronze,Online,no,Search Engine
CUST003577,Christy,Lynn,christy.lynn939@gmail.com,+1-436-246-9549x465,M,1967-02-19,2021-07-10,TX,Port John,platinum,Mobile App,0,Search Engine
CUST001030,Michael,Watkins,michael.watkins411@gmail.com,(772)302-6656x862,M,1981-03-30,2023-10-11,Georgia,New Heather,Bronze,Online,Y,Walk-in
CUST002125,Jamie,Wilson,jamie.wilson716@outlook.com,370-437-9306,M,1953-12-30,2024-08-29,MARYLAND,South Trevor,bronze,Mobile App,N,Walk-in
CUST001449,Bradley,Mercado,bradley.mercado304@yahoo.com,596-274-1991x605,M,1987-08-31,2022-12-05,Ohio,Destinyfurt,platinum,Mobile App,no,
CUST001142,Danny,Day,danny.day687@yahoo.com,001-816-754-4137x277,M,1996-02-26,03/07/2022,Texas,South Kevinborough,SILVER,Online,N,
CUST002248,Connie,Mcintosh,connie.mcintosh408@gmail.com,,M,1951-07-03,2021-08-28,PA,New Tamiborough,Platinum,Online,,
CUST004291,David,Ho,david.ho212@outlook.com,(545)356-9903x36545,F,2008-03-09,2022-08-25,IL,Jacquelineport,bronze,Mobile App,,
CUST002522,Christine,Lane,christine.lane946@gmail.com,665-716-0862,M,1995-02-01,2021-10-03,NEW JERSEY,Kingville,SILVER,Online,yes,TV Ad
CUST002450,Timothy,Price,timothy.price476@hotmail.com,7347989397,F,1972-06-22,2025-02-08,OH,Emilyview,SILVER,Mobile App,,TV Ad
CUST001297,Michelle,Jones,,,F,1980-12-17,2022-06-05,Michigan,Rachelburgh,bronze,Online,,
CUST001657,Joseph,Walker,joseph.walker382@hotmail.com,(912)315-6038,M,1994-11-22,2022-01-09,NJ,Allisonmouth,PLATINUM,In-Store,,TV Ad
CUST000244,Alexandra,Fowler,alexandra.fowler95@yahoo.com,256-942-4008x2547,F,1962-05-09,2022-09-11,ma,Port Christopher,BRONZE,Online,Y,Search Engine
CUST005908,  Johnathan ,Sims,johnathan.sims816@yahoo.com,284-964-8707,F,1943-04-25,2024-10-27,AZ,West Rickyfurt,silver,Mobile App,0,Friend Referral
CUST002873,Jamie,Long,jamie.long999@hotmail.com,540.401.9801x106,F,1967-12-22,2022-06-14,Michigan,West Jeffreyborough,platinum,Mobile App,0,Social Media
CUST005630,Stephen,Davis,stephen.davis515@yahoo.com,+1-222-225-5398x315,M,1942-02-04,2025-03-14,North Carolina,Marquezfurt,Silver,Online,,
CUST002939,Stacy,Haynes,stacy.haynes506@outlook.com,392-730-0833x4187,F,1974-11-06,07/15/2023,Tennessee,East Andrewburgh,bronze,Mobile App,Y,Search Engine
CUST001027,Cynthia,Ware,cynthia.ware756@gmail.com,436-484-1013,F,2008-02-13,2025-12-27,ARIZONA,Thompsonmouth,BRONZE,Online,1,
CUST004373,Larry,Dodson,larry.dodson10@outlook.com,001-456-332-5258x885,F,1982-06-24,2024-02-03,OH,Hernandezmouth,silver,Mobile App,no,Search Engine
CUST005143,Henry,Singh,henry.singh770@yahoo.com,+1-754-960-7682x314,M,1965-07-21,2022-10-03,TX,Lorifurt,Gold,In-Store,0,Influencer
CUST002048,Brooke,Nelson,brooke.nelson226@yahoo.com,001-685-991-9817,F,2007-02-20,2023-07-04,Washington,South Nicholas,Silver,Mobile App,1,TV Ad
CUST003816,Amanda,Sullivan,amanda.sullivan597@outlook.com,8305387942,F,2006-12-17,2025-04-05,Michigan,Huffmanhaven,SILVER,Online,N,Influencer
CUST002849,Megan,Garrett,megan.garrett681@outlook.com,345-724-4864,M,1988-03-07,2023-07-02,MO,Port Meghanview,bronze,Mobile App,yes,Friend Referral
CUST005204,Michael,Robinson,michael.robinson562@hotmail.com,2473677839,M,1943-11-30,2025-10-17,MICHIGAN,Olsonside,Silver,Mobile App,yes,Friend Referral
CUST002197,Virginia,Martin,virginia.martin2@outlook.com,854-513-8273,Other,2009-06-18,2023-02-12,GA,Bradleytown,Silver,In-Store,yes,
CUST005624,Amy,Johnson,amy.johnson436@hotmail.com,455-851-2342,F,2007-06-28,2024-11-09,IN,South Michelleport,bronze,In-Store,Y,Friend Referral
CUST003701,Wendy,Williamson,wendy.williamson521@gmail.com,584-712-6405,M,1946-03-05,2020-11-24,va,Chavezport,gold,Mobile App,Y,Friend Referral
CUST004853,Dana,Bell,dana.bell171@gmail.com,001-576-451-3960x131,Other,1966-11-18,2026-05-21,Tennessee,Carrollstad,silver,Online,N,Search Engine
CUST001247,Jack,Thompson,jack.thompson335@yahoo.com,313-548-4339,F,1966-09-30,2021-06-27,GA,North Susanton,SILVER,In-Store,no,Search Engine
CUST004313,William,Kennedy,william.kennedy991@hotmail.com,2359195730,Other,1964-01-23,12/27/2022,md,Mccarthyport,SILVER,In-Store,,
CUST001898,Timothy,Roberts,timothy.roberts629@yahoo.com,(438)615-1291x1647,F,1994-03-31,2021-02-22,Arizona,Haydenport,silver,Online,no,
CUST004639,Molly,Long,molly.long581@gmail.com,001-898-944-9679x48471,F,2008-05-31,2020-09-10,ma,Vanessamouth,BRONZE,Mobile App,N,Email Campaign
CUST005427,Crystal,Benton,crystal.benton891@hotmail.com,690-648-5845x2112,M,2004-08-29,09/18/2020,ma,Nguyenville,SILVER,In-Store,0,Search Engine
CUST001526,Timothy,Gonzalez,timothy.gonzalez166@gmail.com,477-436-5561,F,2005-12-04,2021-02-06,North Carolina,Elizabethhaven,BRONZE,In-Store,0,Social Media
CUST001149,Shawna,Hernandez,shawna.hernandez283@hotmail.com,507-586-0435x66050,M,1973-12-13,2024-09-21,Washington,North Kimberlyport,Silver,Online,Y,Email Campaign
CUST002751,Theresa,Stevenson,theresa.stevenson692@yahoo.com,(306)282-2879x5614,F,1996-05-29,2023-11-05,CA,Theresaberg,Bronze,Online,1,Friend Referral
CUST000395,Billy,Hernandez,billy.hernandez56@yahoo.com,(929)260-4432,M,1966-09-05,2026-06-10,Indiana,Kellytown,Bronze,In-Store,0,Walk-in
CUST005130,Christine,Aguilar,christine.aguilar310@outlook.com,3746430320,M,2004-06-12,07/22/2022,MO,Deniseville,silver,In-Store,no,Walk-in
CUST005784,Carlos,Herrera,carlos.herrera609@yahoo.com,778.201.4355,F,1979-07-18,2020-10-31,NORTH CAROLINA,Tiffanybury,SILVER,Mobile App,0,Influencer
CUST003546,Amber,Cunningham,amber.cunningham673@hotmail.com,562.383.5571x42709,M,1986-11-01,2021-12-30,VA,West Benjaminton,bronze,In-Store,Y,Friend Referral
CUST003163,Jennifer,Smith,,,Other,1943-12-23,2022-04-01,VA,Matthewfurt,gold,Mobile App,,
CUST000495,Peter,Griffith,peter.griffith789@yahoo.com,(815)922-6557,M,1995-08-31,2023-06-17,WA,North Beckyview,GOLD,Mobile App,no,Social Media
CUST001701,Austin,Avila,austin.avila422@gmail.com,494.933.6447x0263,M,1964-09-08,2024-03-12,North Carolina,West Vincent,PLATINUM,Mobile App,N,
CUST005308,Amber,Andrade,amber.andrade201@yahoo.com,686.489.1008x7292,F,1967-07-27,2021-07-27,VA,New Frederickton,Bronze,Mobile App,N,TV Ad
CUST005897,Brian,Randolph,brian.randolph468@outlook.com,,M,2008-01-16,2025-06-22,VIRGINIA,North Karenborough,silver,Online,,
CUST003920,Mary,Christensen,mary.christensen389@gmail.com,(520)253-8480,F,1950-09-12,2026-05-09,Texas,Baileymouth,Silver,Online,N,Influencer
CUST000107,  Eric ,Adkins,eric.adkins968@outlook.com,001-539-418-7851x91088,Other,1983-01-28,02/04/2023,Pennsylvania,Toddborough,PLATINUM,Mobile App,yes,Influencer
CUST005860,  Dennis ,Sanchez,,,M,,2023-06-01,Georgia,New Cynthia,BRONZE,Mobile App,,
CUST003795,David,Turner,david.turner79@gmail.com,+1-744-909-0025,M,1978-11-30,2023-10-13,INDIANA,West Edwardville,SILVER,In-Store,0,Social Media
CUST000432,Johnny,Hunter,johnny.hunter958@yahoo.com,960.904.1257,Other,1973-01-10,2021-02-05,NJ,Jamesfurt,bronze,In-Store,1,TV Ad
CUST002528,Shawn,Garcia,shawn.garcia821@gmail.com,508-733-2710x45351,Other,1986-12-28,2024-02-11,ga,Amberside,SILVER,In-Store,1,
CUST000734,Jimmy,West,jimmy.west773@gmail.com,404.751.9577,M,1940-10-23,2024-06-16,Michigan,Hansenfort,Platinum,Mobile App,N,
CUST003723,William,Petty,william.petty31@outlook.com,842.763.3618x91355,M,1941-06-20,2024-04-26,Michigan,Harrischester,silver,Mobile App,N,Friend Referral
CUST001591,Bridget,Espinoza,bridget.espinoza132@gmail.com,970-352-0313x2988,M,1977-06-29,2022-06-24,Florida,Lake Mary,PLATINUM,Mobile App,N,Friend Referral
CUST003932,Kathryn,Ruiz,kathryn.ruiz666@outlook.com,5546351371,Other,1948-05-16,2022-02-21,MO,North Jennifer,SILVER,In-Store,0,TV Ad
CUST005716,Stephanie,Thompson,stephanie.thompson183@outlook.com,990-209-5398x49704,F,1979-02-24,2026-01-19,Georgia,South Robertstad,SILVER,Online,yes,Social Media
CUST001240,Nicholas,Gilmore,nicholas.gilmore740@outlook.com,402-555-1344x48672,F,1997-07-04,2022-05-30,Massachusetts,North Javierside,Platinum,Mobile App,N,Influencer
CUST001582,Alan,York,alan.york917@yahoo.com,692-914-7498,M,1961-06-06,2025-06-25,il,Morseside,silver,Online,N,
CUST003540,Lisa,Larson,lisa.larson742@gmail.com,(230)271-0564,M,2009-07-31,2024-11-05,MO,Abbottton,Gold,Online,N,TV Ad
CUST003382,Jeffery,Bradshaw,jeffery.bradshaw153@outlook.com,335-378-6667x36032,M,1953-04-17,2025-02-21,California,Danielschester,silver,In-Store,no,Friend Referral
CUST004824,Logan,Dudley,logan.dudley221@hotmail.com,723.571.5357,F,1961-04-19,06/23/2024,CA,Michelleland,BRONZE,Mobile App,0,Friend Referral
CUST000453,Stephanie,Olson,stephanie.olson449@hotmail.com,001-311-460-2564x347,F,1978-07-10,2022-02-02,MI,Port Sheryl,bronze,Online,Y,
CUST002228,Raymond,Sanders,raymond.sanders130@gmail.com,8415179779,M,1944-06-30,2023-03-13,IL,Brownshire,BRONZE,Online,yes,
CUST004493,George,Schmitt,george.schmitt977@yahoo.com,575-839-6775,Other,1987-01-20,2022-03-11,CA,East Juan,Bronze,Online,0,Walk-in
CUST002393,Tracy,Haley,tracy.haley796@gmail.com,(760)294-0447x5017,M,1998-06-20,2025-07-26,ARIZONA,South Cindyberg,bronze,Mobile App,0,Walk-in
CUST003938,Charles,Hunter,charles.hunter900@hotmail.com,(657)251-1714,F,1958-07-04,2023-04-02,FL,Jonesshire,Bronze,In-Store,no,Walk-in
CUST003716,Lance,Carr,lance.carr979@outlook.com,001-597-230-9806x5727,M,1944-12-30,2021-04-29,TX,Juliamouth,Silver,Mobile App,N,Social Media
CUST002546,Heather,Johnson,heather.johnson440@outlook.com,868-744-2633x33884,Other,1983-08-07,2025-12-31,NY,Timothyport,gold,Online,,Search Engine
CUST004829,David,Jones,david.jones356@hotmail.com,741-671-0191,M,1944-07-27,2024-01-24,Pennsylvania,Lauraberg,silver,Online,N,
CUST001609,Christine,Sampson,christine.sampson316@hotmail.com,552-531-9199x0821,Other,1944-03-24,2023-11-05,Wisconsin,New Noahchester,SILVER,Mobile App,,Friend Referral
CUST005999,Brian,Hudson,brian.hudson797@yahoo.com,553-209-9654x3175,F,1949-04-09,2025-01-02,MASSACHUSETTS,Smithville,silver,Online,N,Social Media
CUST003516,Heather,Klein,heather.klein420@yahoo.com,(431)900-2668x974,F,1968-06-06,2025-12-02,MO,Sydneymouth,SILVER,Mobile App,Y,
CUST003779,Melissa,Clark,melissa.clark887@gmail.com,395-807-6140x48687,M,1989-03-24,2025-12-27,Illinois,South Jasontown,PLATINUM,In-Store,yes,Email Campaign
CUST000962,Colleen,Roberson,colleen.roberson768@yahoo.com,547-243-2811x659,M,1956-09-05,2024-07-12,Pennsylvania,North Johnathan,Gold,Mobile App,1,Walk-in
CUST002303,Sarah,Clayton,sarah.clayton16@yahoo.com,366.302.4456x979,M,1969-03-27,2026-05-05,NY,Lake Matthewland,Bronze,Online,1,Search Engine
CUST000993,Victoria,Hart,victoria.hart102@outlook.com,8269876448,M,1972-08-07,01/14/2026,MI,Smithton,bronze,In-Store,Y,Walk-in
CUST000365,Rebecca,Mccann,rebecca.mccann119@outlook.com,(394)521-5291x08677,F,1954-07-22,2024-10-02,NY,North Richard,GOLD,Online,no,Influencer
CUST002686,Sarah,Black,sarah.black769@hotmail.com,7065991558,Other,2001-10-07,2021-07-29,Virginia,South Matthewtown,SILVER,In-Store,N,Influencer
CUST004750,Susan,Glover,susan.glover302@outlook.com,,M,1952-01-27,2022-11-12,MA,Nortonberg,bronze,Mobile App,,
CUST000835,Brandon,Hall,brandon.hall400@yahoo.com,001-409-208-5991x449,F,1966-11-16,2024-11-19,TX,North Elizabethmouth,silver,Online,1,Email Campaign
CUST004886,Chelsey,Lloyd,chelsey.lloyd61@hotmail.com,322.673.5947,M,2000-03-27,2023-05-26,Michigan,Danahaven,Bronze,Mobile App,0,Friend Referral
CUST003475,Jennifer,Wells,jennifer.wells545@gmail.com,537.322.5758x4836,M,1992-11-11,2025-06-23,ILLINOIS,Walkertown,bronze,Mobile App,N,Walk-in
CUST005670,Robert,Walsh,robert.walsh775@outlook.com,(922)635-9366x29399,F,1972-11-08,2026-06-17,New York,Caseyland,Bronze,In-Store,Y,Walk-in
CUST004687,Dustin,Reynolds,dustin.reynolds336@hotmail.com,001-419-791-7737x6606,Other,1992-07-25,2024-07-31,MISSOURI,Port Matthew,BRONZE,In-Store,N,Social Media
CUST005326,Brooke,White,brooke.white358@gmail.com,560-838-0807,F,1958-08-09,2025-08-10,CA,Leeberg,Gold,In-Store,0,Social Media
CUST004312,Gina,Meyer,gina.meyer817@outlook.com,424-605-7926,M,1942-05-14,10/19/2023,MO,Donovanside,Bronze,In-Store,N,TV Ad
CUST004540,Leah,Allison,leah.allison579@gmail.com,+1-566-394-5948x30741,F,1994-12-15,2026-01-10,Wisconsin,Lake Rogerville,bronze,In-Store,0,Social Media
CUST001426,Mary,Cook,mary.cook308@gmail.com,(467)815-5446x0539,F,1956-01-07,2025-01-09,IL,Laurahaven,bronze,Online,,Influencer
CUST002911,Jeff,Cook,jeff.cook564@yahoo.com,(246)569-3706x75644,M,1953-11-24,2021-05-12,Pennsylvania,Jeffreyborough,Silver,In-Store,yes,Search Engine
CUST004681,Nicole,Brown,nicole.brown295@yahoo.com,+1-995-587-2441x113,F,1996-02-27,2024-11-18,Missouri,Williamston,gold,Online,N,
CUST002894,  Jeremy ,Hester,jeremy.hester48@yahoo.com,965-392-3002x24223,M,1988-12-21,2023-06-19,Washington,Davidmouth,silver,Online,N,
CUST004383,Victoria,Butler,victoria.butler889@gmail.com,(771)292-2478x22132,F,1950-01-28,02/27/2024,North Carolina,Kevinfort,Silver,Mobile App,0,Walk-in
CUST001268,Olivia,Christian,olivia.christian238@hotmail.com,(256)250-4607,Other,1953-07-28,05/21/2024,California,South Ericfurt,bronze,Mobile App,N,Influencer
CUST002321,Ryan,Skinner,ryan.skinner863@gmail.com,266.516.2950x641,Other,1962-06-04,2021-07-28,New Jersey,New Josephmouth,platinum,Mobile App,yes,
CUST002119,David,Dodson,david.dodson190@gmail.com,3805993715,Other,1948-06-27,2025-06-03,Tennessee,East Nicholas,Silver,Mobile App,Y,Social Media
CUST004089,Laura,Parrish,laura.parrish333@yahoo.com,001-235-953-4176,M,1953-03-13,2022-08-31,Missouri,Johnsonport,Platinum,Online,,Search Engine
CUST005909,Amy,Armstrong,,,F,,2023-10-04,AZ,,PLATINUM,Online,,
CUST005336,Tyler,Stewart,tyler.stewart192@yahoo.com,+1-696-972-7704x12562,M,2010-05-18,2023-04-19,MASSACHUSETTS,New Marie,silver,In-Store,N,Walk-in
CUST001834,David,Diaz,david.diaz80@gmail.com,7855789591,M,2003-01-17,2026-06-09,North Carolina,East Melissatown,silver,In-Store,no,
CUST004298,Craig,Roberts,craig.roberts590@hotmail.com,001-755-895-8398x21570,F,1966-05-01,2022-04-05,il,Port Danielfort,BRONZE,Online,N,TV Ad
CUST000608,Jessica,Lopez,jessica.lopez120@outlook.com,,Other,1982-01-20,2026-04-18,Washington,Port Alex,SILVER,Mobile App,,
CUST000634,Jason,Davis,jason.davis664@gmail.com,247-557-4949x02284,M,1985-08-13,2021-02-07,Illinois,Goodwinview,BRONZE,Online,yes,Friend Referral
CUST003620,Joshua,Warren,joshua.warren811@outlook.com,+1-919-529-4476x337,F,1944-11-13,2025-07-13,TX,West Saraside,BRONZE,In-Store,no,TV Ad
CUST002482,Paul,French,paul.french115@hotmail.com,9118233016,F,2010-05-30,2023-12-15,MA,Lake Meganton,Silver,In-Store,yes,Walk-in
CUST000023,Richard,Bass,richard.bass348@gmail.com,+1-538-472-1489x51343,F,1961-12-12,2021-11-23,TX,Stevenmouth,Bronze,Online,,
CUST000404,Christopher,Hale,christopher.hale609@gmail.com,+1-785-254-7435x537,F,1998-10-23,2024-11-22,MO,Natalieborough,silver,In-Store,Y,Social Media
CUST000906,Samantha,Morris,samantha.morris368@gmail.com,001-247-824-1916x50344,M,1976-06-12,2023-01-02,NC,East Michaelview,bronze,Mobile App,,Search Engine
CUST003937,Nicholas,Taylor,nicholas.taylor499@hotmail.com,(519)289-3835,F,2008-08-09,2020-12-03,Washington,Greenchester,Bronze,In-Store,1,Email Campaign
CUST003152,  James ,Walker,james.walker605@yahoo.com,(705)470-3659,M,1976-12-14,2022-06-17,Texas,East Toni,Bronze,Online,N,
CUST000436,Sarah,Foster,sarah.foster555@gmail.com,(550)863-7314x9501,F,1970-08-17,2022-01-10,Michigan,West Marcustown,BRONZE,In-Store,N,Email Campaign
CUST000817,Scott,Shannon,scott.shannon591@outlook.com,961-684-4421x82998,F,1986-01-01,2021-01-02,Indiana,Lake Edwardstad,SILVER,Online,yes,
CUST002449,Dennis,Evans,dennis.evans962@yahoo.com,540.828.2656x529,F,2010-06-30,2025-02-08,Arizona,Melvinborough,SILVER,Mobile App,0,Influencer
CUST005686,Tyler,White,tyler.white132@gmail.com,2716810255,Other,2005-08-16,2022-07-03,tn,Mendozamouth,Bronze,Mobile App,N,Search Engine
CUST000500,Wesley,Smith,wesley.smith693@hotmail.com,001-884-436-2418,F,1998-12-18,2024-08-18,FLORIDA,Spencerview,silver,Mobile App,Y,
CUST005605,Jillian,Gonzalez,jillian.gonzalez397@yahoo.com,966-259-8184,F,1947-11-08,2023-02-07,INDIANA,East Matthewside,bronze,Online,,Influencer
CUST000917,Scott,Floyd,scott.floyd396@outlook.com,926-712-1203x843,M,1941-08-18,2025-05-04,NEW YORK,Taylorchester,BRONZE,Mobile App,,Search Engine
CUST002181,Javier,Ingram,javier.ingram832@yahoo.com,+1-599-247-3879,M,1973-10-09,2024-09-30,MA,Port Kim,Silver,Online,1,Friend Referral
CUST001953,Amanda,Mitchell,amanda.mitchell727@yahoo.com,(232)993-9702x66382,M,1987-07-07,2024-06-21,New Jersey,New Coryborough,bronze,Mobile App,1,TV Ad
CUST000759,Jamie,Nunez,jamie.nunez528@hotmail.com,596.779.3521x96263,M,1971-03-29,2025-10-07,Washington,Marcfort,silver,In-Store,Y,
CUST003571,Timothy,Valdez,timothy.valdez505@gmail.com,(953)377-4226,Other,2007-10-03,2024-01-28,AZ,Lake Rachel,silver,In-Store,Y,Influencer
CUST003218,Andrew,Rodriguez,andrew.rodriguez428@hotmail.com,+1-602-938-7893x0381,M,1978-12-19,2022-05-17,IN,Lake Dustinview,bronze,Online,0,
CUST002379,Keith,Smith,keith.smith382@hotmail.com,+1-863-337-0695x11819,F,1997-12-14,2024-09-07,Illinois,Nathanmouth,SILVER,Online,0,Influencer
CUST000523,James,Johnson,james.johnson785@hotmail.com,630-952-3124,M,1942-04-16,2023-08-26,Tennessee,East Michelle,gold,In-Store,N,Social Media
CUST003588,Christopher,Martinez,christopher.martinez357@gmail.com,001-907-346-8638x64610,Other,1994-07-06,2021-08-16,MISSOURI,Westborough,Silver,Mobile App,1,Search Engine
CUST000724,Tyler,Mcintosh,tyler.mcintosh361@yahoo.com,001-855-451-6517x68086,F,1950-06-21,2021-04-08,FL,Lake Jimmy,bronze,Mobile App,1,TV Ad
CUST000994,Richard,Armstrong,richard.armstrong550@hotmail.com,(960)545-0063x553,F,1982-03-11,01/18/2026,WA,South Lisafurt,bronze,Online,,
CUST001319,Michael,Osborne,michael.osborne446@gmail.com,(872)240-0020,M,1950-08-13,2022-12-17,Texas,Josephshire,bronze,Online,Y,Walk-in
CUST002122,Elizabeth,Maxwell,elizabeth.maxwell416@gmail.com,485.702.8477,Other,1942-08-06,2023-11-27,MD,New Denise,silver,Online,no,Email Campaign
CUST001822,  David ,Smith,david.smith327@hotmail.com,+1-548-369-6537x1557,Other,1967-03-25,2023-07-11,PA,North Jonathan,Bronze,Mobile App,no,Social Media
CUST001128,Cindy,Fischer,cindy.fischer221@outlook.com,(596)320-8059,M,1957-11-13,2025-10-07,Virginia,Melissafurt,BRONZE,Mobile App,N,Social Media
CUST000702,Kristin,Miller,kristin.miller312@yahoo.com,(732)434-1595x977,Other,1941-04-13,2025-09-10,MO,West Melissamouth,GOLD,Online,Y,
CUST001918,Jared,Lam,jared.lam952@hotmail.com,502-569-3955,F,1975-12-22,2024-03-30,wi,Jamesville,gold,In-Store,no,Email Campaign
CUST005149,Brianna,Evans,brianna.evans983@yahoo.com,755-538-3161,F,1946-04-20,2021-03-06,VA,Port Marybury,Gold,Mobile App,,Social Media
CUST001244,Connor,Gilbert,connor.gilbert566@yahoo.com,001-470-568-0269x33154,F,1969-01-19,2023-09-23,Illinois,Turnermouth,Bronze,Online,,Email Campaign
CUST001946,Donna,Nguyen,donna.nguyen772@gmail.com,205.746.7393x1649,F,1997-01-22,2025-07-22,WI,New Ricky,silver,Mobile App,Y,Walk-in
CUST001969,Jimmy,Bennett,jimmy.bennett712@yahoo.com,341-340-8579x62295,M,1953-03-14,2025-01-18,FL,New Joshua,SILVER,Online,0,Influencer
CUST001001,Mackenzie,Thomas,mackenzie.thomas926@yahoo.com,001-275-865-8963x5957,F,1992-04-14,2022-09-29,North Carolina,Port Danny,Bronze,In-Store,1,Walk-in
CUST002910,Angela,Gray,angela.gray3@gmail.com,435.349.6259x5901,Other,1969-04-15,2022-05-11,Michigan,Lake Adrianfort,bronze,Mobile App,,Friend Referral
CUST005205,Wesley,Haynes,wesley.haynes102@gmail.com,703-249-0225,M,1977-08-15,01/01/2025,GA,East Hannahton,gold,In-Store,N,Search Engine
CUST000236,Michelle,Parsons,michelle.parsons355@yahoo.com,4366915594,M,1972-09-05,2021-05-16,Georgia,Stewarttown,bronze,In-Store,N,Social Media
CUST004874,Nicholas,Burns,nicholas.burns662@gmail.com,534-310-6286x4792,F,1972-10-17,2026-05-15,Indiana,South Katietown,Bronze,Mobile App,Y,Search Engine
CUST002063,Rachel,Anderson,rachel.anderson284@yahoo.com,001-589-788-1085x5872,F,2009-01-29,2022-05-20,OHIO,West Haley,Bronze,Mobile App,Y,
CUST004919,Thomas,Clark,thomas.clark801@yahoo.com,768-593-9185x2147,M,2003-06-02,2023-06-13,PA,Powersbury,BRONZE,In-Store,N,Influencer
CUST000886,Stephanie,Moore,stephanie.moore432@hotmail.com,9307109567,M,2002-03-05,2024-05-08,Indiana,East Jacquelineport,SILVER,Online,Y,Email Campaign
CUST002689,Rebecca,Curtis,rebecca.curtis253@gmail.com,,M,1945-02-18,2021-06-28,Pennsylvania,Carterhaven,SILVER,Online,,
CUST001772,Paul,Gentry,paul.gentry232@gmail.com,300.860.3981x0795,M,2004-12-15,2025-05-03,WA,Marissaview,Gold,In-Store,N,Search Engine
CUST000646,Mark,Castillo,mark.castillo451@yahoo.com,649.796.0105,M,1991-03-01,2023-05-29,Washington,Port Donnafort,bronze,In-Store,0,
CUST005444,Kaitlyn,Davies,kaitlyn.davies103@hotmail.com,(491)576-1214x300,F,1959-01-08,2025-06-03,Washington,East Jillfurt,GOLD,Online,1,Email Campaign
CUST002770,William,Nichols,william.nichols803@yahoo.com,805-557-2477x213,M,1980-11-10,2024-03-10,New York,Port Juan,silver,In-Store,0,
CUST000883,Kimberly,Silva,kimberly.silva871@hotmail.com,236-658-5856x423,F,1998-04-27,2025-03-11,Missouri,South David,bronze,In-Store,yes,Email Campaign
CUST001493,Kevin,Jennings,kevin.jennings290@hotmail.com,401-946-1039,M,1989-03-02,2023-02-18,MD,Lake Kathyton,bronze,In-Store,N,
CUST002180,Natalie,Reid,natalie.reid606@outlook.com,8075404515,M,1946-10-27,2020-10-25,Ohio,Port Keithberg,bronze,Mobile App,yes,Email Campaign
CUST001208,Zachary,Parks,zachary.parks310@outlook.com,209.472.3610,F,1984-04-27,2023-12-23,GA,Leeside,GOLD,Mobile App,N,Influencer
CUST001260,Charles,King,charles.king371@yahoo.com,+1-210-304-2028x86616,F,1978-10-13,2021-04-11,TX,West Bethshire,platinum,Mobile App,yes,Email Campaign
CUST000073,Samantha,Hughes,samantha.hughes247@hotmail.com,751-386-4492,M,1994-11-20,2024-08-16,TN,Port Crystalmouth,SILVER,Online,,
CUST002500,Matthew,Clark,matthew.clark40@hotmail.com,712-872-5921x298,M,2010-01-17,2021-02-01,Illinois,North Kimberly,BRONZE,Mobile App,,Walk-in
CUST002604,Kathy,Cole,kathy.cole218@outlook.com,001-642-990-4368x2756,Other,1980-03-27,2025-02-07,NC,Greenstad,Silver,In-Store,yes,
CUST002260,Jeremy,Yu,jeremy.yu345@gmail.com,(951)504-9461,F,1966-01-16,2021-04-29,NORTH CAROLINA,Pagechester,Gold,Mobile App,Y,Search Engine
CUST001821,Kimberly,Yoder,kimberly.yoder777@hotmail.com,343-737-3278x39692,M,1975-01-01,2025-04-19,WI,East Colleen,Gold,Online,,Email Campaign
CUST001463,Frank,Lee,frank.lee649@gmail.com,644.560.6069,M,2006-08-03,2022-01-30,VIRGINIA,East Christina,Bronze,Online,,Influencer
CUST005059,Austin,Wilson,,,F,1985-06-09,04/25/2021,Indiana,Thompsonton,bronze,Online,,
CUST001581,Lori,Jones,lori.jones405@hotmail.com,+1-973-448-0022x64259,F,1965-08-30,2024-01-12,VA,New Elizabethton,BRONZE,Online,yes,Search Engine
CUST004748,Daniel,Hughes,daniel.hughes742@gmail.com,(274)335-5136x493,Other,1957-03-17,2022-08-22,Pennsylvania,Watersland,SILVER,Online,Y,Friend Referral
CUST002216,Teresa,Zamora,teresa.zamora620@yahoo.com,965-615-9952,F,1951-06-06,2021-08-21,New Jersey,Lake Cassandra,silver,Mobile App,yes,Social Media
CUST004733,William,Smith,william.smith423@hotmail.com,955-486-4452x64650,Other,2003-06-11,2025-10-28,Arizona,Rachelton,Platinum,Mobile App,N,TV Ad
CUST001417,Rachel,Miller,rachel.miller837@hotmail.com,295.738.2944x19147,F,1981-02-03,2020-10-05,OH,East Markview,Silver,In-Store,no,
CUST001437,Jennifer,Roman,jennifer.roman813@gmail.com,001-250-383-7456,Other,1989-03-22,2026-05-06,FL,New Michaelmouth,Silver,In-Store,N,TV Ad
CUST003175,Jared,Robinson,jared.robinson888@hotmail.com,+1-662-234-2530x12819,M,1941-05-14,2021-12-20,PA,West Stephenfurt,Bronze,In-Store,0,Walk-in
CUST001559,Blake,Wilson,blake.wilson855@yahoo.com,001-547-361-2189,F,1958-04-12,2021-10-21,Indiana,Josephstad,GOLD,Mobile App,0,Email Campaign
CUST005468,Aaron,Glenn,aaron.glenn721@outlook.com,907.995.3687x028,F,1996-05-31,2025-10-14,Maryland,Lake Troyland,Gold,Mobile App,1,Social Media
CUST004710,Christina,Pena,christina.pena4@hotmail.com,001-207-833-1256x6142,Other,1984-07-25,2025-12-24,Washington,New Paul,GOLD,In-Store,no,Friend Referral
CUST005043,Alan,Brandt,alan.brandt487@yahoo.com,298-342-7788x571,F,1995-10-20,2021-08-27,Indiana,West Davidview,Platinum,In-Store,N,Social Media
CUST005297,Daniel,Burke,daniel.burke380@hotmail.com,212.212.8331,F,1947-06-09,2025-03-29,Ohio,Phillipschester,Gold,In-Store,yes,
CUST004616,Miguel,Allison,miguel.allison420@hotmail.com,303.368.7339,M,1987-02-02,2025-07-10,Washington,Ayalaton,gold,Mobile App,Y,Friend Referral
CUST001252,Kathleen,Gilmore,kathleen.gilmore496@yahoo.com,001-867-592-4157x127,Other,1981-01-13,2025-11-04,GA,East Keith,Gold,Mobile App,1,
CUST002601,Cassandra,Patel,cassandra.patel239@outlook.com,8342897311,M,1966-12-15,2022-01-03,CA,New Meaganfurt,Gold,Online,N,
CUST002235,  Cassidy ,Walker,cassidy.walker750@yahoo.com,+1-326-689-0098x606,F,1958-07-10,2021-07-31,MO,Port Jacquelineland,silver,In-Store,0,TV Ad
CUST002263,Anthony,Tran,anthony.tran690@hotmail.com,,F,1947-10-25,2021-07-01,New Jersey,Freemanton,bronze,In-Store,,
CUST002148,Donald,Arroyo,donald.arroyo229@outlook.com,,M,1974-04-19,2022-01-08,Georgia,Andrewsburgh,Bronze,Online,,
CUST003032,Caroline,Lawrence,caroline.lawrence391@hotmail.com,770.245.7408,M,1988-04-13,2021-06-05,PA,North Carlos,Platinum,In-Store,,Email Campaign
CUST001292,Shawn,Rogers,shawn.rogers768@gmail.com,001-513-424-6598x669,M,2004-04-04,2023-12-28,Tennessee,Port John,Bronze,Online,Y,Friend Referral
CUST002786,Steven,Robbins,steven.robbins184@yahoo.com,001-891-399-8467,M,1953-11-06,2025-03-23,AZ,Knighttown,silver,In-Store,Y,
CUST002504,Peter,Franco,peter.franco329@hotmail.com,001-450-569-6158x8445,Other,1984-03-23,2025-04-07,Missouri,West Jessicachester,GOLD,In-Store,,
CUST000158,Lee,Martinez,lee.martinez386@yahoo.com,312-549-0352,F,1965-10-03,02/26/2025,Wisconsin,Parkerview,bronze,Online,Y,
CUST002380,James,Newman,james.newman832@hotmail.com,(329)981-3324,M,2000-07-23,2022-10-16,TX,Markview,bronze,Online,yes,
CUST001290,David,Jones,,,F,1948-08-24,2023-06-17,New Jersey,Johnsonfort,Silver,In-Store,,
CUST001661,Melissa,Cochran,melissa.cochran423@hotmail.com,,F,2000-08-09,2021-03-23,MO,West Angelicafurt,BRONZE,Online,,
CUST005108,Garrett,Payne,garrett.payne296@hotmail.com,361-531-6888,F,2003-07-11,2025-02-07,MO,East Rebeccahaven,Bronze,Mobile App,,Email Campaign
CUST003839,John,Lloyd,john.lloyd73@yahoo.com,984.999.4084,M,1974-01-20,2023-04-13,Arizona,Paynestad,Silver,Online,0,TV Ad
CUST002170,Brittany,Boone,brittany.boone753@gmail.com,962-208-3610x88025,F,2009-11-25,2023-10-24,PA,East Emilyburgh,Silver,Mobile App,Y,Friend Referral
CUST005555,Chelsea,Jones,chelsea.jones907@yahoo.com,393.207.4837x768,M,1950-12-10,2025-02-27,nj,Sandraside,GOLD,Mobile App,N,Search Engine
CUST002169,Daniel,Moore,daniel.moore37@yahoo.com,(974)808-9120x59944,F,2007-04-27,2025-01-04,Tennessee,Nicholsborough,SILVER,In-Store,N,Influencer
CUST001991,Jonathan,Moses,jonathan.moses603@outlook.com,815-585-5373x0437,F,1981-06-13,2024-04-22,MI,Johnsonhaven,Gold,Online,Y,Social Media
CUST005188,William,Perez,,,M,2009-06-19,2023-09-02,MO,South Robert,silver,Mobile App,,
CUST003689,Victoria,Brennan,victoria.brennan572@outlook.com,+1-929-489-0426x9808,Other,1943-05-05,2026-04-17,Virginia,Edwardtown,BRONZE,Online,Y,Email Campaign
CUST005568,Julia,Castillo,julia.castillo284@yahoo.com,001-958-248-5923x138,M,1961-12-07,11/21/2024,Pennsylvania,Port Jessicastad,Gold,In-Store,Y,Search Engine
CUST003294,Brian,Richards,brian.richards502@hotmail.com,564-485-4713,Other,1976-01-13,2025-09-01,MD,Taylortown,gold,In-Store,no,Email Campaign
CUST001451,Randy,Gardner,randy.gardner270@hotmail.com,831-293-6252x60221,F,1981-03-31,2023-05-18,va,South Joshuaville,Bronze,Online,0,TV Ad
CUST002023,Christopher,Walls,christopher.walls991@yahoo.com,539.768.7884x20475,Other,1960-05-31,2022-06-21,OH,East Jenniferborough,Bronze,Mobile App,yes,Influencer
CUST002177,Jose,Wilson,jose.wilson190@hotmail.com,298-657-5473,F,1953-11-03,2024-08-30,Arizona,West Samanthaton,GOLD,Online,0,Friend Referral
CUST001457,Danielle,Kennedy,danielle.kennedy463@outlook.com,(675)974-5104x84809,M,1957-03-21,2021-12-30,Washington,West Betty,silver,Online,1,
CUST006046,  Bridget ,Espinoza,BRIDGET.ESPINOZA132@GMAIL.COM,970-352-0313x2988,M,1977-06-29,06/24/2022,Florida,Lake Mary,PLATINUM,Mobile App,N,Friend Referral
CUST000865,Susan,Lozano,susan.lozano851@yahoo.com,(500)302-4539,F,2008-05-29,2025-05-27,WA,Duketown,SILVER,In-Store,yes,Email Campaign
CUST005880,Sean,Patterson,sean.patterson742@hotmail.com,(326)305-6141x89234,F,2010-02-28,2025-10-25,OH,Thomasberg,BRONZE,Online,Y,
CUST001797,Michelle,Robinson,,,M,,2024-06-29,MI,Port Jason,Silver,In-Store,,
CUST002970,Lisa,Henderson,lisa.henderson887@gmail.com,+1-549-532-3755x8388,F,1993-12-29,2022-04-16,tn,Williamsfurt,BRONZE,Mobile App,yes,
CUST005052,Sonya,Day,sonya.day855@hotmail.com,828.407.5359x48271,M,1970-11-29,2024-09-01,WA,Port Catherine,Silver,Mobile App,0,Search Engine
CUST002466,  Sean ,Krueger,sean.krueger904@hotmail.com,+1-320-399-3872,M,1985-08-20,2025-04-12,VA,Brendanfort,Bronze,Mobile App,N,Email Campaign
CUST004756,Bethany,Morrow,bethany.morrow619@hotmail.com,(685)283-9313,F,1975-11-09,2024-05-11,Indiana,Lesliefort,Platinum,In-Store,Y,Influencer
CUST002211,Victoria,Walker,victoria.walker422@hotmail.com,606.731.3959x43578,M,1954-12-30,2022-03-20,IL,Lake Mistytown,SILVER,In-Store,N,
CUST001742,Betty,Wang,betty.wang549@hotmail.com,5257996114,M,1966-01-02,02/27/2024,Michigan,Melaniefort,gold,Online,N,Friend Referral
CUST001635,Maria,Lucas,maria.lucas69@yahoo.com,(910)203-7090,M,1965-12-11,2021-01-15,Michigan,Richardhaven,gold,Mobile App,Y,Friend Referral
CUST001414,Joseph,Blevins,joseph.blevins905@outlook.com,6415898566,Other,1968-08-12,2026-05-17,IN,Bobbyshire,Gold,Mobile App,0,Walk-in
CUST001324,Patricia,Jarvis,patricia.jarvis115@yahoo.com,810-958-3309,F,1994-07-06,2025-08-08,MISSOURI,Rhondabury,platinum,Online,yes,Search Engine
CUST002794,Alyssa,Allen,alyssa.allen275@yahoo.com,+1-977-447-6397x10318,Other,2010-03-31,2021-01-25,MI,Anitafort,BRONZE,Online,,Email Campaign
CUST005836,Steven,Rogers,steven.rogers844@gmail.com,650.221.7703x05445,M,1979-11-25,2025-04-25,TX,Wilsonland,silver,Online,,
CUST004845,Linda,Hernandez,linda.hernandez393@outlook.com,890.235.6511x699,F,1990-02-10,2023-10-14,TX,Port Martin,Bronze,In-Store,0,Friend Referral
CUST002659,Abigail,Coleman,abigail.coleman124@outlook.com,626.350.3052,F,2008-08-27,2026-05-23,nc,Dustintown,bronze,Online,Y,Email Campaign
CUST003369,Noah,Lopez,noah.lopez716@outlook.com,(264)253-1076x907,M,1983-06-21,2025-02-18,ca,Johnsonview,BRONZE,Online,no,
CUST002144,Allison,Mann,allison.mann843@gmail.com,208.494.2660x3669,Other,1994-11-25,2023-06-09,GA,Emilyside,bronze,Online,0,Search Engine
CUST001535,Ethan,Vaughan,ethan.vaughan723@hotmail.com,4806563082,F,1961-02-02,2025-08-15,NEW YORK,East Anthony,Silver,Online,N,
CUST005232,Deborah,Stokes,deborah.stokes957@yahoo.com,806-666-1281,M,1978-12-15,10/26/2021,Michigan,Jamesside,silver,Online,N,Friend Referral
CUST005854,Monica,Johnson,monica.johnson420@yahoo.com,+1-993-857-0176x319,F,1948-04-24,2024-05-10,ILLINOIS,East Nicolefort,SILVER,Mobile App,Y,Search Engine
CUST000830,Monica,Fowler,monica.fowler920@hotmail.com,475.309.2632x23998,M,1980-12-04,2021-04-22,ARIZONA,Jeremiahfurt,platinum,Mobile App,0,Social Media
CUST004705,Sharon,Ortiz,sharon.ortiz318@yahoo.com,(742)493-2674,F,1974-07-10,2022-08-16,California,New Michael,gold,Mobile App,yes,Walk-in
CUST003026,Jonathan,Wilson,jonathan.wilson910@hotmail.com,+1-756-501-6685x8677,F,1966-12-13,2024-03-22,TX,Port Latasha,bronze,Mobile App,1,TV Ad
CUST003664,Antonio,Hill,,,M,,10/17/2025,Ohio,Gonzalezchester,GOLD,In-Store,,
CUST000303,Raymond,Turner,raymond.turner134@hotmail.com,(374)728-6047x6580,F,1992-11-26,2025-01-19,NJ,South Frances,gold,Online,Y,Social Media
CUST000441,Shawna,Martinez,shawna.martinez159@gmail.com,(574)623-3629x34497,F,1952-10-31,2023-11-13,MA,East William,BRONZE,Mobile App,,
CUST003479,Wanda,Herrera,wanda.herrera5@gmail.com,2314696466,F,1976-07-06,2023-12-13,VA,Lake Susan,BRONZE,Mobile App,1,Search Engine
CUST005739,Brandon,Campbell,brandon.campbell805@outlook.com,+1-629-406-3147x91439,F,2006-04-06,2025-09-16,TN,South Chad,bronze,Online,yes,TV Ad
CUST003345,Grace,Williams,grace.williams609@gmail.com,285-665-9519x74395,Other,1966-02-06,2022-03-07,Massachusetts,East Jonathanton,Bronze,Mobile App,,
CUST003430,Robert,Bradley,robert.bradley862@outlook.com,289.473.7840x70419,M,2006-03-18,2025-11-25,GA,Joyceburgh,Bronze,In-Store,1,Influencer
CUST000108,Franklin,Bond,franklin.bond874@hotmail.com,207.828.6790x874,F,1971-08-09,08/19/2024,OHIO,Davishaven,BRONZE,In-Store,0,Influencer
CUST000052,  Jeffery ,Lee,jeffery.lee705@gmail.com,+1-504-470-9521x4562,M,1958-03-21,2025-01-26,Georgia,Lake Colton,Gold,Online,yes,Email Campaign
CUST004642,Nicholas,Johnson,nicholas.johnson406@hotmail.com,(571)369-7781x9767,F,2009-12-05,04/14/2024,Indiana,Williamsberg,Gold,Online,N,
CUST003423,Craig,Watson,craig.watson273@outlook.com,566.227.1061x0420,Other,1972-03-10,2021-03-02,ga,South Meganstad,gold,Online,,
CUST003955,Katherine,Rogers,katherine.rogers896@gmail.com,304.845.6759,Other,1948-05-22,2026-05-03,MA,Wallacemouth,GOLD,Online,no,Influencer
CUST000446,Janice,Mccann,janice.mccann290@gmail.com,448-686-9461x195,M,1946-04-20,2025-12-20,NC,Martinchester,GOLD,Mobile App,,
CUST002905,Alexander,Young,alexander.young909@yahoo.com,4689151146,M,1975-09-13,2023-10-09,MO,Matthewstad,SILVER,Online,0,Social Media
CUST004230,Michelle,Spencer,michelle.spencer927@yahoo.com,361.732.8000,M,1949-08-10,2021-02-14,Georgia,North Scott,SILVER,Mobile App,no,Email Campaign
CUST001792,Janet,Evans,janet.evans431@hotmail.com,,Other,2007-04-21,2024-11-01,WISCONSIN,North Davidhaven,gold,Online,,
CUST000827,John,Davis,john.davis373@outlook.com,706.801.1987,M,1988-03-10,2023-07-17,Florida,South Dawn,Gold,Mobile App,N,
CUST003138,Gina,Bell,gina.bell697@gmail.com,+1-853-700-4557,F,1940-10-03,2024-05-25,NORTH CAROLINA,Reedburgh,gold,In-Store,Y,Influencer
CUST003249,Bobby,Rojas,bobby.rojas783@yahoo.com,863-566-6731x39628,F,1945-01-01,2025-09-17,Tennessee,Stephaniehaven,silver,Online,no,Influencer
CUST003596,Doris,Chang,doris.chang842@hotmail.com,862-714-2765,M,1955-01-24,07/07/2024,ny,Beckerhaven,Platinum,Mobile App,N,
CUST001883,Stephanie,Smith,,,F,,2022-08-12,md,Baxterburgh,Bronze,Online,,
CUST004180,Luke,Elliott,luke.elliott79@yahoo.com,001-916-570-2149x290,M,2008-08-25,2024-03-11,az,North Nicholas,gold,In-Store,yes,TV Ad
CUST003989,Linda,Jones,linda.jones378@gmail.com,401.589.1388x7217,F,1993-05-01,2024-05-02,TX,Sawyerburgh,gold,Online,N,Email Campaign
CUST002451,Mark,Ross,mark.ross710@yahoo.com,001-747-505-4476,M,1961-07-25,2026-02-20,TX,Lake Brandon,gold,In-Store,1,Friend Referral
CUST000800,Hayley,Ray,hayley.ray989@hotmail.com,,M,1997-09-07,2024-01-19,North Carolina,East Jennifer,Bronze,Mobile App,,
CUST005208,Mark,Petty,mark.petty339@gmail.com,001-535-483-5410,F,1986-04-17,2022-05-15,Ohio,Matthewchester,BRONZE,Mobile App,1,Friend Referral
CUST005266,Rodney,Castro,,,M,,2021-05-24,IN,,gold,Mobile App,,
CUST000772,James,Hudson,james.hudson982@outlook.com,930-312-0471x372,Other,1969-11-27,2025-06-24,Washington,South Amy,gold,Mobile App,N,Email Campaign
CUST005063,Michael,Smith,michael.smith541@yahoo.com,(300)734-9941,Other,1942-10-05,2023-04-12,Ohio,Sawyerstad,silver,In-Store,no,Social Media
CUST003741,Heather,Robinson,heather.robinson502@gmail.com,001-390-247-4473x0981,M,1984-09-14,2022-01-23,Ohio,South Patricia,Gold,In-Store,N,Email Campaign
CUST004215,Mary,Carter,,,Other,1998-03-26,2021-10-22,MARYLAND,Jeffersonbury,GOLD,Online,,
CUST000320,Stephen,Jackson,stephen.jackson976@outlook.com,+1-929-683-1687x397,M,1964-09-22,2025-10-31,California,Port Laura,silver,Mobile App,1,Friend Referral
CUST002423,Stephen,Jones,stephen.jones101@yahoo.com,493.551.3315x79208,F,1975-03-13,2023-08-24,WISCONSIN,West Susan,BRONZE,Online,N,Email Campaign
CUST000808,Robert,Williams,robert.williams722@outlook.com,323.633.5104x096,F,1973-05-15,2023-10-15,NY,North Erinside,bronze,In-Store,no,
CUST002550,Sara,Young,sara.young137@hotmail.com,6256795356,Other,1978-08-04,2022-01-28,MO,Osbornfort,BRONZE,Mobile App,1,TV Ad
CUST001294,Linda,Martin,linda.martin199@gmail.com,(812)772-4553x375,Other,1970-08-19,2022-05-18,NORTH CAROLINA,Wallacebury,bronze,In-Store,0,Friend Referral
CUST005612,Paula,Vega,paula.vega64@gmail.com,+1-955-491-9859x703,M,1997-10-18,2021-04-11,Texas,North Margaretstad,Bronze,In-Store,Y,Friend Referral
CUST003522,  Cathy ,Kennedy,cathy.kennedy89@hotmail.com,221.878.2192x790,F,1992-11-18,12/09/2022,Washington,North Heather,Silver,Mobile App,Y,Influencer
CUST002715,Jose,Clark,jose.clark99@hotmail.com,235.735.2265x493,M,2004-11-06,2022-12-02,MARYLAND,West Brendaview,gold,In-Store,N,Email Campaign
CUST005931,  David ,Thomas,david.thomas132@outlook.com,378-271-2580,F,1947-03-11,2025-07-28,FL,Harperstad,platinum,Online,N,TV Ad
CUST003730,Shane,Cooper,shane.cooper925@gmail.com,4819927584,Other,1972-02-09,2022-12-21,Tennessee,New Michele,Bronze,In-Store,,
CUST005493,Briana,Vaughn,,,F,,2022-04-13,mo,,BRONZE,Online,,
CUST005304,Benjamin,Hayes,benjamin.hayes607@yahoo.com,+1-918-804-3996x9271,M,1979-12-17,2021-02-13,Indiana,Port Michelle,silver,Mobile App,Y,Search Engine
CUST001450,Paul,Buck,paul.buck197@hotmail.com,325-519-7018x1589,Other,1996-05-26,2023-12-26,MISSOURI,Brewerbury,bronze,In-Store,yes,Walk-in
CUST000329,Nathan,Roberts,nathan.roberts355@gmail.com,+1-428-942-2223x105,M,1999-11-11,2021-07-15,California,Stephenburgh,Platinum,Online,yes,Influencer
CUST003959,William,Cooke,william.cooke225@yahoo.com,340.228.9936x5003,M,2001-09-17,2021-05-08,Illinois,Lake Benjamin,bronze,Mobile App,Y,Social Media
CUST000662,Marcus,Armstrong,marcus.armstrong471@outlook.com,794.987.1485x524,Other,1974-07-18,2022-09-04,New Jersey,Hayesborough,Silver,Mobile App,,Social Media
CUST005290,Jacob,Carroll,jacob.carroll801@gmail.com,+1-339-361-5744x342,F,1991-03-17,2021-11-18,NY,North Carmenside,Silver,Mobile App,yes,
CUST005705,Sarah,Myers,,,F,,2025-03-21,Florida,,BRONZE,In-Store,,
CUST000890,Cristian,Brown,cristian.brown712@hotmail.com,747.743.6213x00962,F,1990-07-23,2022-08-10,OH,Port Monicastad,SILVER,Mobile App,0,Influencer
CUST002622,Jennifer,Moore,jennifer.moore910@outlook.com,753-888-2323x4533,Other,1947-09-07,2022-06-03,Massachusetts,Perryshire,GOLD,Online,0,Influencer
CUST004424,Tanya,Dougherty,tanya.dougherty512@hotmail.com,(449)286-7942,M,1997-03-06,2025-11-30,Arizona,Garrettberg,SILVER,Online,0,Social Media
CUST000379,Darryl,Jackson,darryl.jackson519@hotmail.com,001-564-912-2031x030,M,1974-01-27,2024-09-12,New York,Turnerstad,bronze,Online,Y,Friend Referral
CUST006084,David,Turner,DAVID.TURNER79@GMAIL.COM,+1-744-909-0025,M,1978-11-30,2023-10-13,INDIANA,West Edwardville,SILVER,In-Store,0,Social Media
CUST004415,Kayla,Smith,kayla.smith775@hotmail.com,,Other,1958-12-27,2022-02-23,NEW YORK,Derrickview,BRONZE,Online,,
CUST000091,Michael,Everett,michael.everett91@outlook.com,724-298-1829x922,M,2003-04-27,2025-08-06,Missouri,Jamesside,Bronze,In-Store,yes,Social Media
CUST002838,Jessica,Jenkins,jessica.jenkins604@gmail.com,993.847.4126,F,1949-12-29,2024-06-27,TX,Port Thomas,silver,In-Store,N,Search Engine
CUST003391,Thomas,Barnett,thomas.barnett291@gmail.com,001-261-220-5287,F,1970-08-20,2026-01-23,IN,Jenniferburgh,SILVER,Mobile App,1,Influencer
CUST005270,Michelle,Williams,michelle.williams386@hotmail.com,900.337.4172,Other,1952-06-27,2025-12-14,GEORGIA,Christiebury,Bronze,Mobile App,no,TV Ad
CUST003196,Ashley,Hernandez,ashley.hernandez732@hotmail.com,592-768-6017,Other,1941-11-30,2021-11-11,Missouri,North Francisco,Bronze,Online,N,TV Ad
CUST004883,Calvin,Potter,calvin.potter435@outlook.com,537-638-8495,M,2007-10-11,2026-05-20,OHIO,New Triciamouth,BRONZE,Online,Y,Influencer
CUST004604,Jessica,Davis,jessica.davis711@hotmail.com,(581)259-3368,M,1992-09-19,2026-03-14,MA,Smithfurt,gold,In-Store,N,Search Engine
CUST001980,Heather,Ruiz,heather.ruiz127@yahoo.com,(668)884-8657x374,F,1974-08-02,2022-02-19,GA,North Jamesview,silver,In-Store,,Influencer
CUST003916,Justin,Harris,justin.harris166@gmail.com,6067707603,M,1992-03-22,2021-12-31,MO,Jenniferville,silver,In-Store,1,TV Ad
CUST001166,Tammy,Wyatt,tammy.wyatt731@outlook.com,(822)469-9206x6617,Other,1987-05-03,2021-09-08,ILLINOIS,West Jacobhaven,bronze,In-Store,N,Walk-in
CUST000973,Lisa,Lopez,lisa.lopez175@gmail.com,672-413-0742x3591,Other,1968-08-11,2021-07-03,Georgia,Barbarafurt,bronze,Mobile App,Y,Friend Referral
CUST002893,Brittany,Torres,brittany.torres93@outlook.com,001-469-262-5367x1171,Other,2010-03-29,2024-10-19,va,Nicolechester,Silver,In-Store,Y,TV Ad
CUST000364,Morgan,Anderson,morgan.anderson844@hotmail.com,265-526-6930,F,1952-10-26,2024-02-15,Arizona,Laurenborough,Bronze,In-Store,N,Friend Referral
CUST004582,Jason,Davis,jason.davis949@outlook.com,(349)356-8819,F,1981-04-03,01/30/2024,New Jersey,Nelsonland,GOLD,Mobile App,0,Walk-in
CUST001334,Kevin,Shah,kevin.shah797@yahoo.com,706-387-3544x534,M,2007-12-12,2022-10-24,NC,Gregoryfort,bronze,Online,Y,Walk-in
CUST003405,James,Thomas,james.thomas713@hotmail.com,(426)295-1436,F,1962-07-16,2023-12-27,WI,Cummingsville,Bronze,Mobile App,N,Influencer
CUST005064,David,Armstrong,david.armstrong107@hotmail.com,(972)640-3054x6587,M,1968-11-15,2022-06-16,md,Codyside,silver,Mobile App,Y,Influencer
CUST003951,Crystal,Gomez,crystal.gomez331@hotmail.com,(715)211-0880,M,1976-02-20,2025-12-25,IL,East Christopher,silver,In-Store,1,
CUST004320,Christy,Ellison,christy.ellison3@gmail.com,221-220-8655,Other,1996-09-02,2022-05-11,FLORIDA,Andersonstad,bronze,In-Store,N,Friend Referral
CUST000333,Raymond,Baldwin,raymond.baldwin754@outlook.com,381.437.6742x662,F,1970-08-11,2022-12-02,WA,West Michaelport,BRONZE,Online,N,Search Engine
CUST005241,Brittney,Steele,brittney.steele685@hotmail.com,458.946.6234x4962,Other,1984-05-17,2024-02-13,oh,Romeroberg,PLATINUM,In-Store,N,Search Engine
CUST005193,Lucas,Woods,lucas.woods825@outlook.com,466.791.4255x42555,M,1975-11-13,04/22/2023,NY,West Joseph,Gold,In-Store,Y,Influencer
CUST002189,Natasha,Stephens,natasha.stephens983@hotmail.com,781.227.9042x52846,Other,1980-11-07,2020-09-26,NJ,Hamptonfurt,SILVER,In-Store,yes,Influencer
CUST004287,Emily,Carpenter,,,F,,2021-02-08,tn,,bronze,In-Store,,
CUST002841,Lisa,Johnson,lisa.johnson724@yahoo.com,(923)215-4344x91974,M,1982-07-26,2024-01-23,TEXAS,Port Heathertown,SILVER,Online,yes,Search Engine
CUST005362,Mary,York,mary.york310@outlook.com,001-624-912-5637,M,1991-06-03,2026-01-08,PA,East Jimmy,gold,In-Store,1,Walk-in
CUST001356,Caroline,Owens,caroline.owens100@outlook.com,9002521410,M,1976-05-24,2024-10-13,Tennessee,Pattersonburgh,Silver,Online,no,
CUST003853,Michael,Wilson,michael.wilson138@outlook.com,(481)303-2022x40173,Other,1961-09-02,2025-03-08,NY,Tinashire,Platinum,In-Store,yes,
CUST001037,Kathleen,Powell,kathleen.powell948@gmail.com,(964)218-4937x846,M,1982-02-16,2025-09-25,OH,Deannatown,bronze,In-Store,0,Influencer
CUST001506,Alison,Carter,alison.carter902@yahoo.com,(415)427-6958x44420,F,1959-12-15,2024-05-14,Missouri,New Angelaborough,Bronze,Online,,Walk-in
CUST003884,  Leah ,Griffin,leah.griffin296@yahoo.com,513-703-2232,Other,2003-04-07,2025-12-16,AZ,South Jasmintown,Bronze,In-Store,1,TV Ad
CUST004082,Barbara,Powers,barbara.powers108@hotmail.com,870-359-4669,F,1972-12-06,2021-02-02,Illinois,East Cindyland,bronze,In-Store,1,Influencer
CUST004759,Eric,Russell,eric.russell734@hotmail.com,+1-557-957-4458x25742,M,1952-02-04,2024-04-22,North Carolina,East Melissa,silver,In-Store,Y,Walk-in
CUST002043,Michael,Whitehead,michael.whitehead867@yahoo.com,274-364-5507x2831,M,1986-02-05,06/03/2022,WA,South Alicia,Bronze,In-Store,N,Friend Referral
CUST000068,Michelle,Johnston,michelle.johnston664@outlook.com,5528975161,M,1980-10-24,2024-10-20,Virginia,Robertsfurt,BRONZE,Mobile App,no,
CUST000629,Ricardo,Smith,ricardo.smith458@yahoo.com,(396)866-3093x2998,F,1998-10-07,2025-02-10,WA,Lake Rebecca,BRONZE,Mobile App,1,Influencer
CUST005223,Kristin,Wright,kristin.wright295@gmail.com,976-492-0990,F,1944-01-24,2022-07-29,MD,Andrewton,GOLD,Online,N,Walk-in
CUST001212,Lori,Camacho,lori.camacho394@outlook.com,+1-544-223-8602x050,F,1991-10-15,2023-04-23,North Carolina,South James,Gold,In-Store,Y,Influencer
CUST002419,Sara,Dunn,sara.dunn237@gmail.com,,Other,1971-04-06,2025-04-12,MISSOURI,Craigberg,BRONZE,Online,,
CUST003834,Laura,Foster,laura.foster490@gmail.com,(418)821-1408x4874,Other,1974-01-01,2026-04-11,AZ,West Amanda,bronze,Mobile App,N,TV Ad
CUST002878,Daniel,Johnston,daniel.johnston706@gmail.com,+1-720-586-5374x945,F,1971-08-03,2022-11-11,TX,North Lindamouth,BRONZE,In-Store,Y,Friend Referral
CUST002158,Christopher,Blackwell,,,F,,2024-07-08,CA,,gold,Online,,
CUST003024,Ashley,Johnson,ashley.johnson904@outlook.com,(872)335-2643,M,1982-10-31,2024-06-01,Georgia,Williamsfurt,Bronze,Online,N,TV Ad
CUST002322,Christian,Parker,christian.parker24@outlook.com,+1-265-523-4655x4612,M,1985-03-20,02/17/2026,Georgia,Barronburgh,Silver,Online,yes,Search Engine
CUST004167,Jessica,Calhoun,jessica.calhoun953@yahoo.com,(883)207-6820x542,F,1981-04-22,2021-02-22,Florida,West Alexandra,Silver,In-Store,no,
CUST004527,Vanessa,Johnson,vanessa.johnson485@outlook.com,3828486114,F,1951-05-26,2021-09-26,Florida,North Davidmouth,gold,Online,yes,Walk-in
CUST005748,Joseph,Young,joseph.young543@yahoo.com,001-892-210-7149x1823,M,1961-12-05,2023-05-09,IN,North Maureenland,Bronze,In-Store,no,Email Campaign
CUST004301,Jacqueline,Sanders,jacqueline.sanders974@gmail.com,001-233-551-8626x47788,M,1989-09-20,2021-07-06,Virginia,Angelafurt,Bronze,In-Store,,
CUST003404,Aaron,Bass,aaron.bass5@gmail.com,(875)737-3732,F,2007-04-21,2025-01-16,New York,Matthewport,Gold,Online,N,Walk-in
CUST003476,Scott,Johnson,scott.johnson424@hotmail.com,688.422.3358x623,M,1998-03-29,2025-04-04,VA,North Douglasmouth,GOLD,In-Store,,
CUST001360,James,Mathis,james.mathis234@gmail.com,+1-646-314-4662x76330,F,1977-05-29,2025-01-09,Washington,East Jessicaborough,gold,In-Store,1,Friend Referral
CUST001057,Nicholas,Morales,,,M,,2021-02-17,Illinois,,gold,Mobile App,,
CUST003736,Robert,Pena,robert.pena262@hotmail.com,+1-513-560-0843x8006,F,1965-07-23,2025-08-12,VA,Castilloburgh,BRONZE,Online,1,Friend Referral
CUST006067,Cynthia,Trujillo,CYNTHIA.TRUJILLO660@GMAIL.COM,(978)659-6831,M,1987-05-27,2025-04-08,IN,Kellyside,Silver,Mobile App,no,TV Ad
CUST005796,Catherine,Lyons,catherine.lyons256@hotmail.com,610-399-3585x227,F,1950-03-05,2020-09-30,VIRGINIA,Stevensview,Silver,Mobile App,N,Influencer
CUST001726,Kimberly,Pruitt,kimberly.pruitt279@yahoo.com,245-713-4170,M,2009-09-04,2023-07-13,NC,Sandersborough,silver,Mobile App,0,Search Engine
CUST000374,Raymond,Thompson,raymond.thompson671@hotmail.com,(764)521-4764x9251,F,2008-03-24,2025-09-17,Arizona,North Melissaburgh,SILVER,Mobile App,Y,Friend Referral
CUST003283,Joseph,Wilkins,joseph.wilkins641@gmail.com,+1-288-711-8821x076,Other,2001-08-22,2023-06-05,Ohio,New Stephen,BRONZE,Online,yes,Influencer
CUST002443,Chad,Obrien,,,F,,2026-06-12,Maryland,,Silver,Mobile App,,
CUST004714,Leonard,Howard,leonard.howard625@hotmail.com,820.483.8884x610,F,1951-02-20,2022-05-22,FL,North Ryan,PLATINUM,Online,Y,Email Campaign
CUST002740,Catherine,Craig,catherine.craig295@outlook.com,953.231.7025x3379,F,1965-09-24,2025-12-28,Michigan,Cindyland,Bronze,In-Store,,
CUST004154,Robin,Graham,robin.graham149@hotmail.com,(222)483-7213,Other,1988-04-08,2025-08-17,Illinois,Victoriaborough,GOLD,In-Store,1,Walk-in
CUST001453,Michael,Allen,michael.allen827@yahoo.com,(593)551-0214x0128,M,1996-11-30,2025-08-17,Missouri,Collinsview,silver,Mobile App,,Email Campaign
CUST002284,Richard,Kennedy,richard.kennedy240@yahoo.com,7148857816,F,1991-07-04,2020-10-02,Indiana,Jeffreyborough,BRONZE,Mobile App,no,Social Media
CUST003444,Antonio,White,antonio.white190@gmail.com,497-636-4567x121,F,1990-08-24,2026-02-14,WI,Lake Bryanmouth,BRONZE,In-Store,no,Influencer
CUST001703,Joshua,Ramos,joshua.ramos787@outlook.com,6538772908,F,1958-05-14,2022-07-14,FLORIDA,Lake Danielleview,Bronze,In-Store,Y,Email Campaign
CUST005189,Cameron,Griffin,cameron.griffin959@yahoo.com,291-609-0539x040,M,2008-05-14,2022-10-04,IN,West Chad,bronze,In-Store,Y,
CUST005005,Tina,Ho,tina.ho412@gmail.com,+1-721-245-6747,F,1989-06-15,2026-04-19,New York,South Victor,silver,Online,yes,Search Engine
CUST005289,Thomas,Lewis,thomas.lewis531@yahoo.com,(714)569-5614x2660,F,1945-04-21,2024-12-27,va,Ryanfurt,Gold,In-Store,,Search Engine
CUST002532,Matthew,Gonzalez,matthew.gonzalez727@yahoo.com,001-946-216-1605x433,M,2005-02-13,2026-04-19,MI,Port Jeffreymouth,gold,In-Store,N,TV Ad
CUST000507,Jennifer,Murray,jennifer.murray820@yahoo.com,497-905-4669,M,2009-09-14,2026-05-15,Washington,Santosberg,Silver,Mobile App,Y,Walk-in
CUST004948,Rebekah,Williamson,rebekah.williamson503@outlook.com,+1-566-699-4356x951,Other,1986-05-27,2023-05-18,California,West Margaret,Bronze,In-Store,yes,
CUST000361,Angela,Parker,angela.parker629@hotmail.com,(206)644-1343x2756,F,2007-10-08,2022-10-14,NJ,New Michellemouth,SILVER,Online,Y,Walk-in
CUST003109,Albert,Turner,albert.turner77@outlook.com,001-234-636-1455x012,M,1942-02-10,2021-08-05,Pennsylvania,Peterschester,Silver,Mobile App,N,Email Campaign
CUST001682,Brian,Kennedy,brian.kennedy606@outlook.com,+1-359-231-5262,F,1955-03-17,2024-08-27,MASSACHUSETTS,Lake Rhonda,SILVER,Mobile App,Y,Influencer
CUST005127,Andrea,Garcia,andrea.garcia324@gmail.com,(200)253-3164,M,1958-09-15,2022-09-11,MICHIGAN,Byrdtown,Silver,In-Store,N,Walk-in
CUST000881,Donna,Gibson,donna.gibson641@hotmail.com,(711)240-8682,Other,2002-01-20,05/24/2025,MA,East Kathyport,Silver,Mobile App,Y,Social Media
CUST001934,  Aaron ,Evans,aaron.evans954@hotmail.com,430.532.4827x4635,M,1941-04-06,2026-05-06,Virginia,East Melissaburgh,silver,Mobile App,yes,
CUST004066,Matthew,Vasquez,matthew.vasquez772@outlook.com,323-960-2567x322,F,1941-08-08,05/22/2026,Florida,Lake Jose,GOLD,In-Store,yes,
CUST002227,Marc,Parsons,marc.parsons573@hotmail.com,+1-262-893-0961x5071,F,2001-11-02,2021-08-19,NEW JERSEY,South Jennaland,GOLD,Online,Y,Influencer
CUST005428,Jamie,Reed,jamie.reed416@gmail.com,688-719-0960x760,M,1942-06-25,2023-03-20,AZ,Lake Vanessafort,Silver,Mobile App,N,Walk-in
CUST002314,John,Payne,john.payne974@gmail.com,+1-791-208-5877x707,M,2009-05-21,2026-02-23,NC,East Leehaven,Silver,Mobile App,N,Walk-in
CUST000619,Tina,Schmidt,tina.schmidt687@gmail.com,001-394-938-9760x740,F,1967-07-09,2024-08-07,OH,North Matthew,PLATINUM,In-Store,Y,Search Engine
CUST001817,  Emily ,Harper,emily.harper997@gmail.com,+1-695-823-6179,M,2006-01-31,2022-03-06,MI,Sharonmouth,BRONZE,Mobile App,Y,Email Campaign
CUST000582,Scott,Mcclure,scott.mcclure950@hotmail.com,538-282-0908,M,1960-11-13,01/06/2026,Ohio,East Elizabethberg,GOLD,Online,0,
CUST003070,Kimberly,Williamson,kimberly.williamson901@outlook.com,+1-364-779-3539x562,F,1994-03-16,2024-08-31,PENNSYLVANIA,West Renee,platinum,Online,N,Email Campaign
CUST002406,Wesley,Evans,wesley.evans408@outlook.com,983-256-5086x922,M,1988-05-13,2022-05-02,Maryland,Garyville,Bronze,Online,0,TV Ad
CUST001600,Luke,Clay,luke.clay119@gmail.com,974.935.6702,F,1994-12-05,2021-02-10,PA,North Michaelborough,Bronze,In-Store,1,Friend Referral
CUST003897,Joseph,Miller,joseph.miller345@gmail.com,(587)544-0291,M,1950-06-24,2022-01-31,IN,West Deborah,GOLD,Mobile App,0,Social Media
CUST004713,Thomas,Thompson,thomas.thompson795@gmail.com,452.688.2817x026,Other,1998-04-09,2021-09-15,CA,Barretthaven,silver,In-Store,Y,Friend Referral
CUST000855,Omar,Miller,omar.miller325@hotmail.com,568.929.9687x2258,M,1983-08-28,2024-11-10,ca,Simpsonside,Bronze,Mobile App,N,Friend Referral
CUST000210,Willie,Vaughan,willie.vaughan754@gmail.com,+1-261-438-6120x75011,Other,1952-05-23,2026-03-29,tn,Lake Cameronborough,silver,In-Store,N,TV Ad
CUST003086,Victoria,Bonilla,victoria.bonilla413@gmail.com,(854)709-4113,Other,1986-07-01,2023-01-04,FL,East Joycetown,bronze,Online,1,
CUST002296,Janice,Russell,janice.russell557@gmail.com,816-398-4366x3375,F,1980-07-03,01/23/2024,OH,Wardfort,BRONZE,Online,no,TV Ad
CUST000907,Richard,Brown,richard.brown369@gmail.com,+1-389-680-8806x782,M,1993-07-26,06/29/2023,Florida,Port Zacharyview,SILVER,Mobile App,N,TV Ad
CUST004518,Tristan,White,tristan.white513@outlook.com,001-573-998-0998x895,M,1943-12-16,2023-05-23,MI,Port Jacobburgh,PLATINUM,Online,yes,
CUST000795,Tyrone,Rodgers,tyrone.rodgers185@yahoo.com,(789)791-5114,F,1969-02-26,2020-10-28,oh,Markland,SILVER,In-Store,N,Social Media
CUST005971,Jason,Pugh,,,M,,2024-01-19,WA,South Keithview,silver,In-Store,,
CUST003773,Justin,Nguyen,justin.nguyen886@gmail.com,553.867.4928x18711,Other,1980-11-30,2020-09-14,AZ,Ariasburgh,Silver,Online,N,Walk-in
CUST005634,Jerry,Green,jerry.green872@outlook.com,(570)323-1628x329,M,1982-06-13,2022-10-26,Arizona,Alvarezfurt,Bronze,Online,,Friend Referral
CUST001688,Shannon,Jennings,,,Other,,2024-12-06,Ohio,Port Randy,Bronze,Online,,
CUST003298,James,Patterson,james.patterson569@outlook.com,+1-618-578-5037,F,1967-08-14,2021-04-30,Pennsylvania,Andreland,Silver,Online,N,Email Campaign
CUST002508,Tommy,Carter,tommy.carter51@hotmail.com,+1-487-538-8011x13052,F,1978-07-12,2022-12-27,New York,South Kimfort,Gold,In-Store,N,Influencer
CUST000181,Thomas,Anderson,thomas.anderson782@gmail.com,346-265-7437x4896,M,1952-10-19,2025-05-02,Virginia,West Charlene,silver,Mobile App,0,Walk-in
CUST004694,Brittany,Mcmillan,brittany.mcmillan858@yahoo.com,001-361-227-6514x924,M,1966-02-23,2023-06-08,MD,Harringtonfort,Bronze,In-Store,no,Walk-in
CUST000852,Richard,Hernandez,richard.hernandez55@yahoo.com,(659)567-9089,Other,1945-10-10,2024-06-18,MO,North Tina,gold,In-Store,Y,Search Engine
CUST004788,Brian,Smith,brian.smith388@outlook.com,353-648-4298,M,1987-06-12,2023-08-16,Virginia,Allenton,SILVER,In-Store,yes,TV Ad
CUST005520,Brittany,Obrien,,,F,,2021-03-20,California,,SILVER,In-Store,,
CUST003567,Matthew,Hamilton,matthew.hamilton532@gmail.com,692-807-4411,F,1953-06-29,2022-10-16,Tennessee,Port Derek,Bronze,Mobile App,N,Friend Referral
CUST005286,Terry,Taylor,terry.taylor532@outlook.com,+1-313-993-7299,M,1980-09-20,2025-04-24,NY,Port April,Silver,In-Store,0,
CUST005923,Pamela,Wong,pamela.wong297@gmail.com,,M,1954-09-02,2026-01-30,Maryland,West Sarah,silver,In-Store,,
CUST006009,Troy,Petersen,TROY.PETERSEN272@OUTLOOK.COM,(957)715-7731,M,1990-08-07,2023-01-01,New Jersey,Mooreside,bronze,Mobile App,0,Email Campaign
CUST004209,Kayla,Garrison,kayla.garrison139@gmail.com,790.217.1548x949,M,1982-05-20,2024-08-06,MO,Michaelmouth,Gold,Mobile App,Y,
CUST004839,Kevin,Park,kevin.park791@hotmail.com,818.932.8159x57267,Other,1991-04-27,2020-09-11,OH,South Patriciatown,gold,In-Store,1,Friend Referral
CUST003533,Daniel,Adams,daniel.adams682@yahoo.com,392.978.1259x83399,M,1988-01-30,2026-05-05,Florida,Webbstad,silver,Mobile App,Y,
CUST000900,Emily,Garza,emily.garza84@hotmail.com,,Other,1996-01-29,2024-03-01,Tennessee,Castrohaven,gold,In-Store,,
CUST004822,Amy,Sanchez,amy.sanchez617@outlook.com,(342)445-8197x2396,F,1998-05-08,11/27/2023,NJ,North Richardstad,gold,Online,0,Search Engine
CUST003442,Christopher,Bishop,christopher.bishop354@yahoo.com,6137109862,F,1988-03-19,2022-06-24,Missouri,Wellsfurt,Silver,Online,0,Friend Referral
CUST002489,Alexis,Wilson,alexis.wilson960@gmail.com,,M,1945-04-16,2023-02-22,Missouri,Jacksonport,SILVER,Mobile App,,
CUST001857,Harold,Zimmerman,harold.zimmerman933@gmail.com,743.439.0627,M,1998-12-07,04/09/2026,MICHIGAN,Brianville,platinum,Online,yes,TV Ad
CUST000606,Diana,Mclaughlin,diana.mclaughlin307@outlook.com,,M,1963-12-18,2024-08-01,tx,Rachaelburgh,Silver,Mobile App,,
CUST001348,Katie,Alexander,katie.alexander614@hotmail.com,001-504-843-1834,Other,1973-05-02,2024-03-15,INDIANA,North Jenniferport,PLATINUM,In-Store,N,Friend Referral
CUST002403,Jacob,Archer,jacob.archer457@gmail.com,+1-693-393-5046x29337,F,1958-04-16,10/28/2022,WASHINGTON,Leonardhaven,gold,Mobile App,Y,Social Media
CUST002716,Michelle,Ali,michelle.ali807@hotmail.com,859.296.4260,M,1980-02-09,2025-11-05,Texas,Meganville,bronze,Online,N,
CUST005085,Ashley,Larson,ashley.larson524@gmail.com,296-321-9765x886,F,1999-11-24,2021-11-15,IN,Wangchester,Bronze,Mobile App,Y,Social Media
CUST005291,William,Walter,william.walter892@gmail.com,001-620-910-7228x7116,M,1998-03-05,2024-09-12,Wisconsin,New William,BRONZE,Online,1,TV Ad
CUST001610,Manuel,Brandt,manuel.brandt999@outlook.com,001-366-970-4171x03891,F,1991-07-27,2024-09-22,NY,South Susanbury,silver,In-Store,N,Influencer
CUST003015,Ricky,Stevenson,ricky.stevenson941@outlook.com,+1-433-744-1467x96938,M,1966-02-27,02/10/2025,NEW YORK,East Joshuaside,bronze,Online,N,Social Media
CUST003207,Antonio,Sandoval,antonio.sandoval472@gmail.com,795.922.5494,F,2009-03-16,2022-01-09,AZ,West Craig,bronze,Online,N,Walk-in
CUST000838,Jackson,Deleon,jackson.deleon755@gmail.com,(898)206-9087x2617,F,1998-01-11,2022-05-21,Massachusetts,Port Tanya,Silver,Mobile App,,Email Campaign
CUST005874,Kristi,Gonzalez,kristi.gonzalez284@outlook.com,001-208-656-4175,M,1987-12-19,2022-04-06,Florida,Ibarrastad,Bronze,In-Store,Y,TV Ad
CUST000163,Anthony,Harper,anthony.harper933@yahoo.com,759.432.1334x80396,M,1942-09-23,2025-05-23,Arizona,Brianfort,GOLD,Online,Y,Walk-in
CUST005328,Cheryl,Downs,cheryl.downs673@gmail.com,340.401.2263x300,Other,1945-05-14,2025-08-09,Virginia,Wrightstad,silver,In-Store,Y,Email Campaign
CUST002084,Joe,James,joe.james827@gmail.com,+1-822-347-8922x5182,Other,1944-11-05,2022-12-26,Indiana,South Roberta,BRONZE,Online,Y,Search Engine
CUST003125,Dawn,Duran,dawn.duran930@gmail.com,+1-943-298-1588x3225,M,1941-07-25,11/29/2023,New York,New Leslieburgh,bronze,Online,N,Email Campaign
CUST000753,Carly,Schultz,carly.schultz674@hotmail.com,849.278.5249x1416,Other,1964-04-16,2025-11-02,New Jersey,Brooksfurt,SILVER,In-Store,1,Social Media
CUST002833,Makayla,Chapman,makayla.chapman150@yahoo.com,001-592-915-8192x77244,M,1958-07-18,2020-09-20,AZ,Lake Loribury,bronze,In-Store,0,Influencer
CUST001622,James,Wiley,,,Other,,2024-05-08,Maryland,,GOLD,Online,,
CUST004231,Cathy,Moyer,,,F,,2023-09-17,Wisconsin,,Bronze,In-Store,,
CUST000857,Gary,Yoder,gary.yoder60@outlook.com,667.896.3259x42328,F,1952-12-27,2025-01-07,Pennsylvania,Josephburgh,BRONZE,Mobile App,Y,Walk-in
CUST005864,Wendy,Schmidt,wendy.schmidt580@yahoo.com,(271)226-7728x072,M,1991-11-06,2020-12-13,MD,West Steveview,Silver,In-Store,N,Influencer
CUST002593,Scott,Duncan,scott.duncan794@hotmail.com,311.897.7895,M,1984-09-02,2021-02-13,Wisconsin,Port Rebecca,bronze,Online,,Email Campaign
CUST001961,Kayla,Hayes,kayla.hayes818@hotmail.com,+1-826-338-8032x4271,F,1964-05-28,2022-07-08,PENNSYLVANIA,Jenniferhaven,BRONZE,Mobile App,no,Influencer
CUST005801,Robert,Smith,robert.smith51@hotmail.com,(620)206-9787,Other,1964-07-05,2026-03-31,FL,South Sherri,silver,Mobile App,1,Search Engine
CUST004671,Jose,Young,jose.young828@outlook.com,+1-204-291-9817,F,1953-04-05,2021-02-19,VA,Franklinhaven,gold,In-Store,no,Walk-in
CUST000004,Shawn,Flowers,shawn.flowers782@outlook.com,+1-528-232-7648x350,F,1952-01-23,2022-09-28,Illinois,Jacquelineland,BRONZE,Mobile App,N,TV Ad
CUST002666,Patricia,Leach,patricia.leach1@outlook.com,313.824.0496,Other,1994-05-04,2026-05-28,Missouri,Suttonchester,Silver,Mobile App,N,Search Engine
CUST005255,Alex,Solomon,alex.solomon245@outlook.com,6567901716,Other,1986-01-24,2022-06-11,GEORGIA,Port Tami,Gold,In-Store,Y,Friend Referral
CUST001376,Kathleen,Tran,kathleen.tran308@yahoo.com,001-850-694-7651x18615,Other,2000-05-20,2021-07-30,Tennessee,East Heatherbury,Silver,Online,0,
CUST004890,Robert,Reynolds,robert.reynolds210@yahoo.com,001-421-961-1995x8824,F,1966-11-27,2022-12-15,Massachusetts,New Amy,gold,Online,yes,Search Engine
CUST003231,Stacy,Stokes,stacy.stokes368@gmail.com,,Other,1992-10-30,2024-10-17,TN,Thompsonview,SILVER,Mobile App,,
CUST002405,Anna,Ward,anna.ward802@hotmail.com,823.623.0070x8618,M,1964-11-12,2023-08-20,PA,West Lindsey,Bronze,In-Store,,Social Media
CUST001285,Robert,Powers,robert.powers247@hotmail.com,279.471.9000,F,1944-02-02,2024-01-11,IN,East Nathaniel,BRONZE,Mobile App,no,TV Ad
CUST006047,Nancy,Gardner,NANCY.GARDNER198@OUTLOOK.COM,249-790-1409,F,1996-06-29,2023-03-28,Tennessee,Christopherfurt,BRONZE,In-Store,N,Influencer
CUST003584,Gabriel,Gonzales,gabriel.gonzales912@gmail.com,(753)291-2552,F,1967-12-23,2022-05-17,FLORIDA,South Mariestad,bronze,In-Store,yes,Social Media
CUST005049,Timothy,Mcgrath,timothy.mcgrath7@hotmail.com,239-634-7970x32884,F,1976-04-10,2023-10-05,CA,West Jesusfurt,silver,Mobile App,yes,Influencer
CUST005259,Kathryn,Carter,kathryn.carter36@outlook.com,578.652.7532x061,M,1957-08-04,2021-12-28,New Jersey,Hawkinstown,bronze,In-Store,0,
CUST001325,Sarah,Jacobs,sarah.jacobs725@outlook.com,242-369-3765,F,1983-12-27,2022-05-12,NEW JERSEY,North Angela,bronze,Online,no,Walk-in
CUST001712,Matthew,Steele,matthew.steele260@yahoo.com,+1-651-906-4070x7838,M,1995-03-03,2020-09-27,Maryland,Port Bradleyfurt,silver,Online,N,Email Campaign
CUST002797,Amanda,Rivas,amanda.rivas380@hotmail.com,(760)717-0593x96701,M,1970-10-15,2023-08-21,CA,Kristinview,bronze,Online,Y,Search Engine
CUST003306,Anna,Russell,anna.russell178@yahoo.com,258.762.8358,M,2005-01-24,2024-12-07,IL,New Davidbury,Silver,Online,N,Walk-in
CUST002361,Erin,Campbell,erin.campbell171@hotmail.com,8306892290,F,1974-10-18,2025-12-20,CA,Alexishaven,Silver,Mobile App,no,
CUST003609,Spencer,Pearson,spencer.pearson767@hotmail.com,(288)390-8964x35382,Other,1997-06-27,2020-11-15,Missouri,Lake Manuelbury,Gold,Mobile App,0,Influencer
CUST002885,Peter,Morales,peter.morales321@yahoo.com,8317579970,F,1965-08-21,2021-07-22,va,Dawnburgh,silver,Online,Y,Walk-in
CUST004239,Shawn,Davis,shawn.davis707@gmail.com,920.236.0714,F,1965-07-09,2022-12-31,TX,New Victoriafort,Bronze,Online,yes,Walk-in
CUST005445,Jessica,Cruz,jessica.cruz685@yahoo.com,312.677.5843x08824,M,1967-09-30,2023-09-11,CA,Lake Pamela,Bronze,In-Store,Y,
CUST001454,Christopher,Rivera,christopher.rivera472@hotmail.com,259.571.7717,F,1976-08-07,2024-05-14,md,Knighttown,SILVER,Online,N,
CUST004784,Kayla,Armstrong,kayla.armstrong113@yahoo.com,620.688.2257x465,M,1963-12-13,2022-02-27,Texas,South Patriciabury,bronze,Online,N,Social Media
CUST002570,Tina,Haas,tina.haas194@yahoo.com,+1-561-869-4135x12848,F,2000-07-07,2025-06-30,NY,Sandovaltown,Gold,Mobile App,,Influencer
CUST000124,Brian,Kim,brian.kim764@gmail.com,4478735866,M,1999-05-20,2022-08-28,AZ,Novakmouth,SILVER,Mobile App,,Search Engine
CUST002357,Linda,Gonzales,linda.gonzales247@gmail.com,+1-478-941-3831,F,1988-06-24,10/19/2024,tn,South Robertport,GOLD,In-Store,N,
CUST003975,Anthony,Hoover,anthony.hoover901@yahoo.com,(756)918-3701,F,2003-10-12,2026-03-19,MASSACHUSETTS,West Ashley,SILVER,Mobile App,N,Email Campaign
CUST005382,Natalie,Cox,natalie.cox117@outlook.com,(503)913-3103,Other,2003-01-26,2023-07-13,WASHINGTON,Rodriguezborough,gold,In-Store,1,Influencer
CUST003539,Marcus,Rogers,marcus.rogers96@outlook.com,001-560-927-8462x4068,F,1992-05-07,2024-05-07,TN,East Stephanie,gold,Online,,Walk-in
CUST005765,Devon,Thomas,devon.thomas330@yahoo.com,001-830-717-7009x34574,M,1999-02-26,2024-02-07,MICHIGAN,Hendersonmouth,PLATINUM,In-Store,yes,Search Engine
CUST002298,Larry,Walter,larry.walter195@gmail.com,445-702-5670x217,M,2003-12-14,2021-10-12,WI,Johnsonberg,Silver,Online,Y,Search Engine
CUST001516,Zachary,Mcdonald,zachary.mcdonald737@outlook.com,501.277.3759x493,F,2003-07-19,2022-02-08,ILLINOIS,North Vanessamouth,SILVER,Online,,
CUST001433,Michael,Ford,michael.ford248@hotmail.com,+1-447-473-4943x1487,Other,1949-06-04,2020-12-20,wi,North Davidmouth,GOLD,In-Store,yes,Social Media
CUST002819,William,Burns,william.burns454@gmail.com,422.458.3376,F,1947-07-05,2025-01-31,Wisconsin,New Lisa,Bronze,Online,Y,Influencer
CUST005038,Autumn,Foster,autumn.foster790@gmail.com,9122512833,M,1962-10-11,2025-09-18,New Jersey,East Jeffrey,SILVER,Online,0,Email Campaign
CUST002266,Clinton,Myers,clinton.myers44@outlook.com,(368)287-2020x487,F,1951-11-03,2021-07-09,IN,Victoriachester,Bronze,In-Store,1,
CUST000649,Cassandra,Cantu,cassandra.cantu653@outlook.com,7809850960,F,1950-06-30,2024-05-30,FLORIDA,Fosterfort,PLATINUM,Mobile App,1,TV Ad
CUST000293,Angela,Short,angela.short296@yahoo.com,970-513-2902x27846,F,1953-01-03,2026-03-28,North Carolina,New Danielfurt,gold,In-Store,no,Search Engine
CUST003004,Gina,Anderson,gina.anderson985@hotmail.com,927-693-4445x19067,F,1979-06-16,2020-12-27,Indiana,Sawyerberg,GOLD,Online,yes,Walk-in
CUST000050,Steven,King,steven.king839@yahoo.com,(617)559-4647,Other,1958-07-19,2020-09-22,Wisconsin,Santanaside,Silver,Online,N,Friend Referral
CUST005914,Kendra,Scott,kendra.scott720@gmail.com,330.537.5975x53412,F,2002-04-21,2021-09-28,md,Coleport,Silver,Mobile App,Y,Social Media
CUST004406,Vickie,Hunter,vickie.hunter354@gmail.com,876-562-7387x248,F,1940-10-04,2023-08-05,WISCONSIN,Briannashire,BRONZE,In-Store,1,Email Campaign
CUST003323,Christopher,Foster,christopher.foster337@outlook.com,275.954.8400x421,M,1954-04-20,2022-02-02,VIRGINIA,South Johnhaven,SILVER,Mobile App,Y,Social Media
CUST004248,John,Torres,john.torres173@yahoo.com,+1-356-954-5603x566,Other,1969-08-23,2025-12-20,Indiana,South Lonnie,Silver,Mobile App,0,Social Media
CUST003983,Kelly,Lee,kelly.lee938@yahoo.com,6915708957,Other,1978-12-08,2021-08-31,Massachusetts,Lake Jessica,BRONZE,In-Store,N,Social Media
CUST000034,Angela,Allen,angela.allen107@yahoo.com,736-734-9578x8568,Other,1974-01-01,2024-10-25,MICHIGAN,Mcguireland,Bronze,Mobile App,,
CUST003051,Jessica,Williams,jessica.williams114@yahoo.com,671.860.1083x173,Other,1972-05-31,2025-12-09,CA,West Andrew,BRONZE,Mobile App,N,Social Media
CUST000884,Shelly,Beasley,shelly.beasley476@hotmail.com,259-427-3874,Other,1995-03-04,2020-10-27,CA,Conradchester,gold,In-Store,N,TV Ad
CUST005415,Gabrielle,Bishop,gabrielle.bishop771@outlook.com,(236)838-0310x6213,Other,1971-11-11,2021-10-02,Indiana,South Michaelmouth,BRONZE,In-Store,Y,Search Engine
CUST003639,David,Sanchez,david.sanchez370@hotmail.com,001-729-295-5755x383,M,1947-05-12,2025-02-18,VA,Parkerborough,BRONZE,Mobile App,N,
CUST004712,Lauren,Diaz,lauren.diaz745@yahoo.com,(759)725-3242x547,M,2005-11-10,2025-07-29,Maryland,Mendozafurt,bronze,Mobile App,1,Walk-in
CUST002821,Alyssa,James,alyssa.james634@hotmail.com,848.591.4026,M,1985-10-06,2022-03-27,Tennessee,New Jason,platinum,Mobile App,no,Search Engine
CUST004163,Nicholas,Jimenez,nicholas.jimenez224@yahoo.com,327-749-7847x5228,M,1976-09-03,2021-08-11,Tennessee,Lake Laurabury,bronze,Mobile App,Y,
CUST004532,Gabriella,Pittman,gabriella.pittman662@outlook.com,715-995-9318,M,1959-01-24,2021-05-25,TX,Patriciatown,bronze,In-Store,N,
CUST001452,Andrea,Hicks,andrea.hicks720@yahoo.com,258.838.4391,M,1966-05-09,2022-04-13,nj,East Michellebury,gold,In-Store,Y,Search Engine
CUST004861,Roger,Patrick,roger.patrick574@gmail.com,(512)355-9569x2318,F,1982-11-21,2024-11-25,MD,Christopherport,GOLD,Mobile App,Y,Search Engine
CUST005699,Nathan,Conrad,nathan.conrad213@outlook.com,,M,1983-11-11,2025-02-08,New York,Howardton,GOLD,In-Store,,
CUST000866,Susan,Anderson,susan.anderson969@outlook.com,830-455-7083,Other,2002-02-02,2025-10-24,nj,Port Markmouth,silver,Online,no,Influencer
CUST003041,Jacqueline,Hart,jacqueline.hart363@hotmail.com,458.510.1410x0825,M,1969-11-13,2024-11-19,NJ,West Georgeshire,Gold,In-Store,,
CUST003225,Mackenzie,Estrada,mackenzie.estrada60@outlook.com,218.703.4307x14883,F,1959-02-14,2023-07-26,New Jersey,North Heather,Bronze,In-Store,,Social Media
CUST004511,Kellie,Roth,kellie.roth443@yahoo.com,661.365.4384,F,1988-11-26,2024-11-25,NY,North Cathy,BRONZE,In-Store,,
CUST000868,Michael,Robertson,,,M,,2021-08-25,CALIFORNIA,,bronze,In-Store,,
CUST004753,  Alexander ,Hart,alexander.hart303@gmail.com,001-856-779-9714,Other,1985-09-04,2021-09-29,OH,South Martin,Silver,In-Store,yes,
CUST003753,Evan,Salazar,evan.salazar911@outlook.com,228-440-8885x638,F,1957-07-17,2025-03-21,Florida,Garciashire,gold,Online,yes,
CUST004873,Patricia,Maxwell,patricia.maxwell692@outlook.com,001-714-402-0073x106,F,1992-07-25,2023-06-22,VA,Butlerland,bronze,Online,1,Friend Referral
CUST004562,Sean,Sandoval,sean.sandoval77@hotmail.com,594.648.0487,F,1991-02-10,2024-02-23,FL,Pierceburgh,GOLD,In-Store,1,Email Campaign
CUST004208,Mark,Gillespie,mark.gillespie850@hotmail.com,001-494-275-8598x93443,M,1985-02-12,2026-06-02,Texas,New Barbarabury,BRONZE,In-Store,no,Search Engine
CUST005310,Krista,Marks,krista.marks49@gmail.com,+1-910-665-1745x809,M,1996-09-24,2022-04-25,WI,North Tonyshire,BRONZE,In-Store,N,
CUST004005,Amy,Reynolds,amy.reynolds868@hotmail.com,001-371-573-0431,M,1998-08-28,2024-04-02,MA,North Kevinburgh,GOLD,Online,no,Search Engine
CUST003477,Diane,Perez,diane.perez237@hotmail.com,8147423056,M,1961-02-04,02/08/2025,North Carolina,South Kevin,Gold,Online,Y,Walk-in
CUST001340,Kevin,Cooper,kevin.cooper543@outlook.com,727-594-3379,F,1986-09-24,2026-04-04,New York,West Jasonbury,BRONZE,Online,no,
CUST003861,Bailey,Lewis,bailey.lewis223@hotmail.com,771.304.1762,M,1963-04-28,2024-08-05,va,Lake Joshua,Silver,In-Store,Y,Email Campaign
CUST004314,Kelly,Tyler,kelly.tyler442@gmail.com,+1-811-445-0645x33495,M,1966-02-14,2022-04-18,Washington,West Amber,bronze,In-Store,Y,TV Ad
CUST003214,Nicole,Hamilton,,,Other,1944-02-11,2024-01-09,FL,Jordanside,bronze,Online,,
CUST004591,Angela,Mendez,angela.mendez121@outlook.com,2828184958,F,1972-05-19,2021-11-30,TX,East Cassandraview,silver,Online,,
CUST000380,Deborah,Santos,deborah.santos468@gmail.com,927.560.1227x770,M,1971-03-07,04/26/2024,Texas,North Kevin,gold,Mobile App,N,Influencer
CUST000889,Amy,Black,amy.black573@gmail.com,8159071380,M,1997-07-15,2024-07-28,in,Rodriguezshire,Bronze,Online,N,Email Campaign
CUST002383,Patrick,Ponce,patrick.ponce773@hotmail.com,+1-252-717-9005x3126,F,1962-10-28,2024-08-05,wa,Jaimechester,silver,In-Store,N,
CUST005872,  Elizabeth ,Bishop,elizabeth.bishop588@hotmail.com,206.321.9871x6102,F,2010-01-13,2024-09-05,IL,Frankburgh,bronze,In-Store,,TV Ad
CUST001110,Tracy,Wilkins,tracy.wilkins248@hotmail.com,951-328-1775x12395,M,1981-08-22,2023-02-22,MARYLAND,West Thomasside,bronze,In-Store,yes,Social Media
CUST000367,Anthony,Cherry,anthony.cherry276@gmail.com,,M,1957-02-27,2023-04-19,North Carolina,West Brandi,bronze,In-Store,,
CUST003295,Elizabeth,Spencer,elizabeth.spencer324@outlook.com,830-304-3625,F,1989-09-28,2024-10-10,tn,West Angela,bronze,In-Store,Y,Influencer
CUST001473,  Charles ,Figueroa,charles.figueroa504@gmail.com,450-219-6797,M,1977-11-18,2023-08-02,NY,New Cynthiatown,BRONZE,Mobile App,yes,Influencer
CUST003513,Alexandra,Finley,,,M,,2024-08-27,ca,,Bronze,In-Store,,
CUST001826,David,Clark,david.clark696@outlook.com,257.890.3230x888,M,1997-07-29,2025-05-23,NEW YORK,Shahville,BRONZE,Online,,
CUST003554,Lauren,Carney,lauren.carney340@hotmail.com,957.815.5562x394,Other,1984-01-17,2026-01-29,Maryland,Johnsonfort,Bronze,Mobile App,,Email Campaign
CUST003742,Mary,Wallace,mary.wallace943@gmail.com,584.953.3433x5784,F,1985-06-28,2023-11-29,CA,Barnesfurt,SILVER,Mobile App,,
CUST003322,Gabriela,Ramsey,gabriela.ramsey557@hotmail.com,799.877.0414,Other,1963-11-19,2022-03-31,Tennessee,Port Jeffrey,BRONZE,In-Store,Y,Friend Referral
CUST000691,Nicole,Henderson,nicole.henderson73@hotmail.com,(406)566-4374x90607,M,1980-08-11,2025-09-13,ca,Jamieview,GOLD,Mobile App,,Social Media
CUST001499,Jason,Frederick,jason.frederick315@yahoo.com,(953)337-7730x31678,Other,1941-10-24,2020-11-10,Arizona,Allisonstad,BRONZE,Mobile App,N,
CUST001881,Gregory,Wolfe,gregory.wolfe885@hotmail.com,(725)620-2131x1679,M,1978-12-03,2021-06-25,IN,Jacobmouth,Bronze,Online,0,TV Ad
CUST004351,Deborah,Reyes,deborah.reyes964@yahoo.com,(373)413-7265,F,1999-11-19,2020-12-15,OH,Port Leahtown,Bronze,Mobile App,0,
CUST005825,Erica,Hart,erica.hart287@outlook.com,718.655.7751,F,1949-03-24,2021-08-28,Maryland,Port Michael,Bronze,Online,,
CUST005536,David,Reynolds,david.reynolds84@hotmail.com,+1-237-621-8773x595,F,1950-07-31,2022-12-24,Georgia,Sarahfort,BRONZE,Mobile App,N,Friend Referral
CUST005986,Bradley,Moore,bradley.moore872@hotmail.com,001-618-613-3822x4492,F,1983-07-23,2023-10-08,New York,Johnsonmouth,Silver,Online,0,
CUST000444,Patrick,Parker,patrick.parker634@hotmail.com,(836)845-8750,F,2009-10-19,2021-02-01,OHIO,North Paulshire,platinum,In-Store,Y,Search Engine
CUST000989,Michael,Lopez,michael.lopez414@yahoo.com,,M,1974-01-28,2020-09-04,IL,North Jon,Bronze,Mobile App,,
CUST000008,Daniel,Cox,daniel.cox547@yahoo.com,001-411-671-8227,F,2009-08-24,2025-05-15,WI,North John,BRONZE,In-Store,1,Email Campaign
CUST001422,Gabriella,Mcgrath,gabriella.mcgrath228@gmail.com,+1-397-764-5349x655,M,1951-08-18,04/04/2023,il,Port Kaitlinville,bronze,In-Store,0,Friend Referral
CUST001007,Ashley,Rodriguez,ashley.rodriguez887@outlook.com,771.716.7507x627,Other,1954-12-26,2020-09-24,VA,East Jameschester,silver,Online,N,Social Media
CUST000130,Cynthia,Allen,cynthia.allen157@hotmail.com,001-368-386-8058,F,1986-10-13,11/01/2024,North Carolina,Jonesfort,Bronze,Online,N,Walk-in
CUST003583,Erica,Sanders,erica.sanders145@gmail.com,+1-245-599-4188x3680,F,1962-04-20,2022-04-02,Pennsylvania,Nortonmouth,GOLD,Mobile App,Y,Search Engine
CUST006021,Michael,Nicholson,MICHAEL.NICHOLSON145@HOTMAIL.COM,+1-440-918-9805x388,M,1965-05-26,2023-11-09,VA,Lake Kristine,bronze,Mobile App,,TV Ad
CUST000201,Mary,Webb,,,F,1976-04-04,2026-01-13,VA,Lake Beth,bronze,Mobile App,,
CUST005264,Mark,Richard,mark.richard781@hotmail.com,665.928.6838x432,M,1984-10-25,2025-11-03,Tennessee,Bartlettview,BRONZE,Mobile App,Y,Search Engine
CUST005749,Stephanie,Lin,stephanie.lin388@outlook.com,(395)947-3940x61648,M,1951-07-17,2021-01-01,Missouri,Lake Ashleytown,Bronze,Online,N,TV Ad
CUST001073,  Douglas ,Wilson,douglas.wilson279@gmail.com,219.428.1707x4436,M,1996-12-21,2022-02-24,ARIZONA,Juliaville,Silver,In-Store,N,Walk-in
CUST000742,Alex,Anderson,alex.anderson809@hotmail.com,949.668.0491x872,Other,2001-01-24,03/21/2025,Maryland,Jonesburgh,bronze,In-Store,yes,
CUST004007,Michelle,Patterson,michelle.patterson144@outlook.com,595-934-5479x72808,M,2009-02-02,2021-01-06,OH,Port Paulburgh,SILVER,Mobile App,no,
CUST002639,  Tamara ,Jackson,tamara.jackson117@outlook.com,001-336-832-3518x522,M,1993-01-26,2021-05-27,MISSOURI,South Jennifertown,SILVER,In-Store,,Search Engine
CUST001888,Richard,Brown,richard.brown790@gmail.com,817-806-4857,M,1987-11-19,2024-05-21,Texas,Melissafort,BRONZE,Online,yes,Search Engine
CUST000992,Stephanie,Powers,stephanie.powers492@outlook.com,8216915057,Other,1995-09-02,2024-05-19,MARYLAND,East David,Silver,Mobile App,Y,Walk-in
CUST002036,Betty,Gill,betty.gill357@yahoo.com,700.363.6210,Other,1981-06-28,2021-01-16,Florida,Phillipfurt,Platinum,In-Store,yes,Social Media
CUST003781,Daryl,Reyes,daryl.reyes901@hotmail.com,+1-883-264-6906x109,M,1965-02-08,2020-10-21,MA,Stevenborough,Silver,In-Store,0,Search Engine
CUST005547,Christopher,Johnston,christopher.johnston652@outlook.com,885.653.2822,M,1964-06-29,2022-03-19,Arizona,Port Gabrielleberg,Silver,In-Store,yes,Friend Referral
CUST000123,Sarah,Edwards,sarah.edwards367@yahoo.com,(393)796-8562,F,2007-12-23,2024-02-03,California,Hickmanport,Silver,Online,Y,Influencer
CUST004801,Joanne,Lloyd,joanne.lloyd240@gmail.com,+1-641-964-9798,Other,1986-03-21,09/06/2022,PENNSYLVANIA,Tamarabury,Gold,Mobile App,no,Search Engine
CUST003809,Elizabeth,Blair,elizabeth.blair811@yahoo.com,929.224.0988x66611,F,1958-03-28,2022-03-18,Arizona,South Marcofort,gold,Mobile App,N,Social Media
CUST001374,Richard,Brown,,,Other,,2021-12-05,TN,,gold,Mobile App,,
CUST004620,Jacob,Hays,jacob.hays704@hotmail.com,001-886-798-4759x518,F,1995-03-18,2022-03-29,ca,South Jacobhaven,GOLD,Online,Y,TV Ad
CUST000828,Cody,Yu,cody.yu486@outlook.com,2095156182,F,2000-10-05,2025-03-16,ga,North Rhondaborough,Bronze,Mobile App,N,Influencer
CUST003398,Tricia,Henderson,tricia.henderson843@hotmail.com,(860)456-2926,F,2003-10-08,2021-04-26,mo,Thomasland,gold,Online,N,Friend Referral
CUST001796,Kari,Cowan,kari.cowan408@gmail.com,001-989-789-8787x767,F,1973-03-04,2024-06-30,MO,Grayland,SILVER,Online,Y,
CUST001175,Lisa,Christian,lisa.christian599@gmail.com,001-847-760-7862x35107,F,1962-05-30,2025-08-07,Texas,Andreatown,silver,Online,Y,
CUST003272,Maria,Mcgee,maria.mcgee214@hotmail.com,489.635.3173,F,1986-11-01,2024-11-22,Washington,South Christineview,BRONZE,Mobile App,0,
CUST002907,Christopher,Singleton,christopher.singleton702@hotmail.com,744-663-3845,Other,1959-06-22,2024-03-06,Ohio,Jameston,SILVER,Online,N,Friend Referral
CUST001977,Kristina,Allen,kristina.allen294@gmail.com,265.543.9994x2858,M,1956-10-19,2026-04-06,MA,Brandonbury,GOLD,Mobile App,Y,Influencer
CUST004813,Mary,Lucas,mary.lucas420@hotmail.com,580-998-2053,F,2005-01-10,2021-12-25,PENNSYLVANIA,West Kristinfort,Bronze,In-Store,0,TV Ad
CUST002499,Louis,Simpson,louis.simpson511@yahoo.com,+1-655-779-7079x0770,F,2000-07-09,05/18/2021,MD,Port Matthew,SILVER,Online,yes,Walk-in
CUST001874,Melissa,Proctor,melissa.proctor554@yahoo.com,469-534-7691,M,1956-08-16,2024-06-28,md,New Johntown,BRONZE,Online,1,Walk-in
CUST003857,Kenneth,Anderson,kenneth.anderson300@gmail.com,(902)332-4746x8792,F,1990-10-12,2021-12-13,New York,Lake Corey,Bronze,Mobile App,0,TV Ad
CUST005907,  Samantha ,Costa,samantha.costa97@outlook.com,001-603-844-6479x1142,F,1974-07-20,2021-11-25,Wisconsin,New James,bronze,Mobile App,no,TV Ad
CUST001265,John,Hernandez,john.hernandez310@outlook.com,850.669.6261,M,1965-01-22,2025-10-11,IN,Lake Johnmouth,Silver,Mobile App,1,
CUST000127,Kevin,Snyder,kevin.snyder600@outlook.com,(843)779-9371x240,M,1945-02-07,2023-03-16,NC,Evansland,bronze,Mobile App,,
CUST001484,Autumn,Warner,,,M,,2023-03-11,NY,,Bronze,Online,,
CUST004055,Kristen,Walker,kristen.walker328@yahoo.com,(321)448-5751x743,F,1992-12-11,2025-05-06,Indiana,Lake Jamesborough,SILVER,Online,no,
CUST005102,Dana,Vasquez,dana.vasquez926@hotmail.com,406.865.5621,M,1944-12-03,2024-07-12,California,South Thomasbury,Bronze,Mobile App,0,
CUST003532,Makayla,Porter,makayla.porter916@hotmail.com,(906)212-6873,Other,1960-04-04,2022-07-23,WA,Saraville,bronze,Mobile App,0,Influencer
CUST002162,Elizabeth,Schwartz,elizabeth.schwartz900@hotmail.com,382-877-1148,F,1969-09-23,2021-04-24,TX,Morganview,GOLD,In-Store,,
CUST003248,Shane,Bailey,shane.bailey71@gmail.com,968.561.2358x79050,Other,1966-05-27,2021-07-01,MA,Josebury,BRONZE,Mobile App,0,Walk-in
CUST003649,Heather,Malone,heather.malone107@outlook.com,(469)731-8585x2186,F,1968-10-06,2026-01-25,WISCONSIN,Lake Meghanburgh,bronze,Online,no,Email Campaign
CUST005921,Andrea,Schmidt,andrea.schmidt67@outlook.com,4267926699,M,1984-06-25,2026-02-28,California,New Emilyland,silver,In-Store,1,Search Engine
CUST003385,Jean,Sanchez,jean.sanchez779@yahoo.com,001-975-381-1625x969,M,2005-05-09,2025-04-02,Michigan,East Joseph,BRONZE,Online,1,Friend Referral
CUST002909,Wendy,Miles,wendy.miles322@gmail.com,576-469-7068,F,1986-06-08,2021-10-02,tx,East Jenniferport,BRONZE,Online,yes,Social Media
CUST006053,Rebecca,Fisher,REBECCA.FISHER559@GMAIL.COM,+1-576-585-6449x2559,M,1941-10-02,2023-07-07,OH,Thorntonton,Bronze,In-Store,no,Search Engine
CUST002116,Jeffrey,Griffith,jeffrey.griffith810@hotmail.com,251.911.3301,F,1947-08-24,2026-04-07,NJ,East Brandyland,BRONZE,Online,1,Search Engine
CUST003082,Spencer,Miranda,spencer.miranda496@yahoo.com,(273)759-8407,F,1980-12-29,2022-10-19,NC,Cantrellport,BRONZE,Mobile App,no,TV Ad
CUST001543,Corey,Higgins,corey.higgins845@hotmail.com,(532)928-0588,M,1954-05-03,2022-08-05,California,Lake Mark,SILVER,Mobile App,0,
CUST003661,Stephen,Harris,stephen.harris747@outlook.com,510.877.7353,M,1943-11-16,2023-03-25,Missouri,Samueltown,gold,In-Store,N,Friend Referral
CUST005002,Michael,Russell,michael.russell255@outlook.com,(704)638-9500,Other,1952-12-04,2021-07-03,ny,Port Michael,PLATINUM,Online,0,Search Engine
CUST001860,Jennifer,Flowers,jennifer.flowers535@yahoo.com,932-496-9142x200,F,1953-12-12,2022-02-19,NJ,South Joseph,SILVER,In-Store,,Friend Referral
CUST001048,Roger,Mendoza,roger.mendoza453@yahoo.com,662.896.9143x362,Other,1961-02-25,2025-09-25,Missouri,Millerfort,Bronze,Mobile App,yes,Friend Referral
CUST001379,Kimberly,Hudson,kimberly.hudson577@hotmail.com,+1-883-890-9342x4240,F,1957-01-13,10/20/2023,Massachusetts,New Johnland,Gold,Mobile App,yes,Social Media
CUST001769,Joshua,Richards,joshua.richards784@outlook.com,589.669.9132x93575,M,1948-09-15,2026-04-01,Ohio,Port Alicialand,bronze,In-Store,1,
CUST000885,Carol,Brown,carol.brown602@yahoo.com,7636224815,F,2031-05-04,2026-04-14,MA,Simmonsshire,Bronze,In-Store,N,Email Campaign
CUST003704,Michael,Hartman,michael.hartman482@gmail.com,673.202.9620x56336,Other,2000-10-02,2020-12-20,GA,Houseside,Bronze,Mobile App,1,TV Ad
CUST003831,Angelica,Mayo,angelica.mayo188@hotmail.com,566.473.1552x5417,M,1961-03-06,2021-04-17,Illinois,Riveraburgh,Bronze,In-Store,yes,Email Campaign
CUST001766,John,Buckley,john.buckley287@outlook.com,(872)709-4803,M,1946-01-11,2024-09-08,MI,Bellshire,silver,Online,,Social Media
CUST006058,Jessica,Oneal,JESSICA.ONEAL836@GMAIL.COM,916.674.2895x40584,F,1960-05-13,2021-10-30,IN,Port Rebecca,SILVER,Mobile App,Y,Walk-in
CUST003943,Lisa,Fields,lisa.fields277@hotmail.com,001-382-450-8434x2112,M,2007-04-13,2024-03-29,MA,East Carlosmouth,Bronze,Mobile App,no,
CUST000575,Logan,Lee,logan.lee135@yahoo.com,775.313.7651,Other,1980-12-10,2025-12-22,NJ,Johnstad,silver,Online,,
CUST003378,Timothy,Lawrence,timothy.lawrence742@gmail.com,+1-394-833-8053x6347,M,1957-06-14,2026-05-19,MA,Kellyhaven,SILVER,Online,Y,Influencer
CUST006060,Travis,Hill,TRAVIS.HILL305@GMAIL.COM,001-325-517-3335,F,1958-09-12,2021-12-23,TN,Port Matthewfort,BRONZE,In-Store,,
CUST004770,Wendy,Jones,wendy.jones912@yahoo.com,,F,1971-11-24,2021-09-03,MASSACHUSETTS,North Jonathan,SILVER,Online,,
CUST004175,Patrick,Wolfe,patrick.wolfe614@yahoo.com,666-626-3575,F,1951-02-19,2022-10-30,PA,Williammouth,Silver,Mobile App,Y,Search Engine
CUST002942,Alicia,Howell,alicia.howell303@outlook.com,806-520-4678,M,1950-09-14,2023-09-17,Wisconsin,Clarkshire,SILVER,Mobile App,,
CUST003644,Stephanie,Lopez,stephanie.lopez90@gmail.com,001-718-709-8174,F,1955-07-07,2025-12-17,MD,Morrisonland,gold,Mobile App,yes,Search Engine
CUST001368,Alicia,Norris,alicia.norris136@outlook.com,001-301-830-7167x532,M,1981-12-21,2024-01-20,NEW YORK,South Alyssaburgh,Bronze,Mobile App,N,
CUST001349,Nicole,Watson,nicole.watson24@hotmail.com,+1-497-871-1506x29179,M,2004-09-30,2021-03-01,NEW YORK,Lake Deniseburgh,Silver,Mobile App,Y,
CUST003812,Laura,Hanson,laura.hanson850@gmail.com,925-580-7422x1203,F,1984-04-07,2024-01-29,Arizona,Raymondville,SILVER,Online,1,Search Engine
CUST002437,Christopher,Fowler,christopher.fowler163@yahoo.com,636.909.0857x537,Other,1961-12-06,2021-12-22,Washington,Lake Erica,BRONZE,In-Store,Y,Search Engine
CUST005464,April,Johns,april.johns318@gmail.com,,M,1940-10-26,2023-09-22,New York,New Martha,SILVER,Mobile App,,
CUST002430,Deanna,Ortega,deanna.ortega96@yahoo.com,986.603.9036,F,1949-12-07,2021-09-15,Illinois,Brianside,SILVER,In-Store,0,Search Engine
CUST000392,Kevin,Estrada,kevin.estrada922@outlook.com,001-331-358-9357x1266,Other,1997-09-24,2024-01-03,PENNSYLVANIA,Lake Nicholas,Silver,In-Store,0,Email Campaign
CUST004557,Tanya,Little,tanya.little538@outlook.com,(672)775-1421,M,2005-08-15,2022-11-18,Maryland,East Cassidybury,Silver,Online,Y,Email Campaign
CUST004234,Arthur,Sheppard,arthur.sheppard371@hotmail.com,+1-418-720-4129,F,1985-08-17,08/20/2021,Maryland,West Vincentfurt,bronze,Mobile App,1,Walk-in
CUST005804,Michael,Nicholson,michael.nicholson145@hotmail.com,+1-440-918-9805x388,M,1965-05-26,2023-11-09,VA,Lake Kristine,bronze,Mobile App,,TV Ad
CUST005621,Steven,Bright,steven.bright258@yahoo.com,+1-879-901-3350,M,1967-05-02,2023-04-01,Michigan,New Lisastad,Bronze,Online,0,Friend Referral
CUST005892,Michael,Irwin,michael.irwin19@gmail.com,001-820-233-8337x9084,F,1966-08-23,2024-05-09,mi,Michaelport,platinum,Online,1,Search Engine
CUST000990,Rebecca,Oliver,rebecca.oliver385@gmail.com,873.212.6773x19227,Other,1973-01-25,2023-12-21,PA,Sullivanshire,gold,In-Store,yes,Influencer
CUST005856,Stephanie,Davis,stephanie.davis883@hotmail.com,290-387-8015x8848,Other,1962-12-09,2022-11-16,WA,West Joseph,silver,In-Store,Y,Search Engine
CUST004760,Lacey,White,lacey.white246@outlook.com,903.995.1946,M,1958-11-29,01/14/2022,NEW YORK,West Teresa,SILVER,Mobile App,N,TV Ad
CUST002755,Daniel,Wilson,daniel.wilson63@yahoo.com,987.492.7876,F,1957-07-21,2025-02-14,Pennsylvania,Hinesfort,Platinum,In-Store,N,Friend Referral
CUST002171,Laura,Horn,laura.horn571@hotmail.com,903.855.9591x516,M,2001-12-03,2021-08-27,North Carolina,Lake Desireebury,Bronze,Online,0,Influencer
CUST005644,Judith,Bryan,judith.bryan231@yahoo.com,986-438-7853x9806,F,1967-09-28,2022-09-26,IL,Lake Glendamouth,gold,Mobile App,yes,TV Ad
CUST003601,Nancy,Wagner,nancy.wagner153@yahoo.com,304.211.2126x10906,Other,1949-04-20,2020-09-30,Georgia,South Christopherside,bronze,In-Store,N,
CUST005650,Amanda,Harris,amanda.harris308@yahoo.com,626-605-0572x516,Other,2001-11-26,2021-01-11,NY,East Roberttown,silver,Online,0,Influencer
CUST001203,Joseph,Larson,joseph.larson563@yahoo.com,001-879-284-9149,M,1985-11-15,2021-11-21,AZ,New Holly,Bronze,Online,0,TV Ad
CUST004018,Meghan,Boyd,meghan.boyd125@gmail.com,001-433-218-3902x1573,M,1986-08-20,2023-11-08,MD,Rebeccaside,Silver,Mobile App,0,Friend Referral
CUST001023,Isaac,Torres,isaac.torres905@yahoo.com,678-391-1797x2699,F,1945-02-25,04/30/2022,Arizona,Amandaville,BRONZE,Mobile App,Y,Friend Referral
CUST002863,Andrew,Wells,andrew.wells976@hotmail.com,001-525-721-0942,M,1975-10-31,2020-09-12,Texas,East Whitney,Silver,Online,Y,Influencer
CUST000880,David,White,david.white349@gmail.com,+1-587-233-9304x93665,F,1949-02-21,2024-11-15,Tennessee,Taylormouth,gold,In-Store,N,Search Engine
CUST004020,Cody,Lopez,cody.lopez825@hotmail.com,758-496-7196,Other,1970-09-16,2021-09-04,North Carolina,Timothyton,silver,In-Store,0,Email Campaign
CUST000283,Jennifer,Gilbert,jennifer.gilbert164@outlook.com,702.272.7857x6084,M,1942-09-18,2021-09-11,Indiana,Marthafort,SILVER,In-Store,N,Walk-in
CUST005813,Charles,Estrada,charles.estrada560@outlook.com,(832)811-5130x274,M,1990-04-06,2022-11-04,Pennsylvania,Longshire,silver,Online,1,
CUST000423,Michael,Miller,michael.miller912@yahoo.com,711-650-8353,Other,1999-08-28,2023-08-29,WI,Port Joshuabury,SILVER,Online,0,TV Ad
CUST001951,Christopher,Leach,christopher.leach60@hotmail.com,001-942-294-1259,M,1986-08-11,2021-10-25,WI,Carolyntown,Platinum,Mobile App,yes,Social Media
CUST002488,Zachary,Rodriguez,zachary.rodriguez975@yahoo.com,(553)203-0241,Other,2009-11-14,2021-04-17,MARYLAND,Susanfurt,SILVER,Online,1,Search Engine
CUST001549,Darren,Harris,darren.harris378@yahoo.com,547.261.2898,F,1967-03-14,2023-09-17,NJ,Brownhaven,bronze,In-Store,yes,Social Media
CUST006045,Danielle,Liu,DANIELLE.LIU728@HOTMAIL.COM,249-975-0148x218,F,1947-08-17,2026-03-16,Missouri,East Erik,Bronze,Mobile App,Y,Social Media
CUST005013,Victoria,Barajas,victoria.barajas792@outlook.com,398.438.4248,Other,2009-10-28,2021-02-12,GA,Conleyfurt,Bronze,In-Store,0,Search Engine
CUST001680,Kenneth,Lopez,kenneth.lopez820@outlook.com,+1-482-980-5034x55388,F,1985-06-07,11/07/2021,VA,North Rachelhaven,Bronze,Online,no,Email Campaign
CUST006065,  Morgan ,Anderson,MORGAN.ANDERSON844@HOTMAIL.COM,265-526-6930,F,1952-10-26,2024-02-15,Arizona,Laurenborough,Bronze,In-Store,N,Friend Referral
CUST003607,Dakota,Hughes,dakota.hughes773@hotmail.com,(784)907-3431x908,M,1971-11-12,2021-09-12,IN,New Kimhaven,gold,In-Store,0,TV Ad
CUST005989,Beverly,Leon,,,F,1899-01-01,2021-12-28,FL,,silver,Online,,
CUST004574,Denise,Clarke,denise.clarke595@yahoo.com,+1-662-759-4583x8521,M,1966-11-17,2026-05-24,fl,Herreraburgh,Gold,In-Store,1,TV Ad
CUST005330,Nicholas,Butler,nicholas.butler863@outlook.com,+1-208-216-2173,Other,1955-09-30,2021-07-15,Washington,Bauerburgh,BRONZE,Online,1,Search Engine
CUST000002,Jennifer,Miles,jennifer.miles224@yahoo.com,001-626-254-2351x16155,M,1970-01-15,2023-04-16,Texas,Lisatown,Silver,In-Store,,Email Campaign
CUST004630,Jennifer,Williams,,,M,,2020-09-27,TN,,silver,In-Store,,
CUST004589,Eric,Compton,eric.compton990@yahoo.com,497.527.5458x1430,M,1966-01-22,2022-07-05,Arizona,Codybury,silver,In-Store,no,TV Ad
CUST001692,Eric,Green,eric.green285@gmail.com,370-348-3648,F,1948-12-16,2025-10-02,TN,South Angela,Bronze,Mobile App,0,Friend Referral
CUST003856,Jamie,Chavez,jamie.chavez422@outlook.com,(371)662-9968x17548,F,1980-03-29,2023-08-18,Illinois,East Lori,Bronze,Mobile App,Y,Influencer
CUST000612,Francisco,Payne,francisco.payne136@yahoo.com,,F,1993-04-26,2023-03-25,IN,Watkinschester,SILVER,Online,,
CUST000013,Nicholas,Galloway,nicholas.galloway12@gmail.com,+1-972-434-3098x05009,F,1959-03-29,2025-03-27,mo,Mitchellside,silver,Online,1,TV Ad
CUST002783,Mary,Miller,mary.miller169@outlook.com,+1-984-838-2814x04624,F,2001-12-21,2020-10-19,MD,West Mary,gold,Online,1,TV Ad
CUST005519,Robert,Nunez,robert.nunez916@hotmail.com,001-535-863-4837x9523,F,2010-01-25,2025-07-28,Florida,Potterbury,BRONZE,Online,Y,Search Engine
CUST005309,Beth,Aguilar,beth.aguilar757@yahoo.com,(577)539-2325x11268,Other,1944-01-01,2025-09-11,NJ,Harrisshire,silver,In-Store,no,Search Engine
CUST000184,Connor,Anderson,connor.anderson731@hotmail.com,+1-313-953-4655x4947,F,1958-10-12,2025-05-18,Massachusetts,Lake Rachel,platinum,In-Store,0,TV Ad
CUST002769,  Scott ,Price,scott.price431@hotmail.com,(668)346-4820x9872,M,1967-12-28,2023-06-13,TN,Warnerville,BRONZE,In-Store,Y,
CUST003042,Brandon,Cooper,brandon.cooper902@hotmail.com,852-288-0049,Other,1948-10-12,2023-01-30,IN,Port Mary,bronze,Online,N,
CUST001219,Holly,Cruz,holly.cruz315@outlook.com,001-217-888-2426x55946,F,1953-05-26,02/10/2024,Wisconsin,West Christopherhaven,Gold,Online,no,
CUST000425,Jeremy,Cummings,jeremy.cummings850@outlook.com,415-636-6377x80529,M,1955-05-14,2022-01-12,California,Sharpmouth,SILVER,Online,N,Social Media
CUST005431,Scott,Clark,scott.clark480@hotmail.com,346.780.0369,M,1997-03-06,2024-02-15,Ohio,Lake Claudialand,gold,Online,1,Friend Referral
CUST001527,Vanessa,Barton,vanessa.barton921@hotmail.com,001-618-364-1761x30236,M,1977-10-18,2021-06-19,NY,North Robert,bronze,In-Store,N,TV Ad
CUST001752,Christopher,May,christopher.may503@gmail.com,(705)791-7393x010,Other,1999-12-15,2022-11-07,MO,South Nicholasmouth,BRONZE,Mobile App,,
CUST002988,Blake,Carpenter,,,M,,2020-10-14,Washington,,platinum,Mobile App,,
CUST000199,Matthew,Gallegos,matthew.gallegos403@hotmail.com,(372)861-4933,M,2008-03-08,2022-05-16,California,Jacquelineton,Platinum,Online,0,Social Media
CUST000465,Barbara,Neal,barbara.neal514@gmail.com,410.530.3243,Other,1977-04-06,2026-05-31,Michigan,Catherinehaven,bronze,In-Store,Y,Email Campaign
CUST003593,William,Molina,william.molina777@hotmail.com,001-594-361-2579x8123,M,1984-07-14,2021-01-21,Washington,Buchananberg,bronze,Mobile App,,Walk-in
CUST004809,Matthew,Melton,matthew.melton620@yahoo.com,(420)650-2580,Other,1993-05-07,01/07/2022,New York,East Rebecca,Silver,In-Store,no,Search Engine
CUST005306,Roberta,Guerrero,roberta.guerrero973@yahoo.com,(932)716-8241,F,2003-12-22,10/23/2021,WA,Kimberlychester,bronze,Mobile App,Y,Social Media
CUST001371,Kimberly,Mcclain,kimberly.mcclain651@hotmail.com,,M,1948-02-01,2025-05-19,OH,Port Carolineburgh,PLATINUM,Mobile App,,
CUST006007,Benjamin,Archer,BENJAMIN.ARCHER384@OUTLOOK.COM,+1-389-317-8735x6392,Other,1981-12-09,2026-03-11,NY,East Jeanne,bronze,Online,1,Influencer
CUST003097,Duane,Hubbard,duane.hubbard933@outlook.com,286.807.2943,M,1955-02-27,2023-05-18,TX,Elizabethton,bronze,Mobile App,1,Email Campaign
CUST005788,Jason,Cox,jason.cox930@yahoo.com,(774)319-2465x941,F,1953-11-07,2020-11-29,il,Robertfort,Gold,In-Store,yes,
CUST000813,Eric,Osborn,eric.osborn642@yahoo.com,354-393-0364x687,M,1977-12-22,2023-12-23,GA,Colemanmouth,BRONZE,Mobile App,Y,
CUST000562,Samuel,Prince,samuel.prince332@gmail.com,2332190368,F,2009-06-14,2022-10-24,NC,West Samuel,BRONZE,Mobile App,yes,TV Ad
CUST004796,William,Ramos,william.ramos591@gmail.com,779-747-6441x5079,M,1998-07-03,2022-03-11,Massachusetts,West Carlaton,Bronze,Mobile App,no,
CUST004252,Brenda,Davis,brenda.davis881@outlook.com,(474)320-8600,M,1974-11-27,2024-04-29,TX,Sanchezfurt,BRONZE,Online,yes,
CUST000362,Michelle,Morrow,michelle.morrow998@yahoo.com,001-961-224-8156x985,F,2006-07-05,2023-06-01,Florida,Housemouth,bronze,In-Store,,Influencer
CUST000521,Sara,Martinez,sara.martinez92@hotmail.com,(836)717-0617x136,M,1950-08-09,2022-03-14,Missouri,North Chris,BRONZE,Mobile App,1,Friend Referral
CUST004952,Jeffrey,Aguilar,jeffrey.aguilar309@hotmail.com,583-206-5633x53685,F,2001-12-23,02/26/2023,Virginia,North William,Bronze,Online,,Search Engine
CUST005744,Debra,Klein,debra.klein3@yahoo.com,661-392-0365,F,1983-09-23,2021-06-09,TN,Jamesside,Platinum,Mobile App,,Social Media
CUST001589,Amy,Lopez,amy.lopez85@yahoo.com,001-745-698-5866x356,M,2003-12-17,2023-10-25,NC,South Robertmouth,silver,Mobile App,N,
CUST004196,Laura,Collins,laura.collins452@yahoo.com,989-546-5854,Other,1962-01-18,2021-02-23,New Jersey,Melissafurt,silver,Online,no,Influencer
CUST004979,Douglas,Cook,douglas.cook382@hotmail.com,+1-505-310-5119,F,1941-03-14,2023-07-07,MO,Andreville,Silver,Online,no,TV Ad
CUST000911,Craig,Riley,craig.riley740@hotmail.com,4992424894,Other,1963-08-12,2024-02-29,MO,Washingtonton,Bronze,Mobile App,0,Email Campaign
CUST005062,Marcus,Mccann,marcus.mccann248@gmail.com,001-690-613-3436x94645,Other,1992-09-25,2021-11-23,TN,Lake Rita,SILVER,Online,no,Influencer
CUST001868,Angela,Johnson,angela.johnson267@outlook.com,+1-278-234-7679,F,1997-01-16,2024-08-12,TN,Jameston,SILVER,Mobile App,no,Friend Referral
CUST000697,Kathleen,Johnson,kathleen.johnson463@outlook.com,796-573-7945x7727,Other,1978-11-12,2020-10-15,mo,Pinedafurt,gold,Mobile App,N,Email Campaign
CUST001558,Tanya,Sanchez,tanya.sanchez550@gmail.com,4932555570,M,1974-06-03,2021-02-09,Washington,Sparksmouth,gold,In-Store,1,Influencer
CUST004555,Jasmine,Floyd,jasmine.floyd88@yahoo.com,+1-794-345-3221x7841,F,1982-02-26,2022-12-31,IL,Lake Lauren,Bronze,In-Store,N,Email Campaign
CUST003652,Vanessa,Stewart,vanessa.stewart889@hotmail.com,871-607-1780x65502,Other,1993-07-16,2023-01-10,MO,Port Travisport,Gold,In-Store,,TV Ad
CUST001681,Erik,Benitez,erik.benitez879@outlook.com,+1-328-487-4587,M,1971-07-28,2023-06-05,NJ,Hermanton,silver,In-Store,N,Walk-in
CUST002225,Destiny,Peterson,destiny.peterson647@yahoo.com,(873)729-7741x050,M,1967-03-03,2022-06-11,Texas,Robertfurt,bronze,Online,N,Social Media
CUST000703,Keith,Garcia,keith.garcia789@gmail.com,+1-396-428-8743,M,1980-01-03,2025-12-01,VIRGINIA,East Robert,BRONZE,In-Store,no,Friend Referral
CUST003440,Nicholas,Fleming,nicholas.fleming584@outlook.com,586-883-2007,F,1962-08-13,2024-01-22,Maryland,Port Joy,Platinum,In-Store,0,TV Ad
CUST003093,Amy,Thompson,amy.thompson160@gmail.com,919.534.2114x74675,F,2004-03-27,2021-10-11,WASHINGTON,West Anna,SILVER,Mobile App,N,Walk-in
CUST003417,Christopher,Baker,christopher.baker710@outlook.com,701-207-4520,Other,1954-08-05,2025-03-08,in,Bellberg,Bronze,Online,0,Friend Referral
CUST003255,Tyler,Knight,tyler.knight398@outlook.com,336-344-7729,F,1991-07-25,2024-03-10,Georgia,New Kaitlynview,BRONZE,In-Store,no,Influencer
CUST002016,Larry,Brandt,larry.brandt320@outlook.com,885.598.8192x06965,F,1976-12-09,2022-10-27,IN,Maryfort,Silver,Mobile App,Y,
CUST005384,Brian,Jones,brian.jones385@hotmail.com,563.482.5307x7601,M,1995-05-12,2025-07-13,TX,New Shawn,Bronze,Mobile App,1,Social Media
CUST003901,Deanna,Shelton,deanna.shelton545@yahoo.com,2694844338,M,1992-06-01,05/29/2026,California,Port Jennifer,bronze,In-Store,yes,Friend Referral
CUST001812,William,Steele,william.steele238@gmail.com,780.650.7507x81973,M,2007-02-08,2024-12-17,Ohio,Nancyburgh,PLATINUM,Online,0,Friend Referral
CUST001579,Joshua,Salazar,joshua.salazar902@gmail.com,505-474-4509x9986,M,1976-10-04,2021-11-26,ny,Wesleyburgh,platinum,In-Store,,
CUST001746,  Martin ,Hernandez,,,F,,2021-06-25,AZ,,Bronze,In-Store,,
CUST004957,Patrick,Petty,patrick.petty337@hotmail.com,238-212-8582x9438,M,1950-10-17,2025-11-04,WISCONSIN,Lake Matthewstad,BRONZE,Online,1,Walk-in
CUST004876,Sarah,Greene,sarah.greene123@yahoo.com,289-371-9551x4623,F,1965-01-08,2024-07-26,MASSACHUSETTS,Millerville,BRONZE,Online,no,TV Ad
CUST000934,Kevin,Miller,kevin.miller525@gmail.com,955.685.1777x412,M,2000-07-05,2025-02-06,Pennsylvania,Sarahland,GOLD,In-Store,,Email Campaign
CUST003727,Rebekah,Medina,rebekah.medina286@gmail.com,(337)667-0392x749,F,2005-04-30,12/05/2022,Illinois,Carloschester,platinum,In-Store,yes,Social Media
CUST001986,Christine,Morrison,christine.morrison571@yahoo.com,877.904.9909,Other,1999-03-07,2022-06-12,TX,Josephfort,Bronze,Online,Y,Search Engine
CUST001999,Lucas,Parker,lucas.parker440@yahoo.com,767-282-0369x0615,F,1970-02-22,2025-10-30,va,West Robert,Bronze,Online,no,Walk-in
CUST003028,  Kristen ,Schaefer,kristen.schaefer101@yahoo.com,+1-942-336-8378x0371,Other,1988-10-29,2022-12-26,PA,Lake Nathanmouth,bronze,Online,,
CUST005525,Michaela,Escobar,michaela.escobar588@yahoo.com,599.480.6821,F,1976-12-04,2025-06-29,FL,Hendersonshire,SILVER,Mobile App,no,Social Media
CUST001117,Vincent,Morgan,vincent.morgan96@gmail.com,984.522.7362,F,1958-07-03,03/19/2023,nc,New Janettown,SILVER,Online,N,Walk-in
CUST004412,Max,Rivers,max.rivers116@outlook.com,001-822-647-1411x673,F,1966-04-27,2026-06-18,Massachusetts,Richardland,PLATINUM,Mobile App,yes,Search Engine
CUST000654,Omar,Griffin,omar.griffin713@yahoo.com,928-798-1231,Other,1968-08-13,2021-11-14,pa,Lawrenceville,BRONZE,Mobile App,N,
CUST003038,Matthew,Tucker,matthew.tucker852@yahoo.com,258.347.7023x92831,F,1950-05-20,2024-02-26,PA,Christopherfort,BRONZE,Mobile App,0,Influencer
CUST005163,Edward,Smith,edward.smith71@outlook.com,(589)454-2852x315,Other,2010-02-05,07/25/2025,Virginia,Lake Zacharyview,Bronze,Online,Y,
CUST001326,Richard,Tucker,richard.tucker889@hotmail.com,+1-988-836-3688x50162,M,1974-03-14,2025-09-19,Michigan,Mendozaberg,Silver,Mobile App,0,Influencer
CUST002932,Roger,Hodge,roger.hodge810@outlook.com,001-318-663-2133x752,M,1968-05-03,2024-03-05,IN,Millerhaven,GOLD,In-Store,1,
CUST003241,Aaron,Lee,aaron.lee419@gmail.com,(899)759-2419x716,Other,1996-01-19,2021-07-08,GA,West Matthewshire,Bronze,Online,1,
CUST000056,Diana,Bass,diana.bass328@gmail.com,277.835.1585,F,1983-10-09,2026-02-20,Georgia,Antoniostad,Bronze,In-Store,yes,Friend Referral
CUST005331,Erik,Jones,erik.jones65@gmail.com,284.643.6652,Other,1957-02-26,2026-04-15,MO,Andersonmouth,silver,Mobile App,Y,Search Engine
CUST005930,Nichole,Cook,nichole.cook488@hotmail.com,(566)373-9419x770,F,1998-01-08,2026-02-15,New York,Port Jenniferview,Gold,In-Store,yes,TV Ad
CUST005502,Donald,Brown,donald.brown960@outlook.com,228-855-0294,Other,1986-06-01,2022-09-21,VIRGINIA,South Annchester,Bronze,In-Store,Y,TV Ad
CUST005492,Jonathan,Collins,jonathan.collins2@gmail.com,316-625-4712x99328,F,2003-04-09,2021-11-11,Pennsylvania,Linfort,platinum,Mobile App,0,
CUST005885,Joshua,Hampton,,,F,,2023-08-28,NJ,,Bronze,Mobile App,,
CUST001036,  Christine ,Doyle,christine.doyle90@gmail.com,7278500030,F,1959-01-04,2025-08-24,OH,New Michaelbury,bronze,In-Store,N,Social Media
CUST001920,Douglas,Wright,douglas.wright153@yahoo.com,515-614-4876x2164,M,1970-12-05,2025-05-01,WASHINGTON,Smithmouth,Silver,In-Store,no,
CUST000528,Veronica,Fisher,veronica.fisher449@gmail.com,001-804-209-0742,F,1949-05-12,2021-09-01,North Carolina,Brittanybury,Bronze,Online,Y,
CUST000752,Joseph,Coleman,joseph.coleman705@gmail.com,535-588-5379x8214,F,1986-10-24,2025-02-22,Maryland,Port Kayla,Gold,Online,0,Friend Referral
CUST002256,Seth,Potter,seth.potter624@hotmail.com,388.811.8592x06304,Other,1962-04-07,2024-10-07,Missouri,South Melissa,GOLD,In-Store,Y,TV Ad
CUST005017,Kenneth,Simpson,kenneth.simpson350@hotmail.com,4614920841,F,1944-04-28,2023-01-14,MA,Kennethville,BRONZE,Online,yes,
CUST000287,Gloria,Wheeler,gloria.wheeler117@outlook.com,7949353344,M,1946-10-09,2023-05-23,Wisconsin,North Abigailport,BRONZE,In-Store,Y,Influencer
CUST001312,David,Wolf,david.wolf317@yahoo.com,209.400.7121,F,1961-02-24,2022-07-13,TEXAS,Delgadofurt,GOLD,Mobile App,yes,Friend Referral
CUST003480,Margaret,Long,margaret.long724@outlook.com,817-766-1247,M,2001-03-17,2023-11-26,PA,Juliastad,silver,Online,yes,Search Engine
CUST005155,Brandy,Brady,brandy.brady349@gmail.com,+1-674-569-2376x017,M,1978-11-28,2022-04-30,WA,Lake Julianview,Gold,Online,1,Friend Referral
CUST000368,Angela,Williams,angela.williams775@yahoo.com,2484964652,F,2005-11-06,2023-06-01,MO,Wendyton,SILVER,In-Store,,
CUST005302,Timothy,Reyes,timothy.reyes811@outlook.com,545-628-7914x881,F,1948-10-21,2024-01-20,OH,West Kimberly,bronze,Online,no,Friend Referral
CUST000478,Brett,Gallegos,brett.gallegos847@yahoo.com,816.539.2823x4143,Other,1970-10-02,2024-02-24,IN,South Timothyport,Silver,In-Store,no,Social Media
CUST006001,Randall,Rhodes,RANDALL.RHODES334@YAHOO.COM,001-647-779-5003,M,1946-12-18,2024-02-26,GA,New Dakota,gold,Mobile App,Y,Social Media
CUST003634,Beth,Simpson,beth.simpson158@outlook.com,9747268901,F,1954-02-10,2023-11-29,Arizona,New Johnny,Bronze,Mobile App,yes,Email Campaign
CUST005608,Danielle,Sanders,danielle.sanders653@gmail.com,841.404.3392x608,M,2006-10-07,2021-03-06,Tennessee,Lake Christopher,platinum,Mobile App,Y,
CUST001287,Aaron,Bauer,aaron.bauer808@outlook.com,667-978-1456,Other,1964-10-06,2025-05-08,MA,East Julia,silver,Online,yes,TV Ad
CUST005539,Adam,Clark,adam.clark675@yahoo.com,806-449-5441,F,1946-04-27,2023-02-27,MI,Weaverchester,Gold,Mobile App,no,Search Engine
CUST004213,Nichole,Smith,nichole.smith763@outlook.com,+1-317-206-6935x489,F,1951-12-10,2022-12-21,Virginia,Lake Tiffanyland,BRONZE,Mobile App,0,Friend Referral
CUST004171,Christina,Shaw,christina.shaw354@yahoo.com,202.661.2592x7976,M,1964-03-13,2022-12-21,Tennessee,Taylorberg,Silver,In-Store,N,Friend Referral
CUST000617,Kevin,Davis,kevin.davis554@hotmail.com,+1-870-246-2268x17151,F,1967-07-24,2021-09-20,wi,West Larry,Bronze,Online,no,
CUST004456,Victor,Johnson,victor.johnson334@outlook.com,358.822.7935x62559,F,1991-07-26,2025-07-28,Florida,New Alexandramouth,GOLD,Mobile App,Y,TV Ad
CUST005691,Janice,Fisher,janice.fisher141@hotmail.com,8783324835,M,1950-04-16,2023-03-09,Florida,Harrisonburgh,SILVER,Mobile App,Y,TV Ad
CUST003425,Samantha,Patterson,samantha.patterson544@outlook.com,850-474-8144x43944,F,1940-09-21,06/15/2025,New Jersey,Johnmouth,SILVER,Online,N,Social Media
CUST002904,John,Carr,john.carr182@gmail.com,539-719-1938x28918,F,1899-01-01,2022-02-27,Texas,Martinfort,bronze,In-Store,yes,Email Campaign
CUST001858,Patricia,Burnett,patricia.burnett44@yahoo.com,571.791.2759,M,1973-10-18,2021-12-04,ca,Port Davidton,GOLD,Online,N,Email Campaign
CUST004950,Denise,Williams,denise.williams212@gmail.com,+1-971-513-5694x7126,Other,2004-04-08,2021-06-24,OH,Benderberg,bronze,Online,1,Social Media
CUST004210,Nathan,Sutton,nathan.sutton516@yahoo.com,868.626.3740x685,M,1999-06-07,2021-05-29,North Carolina,South Emily,Bronze,Online,N,Walk-in
CUST003610,Amber,Burns,amber.burns208@outlook.com,001-811-853-0912x7073,M,1972-04-20,2021-02-18,IL,Sandraview,BRONZE,In-Store,,Friend Referral
CUST002703,Gary,Perez,gary.perez211@yahoo.com,+1-616-322-6648,F,1960-05-20,2025-03-06,VA,East Patricia,SILVER,Online,Y,Influencer
CUST004471,Cindy,Moon,cindy.moon925@gmail.com,+1-730-338-6065,F,1992-12-19,2024-05-18,California,Victoriaview,SILVER,In-Store,,Friend Referral
CUST005960,Jonathan,Floyd,jonathan.floyd472@hotmail.com,(352)503-1934,F,1993-11-16,09/20/2024,New Jersey,Terrimouth,Bronze,Mobile App,N,Email Campaign
CUST000072,Marc,Alvarez,marc.alvarez902@outlook.com,001-718-720-3778x892,F,1951-03-28,2021-01-12,North Carolina,Port Rachelmouth,silver,Online,N,Search Engine
CUST000771,Sarah,Gray,sarah.gray991@gmail.com,296-446-3004,F,1986-12-01,2023-03-27,Michigan,Douglasborough,gold,Mobile App,Y,Email Campaign
CUST005364,Michael,Wong,michael.wong711@hotmail.com,(540)697-1628,Other,1972-01-07,2025-07-09,California,Romeroborough,Silver,In-Store,no,Influencer
CUST001654,Jennifer,Barnes,jennifer.barnes977@yahoo.com,001-838-878-0528x905,F,2007-12-21,2025-07-15,Texas,Robinborough,bronze,Online,N,
CUST002958,Mary,Cox,mary.cox317@hotmail.com,750.622.5931x2272,Other,1952-11-23,2023-04-23,Maryland,Martinmouth,bronze,Online,,Search Engine
CUST002202,Henry,Klein,henry.klein206@yahoo.com,3732216656,M,1964-06-19,2024-08-07,IN,Parksborough,Silver,Mobile App,N,Email Campaign
CUST004156,Trevor,Washington,trevor.washington53@outlook.com,+1-604-684-4376x28255,F,1959-12-31,2022-01-31,PA,Taylorburgh,SILVER,Mobile App,Y,Friend Referral
CUST001937,Gregory,Jones,gregory.jones396@yahoo.com,503-737-9029x40375,M,1957-11-30,2023-01-31,Missouri,Bonnieview,BRONZE,Mobile App,N,
CUST005034,Tara,Johnson,tara.johnson354@hotmail.com,(589)690-0988x65673,F,1958-05-22,2021-07-01,Massachusetts,New Andrewview,bronze,In-Store,yes,TV Ad
CUST002584,Kenneth,Stewart,kenneth.stewart678@yahoo.com,578-842-1391,F,1941-11-17,2023-12-08,WI,North John,BRONZE,Online,yes,
CUST006034,Marcus,Armstrong,MARCUS.ARMSTRONG471@OUTLOOK.COM,794.987.1485x524,Other,1974-07-18,2022-09-04,New Jersey,Hayesborough,Silver,Mobile App,,Social Media
CUST004821,Anthony,Maldonado,anthony.maldonado807@yahoo.com,4404081982,M,1957-12-19,2021-03-18,North Carolina,New Jasmine,bronze,Online,Y,Search Engine
CUST001222,Vanessa,Johns,vanessa.johns646@yahoo.com,681.759.1579x089,F,1978-10-19,2024-04-22,Tennessee,Port Shaunborough,bronze,Online,Y,Email Campaign
CUST001749,Robert,Rice,robert.rice828@gmail.com,2207411548,F,1964-01-29,2026-01-29,PA,Jocelynshire,Bronze,Mobile App,no,Search Engine
CUST000595,Katrina,King,katrina.king358@gmail.com,001-996-704-3878,M,1962-06-23,2022-08-22,Illinois,North Marc,Bronze,Online,1,TV Ad
CUST004608,Francisco,Cook,francisco.cook489@hotmail.com,269.470.4220x2445,F,1964-12-30,2026-04-09,NC,Kathleenside,Gold,Mobile App,1,Social Media
CUST000290,Stanley,Cohen,stanley.cohen502@outlook.com,+1-345-762-5577x017,Other,1990-05-23,2023-05-20,PA,East Douglas,BRONZE,Mobile App,no,Social Media
CUST005653,Julie,Stevens,julie.stevens303@gmail.com,+1-235-292-7916x00533,F,1971-06-12,2022-06-12,New Jersey,East John,SILVER,Online,Y,Search Engine
CUST003774,Jesus,Townsend,jesus.townsend865@gmail.com,(570)264-5478,Other,1954-01-20,2021-05-10,NY,North Christopher,Gold,Online,,
CUST000172,Danielle,Rowland,danielle.rowland831@yahoo.com,286-625-6527,M,1973-10-28,2021-05-06,TN,Ruizview,BRONZE,Online,Y,Influencer
CUST002774,Peter,Ellis,peter.ellis663@outlook.com,5707180589,M,1964-02-20,2025-03-04,IN,North Lynnberg,BRONZE,Mobile App,N,Search Engine
CUST000903,William,Hernandez,william.hernandez387@yahoo.com,(259)536-4882,M,1971-10-02,2021-07-25,MI,Curtisberg,PLATINUM,Online,1,Search Engine
CUST002429,Joel,Monroe,joel.monroe497@hotmail.com,955.700.4375x315,F,1947-03-26,2023-04-01,in,North Katiechester,SILVER,Mobile App,no,Friend Referral
CUST003081,Teresa,Olsen,teresa.olsen342@outlook.com,(838)340-9912,F,1961-08-02,2021-12-11,Florida,East Karen,Silver,Online,1,
CUST004498,Jennifer,Ferguson,jennifer.ferguson412@outlook.com,6052431670,M,1963-03-17,2025-07-01,NY,Lake Christine,BRONZE,Online,,
CUST005449,Scott,Smith,scott.smith907@hotmail.com,,M,1943-03-05,2024-03-29,MA,Kayleebury,bronze,In-Store,,
CUST001445,Jason,Morse,jason.morse931@outlook.com,+1-381-693-7684,F,1953-10-21,2026-04-19,OH,Drewborough,gold,In-Store,Y,Walk-in
CUST000633,Michael,Moran,michael.moran569@hotmail.com,(549)912-5652,M,1976-06-26,2024-06-15,Tennessee,Cobbville,GOLD,Mobile App,yes,Friend Referral
CUST000142,Mark,Smith,mark.smith471@gmail.com,,M,1994-11-12,2024-12-08,TX,Reidstad,gold,In-Store,,
CUST003786,Jamie,Grant,jamie.grant583@hotmail.com,7056835348,M,1940-11-05,2022-09-24,FL,North Michael,platinum,Mobile App,N,Email Campaign
CUST001236,Nicholas,Stevens,nicholas.stevens171@gmail.com,4254634202,F,1982-08-29,2022-11-14,Arizona,Gutierrezland,bronze,Mobile App,yes,
CUST000239,Raymond,Vaughn,raymond.vaughn939@outlook.com,754.555.8845x061,Other,1944-11-16,2025-05-30,Michigan,Combsville,silver,Mobile App,0,
CUST002966,Wendy,Wagner,wendy.wagner976@yahoo.com,366-980-9651,Other,1963-01-29,2025-11-03,MO,Gamblehaven,BRONZE,In-Store,0,Search Engine
CUST000666,Taylor,Taylor,taylor.taylor217@hotmail.com,499.510.6227,F,2006-05-06,2020-09-03,TX,Jeanetteport,platinum,Online,Y,Email Campaign
CUST001800,Brandy,West,brandy.west445@outlook.com,(770)720-7153x78420,F,1987-11-16,2022-07-07,MO,South Jeremymouth,bronze,Mobile App,yes,Walk-in
CUST002651,Mark,Turner,mark.turner60@outlook.com,+1-321-487-3982,M,1992-10-25,2023-03-01,WA,Kevinview,Gold,Mobile App,no,
CUST000931,Bobby,Gilbert,bobby.gilbert734@gmail.com,848.426.8999,F,1966-05-21,2023-12-11,IN,South Robert,BRONZE,In-Store,no,Social Media
CUST002372,Maurice,Fuentes,maurice.fuentes228@yahoo.com,469-600-1581x236,F,1989-07-01,2022-11-06,WI,Porterside,BRONZE,Online,,Search Engine
CUST001644,Amanda,Richardson,amanda.richardson383@gmail.com,+1-704-373-7198,M,1985-02-05,2026-04-23,Washington,West Debbie,Bronze,Mobile App,Y,Email Campaign
CUST001902,Danny,Johnson,danny.johnson380@hotmail.com,391-621-8790x6506,M,1997-04-21,2024-02-19,MI,Allenmouth,SILVER,Mobile App,0,Influencer
CUST001803,Stephanie,Duke,stephanie.duke792@outlook.com,(862)944-7049,M,1979-04-24,2023-01-20,GA,New Robertview,GOLD,Online,Y,Social Media
CUST002567,Christopher,English,christopher.english191@yahoo.com,9506459619,M,1970-04-21,11/23/2021,Michigan,New Amyville,Bronze,Mobile App,yes,
CUST001925,Sheila,Goodman,sheila.goodman719@hotmail.com,2289004177,F,1983-10-19,01/21/2025,Georgia,Henrymouth,Gold,Online,N,
CUST004939,Denise,Mason,denise.mason666@outlook.com,001-204-411-8556x5761,M,1990-07-19,2021-08-28,OH,Whitestad,silver,In-Store,N,Walk-in
CUST000036,Marissa,Phillips,marissa.phillips850@outlook.com,9849271094,F,1965-12-08,2022-06-07,NY,West Brandon,BRONZE,Online,Y,Influencer
CUST004660,Melissa,Reed,melissa.reed674@hotmail.com,866-852-2897x5339,M,1965-01-09,2024-03-17,MA,Lake Jamiemouth,Platinum,In-Store,yes,Influencer
CUST000768,Rachel,Mckee,rachel.mckee792@outlook.com,826.803.2145x057,F,1958-05-19,2022-12-30,GA,Watsonborough,bronze,Mobile App,yes,Email Campaign
CUST003422,Isaac,Hall,isaac.hall232@outlook.com,001-791-378-3563x64058,Other,1954-03-07,2024-12-07,TN,Thomastown,Bronze,Online,Y,Walk-in
CUST002390,Paul,Schultz,,,Other,,2025-06-16,TN,West Justin,gold,In-Store,,
CUST002333,Richard,Shannon,richard.shannon888@hotmail.com,,Other,2004-06-16,2025-11-01,California,Jaredtown,Bronze,In-Store,,
CUST000850,  Anthony ,Perez,anthony.perez982@hotmail.com,+1-566-817-7067,M,1993-03-12,2026-04-05,NJ,South Kristenshire,silver,In-Store,N,Friend Referral
CUST002377,Jessica,Reed,jessica.reed828@hotmail.com,(906)364-8782x648,M,1963-11-27,2023-01-30,TN,Shelleyside,Gold,Online,0,
CUST004157,Angelica,Burgess,angelica.burgess137@yahoo.com,469.541.3008x7106,Other,2007-12-07,09/15/2022,NY,Diazside,Bronze,Mobile App,Y,
CUST003637,James,Henry,james.henry253@hotmail.com,,F,1945-05-26,04/28/2025,Pennsylvania,North Kurt,Silver,Mobile App,,
CUST003643,Sandra,Simon,sandra.simon768@yahoo.com,(928)604-3691,F,1950-11-08,2023-04-01,Michigan,Jenniferfort,BRONZE,Online,no,Friend Referral
CUST004307,Dawn,Hill,dawn.hill422@outlook.com,931.632.8515x529,M,1970-10-05,2023-12-20,FL,Port Wendystad,Bronze,Online,Y,Walk-in
CUST001185,Jesse,Smith,jesse.smith675@outlook.com,287.803.6860x5063,M,1993-02-08,2021-02-06,NC,Allenstad,Gold,Mobile App,no,Walk-in
CUST000601,Sarah,Mendez,sarah.mendez298@yahoo.com,(587)867-5481,M,1950-09-16,2023-06-10,Wisconsin,West Christianton,Bronze,In-Store,no,Search Engine
CUST000044,Lance,Smith,lance.smith445@outlook.com,448.346.7737x8263,F,1969-03-27,2021-12-24,Texas,South Staceyberg,SILVER,Mobile App,yes,Search Engine
CUST001816,Anthony,Elliott,anthony.elliott607@gmail.com,660-532-5039,Other,1968-06-22,2021-06-19,Michigan,Lake Thomasborough,Silver,Online,0,Social Media
CUST005053,Bryan,Perez,bryan.perez165@yahoo.com,949.983.4134x57081,M,1965-07-01,04/30/2026,Texas,Gonzalezville,silver,Mobile App,Y,Search Engine
CUST005724,Nicholas,Koch,nicholas.koch649@yahoo.com,696.999.1791x6469,F,1999-05-07,2022-10-24,Ohio,East Madison,BRONZE,In-Store,no,Search Engine
CUST003145,Alejandro,Stark,alejandro.stark259@outlook.com,(816)958-0872,Other,2007-04-07,2024-02-03,MARYLAND,Millerborough,BRONZE,In-Store,Y,Walk-in
CUST003326,Richard,Anderson,richard.anderson333@gmail.com,001-764-267-4456x322,M,1941-01-21,2024-12-31,ma,New Matthewberg,BRONZE,In-Store,Y,TV Ad
CUST000247,Malik,Hernandez,malik.hernandez368@outlook.com,001-903-212-0735x6475,M,2008-07-21,2020-10-20,MA,West Josephmouth,bronze,Online,no,
CUST005715,Linda,Ross,linda.ross99@outlook.com,378.532.6970x36758,F,1995-10-21,2021-07-20,Illinois,New Ashley,Gold,Mobile App,no,Walk-in
CUST004690,Justin,Chandler,justin.chandler120@yahoo.com,+1-531-909-3888x2956,F,1990-07-11,2024-11-18,va,Woodtown,BRONZE,Online,no,Search Engine
CUST003069,Juan,Baker,juan.baker841@outlook.com,(916)608-3402,Other,1961-01-23,2021-11-02,IL,Henrymouth,bronze,In-Store,Y,TV Ad
CUST001281,Mary,Hart,mary.hart208@gmail.com,433.529.5945,Other,1967-03-12,2021-08-13,MO,West Shannon,Silver,Online,N,Influencer
CUST004117,John,Ryan,john.ryan290@yahoo.com,(273)648-1539x1221,Other,1969-05-12,05/30/2022,NEW YORK,Simmonshaven,bronze,Mobile App,0,
CUST000461,Kimberly,Hancock,kimberly.hancock138@outlook.com,911-678-3099,M,1986-03-13,2022-04-11,nc,Richardsonville,GOLD,Mobile App,no,TV Ad
CUST002609,Jenna,Ingram,jenna.ingram632@outlook.com,813.903.7097x184,M,1991-04-17,2025-11-13,California,Billland,bronze,Online,Y,Email Campaign
CUST002183,Deanna,Nichols,deanna.nichols229@gmail.com,764.636.5314,M,1997-08-30,2023-12-23,OH,Priceport,bronze,In-Store,,Email Campaign
CUST001293,Tara,Fischer,tara.fischer123@gmail.com,+1-276-859-1538x20114,F,1978-02-24,2022-03-05,az,Hopkinsborough,bronze,Online,Y,TV Ad
CUST003599,Lisa,Cook,lisa.cook154@gmail.com,+1-779-583-2323x67709,F,1995-06-25,09/08/2020,Texas,East Julie,silver,Online,N,TV Ad
CUST000743,Melissa,Williams,melissa.williams111@gmail.com,973.506.2604x2359,F,1982-10-02,2023-02-27,IL,Port Chase,BRONZE,Online,N,Friend Referral
CUST004943,Sarah,Duncan,,,M,,2022-07-28,Wisconsin,,bronze,Mobile App,,
CUST005924,Linda,Harmon,linda.harmon915@yahoo.com,676-697-0339,M,1985-09-05,2022-11-30,MD,East Andrewfort,BRONZE,Mobile App,Y,
CUST005772,Mark,Hodge,mark.hodge974@outlook.com,549.453.8760,Other,1993-01-02,03/09/2024,WI,New Elizabeth,BRONZE,Online,N,Friend Referral
CUST005981,Christina,Johnson,christina.johnson982@hotmail.com,580.557.9411,F,1997-06-27,2024-09-02,Wisconsin,Stevenstad,Silver,In-Store,no,
CUST002425,Kimberly,Madden,kimberly.madden106@yahoo.com,+1-509-527-6736x086,Other,2000-03-26,2020-10-15,Washington,Aaronbury,silver,Mobile App,yes,Search Engine
CUST005238,Gene,Murray,gene.murray478@hotmail.com,001-876-528-3796x756,M,1972-05-10,2021-02-04,IL,Brownmouth,Bronze,Mobile App,Y,TV Ad
CUST003626,Misty,Lawrence,misty.lawrence483@hotmail.com,253-439-6259x9917,Other,1942-07-10,2023-05-28,Massachusetts,South Shawn,BRONZE,Mobile App,Y,Email Campaign
CUST005682,Benjamin,Johnson,benjamin.johnson858@outlook.com,535-749-7599,F,1994-06-24,2025-12-27,CA,Angelicaburgh,BRONZE,In-Store,,Influencer
CUST003535,Tony,Gray,tony.gray136@yahoo.com,+1-373-626-4266x7730,M,2004-06-25,2021-10-14,NC,South Ronald,silver,In-Store,Y,Email Campaign
CUST002259,Christina,Miller,christina.miller445@gmail.com,(504)750-9806,Other,1989-12-28,2025-06-03,Indiana,South Tylerfort,gold,In-Store,N,
CUST005840,Alexis,Rodriguez,,,M,,2025-08-16,IL,,bronze,Mobile App,,
CUST003228,Paul,Briggs,paul.briggs688@gmail.com,,M,1978-10-09,11/24/2025,Indiana,Robinchester,bronze,Online,,
CUST000895,Robert,Reyes,robert.reyes252@yahoo.com,694.333.2562x3899,M,1947-08-24,2021-12-06,nj,Stephaniefort,Bronze,Online,1,Search Engine
CUST002914,Nancy,Wagner,nancy.wagner83@outlook.com,001-328-854-4305x23614,F,1977-08-31,2021-03-30,California,Chenmouth,Silver,Online,Y,
CUST005340,Lydia,Lawrence,lydia.lawrence976@hotmail.com,+1-598-585-5059x206,M,1989-06-20,04/24/2025,Washington,Jacobhaven,Silver,Online,Y,
CUST001132,Anthony,Duncan,anthony.duncan176@outlook.com,303-621-1535x505,M,1951-10-05,12/28/2024,Florida,Leslieberg,Silver,Online,Y,
CUST003732,Thomas,Good,thomas.good251@gmail.com,508.971.6508x170,Other,2006-12-07,02/01/2021,NJ,West David,GOLD,In-Store,0,Walk-in
CUST004108,Bruce,Jenkins,bruce.jenkins91@outlook.com,(601)922-1258,F,1959-03-24,2025-02-05,Pennsylvania,Port Michelleton,Bronze,Mobile App,Y,Walk-in
CUST002717,Jennifer,Bishop,jennifer.bishop101@outlook.com,001-351-543-1641x199,M,1984-03-23,2023-05-05,IL,Scotttown,Gold,Mobile App,Y,Influencer
CUST003254,Elizabeth,Banks,elizabeth.banks547@hotmail.com,,F,1999-05-25,2023-10-31,New York,Wardburgh,SILVER,Online,,
CUST002431,Angela,Ramos,angela.ramos556@hotmail.com,953-247-4392,M,1965-11-17,2022-12-23,California,Melissamouth,SILVER,In-Store,,
CUST000400,Stephanie,Gregory,stephanie.gregory899@outlook.com,561-952-6546x1033,F,1944-10-19,2026-04-08,Georgia,North Jennifer,Bronze,Online,yes,Influencer
CUST004625,Lisa,White,lisa.white431@outlook.com,+1-750-737-5233,M,1964-10-10,2023-04-08,md,New Mia,Bronze,In-Store,N,Friend Referral
CUST003868,James,Reyes,james.reyes786@yahoo.com,400.615.9038,F,1992-03-07,03/17/2023,MI,Danielshire,SILVER,Mobile App,N,TV Ad
CUST005544,Melinda,Ford,melinda.ford168@yahoo.com,362.812.2866x516,F,1981-10-23,2023-10-27,GA,Katherineport,bronze,In-Store,0,Friend Referral
CUST001576,Joseph,Murray,joseph.murray985@hotmail.com,397-844-2526x94204,M,1989-03-04,2024-07-14,MO,Daniellechester,BRONZE,Mobile App,Y,TV Ad
CUST000778,Dennis,Terrell,dennis.terrell703@hotmail.com,2245510910,Other,1966-05-08,2024-08-30,il,Elizabethland,GOLD,In-Store,no,
CUST001903,Samuel,Bell,samuel.bell862@gmail.com,001-831-560-0402x7289,M,1941-04-21,2021-04-19,Georgia,West Aaron,BRONZE,Online,no,Walk-in
CUST004931,Carlos,Conrad,carlos.conrad60@yahoo.com,+1-293-946-4905x752,Other,2007-03-09,2023-07-02,GEORGIA,Robertfurt,Platinum,Mobile App,no,Search Engine
CUST000671,Wendy,Mckenzie,wendy.mckenzie776@hotmail.com,7918919113,F,1974-10-29,03/15/2024,Florida,Obrienfurt,BRONZE,Mobile App,,Friend Referral
CUST001779,James,Hernandez,james.hernandez622@yahoo.com,423-415-6823x42840,M,1948-08-19,06/25/2024,PENNSYLVANIA,North Jameshaven,BRONZE,Mobile App,1,TV Ad
CUST000628,Andrea,Bell,andrea.bell652@gmail.com,+1-415-488-8636x7747,M,1955-12-02,2025-11-30,MARYLAND,Luisstad,gold,In-Store,Y,
CUST001165,Sheila,Ross,sheila.ross361@gmail.com,(667)999-8649x1259,M,1951-05-03,2021-10-28,Michigan,East Ronnie,Bronze,In-Store,0,Influencer
CUST000823,Katherine,Anderson,katherine.anderson117@yahoo.com,001-841-570-6462x55402,F,1991-03-26,2025-08-04,New York,Lewisport,Bronze,Mobile App,no,Influencer
CUST000304,Stephanie,Reynolds,stephanie.reynolds879@yahoo.com,296-273-9385x258,M,2004-12-08,2025-09-01,California,Josephville,Bronze,In-Store,yes,Email Campaign
CUST003964,Gary,Ryan,gary.ryan882@outlook.com,(872)441-9541x5717,M,1976-06-15,02/22/2024,Arizona,Lindahaven,SILVER,Online,Y,TV Ad
CUST000978,Debra,Barrett,debra.barrett319@gmail.com,(821)242-5731,M,1943-11-14,2020-10-26,MD,South Melissa,Silver,Mobile App,yes,Walk-in
CUST000818,Travis,Kent,travis.kent356@hotmail.com,867-708-6700x90043,M,1946-01-14,2021-09-11,WISCONSIN,Walterton,Silver,In-Store,Y,Influencer
CUST004881,Edward,Dorsey,edward.dorsey346@yahoo.com,659-742-9689,Other,1987-04-19,2026-06-14,MASSACHUSETTS,Lake Daniel,BRONZE,Mobile App,0,TV Ad
CUST005521,Michelle,Olsen,michelle.olsen722@outlook.com,(599)380-3752x303,F,1953-04-26,2025-10-25,Texas,West Cristinaville,SILVER,Mobile App,,Email Campaign
CUST005990,Robert,Compton,,,F,,2024-08-18,Ohio,North Johnberg,silver,Online,,
CUST004906,Kelsey,Clark,kelsey.clark683@gmail.com,(787)983-4819,M,1978-09-26,2021-09-02,Wisconsin,Jessicaland,BRONZE,Mobile App,0,Search Engine
CUST002881,Joanna,Anderson,joanna.anderson282@yahoo.com,719-312-7761,M,2008-03-18,2021-09-05,VA,Samanthaside,Bronze,Online,no,Influencer
CUST001300,David,Montoya,david.montoya183@outlook.com,867.996.0828,F,1994-10-20,09/25/2025,WA,East Victoria,BRONZE,Online,yes,Email Campaign
CUST005917,Jeremy,Price,jeremy.price760@hotmail.com,301-572-6370x2731,Other,1962-09-17,10/31/2025,MD,New Johnnystad,Gold,In-Store,,
CUST004281,Willie,Fox,willie.fox72@gmail.com,8904933207,M,1998-08-30,2023-07-31,Georgia,Marshallland,bronze,In-Store,0,
CUST000754,Carl,Burnett,carl.burnett325@hotmail.com,840.767.9176,M,1958-07-06,2023-07-22,Maryland,Williamchester,SILVER,Online,N,
CUST002478,Jennifer,Bailey,jennifer.bailey606@yahoo.com,+1-613-761-7000,F,1986-06-11,2026-01-19,OH,West Brianland,Platinum,Mobile App,N,TV Ad
CUST001892,Diane,Morris,diane.morris292@gmail.com,+1-948-498-7358,F,1953-12-12,2021-07-16,Pennsylvania,Daisyburgh,gold,Mobile App,yes,Friend Referral
CUST003865,Jeffrey,White,jeffrey.white32@hotmail.com,001-482-623-5963x4726,Other,1956-03-25,2021-03-21,mo,New Dennis,platinum,In-Store,yes,Influencer
CUST000680,Stephanie,Jackson,stephanie.jackson334@yahoo.com,851-449-4097,F,1979-11-15,2023-12-05,GA,West Thomasberg,bronze,Mobile App,yes,Email Campaign
CUST005949,Matthew,Shannon,matthew.shannon941@gmail.com,669.289.5609x247,Other,2005-02-05,2021-12-02,MI,Lake Cynthia,silver,In-Store,yes,
CUST004842,Michael,Welch,michael.welch738@yahoo.com,269-617-2314,M,1981-10-18,2022-08-10,Indiana,Batesside,Silver,In-Store,yes,Friend Referral
CUST001066,Jacob,Anderson,jacob.anderson981@yahoo.com,423-219-0577,F,1950-01-01,2022-03-19,VA,North Sandra,Gold,Online,0,TV Ad
CUST000929,Ricky,Haas,ricky.haas622@gmail.com,262.205.4596x715,M,1962-10-28,2024-08-10,pa,North Adamtown,Bronze,Online,,Walk-in
CUST004189,Diana,Mccarty,diana.mccarty860@yahoo.com,7892188708,F,1980-05-12,2025-04-02,tn,New Sherry,SILVER,Mobile App,no,Social Media
CUST002365,Jamie,Zimmerman,jamie.zimmerman294@gmail.com,415-619-8070x272,F,1973-05-23,2026-03-04,California,Jacksonstad,silver,Mobile App,,TV Ad
CUST002811,Lauren,Smith,lauren.smith522@yahoo.com,(363)427-5027,Other,2000-08-28,2023-11-26,MD,Wesleyfort,BRONZE,Online,yes,Friend Referral
CUST000863,Cassie,Conley,cassie.conley996@yahoo.com,885.962.2586x60598,M,1993-09-19,09/17/2020,Wisconsin,Davidhaven,BRONZE,In-Store,1,Influencer
CUST004393,Charles,Boyer,charles.boyer662@outlook.com,+1-704-895-6603,F,1943-11-07,2026-04-10,PA,Duncanstad,bronze,Online,0,Walk-in
CUST000369,Jorge,Gordon,,,M,,2025-10-13,md,,bronze,Online,,
CUST004665,Rebecca,Johnson,rebecca.johnson852@hotmail.com,326-400-9103,M,1989-01-05,2026-05-19,California,Port Patriciaview,Bronze,Online,,Social Media
CUST002698,Mitchell,Martin,mitchell.martin712@hotmail.com,828.874.2565,M,1975-01-11,2026-01-13,IN,East Kyleborough,Bronze,Online,Y,
CUST004052,Steven,Compton,steven.compton17@yahoo.com,001-554-440-5546,M,1984-06-07,2024-10-05,Massachusetts,Annetteberg,bronze,Mobile App,1,
CUST000445,Jill,Allen,jill.allen658@yahoo.com,897-824-3992x011,F,1943-02-03,05/28/2025,Massachusetts,Lake Elizabethberg,platinum,Online,0,Walk-in
CUST003675,Tiffany,Bonilla,tiffany.bonilla504@hotmail.com,(233)889-1228x00237,Other,1998-01-14,2024-02-11,Florida,Ramirezfurt,bronze,In-Store,,Influencer
CUST002334,Alexander,Woods,alexander.woods437@hotmail.com,312-803-6729,M,1985-02-26,2024-01-06,Georgia,New Denisetown,Bronze,In-Store,Y,Email Campaign
CUST003478,Kari,Hayes,kari.hayes912@yahoo.com,674-534-2108,F,1941-07-22,2025-02-15,Massachusetts,Lake Danastad,SILVER,Online,yes,Social Media
CUST003829,Erika,Church,erika.church347@yahoo.com,619.767.6741x6606,F,1970-04-13,2024-01-16,TX,North Mariamouth,gold,Online,Y,Social Media
CUST002933,Melvin,Howard,melvin.howard953@yahoo.com,4487997442,Other,1961-10-23,2023-04-10,Texas,South Anthony,Bronze,In-Store,N,Influencer
CUST003969,James,Hanna,james.hanna703@outlook.com,948.561.5658,M,2006-09-19,2024-06-28,IN,Johnfurt,BRONZE,Mobile App,no,Friend Referral
CUST000438,William,Harmon,william.harmon762@outlook.com,836-539-1025x7432,F,1975-11-30,2024-10-10,Missouri,East Andrewville,BRONZE,In-Store,N,TV Ad
CUST001653,Crystal,Ramirez,crystal.ramirez781@yahoo.com,,M,1974-07-31,2023-03-07,North Carolina,Port Lisatown,BRONZE,Online,,
CUST004472,Douglas,Wilson,douglas.wilson74@yahoo.com,(573)890-4907x8243,F,1945-07-09,2026-06-07,Massachusetts,Brianfurt,Bronze,In-Store,1,Social Media
CUST005276,Ryan,Woodard,ryan.woodard996@outlook.com,338.535.2141x8047,Other,2006-02-11,2023-04-30,Georgia,Jasonview,Bronze,In-Store,no,Email Campaign
CUST000037,Scott,Lopez,scott.lopez575@gmail.com,(871)590-2294x1318,M,1944-04-09,2026-02-24,MO,Wilsonland,bronze,Mobile App,Y,Social Media
CUST001811,Amanda,Moore,amanda.moore797@outlook.com,599-740-2323x585,Other,1977-10-09,2024-11-11,Wisconsin,Brianville,bronze,Online,,Influencer
CUST001342,Rebecca,Drake,rebecca.drake551@yahoo.com,285.354.5146,M,1964-10-01,2024-09-12,Georgia,Tylerhaven,Bronze,Online,N,Walk-in
CUST003463,Jesse,Foster,jesse.foster881@hotmail.com,358.541.0341,F,1994-09-29,2024-06-23,Illinois,Matthewville,Bronze,Online,yes,Email Campaign
CUST005504,Jerry,Sanchez,jerry.sanchez201@hotmail.com,+1-856-508-8470x7117,M,1960-06-24,2026-06-05,MA,West Jacob,gold,Mobile App,Y,TV Ad
CUST004192,Brandon,Robinson,brandon.robinson339@yahoo.com,5077919492,F,1981-02-08,2022-01-28,tx,West Josephfurt,Platinum,Mobile App,Y,Walk-in
CUST005853,Gregory,Avery,gregory.avery230@yahoo.com,531-391-1769,F,1943-01-15,2021-12-01,AZ,South Bettystad,bronze,Online,0,Influencer
CUST000598,Steven,Mayer,steven.mayer125@outlook.com,905.762.2710x4331,F,2005-07-27,2024-11-11,MI,East Alice,BRONZE,In-Store,,Email Campaign
CUST003764,Sarah,Gonzalez,sarah.gonzalez839@yahoo.com,(867)332-6813,F,1974-02-26,2023-10-20,Massachusetts,Greenmouth,bronze,Online,Y,Email Campaign
CUST002229,Dalton,Johnston,dalton.johnston189@yahoo.com,,F,1960-08-19,2023-04-03,AZ,Nunezside,Bronze,Online,,
CUST000032,Daniel,Yu,daniel.yu219@outlook.com,549.987.7694x53147,Other,1985-03-02,2025-06-30,Florida,South Gregory,BRONZE,Mobile App,N,Email Campaign
CUST005807,Gary,Garcia,gary.garcia439@yahoo.com,001-699-424-6076x26327,M,1968-02-07,07/06/2023,Missouri,Port Davidtown,BRONZE,In-Store,1,Influencer
CUST004716,Angela,Wilson,angela.wilson467@gmail.com,553-888-4697x53847,F,1989-04-04,2021-08-21,NORTH CAROLINA,Jillianville,PLATINUM,Online,,Email Campaign
CUST000760,Michael,Hill,michael.hill219@hotmail.com,7938170695,Other,1990-09-20,2025-11-26,PA,Burkefort,bronze,In-Store,,Walk-in
CUST000422,Karen,Phillips,karen.phillips510@gmail.com,(677)366-5754x60273,M,1976-12-28,2022-01-05,New Jersey,South Williammouth,BRONZE,Online,Y,Social Media
CUST004350,Valerie,Mcclain,valerie.mcclain488@outlook.com,(971)956-3075x92579,Other,1990-03-21,2024-01-22,MA,Pottsfurt,Silver,Online,1,Friend Referral
CUST002631,Sara,Roberts,sara.roberts622@yahoo.com,9147996117,Other,1964-10-24,2022-05-23,Illinois,Edwardtown,bronze,In-Store,,Walk-in
CUST000114,Ricky,Evans,ricky.evans127@hotmail.com,001-627-508-6688x263,M,1953-07-19,2023-10-21,California,Port Jeremiah,bronze,In-Store,1,Walk-in
CUST005511,Todd,Kelley,todd.kelley782@hotmail.com,6227793467,F,1963-07-24,2022-07-03,FL,Millershire,bronze,In-Store,Y,Social Media
CUST000323,Evan,Stevens,evan.stevens691@gmail.com,001-862-657-0165x804,F,1980-08-07,2024-01-26,fl,Fordberg,bronze,Online,Y,Social Media
CUST005687,Katherine,Perez,katherine.perez9@gmail.com,(955)267-0709x161,F,1954-07-15,04/04/2022,MA,Loganfort,silver,In-Store,yes,
CUST003617,Christina,Maynard,christina.maynard606@hotmail.com,001-593-589-8333x3787,F,1953-11-27,2022-02-08,Michigan,Anthonystad,PLATINUM,Mobile App,no,Influencer
CUST005128,Madison,Mcdonald,madison.mcdonald927@hotmail.com,597-565-1901x7499,F,1980-08-30,2024-10-17,PA,Willieland,gold,Mobile App,Y,Social Media
CUST000561,Sarah,Johnson,sarah.johnson493@yahoo.com,+1-470-366-2668,M,1995-05-27,2021-10-25,IL,Flemingtown,silver,Online,N,Email Campaign
CUST002617,Tyler,Martinez,tyler.martinez187@yahoo.com,001-639-620-3186x767,M,1988-09-18,2021-10-21,California,East Allenland,silver,Online,N,TV Ad
CUST003197,Marcus,Diaz,marcus.diaz129@yahoo.com,+1-261-642-6624x43677,F,1965-06-13,2022-09-07,New York,Port Janemouth,GOLD,Mobile App,,
CUST003759,Robert,Horton,robert.horton312@gmail.com,(887)600-7110,F,1962-03-10,2024-03-20,IL,Lake Erictown,gold,In-Store,N,TV Ad
CUST005447,Francisco,Reyes,francisco.reyes1@hotmail.com,(444)365-8086,Other,1966-07-15,2022-08-03,Wisconsin,West Krystalville,SILVER,Mobile App,Y,Walk-in
CUST001131,Cory,Watson,cory.watson203@yahoo.com,952.586.4612x0961,M,1991-04-03,2021-06-02,nj,Wyattview,BRONZE,Mobile App,no,Social Media
CUST003846,Rebecca,Fisher,rebecca.fisher559@gmail.com,+1-576-585-6449x2559,M,1941-10-02,2023-07-07,OH,Thorntonton,Bronze,In-Store,no,Search Engine
CUST004199,Michael,Mclaughlin,michael.mclaughlin129@outlook.com,599.418.2440x428,M,1999-09-10,2022-04-11,California,East Katiefurt,silver,In-Store,Y,TV Ad
CUST003505,Nicole,Barnes,nicole.barnes666@gmail.com,(340)811-6280,F,1999-02-26,2025-01-05,North Carolina,East Karen,platinum,Online,,Email Campaign
CUST002535,Pamela,Arnold,pamela.arnold696@gmail.com,201-692-5531x755,Other,2002-08-25,2023-04-22,Pennsylvania,Vaughnfort,silver,Online,,
CUST001850,Todd,Lawrence,todd.lawrence47@gmail.com,(571)990-9520,M,1954-01-23,2023-06-23,ma,North Lisatown,PLATINUM,Mobile App,Y,Search Engine
CUST000567,Amber,Bailey,amber.bailey638@yahoo.com,001-993-805-9660x18648,Other,1942-06-30,2024-03-20,NC,Sandraview,silver,In-Store,Y,
CUST000230,Christopher,Hill,christopher.hill921@hotmail.com,6115848955,M,1968-08-20,2024-07-27,MD,Willishaven,GOLD,Mobile App,Y,Walk-in
CUST006004,Vanessa,Stout,VANESSA.STOUT374@GMAIL.COM,251-426-3700x79633,F,2002-05-15,2023-04-25,New York,Lisamouth,Bronze,Mobile App,Y,Search Engine
CUST004538,Mark,Davis,,,F,1972-09-06,2025-09-15,Georgia,Herringland,GOLD,Online,,
CUST005246,Beth,Fletcher,beth.fletcher303@hotmail.com,706-600-9621,F,1980-07-11,2022-05-27,pa,Fordborough,silver,Online,N,TV Ad
CUST002305,Joe,Warren,joe.warren431@outlook.com,001-208-518-7588x0414,F,1951-09-11,2024-05-03,OH,Chapmanfurt,Bronze,Mobile App,Y,
CUST002086,Anne,Carr,anne.carr331@outlook.com,(208)936-8168x214,M,1985-08-27,2021-09-29,WA,Schmidtchester,SILVER,Online,1,
CUST004118,James,Gaines,james.gaines725@yahoo.com,336-244-4694x421,M,1986-09-17,2023-01-02,Missouri,Robertton,silver,In-Store,no,Walk-in
CUST005709,Taylor,Mccullough,taylor.mccullough521@hotmail.com,+1-412-946-1570,F,2007-06-19,2022-07-30,TN,Josephview,silver,Mobile App,no,Influencer
CUST001947,Joseph,Simmons,joseph.simmons82@hotmail.com,001-458-886-8102x53129,Other,1979-02-27,2023-10-10,Illinois,Lake Donna,bronze,Mobile App,,
CUST005490,Cynthia,Mendoza,cynthia.mendoza971@outlook.com,001-518-786-7826x51505,M,1989-02-24,2025-03-25,nj,Sullivanton,Silver,In-Store,Y,Influencer
CUST000196,Elizabeth,Davidson,elizabeth.davidson134@outlook.com,877.821.7535x40838,F,1951-01-30,2025-06-26,VIRGINIA,North Dawnburgh,Silver,Mobile App,0,Email Campaign
CUST005635,Yolanda,Thompson,yolanda.thompson980@outlook.com,+1-911-797-9750,M,1957-11-09,2025-03-07,Georgia,Derekton,Silver,Mobile App,0,Walk-in
CUST005480,Maurice,Mitchell,maurice.mitchell545@yahoo.com,941-612-4788,M,1977-01-15,2023-04-28,FL,Lake Mark,BRONZE,In-Store,Y,Walk-in
CUST003615,Alexa,Matthews,alexa.matthews769@yahoo.com,757-912-8403x840,M,1957-09-01,2021-11-25,Florida,Kaylaborough,Bronze,Mobile App,Y,
CUST002820,Monica,Clark,monica.clark501@yahoo.com,365.378.6610x0005,M,1957-02-23,2022-08-04,MI,West Joshuafort,Gold,In-Store,0,
CUST001431,Zachary,Schneider,zachary.schneider902@outlook.com,(559)807-0554x9434,Other,1987-01-30,2023-06-11,Massachusetts,Wallacestad,Gold,Online,yes,Influencer
CUST002941,Daniel,Huynh,daniel.huynh47@outlook.com,481.998.7599x73229,Other,1980-08-28,2025-04-22,TX,Port Kimberlyside,Silver,In-Store,N,
CUST003541,Robert,David,robert.david391@yahoo.com,608-674-1550x7576,F,1948-02-04,2023-09-23,il,Bishopberg,BRONZE,Online,0,Walk-in
CUST002694,Brian,Foster,brian.foster657@hotmail.com,7599085576,F,1966-12-03,2022-11-11,Tennessee,Port Triciastad,gold,In-Store,yes,Email Campaign
CUST004908,Jason,Zimmerman,jason.zimmerman712@gmail.com,631-488-3365,Other,1952-07-13,2024-10-17,Massachusetts,Mathewsville,silver,Mobile App,yes,Social Media
CUST001051,Madison,Wu,madison.wu147@gmail.com,,M,1963-09-05,2024-10-21,Wisconsin,Karenberg,BRONZE,In-Store,,
CUST003264,Jacob,Larson,jacob.larson776@gmail.com,656-974-8637,M,1966-11-13,2025-07-04,ca,Nashberg,bronze,In-Store,,
CUST000650,Justin,Cook,justin.cook599@hotmail.com,(681)997-9316,F,1945-05-16,2021-02-10,Florida,New Kimberlyside,silver,In-Store,N,Email Campaign
CUST004202,Samantha,Mejia,,,M,1992-12-07,2023-05-26,Illinois,New Casey,SILVER,Online,,
CUST001998,Grace,Clark,grace.clark569@gmail.com,(570)325-4316,M,1979-01-07,2021-04-05,MO,Murrayberg,silver,Mobile App,no,Search Engine
CUST003132,Stacey,Burnett,stacey.burnett232@yahoo.com,467-599-7281x56130,M,1991-03-13,2025-04-19,Georgia,New Michelle,BRONZE,Mobile App,no,TV Ad
CUST004782,Christopher,Anderson,christopher.anderson270@yahoo.com,,Other,1976-09-30,2023-05-23,Washington,Morrismouth,Silver,Mobile App,,
CUST000076,Francis,Guerra,francis.guerra707@yahoo.com,(953)979-4738x34735,F,1994-08-26,2025-05-20,MISSOURI,Lake Samuel,bronze,In-Store,no,Influencer
CUST001813,Kristina,Carson,kristina.carson558@gmail.com,877.644.4964x9304,F,2004-07-08,2022-10-04,Washington,Janefort,Silver,Online,,
CUST001033,Joshua,Mckay,joshua.mckay49@yahoo.com,347.885.3698,M,1954-03-23,2024-03-19,Georgia,Danielmouth,Bronze,Mobile App,0,Email Campaign
CUST002789,Laurie,Stein,laurie.stein475@yahoo.com,(383)590-5370,F,1953-10-16,2021-08-17,TN,Floresshire,bronze,Mobile App,1,Social Media
CUST002070,Tara,Chung,tara.chung208@gmail.com,669-812-8150x1645,Other,2004-06-12,2021-04-09,ny,East Michaelaside,Bronze,Mobile App,,Social Media
CUST002674,Timothy,Jones,timothy.jones417@gmail.com,+1-593-599-6979x3393,F,1944-02-07,2022-02-27,ma,Nelsonmouth,BRONZE,In-Store,N,Email Campaign
CUST001270,Vanessa,Brock,vanessa.brock536@yahoo.com,(438)411-5223,M,1947-09-12,2021-06-18,wi,North Thomas,BRONZE,Mobile App,1,Walk-in
CUST003085,Deborah,Wright,deborah.wright794@outlook.com,(335)452-2094,F,1989-09-11,2022-06-19,Missouri,East William,silver,Mobile App,,
CUST002748,Lori,Gutierrez,lori.gutierrez85@hotmail.com,(645)843-6768x7967,F,1961-07-04,05/18/2023,ma,Lake Charles,BRONZE,Online,yes,Search Engine
CUST005736,Brittany,Roberson,brittany.roberson349@outlook.com,503.427.1843,F,2006-03-16,2023-11-10,az,Port Stanleyfurt,Silver,In-Store,,
CUST002496,Chad,Campbell,chad.campbell941@outlook.com,+1-671-617-8444x0027,M,1985-12-17,2023-07-26,Massachusetts,New Elizabethstad,BRONZE,Online,Y,Influencer
CUST003670,Joyce,Moore,joyce.moore481@yahoo.com,478-980-8352x62738,M,1997-06-15,2020-12-19,TN,West Belinda,Silver,Online,Y,Walk-in
CUST005913,Danielle,Haney,danielle.haney218@gmail.com,823.765.6754x30053,M,1991-12-06,2024-01-28,Texas,Isaiahbury,gold,In-Store,Y,Email Campaign
CUST003703,David,Graham,david.graham726@gmail.com,001-393-294-5227,M,1998-07-24,2024-04-08,Virginia,Zavalaview,bronze,Mobile App,no,Friend Referral
CUST005184,Emily,Reynolds,emily.reynolds278@yahoo.com,444.376.9619x016,M,1948-11-11,2025-05-28,CA,New Michaelfort,BRONZE,Online,N,Influencer
CUST000563,Morgan,Wright,morgan.wright672@gmail.com,559-934-2967x11148,M,1944-08-28,2021-01-01,New Jersey,Whiteton,Gold,In-Store,0,
CUST005086,Jennifer,Wall,jennifer.wall560@hotmail.com,001-877-627-0941,M,1965-04-09,2021-05-18,MA,East Jeremyhaven,gold,In-Store,no,Friend Referral
CUST002067,Kristina,Long,kristina.long613@gmail.com,455-681-7083x3514,F,1980-01-17,2023-01-08,CA,Taylorburgh,bronze,Mobile App,N,
CUST000458,Katherine,Myers,katherine.myers499@outlook.com,(612)459-0472x9277,F,1977-08-16,04/27/2022,OH,Lake Melissa,bronze,Mobile App,N,
CUST004469,Kari,Stewart,kari.stewart213@outlook.com,001-768-558-6433x114,M,1961-07-19,2022-03-04,il,East Nataliebury,platinum,Online,0,TV Ad
CUST000705,Casey,Taylor,casey.taylor589@yahoo.com,+1-635-541-5970x99625,F,1961-09-06,2022-12-18,TEXAS,North Victoria,BRONZE,In-Store,Y,Email Campaign
CUST002813,Deborah,Holloway,deborah.holloway214@gmail.com,435.362.3950,Other,1981-03-11,2024-04-14,TN,New Lorraineview,Gold,In-Store,Y,Friend Referral
CUST003528,George,Hunter,george.hunter213@outlook.com,813-907-3661,Other,1947-05-13,2025-07-29,Michigan,Hartland,Platinum,Online,N,
CUST001153,Felicia,Ramos,felicia.ramos698@gmail.com,001-307-439-9289,F,1969-03-05,11/14/2021,Georgia,Port Chadburgh,BRONZE,Online,no,Friend Referral
CUST003684,Randy,Stewart,randy.stewart191@gmail.com,361.200.4605,Other,1967-11-14,2025-10-20,Ohio,West Johnton,SILVER,In-Store,yes,Social Media
CUST006057,Crystal,Dixon,CRYSTAL.DIXON494@GMAIL.COM,906.207.8054x0712,Other,2001-05-24,02/27/2022,ARIZONA,Leonport,BRONZE,In-Store,Y,Search Engine
CUST002221,Michele,Johnson,michele.johnson984@hotmail.com,694-519-9645x962,M,1963-06-09,2024-03-07,California,West Michelleport,Gold,Online,Y,Social Media
CUST000115,Mark,Miller,mark.miller483@gmail.com,+1-599-501-3983x73540,F,1972-02-28,2022-10-31,FL,North Joseph,silver,In-Store,0,Email Campaign
CUST001439,Lee,Garcia,lee.garcia186@gmail.com,+1-889-267-6353x67355,M,2003-12-12,2021-07-31,California,Bethbury,SILVER,Mobile App,N,Influencer
CUST001704,Leslie,Perez,leslie.perez319@gmail.com,780-878-0538x338,F,1984-05-03,2022-08-11,Georgia,East Scottstad,gold,In-Store,,Influencer
CUST004286,Michelle,Allen,michelle.allen427@yahoo.com,(879)772-3842x8182,F,1966-03-02,2023-03-02,OH,Curryton,BRONZE,Mobile App,0,Walk-in
CUST001511,Benjamin,Ward,benjamin.ward972@gmail.com,714.887.8310x314,F,1940-10-08,2025-01-03,MI,Port Yvonnefurt,BRONZE,Online,Y,Walk-in
CUST003013,Timothy,Davidson,timothy.davidson18@yahoo.com,(613)783-4562x933,Other,1986-01-27,2022-04-07,North Carolina,South Michaelbury,Gold,In-Store,,
CUST004093,Crystal,Smith,crystal.smith903@yahoo.com,9835388806,M,1966-09-20,2020-11-17,MI,New Veronicamouth,Gold,In-Store,,
CUST004858,Richard,Hill,richard.hill106@gmail.com,(245)770-0246x29566,F,1965-11-21,2023-12-02,mo,South Christopherton,Silver,Online,N,Social Media
CUST004959,Peter,Evans,peter.evans318@hotmail.com,+1-548-865-3128x5527,Other,1955-10-09,2025-05-26,pa,Timothyfort,SILVER,In-Store,Y,Search Engine
CUST004571,Nicholas,Campbell,nicholas.campbell71@hotmail.com,001-728-403-9098x80253,F,1960-08-01,2024-03-23,FL,New Derekberg,Silver,In-Store,,
CUST001596,Patricia,Bird,patricia.bird970@gmail.com,+1-815-796-4673,M,1986-02-14,2022-05-19,IL,South Thomasside,BRONZE,In-Store,yes,Social Media
CUST004265,Lisa,Greene,lisa.greene748@gmail.com,+1-341-233-0815x11300,M,1947-05-05,2024-03-03,Georgia,South Paigestad,GOLD,Online,1,Search Engine
CUST005243,Brenda,Barnes,brenda.barnes787@hotmail.com,964-820-0090,M,1955-07-03,07/26/2021,GA,Danielberg,GOLD,In-Store,Y,Social Media
CUST001026,Amanda,Reynolds,amanda.reynolds130@yahoo.com,+1-338-796-3376,F,1998-04-05,2025-01-27,FL,Port Jeremy,Bronze,In-Store,N,Social Media
CUST001471,Nancy,Flores,nancy.flores533@gmail.com,544.520.3607x854,M,1992-06-15,2025-03-19,Maryland,Georgeshire,SILVER,In-Store,,Walk-in
CUST002615,David,Griffin,david.griffin440@gmail.com,744-696-5502x42182,M,1948-04-10,2025-11-25,PENNSYLVANIA,Smithberg,SILVER,In-Store,,Walk-in
CUST005329,Brittany,Leach,brittany.leach9@outlook.com,720.605.5085x69187,F,1979-10-16,2026-04-03,INDIANA,New Micheleside,Silver,Online,0,TV Ad
CUST002960,Elizabeth,Meyer,elizabeth.meyer684@gmail.com,680.266.2679,M,1980-02-14,2026-04-05,wa,Patriciachester,Bronze,Mobile App,0,Walk-in
CUST000343,Cory,Lane,cory.lane430@yahoo.com,001-880-813-8759x27125,F,1941-08-27,2021-12-08,North Carolina,West George,silver,Mobile App,N,
CUST002986,Paula,Hall,paula.hall616@outlook.com,(203)580-9541x852,M,1940-11-15,2022-03-09,MO,Scottfort,bronze,Mobile App,N,Social Media
CUST004308,Connie,Meyer,connie.meyer375@gmail.com,001-968-628-7808x970,M,1969-06-15,2023-05-26,MO,East Jamesborough,bronze,Mobile App,Y,TV Ad
CUST002008,Bradley,Larsen,bradley.larsen51@gmail.com,+1-212-268-1793,Other,1982-10-02,2026-04-21,CALIFORNIA,Johnport,Silver,Mobile App,0,Walk-in
CUST002160,Caleb,Hawkins,caleb.hawkins278@yahoo.com,631-919-5960x27693,M,2000-05-31,06/17/2026,Georgia,West Matthewland,bronze,Online,1,
CUST004653,Hannah,White,hannah.white858@outlook.com,(762)455-4831,F,1949-08-31,2023-07-19,Tennessee,Timothyburgh,BRONZE,Online,yes,Influencer
CUST001215,Ashley,Jimenez,ashley.jimenez350@hotmail.com,001-680-426-0294,Other,1985-06-01,2021-12-20,OH,Ericamouth,gold,In-Store,Y,Search Engine
CUST000887,Rodney,Buchanan,rodney.buchanan599@hotmail.com,(234)371-2476,F,1984-04-11,10/31/2022,Texas,Nathanchester,silver,In-Store,0,Influencer
CUST000656,Mary,Hamilton,mary.hamilton272@yahoo.com,404.950.2329x0282,F,2000-01-08,06/04/2022,NORTH CAROLINA,Lake Dawnfurt,BRONZE,Online,N,Walk-in
CUST001618,Antonio,Neal,antonio.neal488@hotmail.com,967.741.6371x20631,M,1969-06-17,2023-03-25,TN,Robertview,Bronze,Online,Y,Friend Referral
CUST002656,Jillian,Dixon,jillian.dixon870@yahoo.com,7313066646,M,1974-02-02,2024-08-27,Texas,Gonzalezberg,bronze,In-Store,N,Influencer
CUST002850,Jason,Lowery,jason.lowery189@hotmail.com,684-806-3929,M,1980-08-17,2024-07-25,PA,West Jessica,BRONZE,In-Store,,Social Media
CUST000161,Gary,Berry,gary.berry429@yahoo.com,(632)944-7209x993,F,1998-03-12,2022-12-21,WA,South Feliciaburgh,gold,Online,Y,Influencer
CUST002854,William,Pruitt,william.pruitt563@yahoo.com,391.977.6196x0791,M,2010-03-04,2024-04-18,Washington,Michaelchester,GOLD,Mobile App,,Social Media
CUST000516,Wesley,Shaffer,wesley.shaffer407@gmail.com,+1-861-237-1576,F,1987-06-01,2025-08-18,New York,East Kimberly,BRONZE,Online,,Social Media
CUST003216,  Oscar ,Logan,oscar.logan906@outlook.com,7859149667,M,2000-01-01,2026-05-27,WI,Gonzalezhaven,BRONZE,In-Store,0,Influencer
CUST002663,Tina,Jones,tina.jones450@hotmail.com,5408024170,M,2001-08-01,2025-12-25,PA,New Katieshire,GOLD,In-Store,N,Influencer
CUST000205,Heather,Williams,heather.williams628@outlook.com,5435973598,Other,1967-05-21,2023-02-05,Illinois,Tammyton,bronze,In-Store,1,TV Ad
CUST006083,Seth,Martinez,SETH.MARTINEZ596@OUTLOOK.COM,877-648-5652,Other,1944-05-02,2022-10-21,New York,West Melissa,SILVER,In-Store,Y,Friend Referral
CUST002427,Bradley,Garrett,bradley.garrett723@gmail.com,(244)719-9412x43616,F,1953-10-02,2020-12-13,Texas,West Tonyastad,bronze,Mobile App,N,TV Ad
CUST001761,Paul,Lane,paul.lane68@yahoo.com,493-806-4691,F,1973-07-21,2021-05-25,Georgia,Duaneton,silver,In-Store,1,Friend Referral
CUST002684,Monica,Gray,monica.gray312@yahoo.com,9028702750,F,1987-12-03,01/27/2025,New Jersey,Sarahbury,SILVER,Mobile App,1,
CUST001435,Michelle,Herrera,michelle.herrera104@hotmail.com,(679)347-5816x602,F,2008-05-06,2022-09-16,Virginia,Port Kimberlyshire,BRONZE,In-Store,N,Walk-in
CUST002493,Joe,Robbins,joe.robbins765@outlook.com,861-966-9744,F,1950-05-11,2025-02-13,Pennsylvania,Port Kevinborough,gold,Online,Y,Influencer
CUST004292,Dana,Woods,dana.woods200@hotmail.com,+1-532-473-3299x9604,F,1957-11-17,2023-05-26,WI,Woodport,BRONZE,In-Store,1,
CUST002455,Linda,Garcia,linda.garcia344@yahoo.com,+1-515-861-6217,F,1965-03-29,2023-11-16,VA,South Kimberly,SILVER,In-Store,1,
CUST001059,Donna,Massey,donna.massey183@hotmail.com,(689)466-6053,F,2004-06-11,2023-06-02,TX,South Anthony,silver,Online,Y,Walk-in
CUST003648,Timothy,Adams,timothy.adams178@gmail.com,+1-523-228-5337x362,M,1961-01-13,2025-10-23,Michigan,Port Maryfort,BRONZE,Mobile App,no,Friend Referral
CUST000825,Jessica,Richardson,jessica.richardson986@gmail.com,727-590-5040x43333,F,1979-08-08,2023-08-04,MA,Port Toni,platinum,In-Store,N,Social Media
CUST004525,Carrie,Harris,,,F,,2021-04-20,mi,,silver,Mobile App,,
CUST006003,Jose,Clark,JOSE.CLARK99@HOTMAIL.COM,235.735.2265x493,M,2004-11-06,2022-12-02,MARYLAND,West Brendaview,gold,In-Store,N,Email Campaign
CUST002176,Cindy,Smith,cindy.smith187@hotmail.com,001-983-804-7027x8902,F,1960-06-17,2025-10-25,WI,Lake Mariamouth,bronze,In-Store,N,Friend Referral
CUST004212,  Gina ,Robinson,gina.robinson350@hotmail.com,3525261247,M,1992-02-17,01/21/2026,Pennsylvania,West Raychester,BRONZE,Mobile App,1,
CUST002984,Christopher,Walter,christopher.walter295@yahoo.com,483-907-6273x2553,M,1985-03-04,2020-12-27,GA,Webbton,GOLD,In-Store,,Social Media
CUST005564,Erik,Davis,erik.davis355@gmail.com,228-531-8704x50374,F,1997-12-06,2025-09-20,TX,Wareberg,Silver,In-Store,1,Friend Referral
CUST002220,Jenna,Schaefer,jenna.schaefer610@hotmail.com,(989)475-3115x2438,Other,1975-07-13,2024-08-09,Missouri,Hamptonburgh,bronze,Mobile App,N,TV Ad
CUST001313,Jennifer,Ramirez,jennifer.ramirez177@outlook.com,(877)771-9619x971,F,1954-03-21,2024-08-08,Illinois,Robinsonton,Bronze,Mobile App,N,Email Campaign
CUST003681,Angelica,Williams,angelica.williams194@gmail.com,674-272-6723,Other,1984-08-17,10/31/2020,TX,Randallberg,gold,In-Store,,Email Campaign
CUST003304,Julia,Martinez,julia.martinez335@gmail.com,511-218-9098,M,1955-06-20,2025-09-24,OH,Lake Sandra,bronze,Mobile App,0,TV Ad
CUST000131,Kayla,Sandoval,kayla.sandoval601@outlook.com,001-956-710-1438x88993,F,1965-07-11,2024-06-09,IL,New Tonyafurt,SILVER,In-Store,0,Walk-in
CUST004128,Dorothy,Willis,dorothy.willis907@gmail.com,+1-390-507-8281x604,F,1970-11-06,2026-03-06,Michigan,Jenkinschester,bronze,In-Store,N,TV Ad
CUST003474,Jeremy,Anderson,jeremy.anderson931@yahoo.com,348-831-7493x6016,M,1995-02-03,2025-12-20,TN,Benjaminview,SILVER,In-Store,N,
CUST001420,  Samuel ,Hicks,samuel.hicks233@hotmail.com,667.780.9645x8374,F,1964-09-03,2023-10-15,Missouri,Erinchester,Gold,Online,,Influencer
CUST001102,Matthew,Morgan,matthew.morgan373@gmail.com,878.207.2790x37161,Other,1952-04-09,2021-05-14,California,Livingstonside,BRONZE,In-Store,,Search Engine
CUST005279,Brandon,Gallagher,brandon.gallagher919@outlook.com,253.281.2438x31141,M,1975-10-05,2025-02-09,Washington,New Danielleland,Platinum,Mobile App,no,Friend Referral
CUST005673,Thomas,Mitchell,thomas.mitchell917@gmail.com,330.885.8243x055,M,1977-07-02,03/24/2023,New York,Lake Anthonyfort,gold,Online,,
CUST004043,Alan,Moore,alan.moore119@gmail.com,(595)412-7057x02730,M,1990-04-20,2023-03-15,MI,Hansenside,silver,Online,Y,
CUST004448,Michael,Benson,michael.benson223@hotmail.com,+1-805-902-5381x2044,M,1944-10-24,11/16/2023,Washington,North Erikville,Bronze,Mobile App,Y,Influencer
CUST003309,Christopher,Ford,christopher.ford145@gmail.com,+1-291-559-6586x6814,F,1978-07-15,2023-11-16,AZ,Port Richard,Gold,Online,yes,Walk-in
CUST002702,Samantha,Perry,samantha.perry859@yahoo.com,755-236-3776x6599,M,1950-07-31,2022-12-22,NJ,Herrerastad,silver,In-Store,Y,Walk-in
CUST000767,Darrell,Strong,darrell.strong753@gmail.com,462.279.2463,M,1967-06-16,2022-06-01,Georgia,West Tonytown,silver,Mobile App,,Influencer
CUST004237,Wendy,Kane,wendy.kane528@outlook.com,4983392228,M,1982-08-25,2020-12-18,MI,Port Stevenbury,gold,In-Store,no,Influencer
CUST002155,Dennis,Rowe,dennis.rowe345@yahoo.com,(565)778-1496,F,1960-04-06,2025-04-02,PA,South Brian,Bronze,In-Store,,Friend Referral
CUST004332,Jacob,Watson,jacob.watson503@gmail.com,(604)462-9070x9501,F,1974-04-14,2021-12-25,Arizona,East Jasonland,BRONZE,Mobile App,0,
CUST001519,Kimberly,Johnson,kimberly.johnson633@gmail.com,001-904-999-9266x53619,F,1955-06-15,2022-01-13,nj,North Nancy,bronze,In-Store,no,TV Ad
CUST004297,Christopher,Glover,christopher.glover407@hotmail.com,,M,1944-11-07,2025-04-13,FL,New Christine,Silver,Mobile App,,
CUST000918,Jeremy,Reed,jeremy.reed176@outlook.com,(748)624-2183x854,F,1981-11-20,2022-12-02,VA,South Angelaburgh,GOLD,Online,yes,Friend Referral
CUST002816,Penny,Austin,penny.austin5@hotmail.com,(965)506-8885x7602,M,1947-08-26,2021-05-19,FLORIDA,Leeton,Gold,Online,,
CUST005569,Jonathon,Reid,jonathon.reid198@yahoo.com,001-697-287-2235x891,M,1953-06-06,2026-01-06,Georgia,Amandaton,bronze,In-Store,N,Social Media
CUST003705,Kelsey,Chavez,kelsey.chavez318@hotmail.com,+1-728-682-6310x96872,Other,1950-12-09,2023-11-02,MI,South Christopher,SILVER,Mobile App,N,Walk-in
CUST005482,Sarah,Clark,sarah.clark971@gmail.com,001-287-786-8953x5557,F,1995-04-29,2020-11-10,CA,Hawkinschester,Bronze,Mobile App,,Email Campaign
CUST002825,Becky,Miller,becky.miller712@yahoo.com,856.899.9060x418,M,1943-05-05,2021-07-31,Wisconsin,Martinfort,Bronze,Online,N,Influencer
CUST004193,Christine,Robbins,christine.robbins508@gmail.com,2493978055,M,1951-10-28,2021-09-14,New Jersey,Lake Latasha,silver,Mobile App,0,
CUST001773,James,Anderson,james.anderson336@hotmail.com,(241)775-6168,Other,1958-11-10,2025-02-10,TN,Lake Gregoryburgh,bronze,Online,yes,Social Media
CUST004366,Jessica,Richardson,jessica.richardson260@gmail.com,+1-997-333-5613x08524,F,1996-09-12,2022-01-30,Maryland,Garciahaven,SILVER,In-Store,no,Search Engine
CUST004091,Jonathan,Reed,jonathan.reed651@gmail.com,541-690-1280x2914,M,1961-08-24,2025-04-20,TEXAS,Lake Lisa,gold,Mobile App,yes,
CUST000257,Emily,Park,emily.park58@gmail.com,528-597-5585x56659,M,1970-07-28,2021-04-12,WA,New Richard,Silver,In-Store,no,Walk-in
CUST000804,Joseph,Castillo,joseph.castillo540@gmail.com,388.621.4584,M,1971-05-06,2021-06-13,ILLINOIS,Lake Todd,BRONZE,Mobile App,N,
CUST002386,Tami,White,tami.white266@hotmail.com,001-474-935-1492x863,M,1965-01-01,07/17/2025,Maryland,North Katieburgh,SILVER,Online,Y,
CUST000027,Caleb,Russell,caleb.russell304@yahoo.com,001-590-996-7054x66889,Other,1978-08-28,2023-02-03,Tennessee,Port Robert,platinum,In-Store,,Social Media
CUST000984,Dustin,Petty,dustin.petty485@outlook.com,001-480-419-4425x892,M,2008-03-01,2026-05-23,NJ,East Stephanie,GOLD,Mobile App,N,Influencer
CUST005616,Jason,Acosta,jason.acosta313@gmail.com,652-989-7618,F,1952-05-18,2023-07-31,Florida,West John,BRONZE,In-Store,N,Friend Referral
CUST001585,William,Stephenson,,,M,,2026-04-19,FL,,bronze,Mobile App,,
CUST003077,Jesse,Drake,jesse.drake493@gmail.com,+1-766-735-2736x007,F,1970-07-22,2025-01-02,md,Careybury,BRONZE,In-Store,1,
CUST003822,Teresa,Baker,teresa.baker574@gmail.com,001-603-982-6512,M,1970-11-25,2022-07-17,IL,North Cynthia,Gold,In-Store,N,Social Media
CUST002792,Michael,Oneill,michael.oneill748@hotmail.com,+1-456-945-1924,M,2006-02-23,2023-03-21,TN,Alyssamouth,Bronze,In-Store,yes,Email Campaign
CUST000246,Jeffrey,Miller,jeffrey.miller713@yahoo.com,963-512-2417x974,F,1984-06-12,2023-09-06,TENNESSEE,Justinside,Bronze,Mobile App,,TV Ad
CUST000551,Heidi,Rodriguez,heidi.rodriguez332@yahoo.com,(209)440-9705x2774,M,1969-11-09,2023-02-23,az,West Stephenshire,Silver,Mobile App,yes,Influencer
CUST005103,Cody,Owens,cody.owens353@outlook.com,+1-373-357-0007,M,1968-05-08,2020-10-12,Wisconsin,Port Kristen,GOLD,In-Store,,Social Media
CUST004435,Kathryn,Henry,kathryn.henry248@gmail.com,327.664.2336x93909,M,1996-01-23,2025-10-31,Tennessee,Zacharyview,GOLD,In-Store,N,Social Media
CUST003720,Maxwell,Bennett,maxwell.bennett630@yahoo.com,+1-447-465-2056,M,1971-09-27,2021-03-07,NY,Raventon,SILVER,Mobile App,no,Search Engine
CUST004923,Ashley,Rios,ashley.rios412@outlook.com,+1-661-698-4322x0325,Other,1975-11-05,2023-04-08,FL,Michelleshire,SILVER,Online,Y,
CUST005587,Joshua,Grimes,joshua.grimes603@gmail.com,342.231.5306,M,1946-10-02,2021-05-23,MI,New Darren,BRONZE,Online,0,Friend Referral
CUST003961,Brandon,Gomez,brandon.gomez495@gmail.com,001-709-772-7328,M,1969-02-24,2022-01-09,MASSACHUSETTS,North Mariefurt,bronze,In-Store,1,Search Engine
CUST000964,Rachel,Malone,rachel.malone490@hotmail.com,8053937775,F,1975-11-28,2023-02-08,CA,South Jonborough,Silver,Mobile App,Y,Social Media
CUST000607,Christopher,Ramos,christopher.ramos32@outlook.com,348-451-5791x9711,F,1959-12-18,2021-10-30,Illinois,Thompsontown,platinum,In-Store,,Friend Referral
CUST002642,  Michele ,Lynn,michele.lynn834@gmail.com,886.860.7025x076,M,1957-08-18,2023-03-13,ARIZONA,West Stephenstad,Bronze,Mobile App,Y,TV Ad
CUST002039,Heather,Mora,heather.mora35@gmail.com,(570)402-9331,F,1967-07-27,2025-02-16,Virginia,West Kellyside,BRONZE,Mobile App,Y,Social Media
CUST003762,Thomas,Moore,thomas.moore718@gmail.com,(667)882-3967x56765,F,1994-10-23,2022-06-30,Michigan,Lake Chris,bronze,Mobile App,1,Search Engine
CUST004317,Alexander,Shelton,alexander.shelton21@gmail.com,001-491-420-1116,F,1968-01-03,2024-02-25,NJ,Terryville,SILVER,Online,yes,Friend Referral
CUST005269,David,Weiss,david.weiss801@yahoo.com,+1-455-698-9834x370,F,1999-05-10,2022-07-16,IL,Anthonymouth,BRONZE,Online,yes,TV Ad
CUST001611,Kelly,Morris,kelly.morris609@yahoo.com,001-734-249-5607x14876,F,2001-05-08,2021-04-29,nc,Port Erik,BRONZE,Mobile App,N,Email Campaign
CUST004408,Susan,Mcgee,susan.mcgee134@hotmail.com,209-519-4122x9547,F,1966-08-21,2023-05-28,California,Huntberg,BRONZE,In-Store,yes,Friend Referral
CUST004489,Anna,Mcgee,anna.mcgee630@gmail.com,(343)324-0504,F,1989-01-25,2022-02-17,Washington,Port Heatherton,bronze,Online,no,TV Ad
CUST000505,Kristen,Morgan,kristen.morgan511@hotmail.com,239.491.2971,Other,1965-11-24,2025-08-27,New Jersey,Williamsfurt,bronze,Mobile App,0,TV Ad
CUST005271,John,Malone,john.malone798@outlook.com,958-512-8704,F,1972-11-16,2020-11-03,North Carolina,Smithton,silver,Mobile App,N,
CUST003084,Robert,Williams,robert.williams682@outlook.com,001-277-266-0022,F,1956-12-08,2024-10-31,Massachusetts,North Sandymouth,Bronze,Mobile App,,TV Ad
CUST002385,Jeremy,Crawford,jeremy.crawford516@outlook.com,(794)212-3459x232,F,1957-08-07,2025-09-19,ny,Port Abigailbury,silver,Online,Y,Walk-in
CUST005350,  Evelyn ,Brooks,evelyn.brooks931@yahoo.com,+1-952-230-5305x132,F,1998-10-06,2026-02-05,Virginia,Patrickburgh,SILVER,In-Store,no,Social Media
CUST004107,Bradley,Reed,bradley.reed366@outlook.com,727-216-4316,F,1947-03-22,2023-05-25,WI,New Gregory,SILVER,Mobile App,Y,
CUST003502,Michael,Mcgrath,michael.mcgrath425@outlook.com,599-788-3120x605,M,1974-06-30,2025-11-11,TEXAS,Sototown,bronze,Online,no,
CUST002709,Adam,Estes,adam.estes103@outlook.com,391-744-5337x520,M,1999-10-26,2021-03-07,NC,Williamsfurt,bronze,Online,,Influencer
CUST006082,James,Lang,JAMES.LANG652@GMAIL.COM,(968)929-3007x37038,M,1988-05-15,2022-03-19,md,Zunigafort,bronze,Online,,Email Campaign
CUST005942,Gregory,Chapman,gregory.chapman221@gmail.com,001-597-850-2910x6974,Other,1963-04-06,2025-06-16,PENNSYLVANIA,East Crystal,silver,Mobile App,1,Friend Referral
CUST000664,Angela,Ayers,angela.ayers198@gmail.com,732.530.3589x29880,M,2008-04-25,2026-04-30,Ohio,South Lori,silver,Mobile App,N,
CUST000936,Brian,Mann,brian.mann13@hotmail.com,485-245-7056,F,2010-05-17,2025-10-26,WA,Josephberg,Bronze,In-Store,N,Influencer
CUST001189,Willie,Martinez,willie.martinez868@gmail.com,934.245.6622x95217,Other,1941-10-25,2023-12-09,North Carolina,Baileystad,BRONZE,Mobile App,Y,Friend Referral
CUST003472,Melissa,Greene,melissa.greene145@outlook.com,+1-720-597-7663x10094,F,1997-03-23,2022-06-08,mo,Rhodesport,SILVER,Mobile App,1,TV Ad
CUST003517,Luis,Donovan,luis.donovan453@yahoo.com,(691)665-3979,F,1959-10-25,2024-02-20,New Jersey,East Yvettestad,BRONZE,Online,0,Influencer
CUST000537,Tyler,Jackson,tyler.jackson129@hotmail.com,(489)474-3251,M,1954-12-04,2024-05-19,MO,Jessicaville,bronze,In-Store,0,
CUST004727,Michelle,Martin,michelle.martin715@hotmail.com,958-648-9116x61734,M,1999-08-01,2023-11-15,FL,South Stephenview,SILVER,In-Store,yes,TV Ad
CUST000475,Pamela,Lopez,pamela.lopez746@outlook.com,826.417.0243x76545,Other,1965-06-29,2021-04-06,ca,Gonzalezhaven,Platinum,Mobile App,no,
CUST004640,Nathan,Hughes,nathan.hughes449@gmail.com,+1-283-809-8890x8155,F,1987-03-10,2025-02-12,PA,Danielleport,BRONZE,Mobile App,N,TV Ad
CUST001757,Melvin,Anthony,melvin.anthony247@hotmail.com,701.849.7268x2119,M,1987-06-17,09/09/2024,TX,Marshallfort,silver,In-Store,,
CUST001830,Tony,Hughes,tony.hughes556@hotmail.com,716-767-4078x8698,Other,1987-01-16,2026-01-30,GA,Port Audrey,platinum,In-Store,1,Influencer
CUST004225,Michelle,Smith,michelle.smith286@hotmail.com,729.869.3215x299,Other,2010-03-06,2024-09-28,VA,Jamesport,SILVER,In-Store,Y,
CUST004905,Michael,Martin,michael.martin488@yahoo.com,+1-220-360-4540x96823,M,1992-06-21,2021-11-26,Georgia,North Ashleyhaven,BRONZE,Online,,
CUST001469,Danny,Smith,danny.smith562@hotmail.com,202-487-4512,F,1954-04-21,2021-09-26,MASSACHUSETTS,South Adammouth,Gold,Mobile App,,Search Engine
CUST003377,Natalie,Meyer,natalie.meyer527@hotmail.com,001-639-439-8567x600,F,1998-10-09,2025-06-17,Tennessee,Port Jenniferstad,Silver,Online,0,Friend Referral
CUST002402,Vincent,Reilly,vincent.reilly560@gmail.com,(727)409-4014x4124,M,1953-01-14,2021-08-16,New York,Carolyntown,GOLD,Online,no,Social Media
CUST003054,Tina,Freeman,,,F,,2024-11-17,Maryland,,Bronze,In-Store,,
CUST000798,Crystal,Smith,crystal.smith276@gmail.com,+1-583-860-8493x78306,M,1955-12-19,2024-10-17,MA,Lake Susan,Bronze,In-Store,no,TV Ad
CUST004513,Stephen,Ellis,stephen.ellis302@yahoo.com,001-309-965-4592x54495,F,2001-10-07,2025-09-02,Arizona,Colemanchester,PLATINUM,Mobile App,no,
CUST003416,Eddie,Murphy,eddie.murphy324@outlook.com,407.438.8801,Other,1970-06-20,2020-11-28,TEXAS,New Danielleburgh,bronze,Online,,Influencer
CUST001906,Gene,Bush,gene.bush530@gmail.com,+1-976-937-9829x30557,Other,1999-09-09,2024-12-23,TX,Stephenmouth,gold,Online,0,
CUST000060,Gina,Henry,gina.henry929@hotmail.com,(649)998-5698,M,2004-05-09,2021-02-06,WI,West Charleneland,silver,In-Store,Y,Search Engine
CUST006054,Anna,Nelson,ANNA.NELSON34@YAHOO.COM,,F,1959-09-22,2025-09-02,Wisconsin,Garnershire,bronze,In-Store,,
CUST005550,Alec,Brown,alec.brown279@outlook.com,389-744-4553x19055,Other,1961-01-04,2020-12-17,Maryland,Loriberg,SILVER,Mobile App,Y,
CUST005363,Sarah,Monroe,sarah.monroe832@outlook.com,001-308-573-7116x174,Other,1970-12-29,2021-01-23,OH,Jenniferfort,silver,Online,no,TV Ad
CUST002276,Lisa,Perez,lisa.perez987@gmail.com,969.221.9105x071,F,2003-10-06,2022-05-11,TEXAS,Lake Ryanfort,bronze,Online,,Social Media
CUST004504,Christopher,Williams,christopher.williams416@gmail.com,(265)293-7350x1038,F,1993-03-19,2024-01-03,Texas,Sanchezland,bronze,Mobile App,N,Email Campaign
CUST002862,Amy,Alvarez,amy.alvarez418@yahoo.com,(283)405-6820,M,1960-05-25,2022-02-17,ga,South Dave,gold,Mobile App,,Social Media
CUST002057,Richard,Hernandez,richard.hernandez769@outlook.com,+1-941-456-7117x753,Other,1976-11-06,2022-09-07,TX,Youngmouth,GOLD,Online,,Email Campaign
CUST004707,James,Smith,james.smith621@hotmail.com,001-258-549-8755x281,F,1950-07-18,2023-09-08,TN,Lauramouth,Platinum,Mobile App,yes,Social Media
CUST003484,Shawn,Pierce,shawn.pierce204@outlook.com,204.233.0779,F,2002-10-15,05/15/2025,nc,East Jenniferton,gold,Mobile App,1,TV Ad
CUST000511,Christopher,Jones,christopher.jones666@yahoo.com,542.701.6542,Other,1969-01-11,05/30/2022,OH,Savagehaven,PLATINUM,In-Store,0,TV Ad
CUST001917,Todd,Bray,todd.bray177@gmail.com,765.276.4554,M,2005-11-25,07/30/2023,New York,Loganmouth,bronze,In-Store,,
CUST005642,Christina,Hutchinson,christina.hutchinson778@yahoo.com,+1-214-769-0233,M,1989-04-21,2023-03-19,WI,West Lisamouth,BRONZE,In-Store,N,Social Media
CUST003339,Nathaniel,Little,nathaniel.little539@outlook.com,001-279-316-7127x944,Other,1989-11-18,2020-12-21,New York,Nicholaschester,Platinum,Mobile App,1,Social Media
CUST000216,Kim,Tucker,kim.tucker54@gmail.com,+1-834-511-0809,Other,1948-04-17,2024-06-06,GA,Port Juanberg,bronze,In-Store,no,Search Engine
CUST003366,Devon,Rangel,devon.rangel903@outlook.com,933.238.5683x695,Other,1969-06-17,2025-07-05,New Jersey,Perezland,Silver,In-Store,yes,Social Media
CUST005033,Jared,Porter,jared.porter27@outlook.com,,M,1984-09-28,2023-06-20,pa,West David,silver,In-Store,,
CUST003269,Mary,Green,mary.green917@hotmail.com,5157811308,Other,1942-10-13,2021-06-22,OH,Castroburgh,GOLD,Mobile App,no,Social Media
CUST003565,Brooke,Garcia,brooke.garcia227@yahoo.com,001-874-553-7709x64225,F,1956-06-10,2024-07-31,NJ,Parrishfurt,Bronze,In-Store,,Walk-in
CUST004368,Ashley,Pham,ashley.pham496@outlook.com,,F,1993-03-21,2022-05-12,PA,West Jesse,gold,Mobile App,,
CUST004416,Robert,Stewart,robert.stewart798@gmail.com,554-796-9447x10792,M,1996-05-30,2024-01-19,Wisconsin,South Danielborough,GOLD,Mobile App,Y,TV Ad
CUST005001,Austin,Velasquez,austin.velasquez546@hotmail.com,200-401-2837,F,1967-04-22,2023-01-23,Arizona,South Loganville,gold,In-Store,Y,
CUST005332,  Daniel ,Potter,daniel.potter509@hotmail.com,+1-776-395-0087x2339,M,1968-09-28,09/10/2023,Maryland,East Margaret,Bronze,Online,1,Email Campaign
CUST001120,Wanda,Riggs,wanda.riggs615@gmail.com,371-806-8017x703,F,1996-04-21,2020-10-02,TENNESSEE,Jackfurt,bronze,Online,1,Search Engine
CUST004011,Carol,Fritz,carol.fritz477@outlook.com,+1-314-644-5032x3124,M,1990-06-28,2023-01-09,Ohio,Bernardshire,SILVER,Online,N,TV Ad
CUST002128,Lisa,Hatfield,lisa.hatfield291@hotmail.com,+1-690-735-5081x99684,Other,2004-02-18,2025-01-10,MA,New Michaelside,Bronze,Mobile App,Y,Friend Referral
CUST005745,Joy,Brown,joy.brown262@outlook.com,,F,1972-10-19,2021-06-07,Texas,Lake Eileenland,silver,Mobile App,,
CUST002418,Michael,Martinez,michael.martinez404@yahoo.com,(407)625-0845,M,1989-08-03,2023-07-26,mi,Mosleyburgh,Silver,Mobile App,Y,Social Media
CUST004645,Felicia,Wood,felicia.wood493@gmail.com,807.282.1176x4399,M,1977-03-15,2021-04-15,ga,North Kristinville,Bronze,In-Store,N,Influencer
CUST001152,Andrew,Anthony,andrew.anthony295@outlook.com,001-322-817-0486,M,1996-08-04,05/20/2024,Ohio,Port Emilyport,Silver,In-Store,Y,
CUST000406,Teresa,Bennett,teresa.bennett277@yahoo.com,903.704.5319x433,M,1982-10-07,2022-12-04,FL,North Stevenborough,Bronze,Mobile App,,Search Engine
CUST003358,Nathaniel,Griffin,nathaniel.griffin213@yahoo.com,+1-616-740-2261x2349,F,1945-12-09,2022-03-07,Pennsylvania,Jenkinsfort,bronze,Mobile App,Y,
CUST004397,Theresa,Garcia,theresa.garcia510@gmail.com,4604882479,Other,1979-12-26,2024-01-16,MA,Wrightview,Bronze,Mobile App,0,Walk-in
CUST000719,Tracy,Harrison,tracy.harrison929@yahoo.com,587-679-4176,F,1942-01-12,2023-08-25,Arizona,South Karenmouth,BRONZE,In-Store,no,
CUST003987,Teresa,Yang,teresa.yang15@yahoo.com,4038527517,Other,1993-01-06,2025-05-21,NEW YORK,Lake Benjaminborough,BRONZE,In-Store,0,TV Ad
CUST002799,Adam,Velasquez,adam.velasquez340@outlook.com,700.721.4980x08475,F,1951-10-24,2025-10-25,New York,North Jasonland,BRONZE,In-Store,0,Social Media
CUST004805,Benjamin,Ross,benjamin.ross812@outlook.com,001-475-922-3565x5151,M,1946-01-05,2022-08-21,Massachusetts,New Jason,BRONZE,In-Store,Y,Email Campaign
CUST000592,Alexis,Greer,alexis.greer984@yahoo.com,868-304-4731x49764,M,1983-01-06,2021-07-22,fl,Leeport,BRONZE,Mobile App,Y,
CUST000067,Keith,Wilson,keith.wilson309@gmail.com,988.351.6060,M,1975-06-29,2023-03-07,FL,South Amanda,gold,In-Store,Y,TV Ad
CUST003055,Paul,Hall,paul.hall331@outlook.com,(779)769-3920,M,2003-01-29,2022-04-17,NEW YORK,Travisshire,silver,In-Store,0,Friend Referral
CUST004662,Tiffany,Lucero,tiffany.lucero392@gmail.com,4837484036,M,1973-01-20,2026-04-11,CA,Port Markstad,Bronze,In-Store,Y,Walk-in
CUST002339,Allison,Mcclure,allison.mcclure8@outlook.com,+1-708-847-9801x170,Other,1952-03-11,2022-02-28,New York,North Brianburgh,silver,Mobile App,N,Influencer
CUST004797,James,Graham,james.graham107@outlook.com,816.594.4424x9879,Other,2002-01-31,2026-06-15,AZ,Kimberlyside,Bronze,In-Store,yes,
CUST001587,Janet,Haynes,janet.haynes262@hotmail.com,594-580-5316x02274,M,1957-06-22,2025-11-21,New Jersey,Johnsonchester,GOLD,Mobile App,,
CUST002035,Erin,Davis,erin.davis637@yahoo.com,619.562.7564,M,1983-05-02,2024-05-23,MICHIGAN,Lake Richard,platinum,In-Store,Y,Email Campaign
CUST002950,Jerry,Craig,jerry.craig796@yahoo.com,654-947-2787x924,F,1951-12-09,2026-05-03,MA,Deborahstad,Bronze,In-Store,yes,Walk-in
CUST000410,Frank,Collins,frank.collins104@outlook.com,001-754-531-7350,Other,1984-06-29,2021-03-27,NY,Reynoldstown,SILVER,Mobile App,1,Influencer
CUST001643,Austin,Patrick,austin.patrick212@gmail.com,323-540-3704x3333,M,1990-11-24,2025-06-21,il,North Amyshire,SILVER,In-Store,,
CUST004195,Michael,Shelton,michael.shelton688@gmail.com,475.858.4912,F,1961-03-22,2025-10-20,NEW YORK,South Mitchell,Platinum,In-Store,no,Email Campaign
CUST002268,Caleb,Phillips,caleb.phillips81@yahoo.com,(595)847-3564x27294,M,1981-04-22,2022-09-28,ILLINOIS,North Dustintown,silver,Online,yes,Email Campaign
CUST004470,Barbara,Thomas,barbara.thomas280@yahoo.com,895.240.6351,F,1988-08-31,2025-02-19,MD,Mendozahaven,gold,Mobile App,0,Friend Referral
CUST006006,Nathan,Fisher,NATHAN.FISHER86@YAHOO.COM,(431)587-9897x6330,M,1993-12-02,2022-10-25,ny,Victoriaport,Gold,Mobile App,Y,Search Engine
CUST003674,Donna,Sanchez,donna.sanchez615@yahoo.com,(435)846-9232x6624,Other,2009-09-20,2025-12-14,FLORIDA,New Jenniferside,bronze,Online,yes,Search Engine
CUST005292,Andrea,Lawson,andrea.lawson912@outlook.com,6252353965,Other,1999-03-19,2021-12-27,Ohio,Perezburgh,BRONZE,Mobile App,Y,Email Campaign
CUST004786,Kathleen,Patterson,kathleen.patterson934@gmail.com,659-609-7078x2481,F,1948-04-03,2025-09-10,AZ,Port Jimmyville,SILVER,Online,no,
CUST005467,Gary,Chambers,gary.chambers809@hotmail.com,001-333-391-2224x6271,M,1947-10-10,2023-06-30,TEXAS,South Tyler,silver,Online,no,TV Ad
CUST002650,George,Davis,george.davis74@outlook.com,8339460749,F,1992-05-04,2026-03-05,WA,Davidmouth,Gold,Mobile App,N,Influencer
CUST001343,Brenda,Nguyen,brenda.nguyen183@yahoo.com,937-606-2728x16733,M,1946-03-01,2024-07-18,FL,Mauricestad,gold,Mobile App,,
CUST003592,James,Mendez,james.mendez328@gmail.com,+1-239-922-6303,F,1952-07-04,2020-10-15,wa,Reginaton,bronze,In-Store,yes,Friend Referral
CUST004269,Stephanie,Kelly,stephanie.kelly970@gmail.com,(818)767-3372,M,1973-11-15,2023-04-19,AZ,Tranborough,bronze,Online,N,Walk-in
CUST005954,Derek,Lee,derek.lee138@gmail.com,793.880.6190x1552,M,1948-05-02,2021-02-18,ga,South Christie,SILVER,Mobile App,,Email Campaign
CUST000180,Susan,Wells,,,F,,2022-09-04,GA,,bronze,In-Store,,
CUST003371,Natasha,Day,,,M,1970-06-22,2022-02-07,Indiana,South Erikaland,Silver,In-Store,,
CUST002648,Tony,Burns,tony.burns648@outlook.com,713.552.7625,M,1946-02-11,2021-02-27,Florida,Santanashire,silver,Mobile App,N,
CUST004656,Jennifer,Burnett,jennifer.burnett22@gmail.com,2177992077,F,1968-12-02,2022-07-12,VIRGINIA,Davidland,silver,Mobile App,0,TV Ad
CUST001434,Michael,Diaz,michael.diaz751@outlook.com,474-516-8557x395,F,2008-01-04,2022-08-19,nc,Dalemouth,gold,Mobile App,,TV Ad
CUST003452,Roberto,Potter,roberto.potter515@outlook.com,706-237-0721,F,1982-10-24,2023-10-25,Georgia,Tracyhaven,Silver,In-Store,N,Walk-in
CUST003262,Michael,Stokes,michael.stokes678@outlook.com,548-772-9129x89673,M,2004-08-08,07/29/2025,Georgia,East Mckenzie,silver,Mobile App,yes,TV Ad
CUST001424,  Kristen ,Hood,kristen.hood651@yahoo.com,(442)928-4834,M,1946-09-08,2024-12-16,FL,Pearsonberg,gold,Online,Y,Walk-in
CUST005440,Laura,Kennedy,laura.kennedy970@outlook.com,531-255-0902,M,1993-03-29,2025-08-11,Missouri,East Heather,bronze,In-Store,Y,Friend Referral
CUST003435,Jessica,Wagner,jessica.wagner711@gmail.com,6694736587,M,2002-08-19,2025-03-30,MD,Taylortown,bronze,Mobile App,,
CUST001634,Christopher,Santos,christopher.santos464@yahoo.com,599.509.6660x2865,F,1994-08-21,2025-06-29,INDIANA,Port Gabriel,BRONZE,Online,1,Friend Referral
CUST005314,Anna,Lopez,anna.lopez505@yahoo.com,001-782-211-2178,M,2004-02-26,2023-10-24,nc,Bowersland,Bronze,Online,yes,Social Media
CUST004266,Sara,Cook,sara.cook2@yahoo.com,734-624-9415x613,F,1984-09-17,2024-12-02,Missouri,North Melissaview,bronze,Mobile App,N,Friend Referral
CUST001352,Michelle,Brown,michelle.brown740@gmail.com,+1-468-738-7890x3450,F,1959-11-13,2020-12-20,Pennsylvania,North David,Bronze,Mobile App,yes,
CUST002509,Alyssa,Diaz,alyssa.diaz749@gmail.com,648-806-3244x896,M,2008-03-24,2021-07-14,tx,Snyderton,Bronze,In-Store,Y,Email Campaign
CUST001840,Lee,Floyd,lee.floyd847@outlook.com,+1-904-848-4567x71541,M,1941-09-04,2024-09-27,Ohio,East Michelleberg,Bronze,Mobile App,Y,Influencer
CUST001331,Michael,Ford,michael.ford743@gmail.com,2119250186,Other,1944-02-28,2022-01-11,Florida,Port Donaldborough,bronze,Mobile App,1,Walk-in
CUST001959,Amy,Cooper,,,M,,2023-03-01,PA,,BRONZE,Online,,
CUST005406,Kathleen,Taylor,kathleen.taylor686@outlook.com,001-870-588-0404x50673,F,1958-10-03,2023-12-16,Tennessee,Davisbury,GOLD,Mobile App,,Email Campaign
CUST000315,Adrian,Howe,adrian.howe560@yahoo.com,001-423-924-8763x290,M,1990-02-23,2024-02-17,MD,Robertfort,Gold,Online,,
CUST003020,Melissa,Bradford,melissa.bradford319@gmail.com,+1-310-235-7431,M,1975-10-11,2024-06-02,FL,Lake Steve,silver,Online,Y,Social Media
CUST003450,Latoya,White,latoya.white63@gmail.com,001-975-732-9998x391,Other,1950-07-19,2024-04-10,NJ,Littlefurt,BRONZE,Online,1,Search Engine
CUST004121,Ashley,Horton,ashley.horton511@hotmail.com,280-254-1631x89275,F,2004-09-27,2022-08-23,NY,Blanchardbury,Bronze,In-Store,,Friend Referral
CUST003579,Jason,Anderson,jason.anderson135@yahoo.com,407-401-2008x40758,F,1982-10-25,2024-06-17,FL,Thomasberg,gold,Online,N,Email Campaign
CUST003722,Jessica,Stewart,,,Other,,2025-03-08,New York,,BRONZE,In-Store,,
CUST002022,Jason,Perez,jason.perez459@yahoo.com,777.427.7457x5021,M,1983-10-17,2021-06-14,TX,West Nicole,Silver,In-Store,1,Influencer
CUST005260,Mary,Kent,mary.kent402@hotmail.com,+1-645-902-1453x11597,M,1983-02-02,2024-10-10,TX,East Jeffreymouth,BRONZE,Online,N,Influencer
CUST001597,Norman,Smith,norman.smith109@hotmail.com,933.922.9124x8955,Other,2008-02-24,2022-04-18,VA,Juliechester,SILVER,Online,yes,Walk-in
CUST002906,Tanya,Cook,tanya.cook464@hotmail.com,001-862-772-4381x445,Other,1994-07-18,2024-05-14,NJ,North Terrance,bronze,Online,Y,Influencer
CUST002238,Christopher,Bailey,christopher.bailey653@gmail.com,,F,1979-10-06,2023-03-17,TX,Lake Kyle,bronze,Mobile App,,
CUST003237,Kevin,Dixon,kevin.dixon486@hotmail.com,(442)621-6453,M,1968-03-08,2024-01-28,New York,Reginaborough,silver,Mobile App,1,Influencer
CUST001588,Brian,Hood,brian.hood972@hotmail.com,+1-224-947-5631x1213,Other,2007-11-21,2021-09-12,wi,Joneschester,PLATINUM,Online,Y,
CUST005595,Michael,Henderson,michael.henderson791@hotmail.com,947-389-7127x7672,Other,1976-06-13,2022-03-14,MA,Oconnorborough,BRONZE,In-Store,1,Friend Referral
CUST000970,Paige,Cortez,paige.cortez497@hotmail.com,(305)783-3343x031,F,2008-01-16,2022-04-24,Massachusetts,Dicksonburgh,Silver,Mobile App,0,Walk-in
CUST004090,Carol,Norris,carol.norris926@yahoo.com,001-991-995-2098x46347,F,1975-02-01,2023-06-11,WASHINGTON,South Jessica,silver,Mobile App,yes,Friend Referral
CUST002807,Jeffery,Hall,jeffery.hall819@hotmail.com,830.458.5821x9645,Other,2005-11-22,2025-05-17,WA,Johnchester,bronze,Mobile App,no,Walk-in
CUST004820,Susan,Johnson,susan.johnson177@yahoo.com,243-705-9616,F,1948-07-14,2025-08-26,PA,West Meghanborough,silver,Mobile App,0,TV Ad
CUST001178,Brandon,Vasquez,brandon.vasquez125@outlook.com,001-445-341-8403x982,M,1973-10-08,2020-12-19,Washington,New Johntown,Bronze,In-Store,N,Influencer
CUST001254,Robert,Gomez,robert.gomez119@yahoo.com,+1-937-410-3073x7260,F,1956-05-25,2026-03-07,GA,North Philliphaven,SILVER,In-Store,N,TV Ad
CUST005607,Christine,Foster,,,M,1994-08-29,2025-05-28,FL,Maryfurt,silver,In-Store,,
CUST001709,James,Gonzalez,james.gonzalez591@yahoo.com,757.254.7893,F,1957-03-14,2025-07-13,in,Millerview,Silver,Online,Y,Walk-in
CUST005721,Tyler,Fuller,tyler.fuller312@outlook.com,922-810-6943,Other,1958-05-11,2022-11-15,OH,New Gary,Bronze,Online,Y,Social Media
CUST002436,Morgan,Weber,morgan.weber372@outlook.com,991.880.2384,M,2003-07-06,2025-08-14,MD,Krausestad,gold,Online,0,TV Ad
CUST004263,Dustin,Ray,,,F,1954-05-26,2020-11-12,Virginia,Petersenburgh,gold,In-Store,,
CUST001250,Gregory,Kennedy,gregory.kennedy204@gmail.com,(855)891-4762x5380,M,1956-12-01,2023-01-11,Tennessee,West Haleyfurt,platinum,Mobile App,N,Social Media
CUST000434,Chris,Gallagher,,,Other,1988-02-03,2021-07-26,AZ,Gregoryton,GOLD,Online,,
CUST005278,Jill,Miller,jill.miller528@hotmail.com,+1-476-718-5743x866,F,1958-06-07,2022-12-16,MI,Michelefort,silver,In-Store,,Social Media
CUST003201,Paul,Sanders,paul.sanders78@gmail.com,+1-674-441-1284,F,2002-04-18,2022-11-05,TN,Tiffanyfort,gold,Mobile App,0,Social Media
CUST001386,Gina,Cruz,gina.cruz576@gmail.com,,Other,1987-01-11,2022-03-11,MI,East Justin,BRONZE,In-Store,,
CUST005933,Daniel,Chapman,daniel.chapman282@hotmail.com,312.788.4964x0543,M,1950-12-09,2024-08-23,az,Watsonside,Bronze,Online,Y,Social Media
CUST001042,Aaron,Wright,aaron.wright4@yahoo.com,527.772.6488,Other,1949-08-13,2021-09-30,North Carolina,Port Carlosfort,silver,In-Store,Y,
CUST000689,Brandon,Turner,brandon.turner93@gmail.com,001-388-528-5031x7235,F,1953-11-07,04/14/2026,GA,Port Marciachester,SILVER,In-Store,Y,
CUST001780,Nicole,Mcdowell,nicole.mcdowell957@gmail.com,+1-232-902-5342x3867,M,2005-02-25,12/20/2022,New York,Woodsland,silver,In-Store,1,Friend Referral
CUST001047,Amy,Gonzalez,amy.gonzalez17@gmail.com,321-774-6535x37801,F,1960-08-22,11/26/2023,Pennsylvania,West Gabrielle,silver,In-Store,yes,Influencer
CUST005649,Holly,Vasquez,holly.vasquez910@gmail.com,448-544-2342,M,1990-04-25,2025-06-28,NC,Mollyside,Bronze,In-Store,,Email Campaign
CUST002972,Austin,Smith,austin.smith39@outlook.com,(866)661-7808,Other,1951-04-17,2023-10-19,Indiana,North Benjaminborough,bronze,Online,,
CUST004019,Amanda,Clark,amanda.clark622@outlook.com,379.847.3110x98204,M,1969-05-29,2021-04-03,Wisconsin,Parkberg,bronze,Online,1,Walk-in
CUST000262,  Emily ,Osborn,emily.osborn998@outlook.com,(625)317-9086,M,2008-08-24,2025-01-20,NY,East Ryanfurt,BRONZE,Mobile App,N,Search Engine
CUST000350,Kathryn,Carroll,kathryn.carroll629@yahoo.com,206.447.9695x45009,M,1975-01-05,2023-11-24,California,Alvarezburgh,GOLD,Online,Y,
CUST002765,Steven,Kemp,steven.kemp378@outlook.com,981-293-8347,M,1979-07-05,2022-04-09,NY,Huntmouth,PLATINUM,In-Store,Y,
CUST005603,James,Thomas,james.thomas701@gmail.com,374-293-8827x963,M,1994-03-21,2024-03-21,Washington,Port Jessica,BRONZE,Online,yes,Influencer
CUST000168,Julie,Young,julie.young648@yahoo.com,904.833.1541x006,M,2009-06-10,2021-08-25,WI,Port Jennamouth,SILVER,In-Store,yes,Social Media
CUST001151,Christina,Wise,christina.wise104@yahoo.com,001-959-806-7396x34289,Other,1972-04-28,2024-06-09,Washington,Murphyhaven,silver,Online,1,
CUST003157,Allison,Spears,allison.spears719@gmail.com,976.980.9007x79642,F,1945-10-10,12/30/2025,California,West Donaldbury,BRONZE,In-Store,1,TV Ad
CUST005265,Lindsey,Bauer,lindsey.bauer314@gmail.com,635.606.8974,F,1947-01-11,2021-01-24,NY,West Jeffrey,Gold,Mobile App,Y,Friend Referral
CUST003139,Christine,Hernandez,christine.hernandez760@hotmail.com,001-597-674-1442x0180,M,2001-01-13,2025-09-17,in,North Kaylastad,BRONZE,In-Store,yes,Friend Referral
CUST002387,Jaclyn,Moore,jaclyn.moore47@hotmail.com,5606763443,Other,1947-08-26,2022-03-02,in,East Alicialand,BRONZE,Mobile App,Y,Social Media
CUST004561,Nicholas,Mason,nicholas.mason385@gmail.com,481.758.1410x88265,M,1997-08-07,2021-09-11,Missouri,Jasonmouth,silver,Online,N,
CUST002588,Tammy,Stevens,tammy.stevens721@outlook.com,(718)394-5108,M,1965-08-15,2026-01-29,MARYLAND,South Sherry,PLATINUM,Mobile App,Y,Friend Referral
CUST004376,Jason,Shaffer,jason.shaffer865@gmail.com,001-273-364-1492x864,F,1992-01-11,2026-05-04,Tennessee,Greenmouth,Silver,Mobile App,1,Email Campaign
CUST003814,Alexis,Webb,alexis.webb663@gmail.com,351.549.0333,F,1988-12-11,2022-06-10,Missouri,Smithtown,silver,In-Store,no,
CUST005764,Rachel,Riggs,rachel.riggs479@yahoo.com,(439)300-0366x47468,F,1941-11-04,2025-11-22,MI,New Megan,bronze,Mobile App,no,TV Ad
CUST002294,Melinda,Hoffman,melinda.hoffman13@yahoo.com,7838624874,M,2010-05-07,2022-02-27,Ohio,Garciaburgh,SILVER,Online,Y,Social Media
CUST002800,Sean,Tucker,sean.tucker752@gmail.com,+1-513-721-8366x949,F,1960-12-25,2024-06-05,OHIO,New Henry,bronze,Mobile App,N,Social Media
CUST003492,Samantha,Griffin,samantha.griffin677@outlook.com,390.866.0363x40916,M,1961-12-31,2025-03-15,Maryland,Jenniferton,Gold,In-Store,1,Friend Referral
CUST000284,Jared,Jennings,jared.jennings443@hotmail.com,605-768-2996x291,M,1996-08-22,2025-11-03,PA,Carlberg,bronze,In-Store,N,
CUST002037,Paul,Brown,paul.brown556@outlook.com,713-453-7396,Other,1976-05-27,09/26/2025,Michigan,Port Kevinhaven,Silver,In-Store,N,TV Ad
CUST001404,Lisa,Mills,lisa.mills10@yahoo.com,(355)581-6759x2383,M,1990-02-01,2024-08-13,Georgia,East Teresaside,Silver,Online,,
CUST000517,Sheila,Casey,sheila.casey86@gmail.com,+1-830-560-0025x89552,M,1976-03-15,2022-03-25,IN,Kylechester,Bronze,Mobile App,N,Walk-in
CUST002065,Daryl,Gray,daryl.gray49@hotmail.com,+1-666-713-4047x5000,F,1977-04-14,2021-05-13,Arizona,North Matthewstad,Bronze,Mobile App,Y,Social Media
CUST005325,Gabriella,Chen,gabriella.chen709@gmail.com,,F,1969-04-29,2025-08-24,Indiana,Aaronbury,silver,Online,,
CUST004142,Rachel,Lang,rachel.lang614@outlook.com,+1-704-253-1002,Other,1965-06-24,03/15/2021,TN,Deborahtown,Gold,Mobile App,1,Walk-in
CUST000657,Kathryn,Brown,kathryn.brown788@hotmail.com,(462)228-2251,M,1996-11-03,2025-09-18,Florida,Nathanchester,bronze,In-Store,N,
CUST002477,Jason,Ruiz,jason.ruiz843@outlook.com,(694)285-3074x87813,M,1993-04-13,2021-07-26,CA,Tammyside,Silver,Online,yes,Influencer
CUST003807,John,Hobbs,john.hobbs502@gmail.com,(564)697-7070,M,1993-08-01,2024-02-02,Maryland,Nicholsonport,Gold,Mobile App,1,Email Campaign
CUST002537,Christopher,Anderson,christopher.anderson575@gmail.com,+1-803-985-5288x23132,Other,2006-01-14,2025-01-19,NC,Philipchester,BRONZE,In-Store,N,Friend Referral
CUST005947,  Pamela ,Harris,pamela.harris5@hotmail.com,001-576-672-0007x3272,M,2008-12-10,2026-03-23,Washington,North Jeffreytown,Silver,In-Store,yes,Walk-in
CUST001798,Jeffrey,Hill,jeffrey.hill919@gmail.com,517.334.1880x79640,M,1948-11-10,02/22/2022,Indiana,Jocelynchester,GOLD,Mobile App,Y,TV Ad
CUST002902,David,Robbins,david.robbins117@gmail.com,,M,1974-04-02,12/13/2021,AZ,West Jimmyside,bronze,Mobile App,,
CUST001065,Suzanne,Walker,suzanne.walker711@yahoo.com,,M,1957-01-21,2023-01-11,IN,Coleview,Silver,Online,,
CUST004249,James,Daniel,james.daniel554@outlook.com,+1-457-707-7949x12003,M,1967-01-06,2026-04-09,Massachusetts,South Sharonfurt,Bronze,Mobile App,N,Search Engine
CUST000963,Emily,Fitzgerald,emily.fitzgerald171@gmail.com,001-523-222-7752x135,Other,1992-02-10,2021-06-01,fl,North Joshua,BRONZE,Online,N,Influencer
CUST003913,Jennifer,Wood,jennifer.wood682@yahoo.com,3554704787,Other,1941-10-21,2023-06-11,Ohio,North Rachelchester,Silver,Mobile App,no,Walk-in
CUST001571,Debbie,David,debbie.david423@yahoo.com,416.964.7951,M,1943-01-02,2022-12-05,az,Danielstown,platinum,Mobile App,Y,Search Engine
CUST001192,Leslie,Brown,leslie.brown418@gmail.com,713-539-5479x4064,M,1977-07-14,2024-01-02,California,Davidview,bronze,Online,,
CUST003061,Lisa,Montoya,lisa.montoya755@outlook.com,(638)532-2704,M,1955-09-15,2025-12-24,Texas,Thompsonborough,silver,Mobile App,Y,Friend Referral
CUST004621,  Laurie ,Gray,laurie.gray358@hotmail.com,+1-640-860-0532x5897,F,1958-05-06,2025-07-09,WA,Port Mark,silver,In-Store,Y,
CUST004535,Tracy,Martinez,tracy.martinez820@yahoo.com,(362)539-2415,M,1970-12-17,2023-06-09,Texas,New Michaelfurt,PLATINUM,In-Store,N,TV Ad
CUST005896,Kristin,Moreno,kristin.moreno610@hotmail.com,001-935-220-0063x3388,F,1951-01-03,2022-02-24,pa,North Kelseyfort,gold,In-Store,N,Influencer
CUST001541,Jamie,Smith,jamie.smith639@outlook.com,(749)370-0844x5801,F,1966-11-04,2025-12-20,WA,North Perrychester,BRONZE,Online,no,
CUST003575,Earl,Little,earl.little483@hotmail.com,(665)928-1007,M,1982-10-02,2024-05-17,NEW YORK,East Tonya,bronze,Online,0,Walk-in
CUST003823,Jacob,Aguilar,jacob.aguilar368@hotmail.com,+1-351-713-9122x276,F,1969-01-19,2021-12-23,Illinois,Johnsonton,gold,Mobile App,Y,Email Campaign
CUST004971,Gerald,Pena,gerald.pena286@gmail.com,629.823.6579x891,Other,2005-05-06,2022-07-13,MA,New Arthur,BRONZE,Mobile App,yes,
CUST003902,Mario,Baker,mario.baker822@yahoo.com,8664448567,M,1993-01-08,2024-07-15,va,South Theresa,silver,In-Store,N,TV Ad
CUST004811,Kimberly,Alvarado,kimberly.alvarado52@hotmail.com,985.271.2122,Other,1971-01-20,2023-12-25,ARIZONA,West Ethan,gold,Mobile App,N,Influencer
CUST003510,Darren,Watson,darren.watson586@gmail.com,937.486.6557x1955,M,1943-03-21,2020-12-17,PA,Port Ashleyton,silver,In-Store,yes,Walk-in
CUST002515,Tracy,Brooks,tracy.brooks419@gmail.com,583.566.0798x33408,F,1974-08-05,2021-08-08,MA,Michellestad,PLATINUM,Online,0,
CUST005481,Barbara,Fox,barbara.fox226@gmail.com,241-811-5184,M,2007-09-25,2021-06-23,Maryland,South Allison,SILVER,In-Store,no,Search Engine
CUST005080,Julie,Ashley,julie.ashley259@gmail.com,001-836-765-4080x043,M,1949-01-05,2024-12-25,MARYLAND,Aguilarmouth,Gold,In-Store,N,Social Media
CUST002681,Melinda,Greene,melinda.greene680@gmail.com,800-872-8438x58009,M,1965-01-19,2025-02-16,California,Guerrerohaven,Gold,In-Store,N,Influencer
CUST003413,Andrew,Curtis,andrew.curtis49@hotmail.com,001-541-202-8296,M,1974-11-04,2024-04-04,MO,South Kimberly,BRONZE,In-Store,1,TV Ad
CUST001983,Terri,Brooks,terri.brooks883@hotmail.com,716.436.7817,M,1988-12-20,2023-03-07,tx,Staceyton,Silver,Online,1,Friend Referral
CUST000807,Noah,Weber,noah.weber17@gmail.com,+1-457-536-8011,Other,2002-12-29,2022-07-25,NY,Michaelbury,SILVER,Mobile App,Y,Friend Referral
CUST001269,Christopher,Trevino,christopher.trevino174@yahoo.com,(286)624-0871x0066,M,1986-06-13,2022-04-09,New York,North Valerie,GOLD,Online,N,Search Engine
CUST005460,Gary,Gutierrez,gary.gutierrez341@outlook.com,950-293-4882x71846,M,1941-05-15,06/24/2024,NJ,New Gary,platinum,Online,1,
CUST000756,Daniel,Davila,daniel.davila549@yahoo.com,+1-494-885-3208x953,M,1991-01-17,2022-04-30,ny,East Jeffrey,Bronze,Online,1,Walk-in
CUST003043,Madison,Hill,madison.hill132@yahoo.com,001-951-970-4204x7308,M,1980-02-24,2022-11-05,TX,New Kevinshire,Gold,In-Store,N,Search Engine
CUST001171,Matthew,Hall,matthew.hall478@hotmail.com,+1-448-296-2980x568,F,1980-08-04,2023-06-30,Massachusetts,Pattersonville,PLATINUM,Mobile App,Y,Social Media
CUST003361,Christopher,Nichols,christopher.nichols492@gmail.com,998-795-6911x0308,F,1978-09-10,12/01/2022,New Jersey,Carrollburgh,BRONZE,In-Store,Y,Social Media
CUST001889,Stephanie,Mccoy,stephanie.mccoy739@gmail.com,001-390-344-8138x8190,M,1946-12-11,2025-11-17,Texas,Mariamouth,bronze,Online,0,
CUST005671,Nancy,Fields,nancy.fields403@gmail.com,(945)268-4799x172,M,1977-11-22,2021-06-04,FL,New Melissaburgh,SILVER,Online,N,Friend Referral
CUST000566,Joseph,Chapman,joseph.chapman24@outlook.com,606.267.0336x2680,F,1961-09-14,2026-04-16,MI,West Melissafurt,bronze,In-Store,N,Email Campaign
CUST003647,Brittany,Walker,,,M,1982-09-24,2021-02-10,WA,New Michaelstad,Bronze,Online,,
CUST004965,Alexander,Ward,alexander.ward962@yahoo.com,688-968-9657x146,M,1999-11-05,2026-05-17,MO,Port Nicoleton,bronze,Mobile App,N,Walk-in
CUST001441,Renee,Collins,renee.collins716@outlook.com,+1-935-579-6714x80300,M,1975-02-24,2022-06-23,Texas,South Richard,Gold,In-Store,N,TV Ad
CUST001849,Carol,Brady,carol.brady908@yahoo.com,+1-747-362-9368x426,M,2010-03-13,2025-03-08,Pennsylvania,Andersonchester,GOLD,Online,,Search Engine
CUST001504,Shaun,Murphy,shaun.murphy321@outlook.com,740.356.7712,F,1968-12-20,2020-09-11,nj,East Benjamin,Bronze,Online,N,Influencer
CUST004534,Michelle,Paul,michelle.paul47@hotmail.com,001-254-620-8481x39519,Other,1990-11-04,2020-10-18,wi,Mcclainside,silver,In-Store,0,
CUST001777,Adam,Martinez,adam.martinez60@gmail.com,(809)884-4698,Other,1952-01-14,2024-10-22,Virginia,South Kevinton,Bronze,Online,N,Influencer
CUST006033,Anthony,Knox,ANTHONY.KNOX154@YAHOO.COM,+1-838-612-4014x766,F,1976-05-09,2023-11-04,TX,Stephenborough,GOLD,Mobile App,yes,Email Campaign
CUST004173,Michelle,Reese,michelle.reese826@yahoo.com,493.845.7649x47897,Other,1955-06-18,2024-07-25,New Jersey,Port Elizabethside,BRONZE,In-Store,,
CUST004439,Alyssa,Rollins,alyssa.rollins763@hotmail.com,(456)773-8564x88001,F,1988-06-21,2025-12-18,California,West Triciahaven,silver,Online,Y,TV Ad
CUST002513,Amanda,Merritt,amanda.merritt573@hotmail.com,001-332-426-7911x1785,F,1965-09-07,2021-03-05,WISCONSIN,South Lukefurt,bronze,In-Store,,Social Media
CUST003497,Kevin,Brewer,kevin.brewer736@gmail.com,(356)412-4662x5695,F,1941-03-02,2022-06-24,IN,Batesland,silver,Online,Y,Social Media
CUST003631,Denise,Lopez,denise.lopez442@yahoo.com,870-942-8485x013,F,1944-03-16,2021-06-19,MARYLAND,Lake Keithberg,Silver,In-Store,yes,Walk-in
CUST005195,Peter,Williams,peter.williams868@outlook.com,(891)459-5071,F,2007-03-03,2024-07-15,Massachusetts,South Jessica,Silver,Mobile App,N,Social Media
CUST005453,Aimee,Rodriguez,aimee.rodriguez451@hotmail.com,450-781-5341x30167,M,1947-08-28,2022-05-17,New Jersey,East Jeremy,gold,Online,,
CUST005386,Susan,Holt,susan.holt184@hotmail.com,290-872-8255x146,M,1964-03-10,2024-06-01,TN,Christopherborough,bronze,Online,yes,
CUST005802,Kathryn,Sandoval,kathryn.sandoval118@outlook.com,(680)475-4201,Other,1977-11-17,2024-12-11,in,Roystad,silver,Mobile App,N,Influencer
CUST002956,Michael,Lewis,michael.lewis773@outlook.com,001-419-267-9918x4519,F,1969-10-14,2025-11-09,ga,Alyssaport,bronze,Mobile App,1,
CUST001958,Erica,Avery,erica.avery134@yahoo.com,+1-599-501-8511x1567,Other,1976-12-13,2021-07-10,Wisconsin,Donaldchester,GOLD,Mobile App,1,Walk-in
CUST001604,Jennifer,Flores,jennifer.flores75@yahoo.com,001-494-373-0882x40353,M,1944-11-17,2021-11-11,INDIANA,South Crystal,BRONZE,Mobile App,0,Email Campaign
CUST005087,Bryan,Sanders,bryan.sanders196@gmail.com,(861)790-6283x600,M,1945-08-13,2022-10-17,TEXAS,Port Roger,Silver,Mobile App,,Search Engine
CUST001637,Travis,Torres,travis.torres798@hotmail.com,8749456572,F,1971-06-30,2023-01-21,PA,New Robert,SILVER,In-Store,Y,Friend Referral
CUST004658,David,Hernandez,david.hernandez928@outlook.com,(993)438-9472x6970,F,2010-03-19,2025-06-30,NEW YORK,Matthewshire,silver,In-Store,1,Friend Referral
CUST004933,Russell,Alvarez,russell.alvarez648@outlook.com,468.740.6972,M,1950-12-10,2022-08-25,TX,Edwardstown,GOLD,Mobile App,N,Search Engine
CUST002292,Debbie,Black,debbie.black508@outlook.com,001-369-782-3207x24861,M,1959-11-06,2024-01-02,Virginia,New Levi,Gold,Mobile App,1,Social Media
CUST004947,Tamara,Williams,tamara.williams449@hotmail.com,484.476.2362,F,1994-08-29,2022-10-13,CALIFORNIA,Milesstad,Bronze,Online,1,Social Media
CUST004443,Rebecca,White,,,F,,2020-10-19,Maryland,,bronze,In-Store,,
CUST004553,Casey,Diaz,casey.diaz820@yahoo.com,669-357-5552x6666,Other,2001-02-16,2025-09-21,TN,Angelatown,bronze,Online,Y,
CUST002310,Bridget,Ruiz,bridget.ruiz930@gmail.com,940-828-9443x88269,M,1963-09-01,2023-04-20,WASHINGTON,Port Davidport,SILVER,Mobile App,1,
CUST005868,Adam,Shelton,adam.shelton909@outlook.com,659.492.7114x7934,M,1981-11-24,2021-03-09,IN,South Nicole,gold,Online,1,Email Campaign
CUST002742,Angel,Gonzalez,angel.gonzalez949@yahoo.com,574-613-3115x196,F,2001-06-26,2022-08-19,IN,Johnstonchester,Bronze,In-Store,0,
CUST000678,Jacob,Stone,jacob.stone912@hotmail.com,465-353-5851x253,F,1968-08-25,2024-01-09,NJ,Francisstad,bronze,Online,Y,Friend Referral
CUST003056,Maria,Houston,maria.houston726@hotmail.com,(433)804-3494x815,Other,1996-09-23,2024-12-25,Tennessee,Smithview,Platinum,In-Store,N,Influencer
CUST001161,John,Wilson,john.wilson358@outlook.com,244-335-9624x587,M,1944-08-26,01/30/2025,NORTH CAROLINA,South James,BRONZE,Online,1,Influencer
CUST005906,Sarah,Hernandez,sarah.hernandez973@hotmail.com,447-868-6249,M,1997-02-25,2025-08-27,California,West Sydney,SILVER,Online,N,Walk-in
CUST002713,Jennifer,Werner,jennifer.werner253@outlook.com,001-364-245-0300x6045,F,1986-04-29,2020-10-22,WI,South Sarahport,Bronze,Mobile App,1,
CUST000401,William,Gordon,william.gordon298@hotmail.com,370-563-0489,F,2007-02-17,2022-03-29,Texas,Stevenchester,silver,Mobile App,,TV Ad
CUST000540,Michael,Smith,michael.smith159@hotmail.com,001-502-363-2570x3965,Other,1965-05-11,2024-10-21,Pennsylvania,Rodriguezhaven,BRONZE,Mobile App,,TV Ad
CUST004013,Gary,Wilson,gary.wilson951@yahoo.com,4606670876,M,2001-11-14,2026-02-07,California,Aliciaton,SILVER,Online,0,Friend Referral
CUST005299,Tanya,Jones,tanya.jones920@gmail.com,001-570-203-1851x32505,F,1947-12-01,2025-08-27,MI,Lake Jonathanburgh,BRONZE,Mobile App,N,Friend Referral
CUST002990,David,Russell,david.russell987@yahoo.com,,F,1971-07-24,2024-03-22,Missouri,Port Jacob,BRONZE,Online,,
CUST004374,Rebecca,Sandoval,rebecca.sandoval77@yahoo.com,+1-809-287-3133x125,F,1944-11-02,2025-07-13,TENNESSEE,West Andrewview,Gold,In-Store,yes,Search Engine
CUST005125,Brian,Guerrero,brian.guerrero482@outlook.com,(997)675-2574x6415,M,1946-10-20,2025-09-15,MD,North Alicia,Platinum,Mobile App,1,
CUST002404,Michael,Gonzalez,,,Other,1964-08-13,2025-06-10,Ohio,East Jennifer,BRONZE,Online,,
CUST004515,Mary,Whitaker,mary.whitaker885@hotmail.com,+1-771-231-9728,M,2007-03-14,2026-02-07,IL,Port Robertton,silver,Mobile App,0,Friend Referral
CUST005096,Ethan,Terry,ethan.terry777@gmail.com,5583749945,F,1994-07-22,2025-11-06,MD,Colemanton,platinum,Mobile App,1,Search Engine
CUST005284,Pamela,Mcgee,pamela.mcgee78@yahoo.com,(210)852-0681,M,1968-12-23,2024-03-22,PENNSYLVANIA,Michaelfurt,BRONZE,Mobile App,Y,Friend Referral
CUST004467,Carla,Peck,carla.peck866@outlook.com,+1-996-695-8251,F,1986-12-28,2026-04-04,MI,Port Tracey,Bronze,Online,yes,Search Engine
CUST002001,Justin,Smith,justin.smith894@yahoo.com,001-269-743-5328x617,Other,1957-01-28,2024-05-14,MD,Ericville,BRONZE,In-Store,N,
CUST004150,Tiffany,Williams,tiffany.williams425@outlook.com,+1-297-427-3139x2118,M,2000-09-02,2021-10-06,ny,Wendyfort,platinum,In-Store,N,Walk-in
CUST005390,Miranda,Daniels,miranda.daniels408@gmail.com,(652)991-9305x6751,F,1982-10-21,2022-03-12,PA,South Ashleystad,BRONZE,Online,no,
CUST005488,Jonathan,Lang,jonathan.lang917@hotmail.com,257.937.9527,F,2005-11-09,2022-04-09,Tennessee,Port Anthonyfort,silver,In-Store,0,Email Campaign
CUST001982,Michael,Mathews,michael.mathews858@hotmail.com,001-735-916-0269,M,1996-01-05,2024-08-15,MD,Adamborough,BRONZE,Mobile App,Y,Influencer
CUST004021,Dawn,Delgado,dawn.delgado957@yahoo.com,+1-480-232-7399x666,F,2000-05-01,2020-09-22,MO,Lamchester,silver,Mobile App,1,
CUST004440,Jessica,Salazar,jessica.salazar705@gmail.com,459-663-6040,F,2007-06-20,2022-08-31,Texas,East Nicole,bronze,In-Store,0,TV Ad
CUST005410,Amy,Simpson,amy.simpson51@yahoo.com,+1-882-702-2507x895,F,1989-01-13,2023-11-24,Georgia,Port Brianport,GOLD,In-Store,0,Social Media
CUST002834,Jennifer,Sampson,jennifer.sampson298@gmail.com,658-933-6597,M,1963-03-28,02/10/2021,TN,Ronaldshire,Bronze,In-Store,Y,Social Media
CUST002696,Heather,Wang,heather.wang104@hotmail.com,001-610-427-6471,Other,1980-05-01,2026-01-27,CA,Mortontown,Silver,In-Store,1,
CUST002607,Jessica,Dean,jessica.dean387@hotmail.com,001-587-257-0532x09361,M,1996-02-11,2025-09-23,VA,Leeland,bronze,Mobile App,Y,TV Ad
CUST000952,Chad,Brown,chad.brown748@outlook.com,(480)518-6774x03784,F,2008-02-20,2023-12-27,ca,Lake Andrewshire,SILVER,Mobile App,yes,TV Ad
CUST001305,Juan,Rodriguez,juan.rodriguez530@yahoo.com,(371)869-8837,F,1999-07-13,04/19/2023,TEXAS,Barryton,SILVER,In-Store,0,
CUST003696,Emily,Warren,emily.warren678@gmail.com,(791)433-7599x334,M,1957-12-03,2021-07-29,IN,Tylerside,BRONZE,Online,Y,Email Campaign
CUST003864,Allison,Christensen,allison.christensen828@gmail.com,309-795-7568x11343,Other,1945-07-08,2025-12-08,ARIZONA,Dennisland,SILVER,Online,N,Influencer
CUST003100,Kristen,Moore,kristen.moore526@yahoo.com,356-567-8597,M,1949-06-04,2020-11-17,wa,Jasonfurt,PLATINUM,Online,Y,Walk-in
CUST005237,Emma,Sandoval,emma.sandoval605@outlook.com,322.498.3746,F,1994-05-22,2021-06-02,North Carolina,Port Amy,silver,Mobile App,yes,Search Engine
CUST004022,Barbara,Harris,barbara.harris974@hotmail.com,001-291-675-6735x0822,M,2006-04-17,2021-01-23,Wisconsin,New Laura,SILVER,Mobile App,1,Walk-in
CUST002153,Michelle,Miller,michelle.miller39@outlook.com,474.878.6910x4076,M,1952-09-04,2023-09-27,North Carolina,Ramoshaven,BRONZE,Online,Y,Friend Referral
CUST002330,Beth,Bell,beth.bell809@outlook.com,982.580.9572x839,F,2008-08-25,08/11/2023,IL,Kathleenside,Silver,Online,yes,Influencer
CUST002239,  Christopher ,Taylor,christopher.taylor236@outlook.com,(627)477-0859,M,2000-12-16,2023-01-08,Michigan,West Sarah,SILVER,Mobile App,Y,Influencer
CUST001524,Cassandra,Phelps,cassandra.phelps720@gmail.com,8013101561,Other,1944-07-05,2020-10-23,OH,South Traci,BRONZE,Mobile App,N,Friend Referral
CUST000413,Debra,Lowe,debra.lowe751@gmail.com,+1-919-439-2845x679,M,1942-06-30,2023-09-07,Wisconsin,North Curtis,BRONZE,Mobile App,Y,Search Engine
CUST003083,Kevin,Moore,kevin.moore277@hotmail.com,001-352-896-7947x189,F,1993-05-13,2021-06-13,Florida,Melaniefurt,BRONZE,In-Store,,TV Ad
CUST004599,John,Butler,john.butler932@outlook.com,714-651-8736x5158,F,1983-03-05,2022-10-18,MICHIGAN,Heidifort,Bronze,Mobile App,1,Walk-in
CUST002897,Stephanie,Miranda,,,F,,2020-12-14,GA,Jacobton,Bronze,In-Store,,
CUST005222,Gabrielle,Hill,gabrielle.hill50@gmail.com,892.379.3081x55507,M,1941-02-27,11/23/2024,Wisconsin,Randolphberg,BRONZE,Mobile App,yes,Influencer
CUST000312,Joyce,Hall,joyce.hall661@gmail.com,+1-303-320-2041x792,F,1945-09-19,2024-12-14,Illinois,Valdezfort,bronze,In-Store,,
CUST000638,Raymond,Garcia,raymond.garcia82@yahoo.com,333.542.3372x09484,Other,1963-09-28,2021-01-23,TENNESSEE,Port Brianshire,silver,In-Store,1,
CUST003630,Jeffrey,Keith,jeffrey.keith268@yahoo.com,865-750-6530x2006,F,1952-09-03,2023-07-01,Massachusetts,North Alexandermouth,Silver,In-Store,Y,Influencer
CUST000005,Linda,Morales,linda.morales748@hotmail.com,,Other,1945-04-23,2025-12-27,nc,Jasonfort,SILVER,In-Store,,
CUST003635,  Bruce ,Owens,bruce.owens725@gmail.com,(381)457-3664x09680,Other,1965-01-17,2023-04-20,NY,Antonioland,bronze,Mobile App,N,Walk-in
CUST002093,Vanessa,Sellers,vanessa.sellers518@hotmail.com,(809)331-6426x6331,M,1963-07-23,2020-09-18,az,Jacksonburgh,bronze,Online,no,Social Media
CUST003624,Erik,King,erik.king191@yahoo.com,001-969-681-0534x0534,M,2005-05-10,2023-12-02,Florida,Michaelborough,GOLD,Mobile App,1,Social Media
CUST001782,Debra,White,debra.white762@gmail.com,(810)797-2472x542,M,1961-02-14,2024-09-05,ARIZONA,East Marissaton,Silver,Mobile App,N,Friend Referral
CUST001391,Jason,Torres,jason.torres998@gmail.com,001-933-218-1233x5761,F,1960-05-12,2024-05-01,NY,Richardfurt,silver,In-Store,N,
CUST002879,Brittney,Miller,brittney.miller233@gmail.com,393-247-8126x888,F,1966-03-06,2025-07-29,Michigan,Cruzmouth,BRONZE,Online,1,Email Campaign
CUST004872,April,Braun,april.braun275@hotmail.com,4626248139,Other,1948-01-02,2022-10-25,GA,East Matthewshire,Bronze,In-Store,N,Influencer
CUST005983,Ernest,Moore,ernest.moore20@outlook.com,001-446-328-2446x6831,M,1966-08-16,2025-12-08,Arizona,Lake Michelleborough,Bronze,Mobile App,N,TV Ad
CUST003150,Dennis,Liu,dennis.liu998@hotmail.com,683-582-5591,Other,1975-01-09,2022-11-30,California,Lorifurt,BRONZE,Mobile App,Y,TV Ad
CUST004927,Beth,Kelley,beth.kelley668@yahoo.com,264.736.8128x11731,M,1987-04-16,2023-07-18,NY,Port Richard,BRONZE,In-Store,N,
CUST005058,Rebecca,Garrison,rebecca.garrison849@yahoo.com,(368)662-4583,M,1974-11-15,2025-02-25,Washington,Knighthaven,bronze,Mobile App,,Social Media
CUST003683,Daniel,Morse,daniel.morse971@outlook.com,001-795-434-2056x68073,Other,1983-01-12,2021-06-16,in,Lake Tyrone,Platinum,In-Store,,TV Ad
CUST001193,Colton,Cain,colton.cain513@outlook.com,001-571-891-8986x6469,M,1989-04-13,2026-06-03,md,Silvamouth,bronze,Mobile App,Y,Search Engine
CUST001184,Christopher,Christensen,christopher.christensen179@yahoo.com,267-766-2623x596,Other,1960-12-03,2025-01-05,WA,Jessicashire,bronze,In-Store,0,
CUST000986,Todd,Stewart,todd.stewart713@hotmail.com,8135626084,M,2000-08-25,2026-03-15,Maryland,Lake Annaberg,Bronze,In-Store,N,Email Campaign
CUST005592,Tiffany,Anderson,tiffany.anderson188@outlook.com,436.645.4950,F,2007-08-05,2022-01-16,New Jersey,Lake Bonniefurt,BRONZE,Online,Y,Influencer
CUST006027,Nancy,Smith,NANCY.SMITH307@GMAIL.COM,772.687.4315x27420,F,1980-06-07,2021-04-19,Massachusetts,Justinside,Bronze,Mobile App,1,TV Ad
CUST001891,Ashley,Tyler,ashley.tyler184@hotmail.com,001-902-923-8045x34782,M,1972-03-01,2022-06-16,Missouri,South Mollymouth,silver,Online,1,Search Engine
CUST003338,Jose,Bailey,jose.bailey373@outlook.com,927.436.5293,Other,2007-05-03,06/10/2024,MARYLAND,Lake Anthonyside,Silver,Mobile App,no,TV Ad
CUST005781,Julia,Jones,julia.jones370@yahoo.com,(469)591-6722x43976,M,1993-03-10,10/26/2025,Missouri,East Thomas,BRONZE,Mobile App,Y,
CUST001032,Kathy,Jenkins,kathy.jenkins438@gmail.com,608.808.9747x4859,M,1981-12-29,2026-06-23,Tennessee,Port Samuelfurt,BRONZE,Mobile App,0,Influencer
CUST000727,Michael,Miller,michael.miller372@yahoo.com,+1-409-544-8586,M,2002-05-23,2023-08-21,Virginia,South Jason,gold,Online,,TV Ad
CUST005572,Beth,Crosby,beth.crosby872@gmail.com,(589)947-9084x05877,F,2009-04-27,2024-01-24,Texas,Johnton,silver,Online,Y,
CUST005048,Jacob,Armstrong,jacob.armstrong342@yahoo.com,,M,1985-01-03,2025-10-17,Virginia,East Samuel,PLATINUM,Online,,
CUST001375,Jessica,Landry,jessica.landry199@gmail.com,(432)636-5401x81444,F,1947-04-05,2024-04-06,mo,Port Lisa,Gold,Mobile App,1,Influencer
CUST004486,Christian,Patel,christian.patel669@yahoo.com,+1-845-964-8035,F,1973-05-08,2023-07-04,IL,North Lindsayview,GOLD,Online,no,Friend Referral
CUST000007,Daniel,Graham,daniel.graham651@outlook.com,914.289.3252x88095,F,1972-06-08,2026-03-23,Washington,Teresaburgh,BRONZE,In-Store,N,Influencer
CUST001525,Meghan,Stevens,meghan.stevens519@outlook.com,2088823846,Other,1980-01-02,2025-04-04,MI,East Staceybury,BRONZE,In-Store,0,Email Campaign
CUST002049,Tiffany,Hall,tiffany.hall557@hotmail.com,(687)648-9557x131,F,1971-03-09,2021-11-12,MD,Brewerhaven,bronze,Online,,
CUST005845,Ray,Lynch,ray.lynch643@gmail.com,615.661.1933,F,1899-01-01,02/09/2025,New York,Monicaberg,bronze,Mobile App,,
CUST001745,Lauren,White,lauren.white538@gmail.com,965-758-0624,Other,1970-06-04,2022-09-20,Missouri,East Jeffreyfurt,BRONZE,Online,,Friend Referral
CUST003998,Walter,Schultz,walter.schultz485@yahoo.com,854-794-7504,M,1987-04-05,2026-03-08,mi,Judyland,bronze,In-Store,N,
CUST000535,Michael,Lewis,michael.lewis708@hotmail.com,(910)866-3436x294,F,1968-06-17,2023-03-07,TX,Brianview,Silver,Online,0,Search Engine
CUST004040,Charlotte,Myers,charlotte.myers409@gmail.com,485-741-3236x616,M,2006-06-15,2026-04-30,TN,Matthewbury,Bronze,Mobile App,N,Search Engine
CUST002957,William,Pollard,william.pollard754@hotmail.com,319-240-5684x59340,F,2010-02-08,2025-01-13,New York,Johnhaven,SILVER,Online,yes,Influencer
CUST005082,  Kayla ,Winters,kayla.winters712@yahoo.com,001-880-925-4373x167,Other,1964-09-20,2023-01-21,Michigan,Allenton,SILVER,Mobile App,0,Friend Referral
CUST002771,Debra,Powell,debra.powell817@gmail.com,001-341-972-3190,F,1942-06-20,2026-05-01,AZ,South Adrianview,Bronze,Mobile App,N,Search Engine
CUST000658,Tyler,Torres,tyler.torres73@outlook.com,8504702608,F,1984-06-12,2025-12-18,Florida,Christytown,Gold,In-Store,no,Friend Referral
CUST002398,Matthew,Blake,matthew.blake992@hotmail.com,(294)984-6764,M,1982-12-19,2026-05-03,AZ,Lake Shelleychester,Bronze,Online,Y,
CUST001668,Frank,Brown,frank.brown597@gmail.com,(341)680-4460x8197,F,1993-06-29,2025-07-30,Florida,Smithville,platinum,Online,Y,Email Campaign
CUST001919,Lynn,Medina,lynn.medina450@gmail.com,,F,1991-11-20,06/17/2021,OH,East Denise,GOLD,Online,,
CUST001649,Jerry,Rogers,jerry.rogers199@outlook.com,759-663-7439x63994,M,1962-05-28,2025-08-28,New York,Jacksonville,Gold,Online,Y,Search Engine
CUST000620,Steve,Williams,steve.williams701@hotmail.com,001-308-742-4560x75409,M,1982-08-18,2022-10-28,FL,Rogersport,Silver,Mobile App,Y,Influencer
CUST001537,Aaron,Anderson,aaron.anderson743@outlook.com,741.762.7963x6512,M,1945-02-27,2023-04-15,Indiana,New Kennethside,Gold,Online,0,
CUST001976,Thomas,Perez,thomas.perez236@outlook.com,803.425.0274,Other,1990-07-19,2022-04-18,Georgia,East Paigeport,bronze,In-Store,N,Search Engine
CUST002817,David,Smith,david.smith230@yahoo.com,706-832-7052x41694,F,1998-09-18,2022-09-13,MA,Lake Kevin,PLATINUM,In-Store,no,
CUST001496,Emily,Acevedo,,,F,,2021-07-28,Illinois,,Platinum,Mobile App,,
CUST002901,Shawn,Brock,shawn.brock608@yahoo.com,001-394-645-1421x57299,Other,1996-06-06,2023-10-17,Illinois,Kristenfurt,Bronze,Online,0,
CUST003627,Timothy,Stewart,timothy.stewart781@outlook.com,001-526-738-6171x6813,M,2001-09-24,04/23/2023,az,Foleyburgh,Bronze,In-Store,no,Walk-in
CUST005500,Christopher,Perez,christopher.perez448@yahoo.com,,F,1948-10-21,2022-09-13,Massachusetts,Ellisfort,Bronze,Mobile App,,
CUST003860,Amber,Gentry,amber.gentry573@hotmail.com,589.633.1386,Other,1948-12-23,2025-06-09,wi,Riceland,SILVER,Mobile App,no,Walk-in
CUST002511,Judith,Salazar,judith.salazar761@yahoo.com,2296654419,F,1992-10-09,2020-11-15,Washington,Caldwellland,Bronze,Online,0,Friend Referral
CUST003195,James,Carlson,james.carlson866@yahoo.com,743.695.3725x80153,M,1960-03-26,2026-04-12,Arizona,Timothybury,BRONZE,In-Store,1,
CUST003808,Matthew,Thompson,matthew.thompson941@outlook.com,669-319-5759,M,1965-08-05,2022-08-06,WASHINGTON,Mosleyberg,GOLD,In-Store,no,
CUST005943,Shelby,Carter,shelby.carter22@outlook.com,+1-568-332-4082x181,F,1967-11-11,2023-07-15,MI,North Matthew,GOLD,In-Store,yes,
CUST003079,Melissa,Mora,,,M,,2024-11-25,IL,Martinezhaven,Gold,In-Store,,
CUST003128,  Steven ,Campbell,steven.campbell930@gmail.com,,F,1944-05-06,2022-05-21,AZ,South Sherri,GOLD,Mobile App,,
CUST000185,Brian,Walters,brian.walters913@outlook.com,768-846-0223,F,1981-04-18,2024-04-14,MO,Prestonhaven,gold,In-Store,Y,TV Ad
CUST003190,Karen,Stone,karen.stone255@gmail.com,(334)893-0966x634,F,1984-08-21,2025-07-11,Michigan,Paulfurt,BRONZE,In-Store,Y,
CUST004550,Ann,Cline,ann.cline609@yahoo.com,+1-410-387-1768,F,1987-01-03,2023-12-02,Pennsylvania,New Rachelberg,GOLD,In-Store,,
CUST005677,Tara,Jenkins,tara.jenkins907@outlook.com,001-998-949-8601,M,1981-08-12,2023-07-20,OH,South David,Bronze,Online,yes,Email Campaign
CUST000977,Rebecca,Ford,rebecca.ford960@yahoo.com,,F,1949-12-02,2023-03-06,NJ,Richardborough,Silver,Mobile App,,
CUST003870,Sarah,Mitchell,sarah.mitchell202@hotmail.com,465-515-7179x2300,M,1983-07-05,2020-10-13,NY,Estesport,SILVER,In-Store,Y,Social Media
CUST002705,Sophia,Mosley,sophia.mosley91@hotmail.com,893.472.2391x761,M,1952-02-23,2023-08-16,MI,Lopezport,silver,In-Store,Y,Walk-in
CUST003797,Kimberly,Smith,kimberly.smith428@yahoo.com,+1-706-309-3371x98658,F,2008-10-03,2023-02-07,MA,Danielsstad,GOLD,In-Store,N,Email Campaign
CUST005857,Johnny,Hunter,johnny.hunter103@yahoo.com,2372545058,F,1982-02-01,2025-02-26,VA,East Emilymouth,bronze,Online,1,Friend Referral
CUST000744,Jennifer,Stokes,jennifer.stokes511@gmail.com,+1-890-977-5608x581,F,2007-01-14,2021-05-07,tx,East David,PLATINUM,Mobile App,0,Friend Referral
CUST004747,Holly,Torres,holly.torres197@hotmail.com,833-470-9472,F,1941-12-19,2025-05-28,md,Port Joanshire,bronze,Mobile App,,
CUST001718,  Kimberly ,Johnson,kimberly.johnson424@gmail.com,001-473-685-7797x398,M,1957-04-20,2026-04-22,Indiana,Kennethport,Gold,Online,1,Influencer
CUST004783,Zachary,Tran,zachary.tran946@yahoo.com,7984516850,F,2002-10-17,2022-05-24,VA,Lake Michaeltown,SILVER,Online,,TV Ad
CUST005079,Deborah,Griffith,deborah.griffith854@gmail.com,477-354-3729x54125,Other,1957-12-02,2022-03-09,New Jersey,Lopezstad,Gold,Mobile App,no,Influencer
CUST005600,Amber,Moore,amber.moore732@yahoo.com,001-808-288-2506,M,1962-05-02,2025-01-16,Tennessee,Lovestad,Silver,Online,N,
CUST004924,Benjamin,Cardenas,benjamin.cardenas99@yahoo.com,001-831-915-1366x5130,Other,1958-03-02,2025-05-22,AZ,Zimmermanchester,gold,In-Store,no,Friend Referral
CUST004605,Danny,Madden,danny.madden859@outlook.com,316-968-1357x631,M,2009-12-07,2024-12-06,Virginia,Harmonchester,bronze,Mobile App,N,Search Engine
CUST004697,Kara,Schmidt,kara.schmidt450@gmail.com,255-219-5132x22665,M,1981-07-29,2021-12-22,az,South Dannyview,Bronze,Online,N,
CUST001491,Stacy,Shannon,stacy.shannon924@gmail.com,(346)730-6162,F,1968-02-20,2025-04-25,Virginia,New Crystal,Silver,In-Store,yes,Social Media
CUST001118,Henry,Mccarthy,henry.mccarthy499@gmail.com,457.769.1716x204,M,1952-12-15,2024-06-02,CA,Garcialand,BRONZE,In-Store,yes,
CUST005533,Wesley,Best,wesley.best888@outlook.com,878.510.8468x4251,M,1954-09-11,2023-08-17,Tennessee,Lake Justinberg,Silver,In-Store,N,
CUST001419,Mary,Rivera,mary.rivera685@outlook.com,+1-582-228-2801x83235,Other,1988-11-20,2021-07-17,MA,West Kim,GOLD,Mobile App,N,TV Ad
CUST000833,Charles,Bentley,charles.bentley739@outlook.com,(406)588-2691x776,M,1955-07-30,2026-03-21,mo,West Priscilla,Gold,In-Store,1,Friend Referral
CUST006080,Gary,Tanner,GARY.TANNER419@HOTMAIL.COM,455.574.9262x77730,F,1959-11-13,2021-12-18,Washington,Port Stephen,BRONZE,Mobile App,,TV Ad
CUST005321,Heather,Leon,heather.leon871@hotmail.com,854.632.1812,Other,1998-07-22,2021-01-09,NJ,Gordonville,silver,In-Store,Y,
CUST002068,Joseph,Fields,joseph.fields968@yahoo.com,+1-890-900-4539x80488,M,1995-07-07,2024-05-05,Wisconsin,Moralesbury,silver,Online,N,Search Engine
CUST002510,Austin,Richard,austin.richard923@hotmail.com,842-379-3399x70214,Other,2005-07-06,2024-10-27,Tennessee,Garciastad,bronze,In-Store,,Walk-in
CUST005147,Matthew,Elliott,matthew.elliott412@yahoo.com,(914)422-0798x2730,F,1993-10-28,2022-10-31,VIRGINIA,Port Tylerburgh,silver,In-Store,,Search Engine
CUST002512,James,Marshall,james.marshall852@yahoo.com,203-656-2372x46456,Other,1942-12-29,2024-04-08,Pennsylvania,Elliston,BRONZE,In-Store,yes,Walk-in
CUST000265,Stacy,Mcintosh,stacy.mcintosh85@outlook.com,977-405-3833x8848,F,2001-06-27,2025-06-12,GA,West Heatherville,bronze,Mobile App,Y,Walk-in
CUST004689,William,Johnston,william.johnston230@yahoo.com,001-396-587-3689x45618,M,1941-01-14,2021-02-12,Pennsylvania,Christopherport,bronze,Online,Y,TV Ad
CUST002572,Ryan,Smith,ryan.smith883@gmail.com,(835)312-0945,M,1977-05-02,2021-09-16,nj,Martineztown,BRONZE,Mobile App,0,Friend Referral
CUST002224,Stephanie,Jones,stephanie.jones780@hotmail.com,450-843-4010,M,1969-03-31,2023-01-06,Maryland,Parkstown,Gold,Online,,
CUST004084,Crystal,Johnson,crystal.johnson113@outlook.com,531-866-5189x9940,F,1992-11-27,2022-08-05,Washington,West Dennisville,bronze,Mobile App,N,Search Engine
CUST001570,Eric,Boyd,eric.boyd749@yahoo.com,964-317-0053,F,1996-05-13,2021-06-19,MD,South Gloria,BRONZE,Online,yes,Social Media
CUST002101,Elizabeth,Boyd,elizabeth.boyd181@gmail.com,479-865-6400x19154,M,1998-08-26,2021-03-08,IN,North Sharon,Silver,Mobile App,no,Email Campaign
CUST003433,Melissa,Durham,melissa.durham630@outlook.com,4742883826,M,1965-09-30,2021-12-10,Pennsylvania,Garciatown,platinum,Mobile App,1,Friend Referral
CUST004130,Mike,Washington,mike.washington211@yahoo.com,249.308.2456x09432,M,1985-04-23,2023-06-22,Maryland,New Jeffreyfort,gold,In-Store,Y,Email Campaign
CUST001258,Mark,Greene,mark.greene227@yahoo.com,3165399490,F,1942-12-23,2026-03-28,MI,East Michaelshire,silver,Online,N,TV Ad
CUST006075,Kristin,West,KRISTIN.WEST976@GMAIL.COM,+1-432-795-6342x77752,F,1958-09-10,2024-10-04,IL,South Ronald,BRONZE,Online,Y,TV Ad
CUST002210,Justin,Vargas,justin.vargas908@yahoo.com,358-443-4565,F,1940-10-19,2024-06-01,MA,Elliottshire,silver,Mobile App,Y,
CUST001067,Joseph,Ramirez,joseph.ramirez874@hotmail.com,293-924-5381,F,1942-01-20,2024-10-15,Massachusetts,Norrisview,Bronze,Online,Y,Friend Referral
CUST000278,Nicole,Ramirez,nicole.ramirez628@gmail.com,3502209945,M,1984-09-05,2025-06-12,Virginia,North Jack,silver,Mobile App,yes,TV Ad
CUST003372,Tyler,Simmons,tyler.simmons28@gmail.com,750.234.2062,M,1960-06-29,01/02/2022,North Carolina,New Christopherton,BRONZE,Online,N,Walk-in
CUST002779,Peter,Foster,peter.foster942@yahoo.com,(948)983-6269x61636,F,2000-10-14,2025-03-14,nj,New Kathyhaven,Bronze,Mobile App,1,Social Media
CUST000215,Louis,Hayes,louis.hayes576@outlook.com,962-705-3364x52577,M,1983-10-27,2022-06-14,Missouri,New Ashley,bronze,Online,N,
CUST003985,Brandi,Moore,brandi.moore401@outlook.com,658-372-3636x285,M,1998-10-25,2021-12-12,Illinois,Newtonborough,Bronze,In-Store,N,Email Campaign
CUST006039,Stephen,Davis,STEPHEN.DAVIS515@YAHOO.COM,+1-222-225-5398x315,M,1942-02-04,2025-03-14,North Carolina,Marquezfurt,Silver,Online,,
CUST006077,Tracy,Buck,TRACY.BUCK32@OUTLOOK.COM,(613)249-5220,M,1947-10-10,2023-02-18,AZ,New Jeffrey,Platinum,Mobile App,1,Email Campaign
CUST000357,John,Wilcox,john.wilcox70@outlook.com,224.920.4482,F,1973-03-02,2023-12-07,Ohio,Hendersonton,Bronze,Mobile App,Y,Social Media
CUST004335,Brian,Russell,brian.russell915@hotmail.com,871-818-5630x690,M,2010-04-15,2021-04-16,ILLINOIS,East Ianville,Bronze,Online,Y,Walk-in
CUST004871,Robert,Beck,robert.beck699@hotmail.com,001-354-776-9094,F,1982-01-10,04/06/2021,Florida,Murphyside,Silver,Mobile App,,
CUST000661,Jessica,Turner,jessica.turner368@outlook.com,465-829-0603x20203,Other,1990-05-29,2023-05-13,MISSOURI,Kathleenberg,SILVER,Mobile App,Y,Search Engine
CUST001283,Cory,Phillips,cory.phillips222@gmail.com,(278)821-5392x66937,M,1951-08-31,2021-06-25,CA,North Kevin,gold,Online,Y,Friend Referral
CUST001481,Eddie,Allen,eddie.allen786@hotmail.com,(441)547-5690x0184,F,2006-10-08,2021-05-02,Washington,Lopezburgh,bronze,In-Store,N,Search Engine
CUST005106,Shane,Ellis,shane.ellis934@outlook.com,555.612.2449x48870,F,1950-09-07,2021-09-29,California,Kramermouth,bronze,In-Store,Y,Walk-in
CUST002611,Thomas,Williams,,,F,,2023-05-13,Illinois,,SILVER,Mobile App,,
CUST005975,Katrina,Oconnor,katrina.oconnor885@gmail.com,+1-808-466-0054x0757,Other,1998-02-20,2021-07-30,MD,Gravesshire,bronze,In-Store,N,Email Campaign
CUST000667,Peter,Moore,peter.moore20@hotmail.com,442.661.9237,F,1970-01-02,2024-02-12,IL,Port Michael,gold,In-Store,Y,Email Campaign
CUST003230,James,Bowers,james.bowers423@outlook.com,(695)440-5686,Other,1945-06-02,2020-11-15,MARYLAND,West Jonathan,PLATINUM,In-Store,yes,Friend Referral
CUST005121,Amanda,Brown,amanda.brown538@gmail.com,001-797-827-8196x2364,F,1953-03-19,2025-05-23,Pennsylvania,Zacharyborough,Silver,Online,Y,Influencer
CUST001735,Robert,Ferrell,robert.ferrell282@yahoo.com,(492)432-4687,F,1977-01-11,2026-04-03,Maryland,Lake Valerieburgh,Bronze,In-Store,,
CUST005248,Cheyenne,Patterson,cheyenne.patterson914@hotmail.com,735-991-6136,F,2010-05-05,2024-09-27,California,New Henry,gold,In-Store,no,Friend Referral
CUST002636,Jason,Coleman,jason.coleman618@yahoo.com,920-699-2868,F,1960-04-26,08/04/2024,IN,Port David,silver,Online,1,Influencer
CUST000770,Crystal,Watson,crystal.watson434@hotmail.com,350-489-1776x8089,F,1972-01-23,2022-08-14,Florida,Reedmouth,SILVER,Mobile App,Y,TV Ad
CUST005317,Christopher,Davis,christopher.davis718@outlook.com,001-790-294-9516x8040,M,1994-07-23,2024-12-26,NC,Reyeshaven,Bronze,Online,yes,Email Campaign
CUST000816,Charles,Le,charles.le568@outlook.com,900-300-0015x29113,M,1978-12-12,12/19/2024,MD,Stevenview,BRONZE,Online,no,
CUST001966,Alice,Thompson,alice.thompson654@hotmail.com,976-408-8230x9258,M,1978-06-20,2025-12-14,nc,Paulborough,bronze,Online,N,Friend Referral
CUST005119,Linda,Beltran,linda.beltran932@outlook.com,+1-888-552-8386x64709,M,1973-01-30,2022-07-01,TX,Dorothybury,Silver,In-Store,,Search Engine
CUST001304,Gloria,Bass,gloria.bass814@outlook.com,747.855.8030x9016,Other,1954-01-15,2024-05-13,mo,West Zacharyborough,Bronze,Mobile App,1,Email Campaign
CUST004996,Abigail,Lewis,abigail.lewis219@gmail.com,9608140336,M,1993-10-04,2024-02-24,Michigan,Phillipland,Silver,In-Store,no,Email Campaign
CUST000769,Christian,Carter,christian.carter220@outlook.com,(253)548-2012x840,M,1998-02-24,2023-11-19,Illinois,Port Melanieland,BRONZE,In-Store,Y,
CUST005563,Robert,Garcia,robert.garcia967@yahoo.com,(451)294-9738x636,Other,1987-05-30,2024-09-21,PENNSYLVANIA,North Paul,Bronze,Mobile App,,Influencer
CUST001765,Nathaniel,Chang,nathaniel.chang192@outlook.com,001-579-717-4312x4345,F,1986-01-22,2022-07-07,NJ,Schwartzfort,bronze,Mobile App,Y,Search Engine
CUST000862,John,Simmons,john.simmons551@hotmail.com,001-914-210-5276x981,Other,2000-04-13,2020-12-09,PA,Stephanieberg,platinum,Online,no,Social Media
CUST004564,Michelle,Hicks,michelle.hicks688@outlook.com,(228)316-7279x66410,M,1985-08-13,2021-06-09,OH,West Christopher,SILVER,Mobile App,Y,Influencer
CUST000328,Mary,Stone,mary.stone792@yahoo.com,+1-577-949-2424,F,1964-03-09,2024-01-16,MARYLAND,Toddhaven,silver,Online,N,Friend Referral
CUST004442,Tiffany,Johnson,tiffany.johnson117@gmail.com,595-487-5674x436,F,1952-11-01,2021-05-27,Illinois,Ortegaborough,Gold,Mobile App,0,Social Media
CUST002166,Rachel,Robinson,rachel.robinson261@yahoo.com,266.910.5417x150,M,1965-11-14,2023-06-04,Missouri,New Kaitlin,PLATINUM,Mobile App,N,Email Campaign
CUST002272,Kari,Carr,kari.carr859@yahoo.com,(696)856-1206,Other,1969-02-06,05/05/2024,TX,North Kathleenside,Silver,Online,no,Social Media
CUST001235,Keith,Fitzgerald,keith.fitzgerald429@outlook.com,+1-533-802-6509x96218,M,1949-09-01,2025-05-22,California,New Richard,gold,Online,no,Search Engine
CUST004768,Joshua,Brown,joshua.brown668@yahoo.com,711-945-7533x951,F,1942-10-11,2022-06-14,PA,Mitchelltown,silver,Mobile App,yes,Email Campaign
CUST000117,Jose,Hunt,jose.hunt551@yahoo.com,,F,1975-06-26,2021-03-31,Florida,Gillmouth,BRONZE,In-Store,,
CUST001217,Justin,Kim,justin.kim947@yahoo.com,(648)323-0882x95868,M,1966-01-20,2022-10-19,MA,Lake Kylehaven,Bronze,Online,1,Influencer
CUST002056,Krystal,Webster,krystal.webster475@hotmail.com,001-429-462-9010x793,Other,1988-09-13,2022-05-17,NJ,Dorothymouth,bronze,In-Store,N,Walk-in
CUST001968,Shirley,Haynes,shirley.haynes998@yahoo.com,,F,1969-01-15,2024-03-20,MA,Kristafort,BRONZE,Mobile App,,
CUST004328,Devin,Simpson,devin.simpson795@outlook.com,413.519.7991,M,2008-08-24,2025-11-19,ma,New Jean,Bronze,In-Store,Y,
CUST000796,Pamela,White,,,Other,1955-07-16,2025-05-01,PA,North Joshua,gold,Online,,
CUST003718,Connie,Rivas,connie.rivas626@yahoo.com,629.662.2923x4671,M,1977-02-11,2025-03-13,Michigan,North Shannon,silver,In-Store,N,Email Campaign
CUST003205,Brian,Gilbert,brian.gilbert914@hotmail.com,346.547.4965,F,1984-07-25,2022-01-07,MO,Reneefurt,Bronze,Mobile App,Y,Social Media
CUST000896,Wendy,Griffin,,,M,,2024-10-24,WA,,Bronze,Online,,
CUST005556,John,Callahan,john.callahan244@gmail.com,(958)260-8822x3516,Other,1999-05-21,2022-04-20,Michigan,South Jeffreymouth,BRONZE,Mobile App,no,TV Ad
CUST001182,Christian,Gonzalez,christian.gonzalez12@outlook.com,884-285-8052x63211,M,2000-08-09,2021-07-08,FL,Grayville,bronze,Mobile App,no,Social Media
CUST002010,Angela,Figueroa,angela.figueroa907@outlook.com,686-899-0213x11669,Other,1989-04-25,2025-11-14,nj,Nicholasbury,Bronze,Online,no,Friend Referral
CUST002937,Eric,Weaver,eric.weaver421@yahoo.com,+1-327-356-1737x20170,M,2002-03-23,2025-04-25,Wisconsin,Ericview,silver,Online,,Search Engine
CUST005565,Kimberly,Mendoza,kimberly.mendoza728@yahoo.com,001-493-233-1696x503,F,1955-12-28,2025-01-06,tn,Bryanport,bronze,Mobile App,Y,Walk-in
CUST002968,Amber,Brooks,amber.brooks576@yahoo.com,,M,1969-09-01,2025-01-20,Michigan,East Melissa,bronze,Mobile App,,
CUST005532,Lynn,Ward,lynn.ward616@outlook.com,3156616413,M,1951-12-31,2020-10-13,OH,West Andrewhaven,gold,Online,,
CUST000366,Jennifer,Lee,jennifer.lee907@hotmail.com,(863)493-4362,Other,2001-01-04,2025-03-23,Washington,Juliefurt,BRONZE,Mobile App,Y,Influencer
CUST000243,David,Roberson,david.roberson427@yahoo.com,+1-948-872-8299,F,1942-09-04,2024-07-14,MO,Michellemouth,BRONZE,In-Store,N,TV Ad
CUST004176,Mark,Evans,mark.evans453@hotmail.com,001-931-242-1472x38032,F,1998-07-17,2026-06-03,NC,South Valerieborough,bronze,Mobile App,N,Email Campaign
CUST000359,Nicole,Young,nicole.young704@yahoo.com,001-236-932-1234x7649,M,1949-03-27,2025-05-15,MD,Marisafurt,Bronze,Online,Y,Influencer
CUST005966,Anthony,Smith,anthony.smith361@hotmail.com,+1-843-989-6334x8141,F,1953-01-08,2025-12-28,California,East Alexandria,Silver,In-Store,Y,TV Ad
CUST004848,Ashley,Wright,ashley.wright997@hotmail.com,(662)612-0407,M,1986-02-27,2023-10-02,California,Brianmouth,silver,Mobile App,0,Influencer
CUST004427,Terry,Rodriguez,terry.rodriguez354@outlook.com,+1-623-656-6257x83216,M,1995-03-25,2026-03-30,MA,Port Scott,Bronze,In-Store,0,Influencer
CUST000723,Donald,Decker,donald.decker614@yahoo.com,(259)404-5990,M,1966-12-05,2020-10-27,PA,Lucasfurt,SILVER,In-Store,1,Influencer
CUST004601,Isaac,Soto,isaac.soto490@hotmail.com,771.878.4587,F,1988-05-30,2022-07-22,TN,Davidmouth,silver,Mobile App,no,Walk-in
CUST000955,Kyle,Chase,kyle.chase949@hotmail.com,+1-305-830-8868x43021,F,1945-07-23,2024-12-18,TX,New Billchester,Silver,Mobile App,no,Social Media
CUST003410,Barbara,Cox,barbara.cox946@outlook.com,216-243-3982x88367,M,1955-07-13,03/26/2025,IL,West Joanport,Bronze,In-Store,N,
CUST004155,Emily,Clark,emily.clark494@hotmail.com,+1-400-345-3444x6227,M,1949-06-18,2020-11-06,Missouri,Amytown,Silver,Online,yes,Email Campaign
CUST005141,Jose,Owens,jose.owens656@yahoo.com,+1-578-634-6188x4524,F,1957-02-27,2026-03-05,New York,Port Brianhaven,Platinum,In-Store,no,Friend Referral
CUST003606,Donna,Wilkins,donna.wilkins824@hotmail.com,271-552-5899x9673,F,2008-12-13,2022-01-22,CALIFORNIA,Lake Colleen,BRONZE,Mobile App,Y,Walk-in
CUST004533,Raven,Steele,raven.steele298@hotmail.com,+1-858-494-4397,F,1982-05-17,2023-04-04,GA,South Josephmouth,Silver,Mobile App,N,Social Media
CUST005281,  Matthew ,Williams,matthew.williams414@yahoo.com,(418)474-0649,M,1953-12-21,05/20/2024,fl,North Chadside,BRONZE,Mobile App,N,Walk-in
CUST003869,Stacy,Young,stacy.young322@hotmail.com,(744)256-6309x0669,F,1981-07-29,2021-06-23,Arizona,Port Kyle,Gold,In-Store,Y,Social Media
CUST000991,Steven,Morgan,steven.morgan120@gmail.com,(533)294-3191x654,M,1981-01-18,2023-10-05,Virginia,Wongchester,bronze,Online,,Email Campaign
CUST005719,Gina,Stafford,,,Other,,2024-01-16,MA,,bronze,Mobile App,,
CUST004717,Terri,Hudson,terri.hudson326@hotmail.com,001-931-276-1586x504,F,1952-09-01,2024-12-14,ARIZONA,Benderville,GOLD,Online,Y,Walk-in
CUST005518,David,Brown,david.brown46@gmail.com,(657)726-9677,M,1967-11-29,03/31/2025,CA,Lake Melissaside,SILVER,Online,1,
CUST001963,Robert,Davis,robert.davis258@hotmail.com,001-694-312-3280x6253,F,2010-01-13,2021-10-10,in,Port Cherylburgh,Platinum,Online,,Social Media
CUST001867,Amy,Walker,amy.walker483@hotmail.com,001-835-424-3922x95014,F,1974-09-29,2021-09-18,Missouri,North Allen,Silver,Online,no,Friend Referral
CUST005771,Laura,Green,laura.green980@gmail.com,421.571.2733x6472,Other,1992-03-15,2025-07-31,New York,Lake Garyborough,Silver,Mobile App,Y,Social Media
CUST002527,Taylor,Nelson,taylor.nelson49@hotmail.com,+1-542-319-7381x90347,Other,2003-09-21,2021-07-14,FLORIDA,North Michaela,Gold,Online,Y,Influencer
CUST005247,Katherine,Johnson,katherine.johnson437@hotmail.com,(339)438-6516x0486,M,1976-12-03,2025-04-15,FL,Lake Tammiemouth,Bronze,Online,,Walk-in
CUST005773,Michelle,Dean,michelle.dean967@hotmail.com,(739)752-8966,F,1948-03-23,2022-03-01,North Carolina,East Kaylaview,Bronze,Online,Y,Friend Referral
CUST005602,Michael,Ray,michael.ray360@hotmail.com,+1-972-881-2264x7874,F,1947-03-11,2022-01-04,mo,Ramirezstad,Bronze,In-Store,Y,Social Media
CUST000241,Christian,Cooper,christian.cooper965@hotmail.com,675-398-7622x023,M,1962-08-14,2024-06-22,TEXAS,Catherinefurt,GOLD,Online,yes,Walk-in
CUST002141,Courtney,Singleton,courtney.singleton178@gmail.com,777-271-4057x702,M,1971-03-15,2025-04-01,Illinois,Washingtonport,Gold,Mobile App,no,TV Ad
CUST001764,Julie,Martinez,julie.martinez769@outlook.com,677-986-5039,M,1956-10-29,2026-05-04,Pennsylvania,East Beth,Gold,Online,Y,Walk-in
CUST005994,Andrea,Foster,andrea.foster543@outlook.com,9907641367,F,1994-01-25,2023-04-14,AZ,Riveraberg,SILVER,Mobile App,,TV Ad
CUST004514,Yvette,Phillips,yvette.phillips594@gmail.com,+1-748-687-6100,F,2006-06-19,2025-01-17,NY,East Timothy,Bronze,Online,no,TV Ad
CUST004219,Nicholas,Vega,nicholas.vega328@hotmail.com,539.926.6695x9818,F,1965-04-02,2024-04-07,PA,Shannonborough,bronze,Mobile App,1,TV Ad
CUST000491,David,Carrillo,david.carrillo283@hotmail.com,+1-651-732-7972,F,1959-05-31,2026-02-19,Pennsylvania,Port Tammyville,BRONZE,In-Store,yes,Email Campaign
CUST004615,Sarah,Chavez,sarah.chavez902@hotmail.com,6066177894,Other,1982-11-10,2023-07-13,NJ,Murphybury,bronze,Online,,Influencer
CUST002435,Kimberly,Moody,kimberly.moody808@yahoo.com,846.655.9218x95688,M,2006-12-06,2021-08-29,Tennessee,Smithburgh,bronze,Mobile App,1,Walk-in
CUST005617,Nicole,Carter,nicole.carter582@hotmail.com,5362093612,M,1946-04-13,2025-09-09,Illinois,Cookmouth,Bronze,Online,0,Walk-in
CUST002523,Natasha,Walker,natasha.walker645@gmail.com,929-466-4711x81320,Other,1981-05-08,2023-02-25,NY,Lake Stephaniemouth,platinum,Online,,TV Ad
CUST000430,Steve,Johnston,steve.johnston330@hotmail.com,(892)263-2967x6291,M,1992-04-14,2022-05-08,WI,Reedport,bronze,Mobile App,N,Influencer
CUST004438,Lucas,Adkins,lucas.adkins957@outlook.com,001-992-271-1083,M,1991-06-06,2022-08-17,Tennessee,Adamview,SILVER,Mobile App,N,TV Ad
CUST004711,David,Baker,david.baker588@hotmail.com,621-371-1522x3128,F,1943-03-11,2022-03-27,AZ,Port Tina,BRONZE,Online,yes,Search Engine
CUST000506,Katie,Collins,katie.collins135@yahoo.com,(342)414-9551,F,2001-05-27,2025-04-25,Massachusetts,South Clintonmouth,gold,In-Store,1,Email Campaign
CUST000331,Adam,Rodgers,adam.rodgers918@outlook.com,001-892-597-5170x28140,M,2008-12-19,2022-08-08,IN,Thomasport,silver,In-Store,N,Search Engine
CUST003316,Julie,Holden,julie.holden715@yahoo.com,001-231-388-5340x261,M,1973-07-27,2021-06-15,New Jersey,Lyonschester,Silver,Mobile App,,
CUST004744,Thomas,Orr,thomas.orr470@hotmail.com,596.618.4042x1163,M,2004-09-15,2026-03-23,North Carolina,Greenton,GOLD,In-Store,N,Influencer
CUST003801,Brett,Howard,brett.howard599@yahoo.com,+1-431-312-5982,M,1983-11-05,2025-11-20,Virginia,South Jamie,Bronze,In-Store,N,Search Engine
CUST005122,Carol,Swanson,carol.swanson985@hotmail.com,866.222.0633,Other,1973-04-28,2023-06-29,WI,Hollyland,Silver,Online,,Social Media
CUST000668,  Kathleen ,Smith,kathleen.smith52@outlook.com,774.618.9721,M,1948-11-19,2022-06-26,California,Port Courtneyfort,Gold,In-Store,no,
CUST001711,John,Higgins,john.higgins128@hotmail.com,959-298-4133x768,M,2005-03-31,2025-09-11,wi,East Jacobmouth,bronze,Online,no,
CUST001204,Bridget,Oliver,bridget.oliver244@yahoo.com,(666)843-2239,F,1962-09-22,2022-07-01,ARIZONA,Carlaborough,Bronze,In-Store,N,Walk-in
CUST005367,Jennifer,Moody,jennifer.moody753@hotmail.com,(518)318-2831x0319,Other,1972-02-09,2021-03-10,WA,East Cynthiamouth,bronze,Mobile App,,Search Engine
CUST002887,Victoria,Stevens,victoria.stevens684@outlook.com,+1-735-326-0177x265,F,1994-02-26,2023-02-09,il,East Melissa,GOLD,Mobile App,yes,
CUST004745,Dorothy,Martinez,dorothy.martinez940@hotmail.com,001-573-761-7984x48998,F,1968-07-30,2021-12-06,Arizona,East Carolbury,SILVER,Online,Y,TV Ad
CUST000882,Barbara,Nguyen,,,F,,2024-02-22,NY,Andersonshire,bronze,Online,,
CUST001284,Jeffrey,Martinez,jeffrey.martinez918@gmail.com,001-428-204-8502,M,1965-07-10,2020-11-12,California,North Mary,BRONZE,Mobile App,yes,
CUST006010,  Carolyn ,Knapp,CAROLYN.KNAPP803@GMAIL.COM,281.578.9527x869,Other,1990-05-19,2020-12-29,Michigan,New Donald,gold,Mobile App,1,
CUST003841,Joel,Rodriguez,joel.rodriguez837@yahoo.com,,F,2009-01-28,2023-09-24,New Jersey,Adkinsberg,silver,Mobile App,,
CUST005072,Howard,Brooks,howard.brooks122@yahoo.com,892.868.8833x4580,M,1951-02-11,2022-06-30,MO,Villafurt,Silver,Online,no,Email Campaign
CUST005937,Christopher,Smith,christopher.smith278@gmail.com,001-902-507-9559x1498,Other,1993-10-30,2023-02-18,California,Lisaberg,Silver,Mobile App,N,TV Ad
CUST004282,Michael,Olson,michael.olson114@yahoo.com,,M,1946-09-22,2024-03-09,MASSACHUSETTS,Villaberg,BRONZE,In-Store,,
CUST001846,Elizabeth,Morales,elizabeth.morales123@gmail.com,(824)952-9615x143,M,1958-04-15,2023-10-08,MI,Alexandramouth,Gold,Online,no,
CUST001608,Christopher,Snyder,christopher.snyder41@outlook.com,+1-213-481-3014x948,F,1960-12-31,2021-06-03,IL,East Anthonyburgh,BRONZE,Mobile App,no,TV Ad
CUST005456,Peggy,Wright,peggy.wright438@hotmail.com,(628)309-3751,M,1959-07-02,2026-04-19,IL,Michaelfurt,SILVER,In-Store,N,TV Ad
CUST003365,  Rebecca ,Harris,rebecca.harris924@outlook.com,001-745-378-2456x63630,M,1945-01-10,2021-05-26,MD,Davidland,bronze,In-Store,yes,TV Ad
CUST005591,Michele,Whitaker,michele.whitaker867@outlook.com,001-209-918-4882x4211,F,1966-10-25,2025-03-17,Florida,Michaelborough,bronze,Online,0,Friend Referral
CUST004569,Nicholas,Jackson,nicholas.jackson437@outlook.com,557-989-9370,M,1990-07-29,2026-03-10,NEW YORK,Heathmouth,Bronze,Mobile App,N,Social Media
CUST004940,Abigail,Holmes,abigail.holmes369@hotmail.com,445-863-3525x26159,Other,1958-10-24,2023-12-27,Maryland,South Nancystad,bronze,In-Store,yes,
CUST003825,Michael,Johnson,michael.johnson645@yahoo.com,648-354-3627,M,1961-01-25,2025-11-04,tn,Dickersonside,Platinum,Mobile App,Y,Friend Referral
CUST002045,Brooke,Lara,brooke.lara189@gmail.com,001-986-663-6465x33347,F,1958-11-16,2023-08-01,MA,New Jasonside,silver,Online,Y,Email Campaign
CUST004825,Catherine,Evans,catherine.evans241@outlook.com,+1-715-515-4736,M,2008-05-20,2024-06-22,Georgia,Cassandraberg,Silver,In-Store,,
CUST001323,Brandon,Baker,brandon.baker650@gmail.com,(628)908-1226x8159,F,1956-02-13,2023-04-03,Arizona,Davischester,SILVER,Mobile App,,TV Ad
CUST002732,  Sydney ,Mason,sydney.mason833@hotmail.com,311.662.1065,F,1997-04-29,2026-02-12,CALIFORNIA,Lisaview,bronze,Online,Y,Influencer
CUST004976,Aaron,Gomez,aaron.gomez343@outlook.com,001-665-404-9398x0504,M,1943-07-12,2023-09-11,New York,Millerville,silver,Mobile App,Y,
CUST000923,Jose,Brown,jose.brown184@hotmail.com,+1-993-678-1053x912,Other,1977-11-23,2025-06-11,PA,Haleyfort,silver,Mobile App,Y,Search Engine
CUST001003,Kenneth,White,kenneth.white842@yahoo.com,247.642.4631,Other,1998-09-10,2021-08-03,Wisconsin,North Michaela,BRONZE,In-Store,yes,Social Media
CUST002487,Sara,Santiago,sara.santiago335@gmail.com,+1-717-926-5134x204,F,1980-05-01,2021-01-07,mi,North Patricia,Silver,In-Store,no,Friend Referral
CUST002182,Ashley,Hernandez,ashley.hernandez680@outlook.com,(336)407-1241x37394,M,1966-07-20,2025-08-16,Washington,South Tiffanystad,Silver,Online,,
CUST002002,Angela,Jones,angela.jones803@hotmail.com,736-778-8645,F,2008-12-29,2023-09-12,ILLINOIS,Shawnburgh,bronze,Mobile App,0,Search Engine
CUST004539,Andre,Mcdowell,andre.mcdowell85@gmail.com,001-632-658-7887x02212,Other,1976-01-23,2024-01-16,OH,Port Nicholas,silver,Mobile App,yes,
CUST000951,Charles,Evans,charles.evans74@outlook.com,+1-792-885-5359x520,M,1983-08-13,2021-03-21,MO,Lake Matthew,BRONZE,Online,N,Friend Referral
CUST000225,Brianna,Figueroa,brianna.figueroa122@hotmail.com,001-231-849-8643x00981,F,1993-12-25,2024-09-23,Georgia,South Dennisfort,BRONZE,In-Store,,Influencer
CUST000790,Cameron,Townsend,cameron.townsend120@outlook.com,418-887-8179x41515,Other,1993-10-07,2022-03-31,Arizona,North Kathy,Bronze,In-Store,no,Influencer
CUST005167,Ricky,Ferguson,ricky.ferguson160@gmail.com,(400)229-9907x765,F,2005-08-05,2025-06-07,OHIO,Port Cynthiahaven,Bronze,Online,Y,Friend Referral
CUST004494,Stephanie,Taylor,stephanie.taylor648@yahoo.com,+1-710-879-0247,M,1949-01-06,2020-09-19,TX,Perezmouth,PLATINUM,In-Store,no,Influencer
CUST005633,Mackenzie,Murray,mackenzie.murray748@gmail.com,001-204-466-0287,F,1947-09-13,2022-10-31,Texas,East Amy,Silver,Online,N,Influencer
CUST004474,Sherry,Humphrey,sherry.humphrey159@hotmail.com,817-949-5387,M,1992-05-19,2024-05-05,Massachusetts,Jessicachester,BRONZE,Mobile App,yes,
CUST005457,Melissa,Stewart,melissa.stewart893@hotmail.com,(490)874-3389,F,1977-10-14,2024-05-21,WI,Martinview,GOLD,In-Store,yes,Email Campaign
CUST005997,John,Craig,john.craig213@outlook.com,(539)559-1189x96184,Other,1970-08-16,2023-06-22,TENNESSEE,North James,bronze,In-Store,no,
CUST004392,Debra,Williams,debra.williams369@hotmail.com,+1-585-607-5663x8623,Other,1967-02-13,06/25/2024,Missouri,Toddfurt,silver,In-Store,Y,Search Engine
CUST005790,Kayla,Harrington,,,F,,2020-09-30,MA,,GOLD,In-Store,,
CUST002896,Scott,Kirk,scott.kirk767@outlook.com,364.220.1173x1010,F,1999-05-14,2026-05-04,MI,Lake Brian,Silver,In-Store,N,Email Campaign
CUST001699,Emily,Brown,emily.brown565@outlook.com,(297)315-5793x277,M,1976-04-19,2022-12-04,TN,Pollardview,Bronze,Mobile App,0,Email Campaign
CUST003654,Alexa,Vazquez,alexa.vazquez905@hotmail.com,001-462-236-9663x7861,M,1961-08-20,2025-02-17,Arizona,Stevenmouth,BRONZE,Mobile App,N,Friend Referral
CUST000529,Paula,Hull,paula.hull819@hotmail.com,001-644-955-6185x7906,F,1943-06-01,2024-06-04,Arizona,South Codychester,PLATINUM,Online,Y,TV Ad
CUST001411,Anthony,Lee,anthony.lee685@gmail.com,001-232-557-2287,Other,1959-08-24,2024-01-04,VIRGINIA,Lake Adamstad,silver,Online,,
CUST000120,Alfred,Patel,alfred.patel126@hotmail.com,,M,1969-06-20,2020-10-08,North Carolina,Amandaport,Bronze,Mobile App,,
CUST005377,Steven,Padilla,steven.padilla159@yahoo.com,+1-839-934-9230x6794,F,1969-12-22,2021-05-16,OH,Williamsmouth,Gold,Online,Y,Friend Referral
CUST003448,Jorge,Gillespie,jorge.gillespie792@hotmail.com,569-894-4428,F,1952-11-10,2023-11-02,PA,Porterfort,bronze,Online,Y,
CUST000701,Andrew,Clark,andrew.clark533@outlook.com,226.357.3275,F,1980-05-23,2021-09-04,ga,Lake Richard,BRONZE,In-Store,0,
CUST004246,Carrie,Woods,carrie.woods182@outlook.com,628.785.5189x553,M,1964-11-28,2025-02-01,Virginia,Kimland,Bronze,Mobile App,,Email Campaign
CUST000851,April,Aguirre,april.aguirre791@outlook.com,+1-322-635-5216x50587,F,2000-11-18,2020-10-05,MD,South Amberland,Silver,Online,,
CUST000622,Patrick,Baird,patrick.baird491@hotmail.com,(541)261-3944,F,1946-03-10,2026-01-26,Tennessee,Robertotown,GOLD,In-Store,0,Friend Referral
CUST000045,Joshua,Tyler,joshua.tyler726@hotmail.com,,Other,1969-09-20,2026-02-10,Ohio,Loriport,bronze,Mobile App,,
CUST002091,Deborah,Ramirez,deborah.ramirez842@outlook.com,001-577-709-9031x7211,F,2004-12-10,2023-11-03,TENNESSEE,Wardtown,Gold,Mobile App,N,Search Engine
CUST001309,  Matthew ,Williams,matthew.williams616@outlook.com,+1-779-530-3028,M,1988-05-14,2023-10-24,NC,Sarahchester,SILVER,Online,1,Social Media
CUST001370,Zachary,Cook,zachary.cook103@yahoo.com,001-481-727-4392,M,1956-06-02,2024-09-19,NY,Lake Carla,SILVER,Online,Y,Walk-in
CUST004414,Anthony,Peters,anthony.peters228@outlook.com,239.652.7367x413,M,1985-04-10,2024-02-21,Pennsylvania,Lake Courtney,SILVER,Online,,
CUST004951,Robert,Brown,robert.brown186@outlook.com,349.400.6832x6202,M,1992-08-06,2025-10-20,VA,Lake Johnnytown,Gold,Mobile App,yes,TV Ad
CUST000636,Breanna,Green,breanna.green191@hotmail.com,(429)985-8567x287,M,1991-02-26,2025-01-04,Washington,Woodsburgh,silver,In-Store,no,Email Campaign
CUST001162,Gregory,Fitzgerald,gregory.fitzgerald352@gmail.com,(236)490-9123x753,F,1961-05-05,2024-07-11,MD,West Francis,BRONZE,Online,0,Influencer
CUST004078,John,Gould,john.gould421@hotmail.com,731.386.8398,M,1955-11-24,2026-06-26,tx,Port Bethanyshire,BRONZE,Mobile App,Y,Search Engine
CUST003400,Virginia,Rodriguez,virginia.rodriguez982@gmail.com,435-691-3582x63747,Other,1979-03-30,2021-11-06,GEORGIA,Wattsside,silver,Online,1,
CUST002777,Calvin,Allen,,,F,,2023-11-03,Arizona,North Annette,Bronze,In-Store,,
CUST005023,Heather,Perry,heather.perry186@gmail.com,001-459-774-3334x3411,Other,1959-08-19,2022-10-15,California,Lake Stanley,GOLD,In-Store,no,Friend Referral
CUST004174,Holly,Contreras,holly.contreras129@hotmail.com,(946)966-3266x31882,F,1981-04-12,2021-01-31,MA,Pearsonland,BRONZE,In-Store,1,Search Engine
CUST002540,Candice,Cook,candice.cook696@yahoo.com,+1-998-495-8294x86309,M,2009-01-29,2024-03-13,tx,Lindsaychester,Gold,Online,N,
CUST005510,Scott,Jordan,scott.jordan710@hotmail.com,(967)515-7187x18201,M,1948-05-25,2023-08-01,az,Wilsonmouth,bronze,Online,Y,TV Ad
CUST000630,Sonia,Nguyen,sonia.nguyen627@hotmail.com,5964883275,F,1958-03-04,12/27/2023,NY,Cohenstad,GOLD,In-Store,Y,TV Ad
CUST001640,John,Carr,john.carr113@yahoo.com,001-906-735-1685x22476,M,1990-10-11,2020-11-12,Massachusetts,Molinaview,bronze,Mobile App,Y,Search Engine
CUST003350,Tiffany,Bennett,,,F,,2025-07-21,Arizona,,Bronze,In-Store,,
CUST002727,Amanda,Lopez,amanda.lopez644@outlook.com,969-303-3693x105,F,2004-02-14,2024-10-13,FL,Leestad,BRONZE,Mobile App,yes,
CUST005685,Emily,Vargas,emily.vargas580@gmail.com,(844)739-9206x1104,Other,1991-10-01,2024-05-17,IL,North Stevenport,silver,In-Store,N,Search Engine
CUST003199,Nathan,Vasquez,,,M,,2021-03-13,il,,PLATINUM,Online,,
CUST004049,Jennifer,Smith,jennifer.smith928@yahoo.com,001-305-342-3357x415,F,1959-10-15,2026-03-13,PA,West Anthony,BRONZE,Online,no,Social Media
CUST002553,Joe,Sampson,joe.sampson908@outlook.com,633.282.7653,F,1995-06-06,2025-10-12,Indiana,North Patrickfort,GOLD,Online,yes,Friend Referral
CUST003545,Heather,Abbott,heather.abbott754@hotmail.com,912-328-7670x444,F,1956-03-28,2024-08-18,CA,Christensenfort,PLATINUM,In-Store,yes,Email Campaign
CUST002115,Jeremy,Kane,jeremy.kane680@hotmail.com,979.493.6427x3795,F,1985-07-18,2025-12-14,IN,Michaelside,bronze,Mobile App,no,TV Ad
CUST004619,Gerald,Tran,gerald.tran295@gmail.com,(341)645-2999,F,1990-06-30,2021-08-01,Tennessee,Anthonyport,SILVER,In-Store,N,Walk-in
CUST006043,Paul,Short,PAUL.SHORT672@OUTLOOK.COM,(334)485-2852x95803,M,1988-01-11,2021-03-27,fl,South Debra,silver,In-Store,Y,
CUST005655,Amanda,Williams,amanda.williams857@gmail.com,473.742.2037x703,F,1950-10-06,2022-07-02,OH,New Christopher,SILVER,Mobile App,,Walk-in
CUST002479,Kevin,Sandoval,kevin.sandoval368@hotmail.com,881-409-4525x539,Other,1991-05-03,2025-02-28,California,Lake James,BRONZE,In-Store,Y,Search Engine
CUST001021,Kyle,Torres,kyle.torres788@outlook.com,001-787-878-7358,F,1950-01-09,2025-07-18,Tennessee,North Lauraburgh,BRONZE,Mobile App,0,Influencer
CUST001218,Ashley,Moore,ashley.moore585@hotmail.com,,M,1985-12-11,2021-12-14,Missouri,Johnsonstad,BRONZE,In-Store,,
CUST004258,Julie,Callahan,julie.callahan27@hotmail.com,001-586-421-7008x781,Other,1973-03-22,2022-09-30,California,Ericstad,Silver,In-Store,1,Walk-in
CUST001942,Stephen,Bass,stephen.bass255@gmail.com,+1-765-850-0915,M,2009-09-30,2025-09-12,California,Lake Nicoleside,GOLD,Mobile App,,
CUST005712,Christie,Barajas,christie.barajas585@outlook.com,517-294-2450x920,M,1961-11-17,2020-12-24,GA,Baileyberg,bronze,Mobile App,N,Friend Referral
CUST002872,Daniel,Cooper,daniel.cooper792@hotmail.com,001-389-959-4919x26595,Other,1950-11-18,2025-12-02,Michigan,North Meganhaven,gold,In-Store,,Email Campaign
CUST001652,Adam,Davis,adam.davis38@gmail.com,(707)732-6447x8937,M,1949-05-06,2024-03-08,AZ,Anachester,Platinum,In-Store,,
CUST000711,Terri,Baker,terri.baker694@gmail.com,001-513-825-3269x49684,F,2002-02-23,2024-01-09,mo,Lake David,PLATINUM,Mobile App,N,
CUST005335,Alexandra,Tate,alexandra.tate225@gmail.com,752-440-9383,F,2005-09-24,06/29/2022,PA,Norrisberg,BRONZE,Mobile App,yes,TV Ad
CUST004426,Kimberly,Contreras,kimberly.contreras453@yahoo.com,250-766-6540x79137,F,1971-04-01,2023-08-17,New York,West Lindabury,silver,Mobile App,,
CUST004221,Brian,Hernandez,brian.hernandez79@outlook.com,,F,1969-01-21,02/16/2022,Massachusetts,South Lauramouth,GOLD,Mobile App,,
CUST003302,Jennifer,Taylor,jennifer.taylor484@yahoo.com,551.541.3632x55861,F,1966-11-21,2022-05-13,Illinois,Lisaburgh,bronze,In-Store,no,Social Media
CUST000725,Amy,Davis,amy.davis167@gmail.com,,M,1955-03-08,2021-08-07,NEW JERSEY,Jeremyton,bronze,In-Store,,
CUST001159,Erik,Hernandez,erik.hernandez146@outlook.com,448-950-0728x8959,M,1952-04-08,2026-03-06,GA,Lake Molly,Silver,Online,yes,TV Ad
CUST001744,Andrea,Bryant,andrea.bryant819@yahoo.com,,M,1964-06-01,2026-02-13,mo,Rodriguezmouth,Bronze,Online,,
CUST001273,Angela,Williams,angela.williams776@gmail.com,304-719-4534,M,1993-10-25,09/22/2023,New York,East Saratown,bronze,Online,,
CUST004151,Elizabeth,Walker,elizabeth.walker655@gmail.com,001-972-590-3216x51556,M,2000-12-19,2020-11-18,Washington,Jasonmouth,BRONZE,In-Store,0,Search Engine
CUST005998,Gary,Chapman,gary.chapman643@gmail.com,(453)635-6722x4383,M,2004-12-06,2023-07-15,Georgia,North Brendan,bronze,Mobile App,no,
CUST003275,Brett,Lawson,brett.lawson803@gmail.com,(959)612-3944x94930,F,1955-09-28,2021-02-21,TX,Travisshire,silver,Mobile App,Y,Search Engine
CUST004685,Scott,Phillips,scott.phillips482@gmail.com,(285)222-0433,Other,1994-07-14,2024-04-27,Georgia,New Kathleenburgh,bronze,Online,,Social Media
CUST003455,Dorothy,Allen,dorothy.allen880@outlook.com,+1-611-587-4007x43262,F,1981-09-17,2024-02-18,New York,Port John,Silver,In-Store,,Social Media
CUST002823,Brian,Harmon,brian.harmon387@yahoo.com,+1-481-838-5418x4293,Other,1960-05-03,03/01/2022,WI,Allenborough,BRONZE,In-Store,Y,Social Media
CUST000627,Angela,Henry,angela.henry702@hotmail.com,416-833-1942,M,1957-02-08,2026-01-13,NY,South Catherine,bronze,Online,Y,Search Engine
CUST005797,  Maureen ,King,maureen.king186@hotmail.com,518.557.1631x03010,M,1974-07-01,2026-03-13,OH,North Derek,Bronze,Mobile App,0,Walk-in
CUST003473,Chase,Acosta,chase.acosta118@hotmail.com,(453)527-1472x5076,F,1995-12-22,2024-10-19,OH,Donaldborough,Gold,Online,1,Friend Referral
CUST005821,Tiffany,Miller,tiffany.miller839@outlook.com,+1-757-312-8217x3534,F,1999-10-12,2024-09-25,Pennsylvania,Port Tyler,Bronze,In-Store,1,Walk-in
CUST002870,Linda,Miller,linda.miller222@hotmail.com,591-703-5336,M,1981-05-19,2023-03-25,az,Williamsmouth,PLATINUM,Online,,TV Ad
CUST000306,Nicholas,Gallagher,nicholas.gallagher313@yahoo.com,247-817-4654x214,M,1986-01-11,2025-05-07,Texas,North Heather,Bronze,Online,N,Social Media
CUST004482,Jennifer,Simmons,jennifer.simmons434@yahoo.com,605.307.5780x4799,Other,1999-11-02,2021-10-02,California,East Susan,Silver,Online,N,TV Ad
CUST004914,Allison,Dixon,allison.dixon813@hotmail.com,819-988-8866x3183,F,1969-01-22,2020-09-07,NEW JERSEY,Nancymouth,GOLD,In-Store,,
CUST005215,James,Martinez,james.martinez17@gmail.com,+1-271-922-8044x24166,F,1966-12-16,2025-11-17,WA,Port Lisafort,Bronze,In-Store,0,Search Engine
CUST001388,Laurie,Martinez,laurie.martinez234@hotmail.com,+1-857-562-6481,M,2007-10-20,08/03/2025,Pennsylvania,Brianbury,Bronze,In-Store,,
CUST002501,Seth,Martinez,seth.martinez596@outlook.com,877-648-5652,Other,1944-05-02,2022-10-21,New York,West Melissa,SILVER,In-Store,Y,Friend Referral
CUST001485,Christine,George,christine.george398@yahoo.com,793-593-4396x904,F,1991-05-13,2025-01-14,Georgia,Ramosstad,bronze,Mobile App,N,Email Campaign
CUST004614,Brent,Torres,brent.torres752@hotmail.com,9949216921,M,1968-04-07,2020-12-23,PA,Velasquezmouth,bronze,Mobile App,Y,
CUST003210,Alyssa,Mullen,alyssa.mullen819@hotmail.com,317-628-6421x36017,Other,1966-09-07,2023-12-14,Ohio,Myersstad,SILVER,Mobile App,N,Search Engine
CUST004255,Victoria,David,victoria.david760@yahoo.com,(694)971-8344x99856,M,1961-12-24,2022-02-06,Pennsylvania,Lake Ralph,silver,Online,yes,Friend Referral
CUST003570,Terri,Lambert,terri.lambert688@yahoo.com,527.624.4503,F,1949-07-27,2024-10-27,FL,Evansburgh,gold,Online,yes,
CUST004559,Sarah,Griffin,sarah.griffin776@outlook.com,286.421.8081x636,M,1941-06-23,2020-12-22,TEXAS,Stevenstad,Bronze,Online,N,
CUST005044,David,Juarez,david.juarez997@gmail.com,(378)585-0518x0970,F,1980-08-29,2023-10-13,NC,Bakerville,silver,In-Store,,Walk-in
CUST001853,Jimmy,Day,jimmy.day357@hotmail.com,(902)648-4350,Other,1962-08-24,2026-03-03,mo,Cameronview,Bronze,Mobile App,0,Walk-in
CUST003348,Stephanie,Meadows,stephanie.meadows317@outlook.com,895-550-9478x641,F,2002-12-26,2025-06-24,OH,Figueroatown,PLATINUM,Mobile App,1,
CUST001768,Ricardo,Blake,ricardo.blake349@gmail.com,5107427974,Other,1956-08-15,2026-01-16,TX,Josephville,bronze,Online,Y,Influencer
CUST005589,Tiffany,Ramirez,tiffany.ramirez279@yahoo.com,001-535-762-8251x540,M,1941-11-05,2024-09-13,Missouri,South Cynthiaport,silver,In-Store,yes,Social Media
CUST002597,Donald,Beck,donald.beck990@yahoo.com,8269237050,F,2006-01-26,2025-01-01,Tennessee,Port Jennifer,BRONZE,Online,1,
CUST002564,Joseph,Wilkins,joseph.wilkins711@hotmail.com,614-787-4971x51295,M,2009-03-17,2025-10-15,GEORGIA,South Nicholas,gold,Online,N,Influencer
CUST000099,Lorraine,Allen,lorraine.allen421@gmail.com,(926)836-8970x28385,M,1980-10-02,2024-10-01,ga,North Scott,BRONZE,In-Store,yes,
CUST003141,Cheryl,Thomas,cheryl.thomas480@gmail.com,(758)336-5998x0166,M,1946-04-25,2023-03-14,MA,East Joeview,Gold,Mobile App,yes,Friend Referral
CUST000922,Melanie,Ibarra,melanie.ibarra41@gmail.com,778.648.1652x444,M,1941-07-03,2025-08-31,MA,New Cesarfurt,BRONZE,Mobile App,0,Influencer
CUST004461,Judith,Jones,judith.jones847@gmail.com,001-911-384-7629x7494,M,1968-08-20,2025-12-03,WASHINGTON,Mcdowellview,BRONZE,Mobile App,no,Search Engine
CUST003154,Douglas,Miller,douglas.miller496@yahoo.com,467-416-7270,M,2009-11-15,2023-06-20,MD,Lake Ryan,gold,In-Store,no,Email Campaign
CUST001794,Joshua,Newman,joshua.newman791@outlook.com,206-351-0046,Other,1987-03-05,2022-02-28,Florida,West Kevin,Silver,Online,Y,Email Campaign
CUST001890,Wendy,Rush,wendy.rush220@gmail.com,976.219.5249x601,M,1959-11-18,2025-12-18,WI,Porterfurt,Bronze,Mobile App,yes,Walk-in
CUST004205,Jeffrey,Phillips,jeffrey.phillips523@yahoo.com,001-716-647-5609x157,M,1975-07-11,2025-09-22,CA,South Laurenport,Bronze,In-Store,N,
CUST003071,Kelly,Bush,kelly.bush328@yahoo.com,+1-392-367-0136,M,1969-11-06,2025-07-05,Massachusetts,Brucehaven,Bronze,Mobile App,yes,Friend Referral
CUST001243,Cory,Horton,cory.horton907@yahoo.com,311-943-6786x21078,F,1974-04-21,2022-02-02,TN,Jamieland,BRONZE,In-Store,N,
CUST000538,Martin,Gibson,martin.gibson367@yahoo.com,312-209-5790x737,M,2008-01-12,2024-07-19,CA,Cookburgh,Bronze,In-Store,no,
CUST003360,James,Little,james.little651@gmail.com,256-767-0533,M,1941-11-10,2026-06-19,GA,Lake John,Silver,Online,yes,Friend Referral
CUST004663,Marcus,Collins,marcus.collins369@hotmail.com,709.726.8981x2118,F,1958-11-16,2023-12-19,North Carolina,New Jenny,Bronze,Mobile App,no,Walk-in
CUST002069,Crystal,Wilkinson,crystal.wilkinson760@outlook.com,3998873170,F,1947-12-28,2020-09-24,ga,Rodriguezmouth,BRONZE,Online,yes,Friend Referral
CUST000144,Nancy,Mcdowell,nancy.mcdowell604@hotmail.com,9643361103,M,1947-03-18,2022-10-09,Florida,West Elizabethburgh,SILVER,Online,1,TV Ad
CUST000372,Alicia,Duncan,alicia.duncan334@outlook.com,2413659152,M,1969-10-28,2021-02-13,Missouri,Rhodesmouth,Silver,Online,,Walk-in
CUST003709,James,Nelson,james.nelson825@gmail.com,,M,1974-06-25,2024-05-08,Washington,East Amanda,PLATINUM,Mobile App,,
CUST001385,Breanna,Miller,breanna.miller902@gmail.com,847.215.6756x65051,F,1958-12-08,2023-03-28,FL,North Anthonyborough,bronze,Online,yes,Friend Referral
CUST002351,Manuel,Dominguez,manuel.dominguez541@outlook.com,001-680-551-8343,Other,1969-04-12,2020-12-25,PA,North Tara,SILVER,Mobile App,,Social Media
CUST000819,Dana,Davis,dana.davis238@yahoo.com,236-724-8355,M,1991-05-07,2022-04-10,Tennessee,South Nicholas,silver,Online,0,
CUST005548,Joseph,Douglas,joseph.douglas252@outlook.com,866-295-0841x843,M,1948-06-03,2025-12-27,FL,New Tasha,Bronze,Mobile App,N,Email Campaign
CUST006089,Steven,Morris,STEVEN.MORRIS124@GMAIL.COM,+1-573-271-5273,M,1962-01-21,2022-04-03,New Jersey,Forbesmouth,Silver,Mobile App,no,Social Media
CUST002041,Bryan,Garza,bryan.garza513@outlook.com,889-522-3552x85870,F,1996-06-06,2025-01-20,GEORGIA,Grahamstad,Silver,In-Store,N,
CUST005383,John,Figueroa,john.figueroa257@outlook.com,,F,1994-08-01,2021-03-11,Illinois,Port Jayport,bronze,In-Store,,
CUST005097,Daniel,Blanchard,daniel.blanchard675@yahoo.com,307-941-9838x773,M,2007-05-02,2025-04-09,Maryland,East Richardhaven,Silver,Mobile App,no,Search Engine
CUST005570,Christine,Ramsey,,,Other,,2026-01-14,TN,,bronze,Mobile App,,
CUST004772,Dennis,Romero,dennis.romero198@yahoo.com,731.358.4171x4796,F,1967-01-25,2024-07-20,NJ,Patrickchester,bronze,Online,no,Email Campaign
CUST003726,Brenda,Kerr,brenda.kerr813@outlook.com,001-829-979-8013x4720,M,1970-09-20,2021-11-02,Wisconsin,East April,BRONZE,Mobile App,0,Walk-in
CUST005105,  Tony ,Diaz,tony.diaz280@yahoo.com,771-410-6583,M,1899-01-01,2022-06-29,wa,North Donna,bronze,In-Store,1,
CUST004818,Beth,Good,beth.good39@gmail.com,577.769.8796x08709,F,1963-08-01,2024-01-05,NY,North Cherylstad,BRONZE,Mobile App,N,Email Campaign
CUST000371,Billy,Kelly,billy.kelly643@yahoo.com,551-234-2284,M,1990-04-22,2023-07-01,OHIO,Rodriguezberg,GOLD,Online,0,Search Engine
CUST004725,Jonathan,Esparza,jonathan.esparza139@gmail.com,913.755.1264x00893,Other,1949-06-11,2025-12-15,TN,Lake Brian,Silver,In-Store,no,Influencer
CUST004359,Gabriel,Frank,gabriel.frank70@hotmail.com,877-610-2037,M,1954-06-21,2026-05-08,IN,Lake Taylorshire,BRONZE,In-Store,N,Email Campaign
CUST000943,Eric,Hampton,eric.hampton425@outlook.com,635-874-8352x6806,F,1987-02-26,01/08/2023,IN,North Taylor,Gold,Online,0,TV Ad
CUST005901,Sonya,Smith,sonya.smith105@gmail.com,(214)376-8428x38883,F,1961-11-04,2021-06-26,Maryland,Port Mark,Silver,Online,yes,Walk-in
CUST003223,Joseph,Lozano,joseph.lozano802@yahoo.com,001-470-687-7015,Other,1950-11-27,2021-08-23,Tennessee,East Beth,Gold,In-Store,0,Influencer
CUST005478,James,Williams,,,F,,2024-04-24,Maryland,,platinum,Online,,
CUST005183,Jennifer,Lopez,jennifer.lopez435@outlook.com,922.776.7232x3290,M,1983-02-26,2021-07-08,Texas,Lake Robert,BRONZE,In-Store,0,Email Campaign
CUST005737,Vanessa,Reed,vanessa.reed499@outlook.com,542-897-6034x6117,F,1941-04-03,2023-04-01,WI,New Lisatown,Silver,Online,Y,Social Media
CUST005025,Jill,Stone,jill.stone30@hotmail.com,235-986-2131x8418,M,1952-07-25,2023-04-13,NC,Lake Christina,Silver,Mobile App,0,Friend Referral
CUST002840,Danielle,Palmer,danielle.palmer286@gmail.com,502.929.5576x93088,M,1971-05-24,2023-12-08,NJ,Port Courtney,bronze,In-Store,Y,Social Media
CUST001346,Antonio,Rivera,antonio.rivera546@outlook.com,+1-767-331-2343x88804,M,1983-10-06,2024-02-09,Washington,Port David,gold,Mobile App,Y,Search Engine
CUST006044,Jonathan,Collins,JONATHAN.COLLINS2@GMAIL.COM,316-625-4712x99328,F,2003-04-09,2021-11-11,Pennsylvania,Linfort,platinum,Mobile App,0,
CUST002360,Juan,Lucero,juan.lucero982@hotmail.com,(277)315-6853,F,1990-05-18,2024-08-06,Florida,South Thomas,BRONZE,In-Store,,Friend Referral
CUST001755,Hector,Smith,hector.smith126@yahoo.com,219.326.0261x186,M,1978-05-02,2024-06-11,Washington,Thomasburgh,BRONZE,Mobile App,,Email Campaign
CUST002394,Mason,Shelton,mason.shelton903@hotmail.com,(297)822-3242x0430,F,1968-02-04,03/23/2025,TN,Lake Raymondside,SILVER,Online,0,Influencer
CUST003552,Lydia,Michael,lydia.michael835@yahoo.com,(362)884-4329x081,F,2000-08-20,2022-09-10,VA,Johnsonton,SILVER,Mobile App,yes,Influencer
CUST001707,James,Carter,james.carter163@yahoo.com,(403)232-7399x74159,M,1968-04-17,2022-04-23,Missouri,Adamsfurt,Bronze,In-Store,Y,Search Engine
CUST002652,Patricia,Whitehead,patricia.whitehead737@yahoo.com,001-750-831-5134x65086,F,1976-05-19,2026-02-21,IL,Ramirezton,SILVER,Online,N,Email Campaign
CUST005529,Christopher,Cole,christopher.cole426@gmail.com,653.220.8159x373,Other,1982-11-17,2023-08-17,il,West Melissa,GOLD,Mobile App,1,
CUST003023,Julie,Rice,julie.rice484@yahoo.com,569.618.6484x1212,F,1956-03-25,2022-10-08,Indiana,Lindseyhaven,Bronze,Online,1,Walk-in
CUST004961,Amy,James,amy.james267@outlook.com,001-973-538-1435,M,1957-11-23,2020-10-11,MI,New Anthonymouth,bronze,In-Store,yes,Search Engine
CUST004170,Aaron,Santos,aaron.santos701@hotmail.com,360.349.6022x50920,F,2003-02-02,2022-03-02,Ohio,West William,silver,Online,Y,Influencer
CUST000541,James,Blevins,james.blevins190@gmail.com,(545)256-9644,F,1985-05-21,2026-04-17,Indiana,Archerhaven,SILVER,In-Store,N,TV Ad
CUST003958,Richard,Rowland,richard.rowland178@hotmail.com,3285761976,Other,1955-02-20,2024-05-06,IN,West Robert,BRONZE,In-Store,,
CUST004295,Victoria,Stewart,victoria.stewart332@yahoo.com,(951)908-1658,M,1945-10-06,2023-05-09,Massachusetts,Henryport,Silver,Mobile App,N,
CUST004166,Andre,Mccarty,andre.mccarty683@hotmail.com,001-692-891-8819x4054,M,1995-12-17,2023-05-30,Maryland,Wardborough,platinum,Online,N,TV Ad
CUST005421,Diane,Wade,diane.wade191@hotmail.com,+1-507-283-4348x3834,Other,1943-02-05,2025-12-11,OH,Gutierrezstad,Bronze,Mobile App,N,Walk-in
CUST004038,Kim,Miranda,kim.miranda82@yahoo.com,+1-697-225-3983x74537,F,1991-03-13,2026-06-23,MD,South Andrea,Silver,In-Store,N,Search Engine
CUST005388,Anna,Holloway,anna.holloway702@gmail.com,234.584.6006,F,1945-01-11,2026-06-29,Ohio,Port Denise,PLATINUM,Online,Y,Friend Referral
CUST005375,Darlene,Glenn,darlene.glenn376@outlook.com,+1-501-255-9005x3761,M,1954-12-18,2026-06-24,Illinois,East Stephen,bronze,Online,Y,TV Ad
CUST000497,Joe,Smith,joe.smith853@outlook.com,,Other,2010-04-01,2020-10-09,Missouri,Rosarioville,Bronze,Online,,
CUST000145,David,Perez,david.perez649@gmail.com,001-427-813-6111x554,F,1988-04-10,2020-09-22,Pennsylvania,Lisachester,Silver,In-Store,0,TV Ad
CUST001355,Amanda,Payne,amanda.payne269@gmail.com,+1-516-881-6360x38917,F,1965-12-28,2022-01-17,Florida,Port Andreaborough,SILVER,Online,yes,TV Ad
CUST001201,Claire,Flynn,claire.flynn898@yahoo.com,001-802-474-0675x8267,M,1950-02-22,05/07/2022,MI,Lake Thomasport,Bronze,In-Store,Y,Email Campaign
CUST005697,John,Oconnor,john.oconnor911@hotmail.com,+1-865-982-7133,M,1987-12-01,2021-12-09,FL,South Anthony,bronze,Online,Y,
CUST004365,Jasmine,Morrison,jasmine.morrison611@gmail.com,499.572.4372x43675,Other,2008-03-15,2023-07-30,AZ,Schmidtfort,BRONZE,Mobile App,N,TV Ad
CUST005187,Jennifer,Barrett,jennifer.barrett373@yahoo.com,866-707-2898,F,1968-02-18,2020-11-03,Pennsylvania,Port Mikestad,SILVER,Mobile App,,
CUST004949,Steven,Morris,steven.morris124@gmail.com,+1-573-271-5273,M,1962-01-21,2022-04-03,New Jersey,Forbesmouth,Silver,Mobile App,no,Social Media
CUST001327,George,Moore,george.moore25@outlook.com,961.665.2289x890,F,1970-06-07,2023-03-16,MI,New Hollyborough,BRONZE,Mobile App,yes,Social Media
CUST000116,Suzanne,Wilson,suzanne.wilson310@hotmail.com,763.685.4678,F,2010-08-24,2023-06-18,MASSACHUSETTS,Lake Cassandra,Bronze,Mobile App,,
CUST004099,Jessica,Griffin,jessica.griffin293@gmail.com,6174762609,F,1946-06-21,02/11/2023,TX,Herreraborough,BRONZE,Mobile App,Y,
CUST001456,Shane,Hansen,shane.hansen283@outlook.com,5063434597,F,1948-09-29,2023-12-01,NEW YORK,Ellischester,platinum,Mobile App,Y,
CUST002683,Joshua,Huff,joshua.huff163@yahoo.com,,M,2007-04-08,2022-07-18,FL,Randallshire,SILVER,In-Store,,
CUST001912,Natalie,Clark,natalie.clark843@hotmail.com,+1-485-640-7008x41591,M,1984-05-14,2023-07-25,WI,East Brianbury,GOLD,Online,yes,Walk-in
CUST002922,Ashley,Mejia,ashley.mejia310@outlook.com,+1-674-474-8157x9619,F,1959-07-26,2020-12-25,WASHINGTON,Lake Davidland,GOLD,Mobile App,Y,
CUST004765,Cheyenne,Hanson,cheyenne.hanson223@yahoo.com,+1-805-716-6523x43194,M,1957-11-26,2025-11-07,Illinois,Gregorytown,Bronze,Online,1,Email Campaign
CUST005161,Michael,Stanton,michael.stanton390@gmail.com,844-265-4499,M,1942-01-10,2021-05-15,Wisconsin,Williamsberg,SILVER,In-Store,yes,Friend Referral
CUST002095,Anthony,Jones,anthony.jones592@hotmail.com,952.863.5951,M,2003-05-24,09/27/2020,MA,Robertmouth,BRONZE,Online,yes,Email Campaign
CUST002107,Tracey,Hill,,,Other,1989-05-11,2022-07-21,PA,Daniellefort,silver,In-Store,,
CUST002486,Matthew,Davis,matthew.davis154@yahoo.com,635-922-1732x842,F,1962-07-07,2022-10-02,Massachusetts,Garychester,SILVER,In-Store,,Friend Referral
CUST002606,  Daniel ,Mathis,daniel.mathis399@outlook.com,219.499.2752x3710,F,2003-05-05,2025-12-05,Florida,Port Justin,SILVER,Mobile App,0,Social Media
CUST001357,Stephen,Hamilton,stephen.hamilton456@outlook.com,+1-351-623-7085x119,F,1959-07-04,2022-10-19,New Jersey,Port Destinyside,gold,In-Store,1,Influencer
CUST001039,Carolyn,Hurley,carolyn.hurley735@gmail.com,(852)940-6221x5599,F,1968-03-18,2022-04-09,VA,Stephanieside,Gold,In-Store,no,
CUST000975,Ashley,Robinson,ashley.robinson341@yahoo.com,785.422.1158x7184,M,1994-08-06,2021-12-27,NY,North Amandaville,platinum,Mobile App,N,TV Ad
CUST003106,Jacqueline,Meyer,jacqueline.meyer392@hotmail.com,(774)622-1211,Other,1979-12-01,2025-03-22,New Jersey,West Katherinechester,Bronze,Online,0,Friend Referral
CUST002743,Valerie,Christensen,valerie.christensen600@gmail.com,654-330-9903,F,1989-02-20,2021-08-04,GA,Douglasborough,Silver,Mobile App,N,
CUST003501,Steven,Jones,steven.jones548@hotmail.com,+1-338-352-2293x11423,M,1976-06-07,2024-04-21,Tennessee,North Susan,SILVER,In-Store,,
CUST004348,Jennifer,Hunt,jennifer.hunt730@gmail.com,759.544.6342,M,1974-04-10,2026-04-29,IL,Schmidtfort,Bronze,In-Store,1,Social Media
CUST004647,Denise,Thompson,denise.thompson391@outlook.com,001-400-656-7418,M,1995-10-20,2023-06-07,New York,Victoriahaven,bronze,Online,yes,Walk-in
CUST002731,Daniel,Charles,daniel.charles979@hotmail.com,832.870.2899,F,1963-07-23,2025-02-05,WA,South Jason,GOLD,Online,Y,
CUST000428,Justin,Hall,justin.hall462@hotmail.com,666-821-2867x16323,Other,1986-11-05,2021-01-29,FL,West Aprilburgh,silver,Online,Y,
CUST000524,James,Davis,james.davis575@hotmail.com,(586)934-2346x19942,F,1990-03-29,2024-06-19,OH,Mcgeefort,Bronze,Online,yes,Walk-in
CUST001459,Brett,Ashley,brett.ashley543@hotmail.com,(757)628-9722x69348,F,1981-01-01,2022-12-15,NY,Coxstad,silver,In-Store,N,Email Campaign
CUST004847,Lindsay,Thomas,lindsay.thomas918@gmail.com,,Other,1981-09-18,2022-12-06,New York,Lake Kenneth,SILVER,In-Store,,
CUST000509,Paul,Ford,paul.ford261@hotmail.com,001-916-363-6515x5973,M,1947-03-22,2023-05-21,Texas,Rodriguezburgh,Gold,Mobile App,no,TV Ad
CUST001784,Tara,Sims,tara.sims782@gmail.com,001-504-323-5731x8995,Other,1995-01-26,05/07/2023,ny,Blackfort,bronze,Mobile App,no,
CUST002507,Rachel,White,rachel.white783@gmail.com,572.822.8749x958,Other,1975-05-06,2020-12-11,IN,Jayton,Bronze,Online,yes,Social Media
CUST005099,Patrick,Campbell,patrick.campbell802@outlook.com,6267249872,M,1975-09-18,2024-04-23,Indiana,Lake Nicolas,SILVER,Online,1,
CUST001573,Angela,Boyd,angela.boyd446@hotmail.com,001-667-515-2077x10740,F,1940-11-13,2024-10-05,md,Smithhaven,gold,Mobile App,Y,Influencer
CUST005358,Jason,Brown,jason.brown973@gmail.com,001-329-882-8122,M,1994-09-22,2026-03-17,FL,Wesleystad,BRONZE,In-Store,no,Influencer
CUST003035,Charles,Roberts,charles.roberts274@outlook.com,481-410-6994,F,1966-03-18,2025-12-03,MASSACHUSETTS,Lake Jenniferside,silver,Online,Y,Influencer
CUST001221,Madison,Salas,madison.salas625@outlook.com,577-395-4176x755,Other,1990-09-08,2024-04-29,New York,Brownside,PLATINUM,Mobile App,Y,Influencer
CUST003486,Todd,Grant,todd.grant141@yahoo.com,2668764629,Other,1944-03-25,2021-11-01,AZ,Justinside,Silver,In-Store,N,Walk-in
CUST003399,Patricia,Hughes,patricia.hughes262@outlook.com,848-476-3029,F,1944-04-30,2021-03-21,TENNESSEE,West Donald,BRONZE,Online,Y,Influencer
CUST002313,Ann,Brown,ann.brown805@outlook.com,8752193914,Other,1982-10-14,2022-02-21,il,New Thomas,PLATINUM,In-Store,,Influencer
CUST005014,Brian,Hart,brian.hart456@hotmail.com,(322)989-8108x50009,Other,1965-03-14,2026-02-27,Indiana,West Monique,Silver,In-Store,,Social Media
CUST003663,Frank,Diaz,frank.diaz470@yahoo.com,246-970-0475x87012,F,1951-06-28,2026-03-24,CA,Benitezstad,BRONZE,Online,N,TV Ad
CUST003427,Rachel,Berry,rachel.berry745@yahoo.com,235-289-9616,M,1999-10-10,2024-04-07,North Carolina,Murraymouth,BRONZE,In-Store,1,Walk-in
CUST003111,Richard,Combs,richard.combs900@hotmail.com,546-418-7027,M,1954-01-06,2025-10-26,CA,Lake Aliciaton,GOLD,In-Store,no,Social Media
CUST001542,Tracy,Evans,tracy.evans811@outlook.com,(841)815-0509,M,1981-04-13,2023-01-28,WA,New Adam,SILVER,Online,Y,
CUST000875,Jason,Zimmerman,jason.zimmerman698@hotmail.com,+1-912-956-0832x00487,F,1997-11-25,2021-06-23,MO,East Edward,BRONZE,Mobile App,Y,TV Ad
CUST003947,Thomas,Hartman,thomas.hartman350@hotmail.com,345.756.3780x187,F,1960-08-28,2022-09-06,CA,New Kevinville,silver,Mobile App,0,Search Engine
CUST004436,Jennifer,White,jennifer.white418@outlook.com,882.710.5673x3806,F,1941-06-03,2025-08-03,Indiana,East Michaelbury,silver,In-Store,N,Walk-in
CUST001155,Anthony,Robbins,anthony.robbins254@hotmail.com,854.990.1459,Other,1982-01-26,2024-09-02,CA,North Emily,Bronze,In-Store,1,Email Campaign
CUST000590,April,Cox,april.cox388@hotmail.com,825-956-3830x0081,Other,1954-07-26,2021-08-02,WISCONSIN,Heathbury,Bronze,Online,0,
CUST002154,Michelle,Krueger,michelle.krueger168@yahoo.com,331.380.2040x4107,Other,1967-05-04,2021-09-26,VIRGINIA,Craigmouth,gold,Mobile App,1,Walk-in
CUST001877,Andrea,Herman,andrea.herman192@yahoo.com,217.375.6900,Other,1974-07-20,2020-11-16,MD,East Cindytown,Bronze,Online,Y,TV Ad
CUST004186,Trevor,Stein,trevor.stein592@hotmail.com,,M,2009-06-28,2021-03-30,CA,Estradaside,BRONZE,Mobile App,,
CUST000354,Claudia,Rubio,claudia.rubio2@hotmail.com,876.635.1484x68536,F,1990-11-30,2024-01-15,Illinois,Joshuashire,gold,In-Store,Y,Friend Referral
CUST004358,Tammy,Marshall,tammy.marshall430@hotmail.com,897.980.8684x7625,F,1986-03-21,2024-03-18,Arizona,Danielfurt,SILVER,In-Store,yes,
CUST005597,Bradley,Davidson,bradley.davidson507@outlook.com,620-899-7236x5878,M,1981-12-21,2024-11-11,Indiana,Fordmouth,bronze,Mobile App,no,Walk-in
CUST001367,Maria,Jackson,maria.jackson735@hotmail.com,001-361-569-4963x7881,M,1972-12-11,2026-03-26,Georgia,Shaneburgh,bronze,Online,1,Influencer
CUST002826,Alex,Montes,alex.montes371@outlook.com,(889)621-0758,Other,1967-07-28,2025-09-13,CA,North Loriside,Silver,Online,yes,Social Media
CUST000292,Terri,Reyes,terri.reyes455@hotmail.com,001-958-732-1971,M,1964-07-11,2025-05-30,AZ,Muellerchester,bronze,Mobile App,Y,Email Campaign
CUST004636,Stephanie,Torres,stephanie.torres632@gmail.com,967.463.0728,M,2000-02-06,2021-10-18,Missouri,Wigginsmouth,Bronze,In-Store,no,Walk-in
CUST001299,Levi,Robbins,levi.robbins899@yahoo.com,(632)686-3011x22008,M,1968-04-21,2023-01-01,VA,Smithborough,bronze,Mobile App,N,Friend Referral
CUST001783,Keith,Brown,keith.brown896@gmail.com,(839)585-2381x82893,F,1992-10-26,2024-07-20,TEXAS,New Gregory,Silver,Mobile App,0,Walk-in
CUST000393,Bryan,Beasley,bryan.beasley340@outlook.com,001-988-864-9767,F,1974-01-05,2023-04-09,AZ,Ericafurt,BRONZE,Mobile App,no,
CUST003059,Jason,House,jason.house627@hotmail.com,3828382888,M,2005-11-11,2024-05-13,mi,Comptonstad,bronze,In-Store,yes,Email Campaign
CUST001979,Matthew,Johnson,matthew.johnson223@hotmail.com,509-307-4447,F,1962-09-21,2023-12-01,TN,South Tracy,silver,In-Store,N,Social Media
CUST000253,Amanda,Cole,amanda.cole654@hotmail.com,(920)495-9351x8638,M,1998-01-13,2023-10-29,Virginia,Smithhaven,Silver,Online,Y,Walk-in
CUST003445,Cathy,Daniel,cathy.daniel824@yahoo.com,221.431.9139x6839,F,1971-11-17,2024-05-25,New Jersey,Charlesstad,bronze,In-Store,Y,
CUST004375,Briana,Allen,briana.allen863@outlook.com,001-945-757-0172,Other,1995-08-29,2023-08-07,Wisconsin,South Victoria,PLATINUM,In-Store,yes,
CUST004218,Heather,Delacruz,heather.delacruz215@gmail.com,995-411-4101x089,Other,1966-03-26,2025-03-16,OH,Annaton,Gold,Mobile App,1,Walk-in
CUST003694,Phillip,Rodriguez,phillip.rodriguez149@yahoo.com,(685)616-4064x0058,F,2009-12-05,2026-01-20,Missouri,South Bryan,Gold,Online,yes,Influencer
CUST002274,Taylor,Smith,taylor.smith262@outlook.com,855.714.3825x52032,Other,1981-04-14,2025-10-26,New York,Wilsonberg,bronze,Online,yes,Search Engine
CUST002641,Debbie,Patton,debbie.patton525@outlook.com,714-565-1831x6332,F,1997-09-18,2025-02-11,North Carolina,Rojasfort,BRONZE,Online,,
CUST003270,James,Jones,james.jones657@gmail.com,001-834-950-8960x71376,F,1971-01-11,2024-04-14,Virginia,West Lindaberg,Silver,In-Store,0,
CUST003257,Felicia,Black,felicia.black13@yahoo.com,+1-380-445-5912x8995,F,1988-10-21,2025-12-31,Indiana,South Teresa,Bronze,Mobile App,Y,Social Media
CUST002562,Lance,Martin,lance.martin440@outlook.com,001-280-646-6063x8285,F,1959-01-15,2026-03-31,WA,Williamsonton,Bronze,Online,,Email Campaign
CUST001436,Kimberly,Jenkins,kimberly.jenkins847@hotmail.com,9719469714,F,1957-05-11,2024-12-27,FLORIDA,Scottport,silver,Online,yes,Walk-in
CUST002997,Gary,Marks,gary.marks612@hotmail.com,001-416-397-6905x43526,M,1953-09-14,2022-12-11,Virginia,Danielleland,BRONZE,Mobile App,N,Search Engine
CUST003749,Felicia,Perkins,felicia.perkins289@yahoo.com,001-875-220-0255x69318,F,2001-08-19,2023-07-12,Wisconsin,North Geoffrey,Gold,Mobile App,yes,Walk-in
CUST001211,Gregory,Scott,gregory.scott716@hotmail.com,(533)786-8608,M,1961-11-07,2021-01-27,TEXAS,Fitzpatricktown,SILVER,Mobile App,N,Social Media
CUST000870,Rachel,Castillo,rachel.castillo380@yahoo.com,526.329.0529x1876,M,1963-02-19,2025-01-07,California,Annaview,Bronze,In-Store,Y,Influencer
CUST004428,Michael,Hester,michael.hester124@gmail.com,(473)971-9402x071,F,1963-06-26,2021-07-31,VA,East Jamestown,SILVER,Online,,
CUST005887,Frances,Oliver,frances.oliver663@yahoo.com,240-357-7790x55496,M,1967-02-06,2025-04-08,Texas,New Andreaberg,SILVER,Online,0,
CUST003775,Joshua,Lane,joshua.lane416@yahoo.com,279.491.6185,M,1983-03-04,03/12/2021,IL,North Jessica,SILVER,Mobile App,,
CUST004400,  Ricky ,Stewart,ricky.stewart51@gmail.com,+1-675-774-4510x1598,Other,1981-12-18,2022-08-23,VA,West Katherine,PLATINUM,In-Store,0,Walk-in
CUST005437,Teresa,Martinez,teresa.martinez451@gmail.com,978.970.2268x5402,F,1987-07-23,11/26/2020,Georgia,Lake Paulaberg,silver,Online,N,Walk-in
CUST004521,Tracey,Molina,tracey.molina915@gmail.com,+1-935-502-6528x79059,F,1983-02-10,2026-02-06,Ohio,New Christopherhaven,Silver,Online,no,Walk-in
CUST002594,Richard,Bond,richard.bond405@gmail.com,3278760123,Other,1944-08-14,2021-04-17,Massachusetts,North Nathanport,bronze,Mobile App,Y,Friend Referral
CUST001279,Danielle,Sweeney,danielle.sweeney640@hotmail.com,608-342-3242x34800,M,1961-05-18,2022-06-05,New Jersey,Heathburgh,Silver,Mobile App,0,Email Campaign
CUST002458,Troy,Pearson,troy.pearson233@outlook.com,467-714-8957,F,2002-12-16,2023-11-20,CA,Williamsmouth,SILVER,Online,,
CUST000709,Jennifer,Doyle,jennifer.doyle143@gmail.com,+1-851-591-0231x2110,F,1964-07-21,2025-12-18,TENNESSEE,East Brandimouth,BRONZE,Mobile App,N,
CUST005567,Gina,Smith,gina.smith788@hotmail.com,001-430-778-3016,Other,1978-03-26,2024-06-29,MA,North Bobmouth,Bronze,In-Store,,
CUST004326,Timothy,Perez,timothy.perez606@gmail.com,(225)799-9798x96862,Other,2008-06-07,2023-06-26,az,Taylorport,Silver,Online,N,Search Engine
CUST004354,Michelle,Bennett,michelle.bennett195@yahoo.com,667-971-0866,F,1993-07-30,2024-07-25,GA,North Cathy,SILVER,In-Store,,
CUST003530,Elizabeth,Cox,elizabeth.cox785@gmail.com,927-212-1519,F,1975-03-09,2020-12-27,Virginia,East Veronica,bronze,Mobile App,no,
CUST000745,Arthur,Graham,arthur.graham79@hotmail.com,768.632.1021x9237,Other,1989-10-26,2021-01-23,Wisconsin,West Nataliestad,Gold,Mobile App,1,
CUST000455,Matthew,Vargas,matthew.vargas43@gmail.com,(590)340-9836x6552,Other,1953-11-05,02/26/2026,Missouri,Davidmouth,SILVER,Mobile App,,Search Engine
CUST003888,Kim,Schneider,kim.schneider842@outlook.com,353.742.4950,M,1954-10-03,2025-08-20,Ohio,Lake Christinaside,bronze,In-Store,N,Search Engine
CUST001602,Patricia,Nguyen,patricia.nguyen882@hotmail.com,714.485.4183x952,M,1986-01-27,2024-09-05,NEW JERSEY,Andersonland,Gold,Mobile App,no,
CUST005620,Thomas,Cabrera,thomas.cabrera270@gmail.com,(415)446-2288x5141,M,1970-01-16,2021-11-13,nj,Ronaldchester,BRONZE,Online,0,TV Ad
CUST002397,Andrew,Hall,andrew.hall151@hotmail.com,389.528.2435x097,M,1949-11-18,2024-10-05,PENNSYLVANIA,North Colinberg,Bronze,In-Store,no,TV Ad
CUST000035,Jacqueline,Nelson,jacqueline.nelson352@yahoo.com,+1-623-337-4989,F,1958-04-10,2021-05-17,Wisconsin,West David,SILVER,Mobile App,,
CUST004051,Madison,Hernandez,madison.hernandez328@gmail.com,316.328.2613x62434,M,1990-10-18,2022-12-04,Wisconsin,Deborahville,bronze,Online,yes,Influencer
CUST006015,Justin,Hartman,JUSTIN.HARTMAN473@YAHOO.COM,+1-875-722-1850x9320,F,1970-12-03,2022-06-18,Wisconsin,Lake Stephen,GOLD,In-Store,0,Influencer
CUST003632,Devin,Rogers,,,M,,01/19/2022,tx,Port Andrewmouth,Platinum,Mobile App,,
CUST000518,Angela,Myers,angela.myers454@yahoo.com,(362)465-8263,M,1983-10-25,2022-12-18,GA,Port Sarahchester,Bronze,In-Store,Y,
CUST001802,Jody,Gibson,jody.gibson946@gmail.com,311.224.6175x7804,Other,1950-06-19,2024-07-20,NJ,Andrewport,Bronze,In-Store,1,Walk-in
CUST002364,Holly,Smith,holly.smith497@outlook.com,472.420.3071x08169,M,1963-12-05,10/22/2021,FL,New Teresa,Gold,In-Store,no,Walk-in
CUST000028,  Jeffrey ,Graham,jeffrey.graham489@yahoo.com,(898)406-9901,F,1942-09-16,2022-08-18,Texas,Ramseymouth,bronze,Online,N,Friend Referral
CUST001862,Alexis,Chapman,alexis.chapman653@hotmail.com,686-977-5465x86172,M,2003-08-22,2024-07-19,AZ,Lake Theresa,SILVER,In-Store,yes,Friend Referral
CUST003940,Maurice,Johnson,maurice.johnson440@outlook.com,5395348100,M,1984-01-26,2026-01-02,MA,Richardland,platinum,In-Store,no,Email Campaign
CUST000316,Cheryl,Miller,cheryl.miller62@hotmail.com,918.519.5883,F,1998-07-12,2022-06-05,Ohio,Smithbury,silver,Mobile App,,Walk-in
CUST004701,Kimberly,Bell,kimberly.bell112@outlook.com,321.646.0778,F,1991-04-20,2023-02-23,MO,West Kevin,Bronze,In-Store,,
CUST004910,Veronica,Ward,veronica.ward678@yahoo.com,822-775-4109x5975,M,1978-02-24,02/19/2021,Massachusetts,Humphreyville,silver,Online,Y,
CUST002457,Lance,Craig,lance.craig479@yahoo.com,(418)622-4792,Other,1968-06-22,2024-11-21,Texas,Mendozafurt,BRONZE,In-Store,1,Search Engine
CUST003903,Raymond,Arroyo,raymond.arroyo104@yahoo.com,9112836063,F,1965-08-23,07/06/2022,Washington,South Katie,BRONZE,Online,Y,
CUST002206,Jorge,Jones,jorge.jones941@gmail.com,964-630-3297,M,1964-10-09,2022-07-22,Arizona,Port Jeremy,bronze,In-Store,yes,Email Campaign
CUST005693,Jennifer,Ortiz,jennifer.ortiz220@gmail.com,,M,1955-08-04,2023-05-20,New Jersey,South Anthonyborough,SILVER,Mobile App,,
CUST001345,Alexis,Howell,alexis.howell880@hotmail.com,6397951670,Other,1944-10-26,2023-12-30,Missouri,New Marisabury,SILVER,Online,1,
CUST002543,Samantha,Jordan,samantha.jordan394@gmail.com,+1-679-297-5109x06519,M,2006-01-18,2025-04-30,California,North Tami,SILVER,Mobile App,Y,Friend Referral
CUST000431,John,Harrell,john.harrell137@yahoo.com,001-937-468-1511x856,F,1959-11-03,2024-04-30,MI,Elizabethland,bronze,In-Store,,Influencer
CUST003691,Debbie,Long,debbie.long932@gmail.com,(333)984-4461,F,2006-04-12,2024-03-25,TX,Adamsberg,GOLD,In-Store,1,Influencer
CUST003116,Thomas,Williams,thomas.williams112@gmail.com,(665)862-6160,Other,1991-12-17,2021-01-04,AZ,West Daniel,BRONZE,Mobile App,N,Social Media
CUST002245,Amanda,Mckenzie,amanda.mckenzie126@hotmail.com,(675)901-1532x70341,F,1950-03-10,2021-07-05,New York,Lake Elizabeth,SILVER,Mobile App,0,Email Campaign
CUST003095,Lisa,Graves,lisa.graves501@gmail.com,001-600-256-8417x273,Other,2010-01-08,2023-05-14,WI,East Markborough,Silver,Mobile App,,Email Campaign
CUST004882,Tyler,Anderson,tyler.anderson51@yahoo.com,4717870975,F,1984-02-21,2025-02-09,MISSOURI,Lake Katie,Silver,Mobile App,yes,TV Ad
CUST001975,William,Villarreal,william.villarreal624@yahoo.com,7122696250,F,1988-04-12,06/24/2021,Ohio,Salasside,bronze,Mobile App,,Friend Referral
CUST000242,Jason,Sanders,jason.sanders551@hotmail.com,001-968-411-4921x64334,F,1947-05-14,2026-02-15,Washington,Kelleytown,Bronze,Mobile App,1,Friend Referral
CUST002236,Kyle,Miller,kyle.miller685@outlook.com,001-772-494-2067x08058,F,2003-06-06,2023-02-27,Pennsylvania,Davisfort,BRONZE,Online,Y,TV Ad
CUST002791,Travis,Carr,travis.carr902@yahoo.com,914-984-2689x880,M,1959-08-24,2022-11-11,MA,Jamesburgh,silver,Online,1,TV Ad
CUST005009,Amanda,Black,amanda.black574@hotmail.com,+1-287-937-7424x43564,F,1967-04-20,2021-08-18,TEXAS,East Daniel,BRONZE,Online,N,Social Media
CUST004391,Alice,Young,alice.young483@outlook.com,001-793-935-4681x75579,M,1945-02-24,2023-06-03,IN,South Julia,Bronze,Mobile App,N,Email Campaign
CUST003355,Timothy,Barton,timothy.barton387@yahoo.com,+1-316-654-9806,M,1943-11-01,2021-12-03,GA,Benjaminmouth,PLATINUM,In-Store,Y,Friend Referral
CUST004125,Monica,Gray,monica.gray941@yahoo.com,673.326.8578x1052,M,2009-04-27,2021-10-01,CA,Port Davidville,BRONZE,In-Store,,Social Media
CUST003843,Samuel,Fisher,samuel.fisher110@yahoo.com,+1-805-733-7019x363,M,1982-03-10,2020-12-07,Tennessee,Mcdonaldfurt,PLATINUM,Mobile App,N,Walk-in
CUST000761,Andrew,Graham,andrew.graham474@yahoo.com,254-872-2398x983,F,1971-11-06,2023-02-21,Indiana,Scottbury,bronze,Mobile App,1,Walk-in
CUST005250,Sarah,Perez,sarah.perez642@outlook.com,7728667162,F,1987-11-06,2022-01-29,MI,Garciashire,Bronze,Online,,Walk-in
CUST005312,Destiny,Hensley,destiny.hensley912@gmail.com,480.973.9562x381,F,1965-07-14,2024-03-30,MARYLAND,North Feliciachester,bronze,Online,Y,Search Engine
CUST005661,Crystal,Garrison,crystal.garrison89@outlook.com,(913)634-7084,Other,1944-06-14,2023-01-06,Pennsylvania,North Joseph,BRONZE,In-Store,1,Email Campaign
CUST001109,Richard,Bauer,richard.bauer425@gmail.com,610-450-1476,M,1956-11-07,2025-09-21,CALIFORNIA,Jesseside,Bronze,Mobile App,0,TV Ad
CUST003970,Kelly,Johnson,kelly.johnson39@yahoo.com,537-207-8703,M,1984-09-09,2023-11-24,Arizona,New Jennifer,Bronze,Online,,
CUST003236,Michael,Lane,michael.lane567@outlook.com,356.546.6766x749,Other,1990-07-18,2024-04-12,IL,Stewartfurt,GOLD,Online,Y,Walk-in
CUST001725,Kristin,Hopkins,kristin.hopkins350@gmail.com,6273674906,F,1974-11-16,2021-07-27,MO,Brendamouth,Silver,In-Store,N,Influencer
CUST000300,Keith,Johnson,keith.johnson385@hotmail.com,001-329-404-9047,Other,2005-04-10,2025-01-13,NC,Bryanfort,Bronze,In-Store,yes,
CUST004613,Kristen,Hoover,kristen.hoover4@outlook.com,001-782-785-9712x157,F,2000-06-18,10/30/2022,NORTH CAROLINA,Woodardberg,bronze,Online,0,Email Campaign
CUST004743,Deborah,Baird,deborah.baird935@outlook.com,709-849-8990,M,1980-06-08,12/09/2021,New York,West Danielleville,Bronze,Online,0,Social Media
CUST002270,Travis,Mueller,travis.mueller253@gmail.com,213.741.7622,F,1941-07-27,2021-09-06,MI,West Marcus,SILVER,In-Store,yes,Email Campaign
CUST005423,John,Clayton,john.clayton833@gmail.com,(413)919-1075,M,1957-09-07,2024-10-27,MD,Port Sarahborough,PLATINUM,Online,no,TV Ad
CUST003934,Erika,Thompson,erika.thompson449@yahoo.com,001-860-438-3478,F,1981-11-28,2024-08-10,wi,Port Michellechester,GOLD,In-Store,yes,Influencer
CUST000159,Tanya,Foster,tanya.foster244@hotmail.com,488.531.7121x003,M,1944-02-07,05/31/2022,VA,North Stephanie,silver,In-Store,no,Email Campaign
CUST000054,Amanda,Gibson,amanda.gibson929@hotmail.com,337-909-8593,Other,1987-10-10,2024-08-02,IN,Carsonstad,gold,Mobile App,no,
CUST002581,Jonathan,Obrien,jonathan.obrien747@gmail.com,001-618-648-9945,M,1978-08-07,2024-09-06,NORTH CAROLINA,Anthonyberg,BRONZE,In-Store,1,TV Ad
CUST001408,Amanda,Powers,amanda.powers148@hotmail.com,355-476-6345x4182,M,1947-08-30,2020-12-12,TX,Wardside,BRONZE,Online,,Friend Referral
CUST002890,Kenneth,Hunter,kenneth.hunter613@outlook.com,001-884-683-3649x21529,F,1963-05-04,2023-02-01,GEORGIA,Morganville,PLATINUM,Mobile App,no,
CUST002812,Paul,Lopez,paul.lopez45@gmail.com,+1-207-836-6497,M,1992-11-20,2021-09-05,Tennessee,Olsenhaven,silver,Mobile App,1,Walk-in
CUST006069,Paul,French,PAUL.FRENCH115@HOTMAIL.COM,9118233016,F,2010-05-30,2023-12-15,MA,Lake Meganton,Silver,In-Store,yes,Walk-in
CUST000463,April,Richards,april.richards870@gmail.com,(492)508-7510,F,1990-08-21,2025-04-09,ny,Port Karenville,gold,Online,yes,Email Campaign
CUST003862,Morgan,Wright,morgan.wright588@yahoo.com,001-840-239-7621x1880,Other,1941-02-24,2025-03-31,NY,South Joshuaton,silver,Mobile App,Y,Social Media
CUST005117,George,Dillon,george.dillon600@outlook.com,+1-427-571-1315x17678,Other,1979-03-25,2025-04-09,Indiana,New Katrinamouth,silver,Mobile App,1,Influencer
CUST001490,Kelli,Jones,kelli.jones702@gmail.com,001-734-994-1971x575,Other,1947-01-21,2022-02-15,New Jersey,Rebeccastad,bronze,In-Store,Y,Friend Referral
CUST003172,Ian,Bird,ian.bird163@hotmail.com,(460)323-5217x92118,M,1962-07-27,2023-01-15,GA,Port Sue,bronze,In-Store,N,Email Campaign
CUST003933,Patricia,Collier,patricia.collier6@outlook.com,708-307-7858,Other,1984-09-25,09/30/2024,NEW JERSEY,Port Eric,Silver,Online,1,TV Ad
CUST000779,Kristine,Prince,kristine.prince608@outlook.com,394-921-7942,M,1998-05-15,2023-07-12,North Carolina,Brittneyhaven,Gold,Mobile App,N,Walk-in
CUST004485,Lisa,Lin,lisa.lin188@yahoo.com,755.768.2542x7718,F,1994-08-26,2024-04-11,IN,Rebeccaview,SILVER,Mobile App,Y,Influencer
CUST003153,Leslie,Johnson,leslie.johnson926@outlook.com,(390)946-9981,F,1991-08-14,2025-04-08,WISCONSIN,Wilkinsonshire,SILVER,In-Store,,
CUST003529,Rachael,Lane,rachael.lane909@yahoo.com,,F,1981-12-18,2026-04-08,Ohio,Warrenfurt,silver,In-Store,,
CUST000985,Jessica,Gomez,,,M,,2021-09-27,Missouri,,gold,Mobile App,,
CUST002548,Linda,Williams,linda.williams269@outlook.com,377-433-4307,F,1966-04-22,2025-01-02,Illinois,Port Wanda,Bronze,In-Store,no,TV Ad
CUST004067,Dale,Wright,dale.wright924@gmail.com,3936436886,M,1953-09-29,2025-10-16,MA,Mariaport,SILVER,In-Store,Y,Influencer
CUST001306,Clarence,Diaz,clarence.diaz331@gmail.com,001-476-875-9833,M,2005-08-16,2023-02-22,MARYLAND,Rodriguezshire,Silver,Mobile App,Y,Walk-in
CUST001675,Mariah,Smith,mariah.smith953@outlook.com,321.550.5205x353,M,1963-02-23,2025-07-18,AZ,Carolineland,Platinum,Mobile App,no,Social Media
CUST004422,Jennifer,Griffith,jennifer.griffith517@yahoo.com,(366)655-7518x4238,M,1991-03-07,2024-07-13,NJ,Brandonton,GOLD,Mobile App,N,
CUST002411,Joan,Wise,joan.wise446@outlook.com,(376)244-2863x07078,F,1959-12-21,2023-04-05,in,Dunnton,GOLD,Mobile App,no,TV Ad
CUST000090,David,Stewart,david.stewart329@gmail.com,+1-792-526-8018x2422,M,1945-11-13,2023-05-21,VA,Davidside,GOLD,Mobile App,yes,
CUST005666,Julian,King,julian.king484@hotmail.com,+1-478-209-7281x0906,F,1948-08-12,05/04/2023,IL,West Jessicaberg,BRONZE,In-Store,N,Walk-in
CUST001447,Rhonda,Smith,rhonda.smith980@outlook.com,709.206.7618x3762,M,1940-10-15,2023-06-24,Washington,Moramouth,Silver,Mobile App,0,Email Campaign
CUST000166,Susan,Brooks,susan.brooks221@yahoo.com,(467)852-8953,F,2006-08-11,12/23/2022,New York,West Kevinberg,silver,Online,,Walk-in
CUST001739,Christopher,Cohen,christopher.cohen158@hotmail.com,751.891.9850,F,1970-11-12,2022-02-16,Pennsylvania,Port Miguelton,Bronze,In-Store,Y,Influencer
CUST002301,Jimmy,Dean,jimmy.dean561@gmail.com,(801)565-7555x748,M,1942-12-08,2024-08-10,FL,Briannaburgh,Silver,Mobile App,no,Influencer
CUST001607,Christopher,Yoder,christopher.yoder792@gmail.com,885-871-3399x627,Other,1946-10-06,2026-04-19,Indiana,East Laurenbury,Bronze,In-Store,yes,Search Engine
CUST003751,Alexis,Fitzgerald,alexis.fitzgerald150@outlook.com,327-639-7674x88139,Other,2009-11-09,2023-07-12,CA,Port Cynthia,SILVER,Mobile App,0,Friend Referral
CUST003956,John,Taylor,john.taylor854@hotmail.com,+1-851-412-7481,F,1961-09-15,2024-11-11,NORTH CAROLINA,West Alan,bronze,In-Store,Y,Influencer
CUST003978,Tiffany,Davidson,tiffany.davidson598@gmail.com,+1-361-831-8839x5570,F,1972-09-21,2024-01-31,WI,North Danahaven,gold,Mobile App,yes,Friend Referral
CUST002538,William,Shannon,william.shannon413@gmail.com,+1-491-497-7638x586,F,2000-11-06,2021-11-07,FL,Amandastad,BRONZE,Online,Y,Friend Referral
CUST003076,Benjamin,Phillips,benjamin.phillips345@hotmail.com,+1-861-866-2908x7929,M,1983-11-03,2022-03-11,IN,New Jim,BRONZE,Mobile App,yes,TV Ad
CUST004075,Tyler,Baldwin,tyler.baldwin571@yahoo.com,001-482-471-8980x4576,M,2000-12-07,2025-02-20,Massachusetts,West Gregoryview,BRONZE,In-Store,0,Friend Referral
CUST001829,Gregory,Patterson,,,Other,,2023-10-26,WI,West Katieberg,Platinum,Online,,
CUST002052,Luis,Bell,luis.bell712@yahoo.com,6598193442,M,1948-08-09,2022-01-05,ma,Andreaport,BRONZE,Mobile App,N,Search Engine
CUST001231,Michael,Duffy,,,M,,2024-10-13,Virginia,New Renee,SILVER,Online,,
CUST003685,Shelia,Davis,,,F,1980-02-24,2024-04-17,IL,North Claudiaside,BRONZE,In-Store,,
CUST001879,Nathan,Jones,nathan.jones532@yahoo.com,208.270.2728x204,Other,1960-08-08,2023-07-17,MISSOURI,Montgomeryville,Bronze,Mobile App,N,Friend Referral
CUST003039,Neil,Durham,neil.durham409@outlook.com,792.834.1024x250,F,1982-06-23,2021-03-21,MASSACHUSETTS,Danielleshire,bronze,Online,Y,Influencer
CUST002327,Jeremy,Gallagher,jeremy.gallagher98@gmail.com,540-209-2319x50787,M,1995-06-16,2022-04-03,IL,New Allen,SILVER,In-Store,Y,Friend Referral
CUST004917,Ryan,Wilson,,,F,,2021-04-09,TN,,BRONZE,In-Store,,
CUST005074,Ryan,Terrell,ryan.terrell16@yahoo.com,+1-883-658-7766x3161,Other,1968-11-03,2021-04-14,Florida,West Michellechester,Gold,Mobile App,1,Search Engine
CUST003312,Bradley,Wilson,bradley.wilson595@hotmail.com,+1-759-260-6585x5229,F,1958-08-27,10/03/2020,Arizona,East Donna,bronze,Mobile App,,Influencer
CUST000398,Karen,Shaw,karen.shaw414@hotmail.com,239.971.8956,Other,1941-12-25,07/03/2024,AZ,North Joshua,PLATINUM,In-Store,Y,Social Media
CUST005944,Marcus,Diaz,marcus.diaz336@hotmail.com,481.900.6393x99201,Other,1994-07-20,2023-12-27,Michigan,Torresberg,bronze,Online,Y,Social Media
CUST004958,Isaiah,Collins,isaiah.collins794@yahoo.com,(558)459-5801,M,1990-04-30,2023-01-11,Missouri,East Masonport,BRONZE,In-Store,N,Email Campaign
CUST001272,Jeremy,Wu,jeremy.wu242@outlook.com,001-753-957-2289x20641,M,1947-10-20,05/06/2021,NEW JERSEY,West Elizabeth,SILVER,Online,,Search Engine
CUST005338,Rose,Lee,rose.lee659@gmail.com,001-833-465-3847x7733,M,1996-04-18,2025-01-10,NC,Krausechester,Bronze,Mobile App,,Social Media
CUST001627,Daniel,Rasmussen,daniel.rasmussen537@outlook.com,547-594-5923x516,M,1992-08-25,2026-06-21,AZ,Lake Victoriaborough,BRONZE,Mobile App,,
CUST003229,Hannah,Brown,,,F,,2024-12-24,PA,,PLATINUM,Mobile App,,
CUST004380,Christina,Dawson,christina.dawson230@outlook.com,001-688-860-0000,M,1991-09-25,2021-08-07,PA,Port Linda,GOLD,In-Store,1,Walk-in
CUST004807,Daniel,Morales,daniel.morales525@gmail.com,625-904-3442x620,Other,2003-12-17,2020-09-05,New York,East Markstad,SILVER,Mobile App,Y,Social Media
CUST003754,Donna,Strickland,donna.strickland474@gmail.com,(548)451-5596x4870,M,1951-01-28,2021-07-23,Maryland,North Makaylaland,Gold,Mobile App,N,Search Engine
CUST004523,Andrew,Harris,andrew.harris681@gmail.com,001-539-423-8165x1424,Other,1969-07-29,2024-01-29,ga,Forbesland,Silver,Mobile App,N,TV Ad
CUST001409,Richard,Austin,richard.austin229@gmail.com,+1-419-410-6166x91008,F,2004-01-06,2022-03-24,California,North Robert,Bronze,Mobile App,N,
CUST003905,Leslie,Franklin,leslie.franklin834@yahoo.com,001-681-440-1011x90504,Other,1949-06-03,05/21/2024,wi,East Lauren,bronze,Online,1,
CUST001468,Amber,Kennedy,amber.kennedy185@yahoo.com,624-695-6291x796,F,1977-05-22,2023-06-29,Florida,Harrisland,GOLD,In-Store,N,Friend Referral
CUST001245,Alexander,Johnson,alexander.johnson289@hotmail.com,001-805-922-4114x206,M,1953-08-08,2020-12-27,California,Sawyermouth,silver,Mobile App,Y,
CUST002519,Madeline,Figueroa,madeline.figueroa184@gmail.com,832.340.7281x95981,F,1949-06-29,2022-02-08,MD,South Jessica,BRONZE,In-Store,N,Email Campaign
CUST002919,Rebecca,Pena,rebecca.pena769@yahoo.com,774.816.5374x6678,F,1997-05-27,2021-10-03,IN,Dillonfurt,Gold,Online,0,Walk-in
CUST003646,Nicole,Martinez,nicole.martinez28@hotmail.com,+1-936-449-0365x71688,M,1973-09-05,2020-12-17,IN,Lake Jennifer,silver,In-Store,yes,
CUST001684,Michael,Murray,michael.murray308@gmail.com,415-833-3497,Other,1959-08-30,2021-11-12,GA,New Laurafort,gold,Mobile App,1,Walk-in
CUST000531,Jordan,Glover,jordan.glover732@yahoo.com,322-597-1252x967,F,1948-06-06,2026-03-09,FLORIDA,West Markfurt,BRONZE,Online,N,Social Media
CUST002555,Travis,Thomas,travis.thomas431@yahoo.com,403.722.1775x990,M,1971-12-08,2021-01-02,Arizona,Port Jessicaside,BRONZE,Online,Y,
CUST004568,Erica,Adams,erica.adams493@yahoo.com,+1-499-536-5955,M,1981-10-01,2023-12-31,Missouri,North Paige,platinum,Online,no,TV Ad
CUST005816,Loretta,Hooper,,,M,,2022-02-03,VA,Lake Karen,Silver,In-Store,,
CUST004529,Paul,Tate,paul.tate57@yahoo.com,777-998-7331x197,M,1967-09-21,05/04/2025,Indiana,West Nicole,silver,In-Store,0,Search Engine
CUST002788,Katherine,Valencia,katherine.valencia807@yahoo.com,841-456-6305x7275,F,2008-11-06,2022-09-03,California,North Lindaview,BRONZE,Mobile App,no,Social Media
CUST003915,Thomas,Crawford,thomas.crawford82@gmail.com,248-699-6151x6008,Other,1971-05-16,2022-02-24,Washington,South Aliciafort,PLATINUM,In-Store,Y,Friend Referral
CUST000874,Henry,Griffin,henry.griffin956@yahoo.com,(971)320-5397,M,1998-06-01,2025-09-06,New York,Smithshire,gold,In-Store,1,Email Campaign
CUST001070,Alicia,Garcia,alicia.garcia767@outlook.com,001-320-720-0953x662,M,1967-05-19,2020-12-18,TN,East Amymouth,silver,In-Store,0,
CUST001696,Danny,Glenn,danny.glenn469@hotmail.com,680-244-2364x7921,M,1942-12-30,2021-02-09,TN,New Daniel,BRONZE,Online,N,Social Media
CUST001713,Alyssa,Adams,alyssa.adams763@gmail.com,001-257-236-5404x49272,F,2008-07-03,2025-05-12,GEORGIA,West Zachary,silver,Online,yes,Friend Referral
CUST004657,Megan,Mendoza,megan.mendoza504@hotmail.com,856.257.3294,F,1991-07-24,2021-07-13,Missouri,Brooksbury,GOLD,Mobile App,Y,Influencer
CUST000675,James,Collins,james.collins5@yahoo.com,(669)413-1196,F,1976-02-07,05/30/2024,Michigan,Katherineside,bronze,In-Store,N,TV Ad
CUST002472,Michael,Kirk,,,F,,2022-03-24,NJ,Clarkton,gold,Online,,
CUST000313,Danny,Larson,danny.larson522@yahoo.com,001-365-319-8253x0925,F,1983-10-08,2021-01-15,OH,South Matthew,SILVER,Mobile App,Y,Email Campaign
CUST005970,Joseph,Jackson,joseph.jackson727@hotmail.com,+1-450-563-1586x2853,M,1959-11-06,2024-03-01,NY,Scottside,bronze,In-Store,yes,
CUST004751,Jessica,Bentley,jessica.bentley941@hotmail.com,+1-215-276-0670x0128,M,1994-02-19,2024-03-19,IN,Mcfarlandmouth,silver,Mobile App,1,Social Media
CUST005322,Daniel,Williams,daniel.williams605@gmail.com,+1-476-491-2013x5834,M,1972-07-29,2022-08-02,Wisconsin,Villarrealstad,bronze,Mobile App,,Friend Referral
CUST005651,Kayla,Barrett,kayla.barrett486@outlook.com,(257)206-5632,F,1945-12-11,2026-02-19,Missouri,Delacruzside,bronze,Mobile App,1,
CUST002558,Eric,Garcia,eric.garcia829@gmail.com,746.821.3345x9582,M,1967-10-10,2023-03-20,NY,North Rebecca,Bronze,In-Store,0,
CUST000471,Stacey,Russell,stacey.russell451@yahoo.com,(490)914-8706,F,1962-07-26,2021-03-13,in,North Jessicaland,bronze,Online,1,Email Campaign
CUST000871,Philip,Dunn,,,F,,2023-03-26,Ohio,,Gold,Mobile App,,
CUST002344,Gina,Glenn,gina.glenn479@gmail.com,+1-686-611-2580,F,1978-10-05,12/14/2025,Wisconsin,Angelatown,silver,Mobile App,Y,
CUST003431,Yvonne,Short,yvonne.short234@yahoo.com,579.573.0905,F,1969-05-25,2024-08-16,AZ,South Sethberg,Bronze,Mobile App,N,Friend Referral
CUST004641,Julie,Brown,julie.brown379@yahoo.com,(440)385-9551x49572,F,1954-10-06,07/08/2024,NY,Debraburgh,gold,Online,N,Social Media
CUST005702,Riley,Leonard,riley.leonard852@gmail.com,974.885.1017x516,Other,1977-01-12,2024-07-25,Georgia,Cunninghamton,BRONZE,In-Store,no,Friend Referral
CUST001845,Michelle,Reynolds,michelle.reynolds329@hotmail.com,383-693-3011,Other,1981-07-26,2022-02-07,New Jersey,West Johnborough,GOLD,Online,1,Email Campaign
CUST005359,Jill,Byrd,jill.byrd41@hotmail.com,319-746-0078x518,F,1952-03-22,2024-07-13,AZ,Port Frederick,bronze,Online,,TV Ad
CUST005124,Carol,Woods,carol.woods887@outlook.com,545-998-3051x2206,Other,2006-09-17,2023-11-10,WISCONSIN,East Andrew,SILVER,Online,N,Influencer
CUST000824,Jennifer,Wood,jennifer.wood571@outlook.com,2175646448,F,1978-09-19,2021-10-05,TX,Port Rhonda,gold,In-Store,,Search Engine
CUST002375,Scott,Caldwell,scott.caldwell251@yahoo.com,6634474180,F,1982-11-25,2026-03-04,WA,Port Kristenton,silver,Mobile App,0,Email Campaign
CUST003173,John,Hess,john.hess589@hotmail.com,(581)247-9605x623,F,1963-04-03,2020-10-16,Pennsylvania,Millertown,Silver,Mobile App,yes,
CUST003653,Thomas,Anderson,thomas.anderson356@hotmail.com,(907)765-7966,Other,1946-01-19,2025-10-31,Tennessee,Kristyton,PLATINUM,In-Store,1,Email Campaign
CUST005360,Jennifer,Cummings,jennifer.cummings559@hotmail.com,4785312692,F,1965-12-14,2026-03-05,Florida,North Christinemouth,bronze,Mobile App,Y,Email Campaign
CUST005339,Victoria,Campbell,victoria.campbell782@outlook.com,(606)247-5325x57382,Other,1984-06-20,2025-10-13,Virginia,New Candice,bronze,In-Store,N,Walk-in
CUST003142,Marie,Henderson,marie.henderson189@hotmail.com,+1-261-802-1305,M,1969-03-19,2021-08-17,TN,Port Mary,Bronze,Online,Y,
CUST001799,Michael,Washington,michael.washington580@hotmail.com,+1-553-562-0544,F,1963-01-02,2022-08-08,ILLINOIS,New Daniel,bronze,In-Store,Y,Walk-in
CUST004648,Elizabeth,Williams,elizabeth.williams973@outlook.com,900.286.5787,M,1943-04-15,2022-04-02,nj,New Cameron,bronze,Mobile App,Y,Influencer
CUST002226,  Christina ,Sparks,christina.sparks993@outlook.com,562-214-7061x6537,F,1996-10-18,2021-07-22,Michigan,North Cheryl,bronze,Mobile App,Y,Walk-in
CUST001495,Sarah,Williams,sarah.williams179@hotmail.com,001-288-326-7280x07272,M,1965-03-18,2020-11-16,MI,Cookfurt,Platinum,Mobile App,0,
CUST000071,Laura,Vargas,laura.vargas389@outlook.com,(941)519-9867x980,M,1965-04-24,2021-02-07,MD,Hayeston,BRONZE,Online,Y,
CUST002066,Andrea,Johnson,andrea.johnson451@hotmail.com,(299)506-4949x3565,Other,1985-07-11,02/03/2024,GEORGIA,Lake Tim,SILVER,Online,N,Email Campaign
CUST005313,Katelyn,Leon,katelyn.leon427@gmail.com,897.427.4856x13662,F,1978-08-18,2026-04-18,OHIO,North Suzanneside,SILVER,Mobile App,N,Influencer
CUST005988,Amber,Everett,amber.everett575@yahoo.com,001-572-987-9522x8736,Other,1969-06-06,2025-08-17,pa,West Joshua,Silver,Mobile App,0,Email Campaign
CUST002928,Jimmy,Henry,jimmy.henry724@gmail.com,+1-923-282-0002,M,1983-01-25,01/03/2023,IL,Port Katherinetown,Silver,Mobile App,no,Social Media
CUST004699,Gregory,Williams,gregory.williams442@outlook.com,536-256-8586x9744,Other,2000-11-06,2022-09-04,mi,West Williamside,BRONZE,Online,0,Email Campaign
CUST003787,Kristi,Rivera,kristi.rivera79@yahoo.com,337-860-1832x5798,M,1968-07-05,2022-04-11,Texas,Lake Scotthaven,GOLD,Online,,Email Campaign
CUST005945,Timothy,Gutierrez,timothy.gutierrez738@yahoo.com,859.245.1134x360,Other,1944-12-04,11/25/2021,MA,Lake Christopher,BRONZE,Mobile App,Y,Social Media
CUST000285,Jennifer,Nelson,jennifer.nelson220@yahoo.com,984.221.5031,M,1946-10-02,2025-10-11,Washington,Shannonport,bronze,In-Store,N,Search Engine
CUST002613,Kathleen,Barry,kathleen.barry207@gmail.com,001-310-267-6987,F,2004-04-12,2024-12-11,IN,Port Joseph,silver,In-Store,Y,TV Ad
CUST000956,Philip,Robinson,philip.robinson467@yahoo.com,859.688.7592x129,F,1950-03-15,2026-01-26,Illinois,Peggymouth,bronze,Online,Y,Social Media
CUST002560,Meghan,Campos,meghan.campos385@outlook.com,985-286-4766x9557,Other,1993-12-07,2025-12-14,North Carolina,West Susan,SILVER,In-Store,N,Search Engine
CUST005333,Thomas,Bush,thomas.bush768@outlook.com,422-828-8198,F,1979-11-15,2024-12-14,TX,Taraborough,Gold,Online,yes,Search Engine
CUST004833,Stephanie,Nelson,stephanie.nelson896@outlook.com,846.650.3207x72615,F,1994-06-29,2020-11-11,fl,New Craigland,PLATINUM,Mobile App,no,TV Ad
CUST001301,Jennifer,Little,jennifer.little303@outlook.com,+1-346-592-0856x490,F,1989-06-27,2022-11-22,Ohio,Danielleview,SILVER,Mobile App,N,
CUST000901,  Jennifer ,Green,jennifer.green532@hotmail.com,5787327488,M,1996-01-03,2025-04-09,Indiana,Rodriguezchester,bronze,In-Store,0,
CUST002492,Christina,Campbell,christina.campbell667@yahoo.com,7115270422,F,1962-09-01,2024-07-03,Wisconsin,Cynthiaberg,SILVER,Online,,
CUST000334,Jared,Wells,jared.wells109@yahoo.com,5644628792,M,2001-05-27,2026-06-01,Maryland,New Katelynland,BRONZE,In-Store,yes,Search Engine
CUST002963,Amanda,Hood,amanda.hood257@gmail.com,851.517.4863,Other,1990-08-05,2020-11-14,Washington,East Mary,gold,In-Store,,Email Campaign
CUST000442,Michelle,Olson,michelle.olson803@outlook.com,(489)662-7066x14982,Other,2007-03-31,2022-10-07,Missouri,Jacksonmouth,Silver,In-Store,,Search Engine
CUST004644,Linda,White,linda.white239@gmail.com,(739)863-8569x05362,M,1985-12-15,2021-05-01,ca,West Jasonberg,Bronze,Mobile App,no,Email Campaign
CUST004617,Martin,Deleon,martin.deleon177@outlook.com,487-642-2749x935,M,1954-11-28,2024-10-21,Michigan,East Rebeccabury,BRONZE,Mobile App,Y,Social Media
CUST001105,Francis,Holloway,francis.holloway928@gmail.com,+1-757-346-7067,F,1968-01-10,2020-11-22,WISCONSIN,Morrisonfurt,Platinum,In-Store,N,Social Media
CUST005668,Donna,Moore,donna.moore701@yahoo.com,(305)715-8533,M,1980-11-15,2025-08-11,WI,Adrianmouth,platinum,In-Store,0,Walk-in
CUST001825,Robert,Moran,robert.moran87@yahoo.com,+1-871-221-8945x2395,F,1940-09-10,2021-01-05,WA,East Anthony,bronze,In-Store,0,TV Ad
CUST004162,Caitlin,Singleton,caitlin.singleton67@gmail.com,+1-200-448-6908,Other,1971-07-24,2024-03-12,Indiana,Port Nathanview,Gold,In-Store,Y,
CUST000652,  Ronald ,Green,ronald.green743@outlook.com,001-295-492-3234x21089,F,1956-04-11,2024-08-07,Massachusetts,Amandaborough,Bronze,Online,Y,Search Engine
CUST005268,Nathan,Flores,nathan.flores483@gmail.com,,M,1944-10-14,2025-05-11,Georgia,Anthonyburgh,Bronze,Mobile App,,
CUST005878,Stephanie,Clark,stephanie.clark705@hotmail.com,001-945-544-8808,F,1950-05-23,2021-11-12,PENNSYLVANIA,Boydville,GOLD,Online,1,Search Engine
CUST001878,Diana,Fowler,diana.fowler933@hotmail.com,924.348.3438,Other,1993-04-20,2021-02-18,MA,Bennettmouth,Silver,Online,no,TV Ad
CUST005157,Lisa,Newman,lisa.newman953@outlook.com,543-812-1690x9079,F,2001-11-04,2026-04-26,IL,West Robert,Bronze,Online,1,Friend Referral
CUST004841,Duane,Brown,duane.brown668@yahoo.com,(780)317-8292x6889,M,1979-08-15,2026-03-27,MD,Morrisfort,SILVER,Online,0,Search Engine
CUST005828,Marvin,Mayer,marvin.mayer24@gmail.com,3294841509,M,1954-02-01,2023-07-17,OH,North Logan,Silver,Mobile App,1,Walk-in
CUST002973,Kyle,Weber,kyle.weber626@hotmail.com,476.350.2942x5012,F,1989-12-19,2025-11-14,MI,Dudleyberg,silver,Mobile App,yes,Walk-in
CUST000047,Morgan,Alexander,morgan.alexander303@yahoo.com,(817)745-9615,M,1977-06-28,2023-05-02,NJ,South Monica,bronze,In-Store,yes,Friend Referral
CUST005369,Andrea,Burns,andrea.burns531@outlook.com,816.530.9840,Other,1985-09-02,2024-03-30,AZ,North Jessica,Bronze,In-Store,no,Email Campaign
CUST000062,Nicholas,Hernandez,nicholas.hernandez975@hotmail.com,(780)898-8516,F,2005-04-13,2021-01-23,Washington,North Ryanstad,Bronze,In-Store,no,Social Media
CUST001034,Kelly,Silva,kelly.silva104@hotmail.com,(605)221-0262x7066,M,1942-08-19,2022-05-12,NORTH CAROLINA,Port Cassidyhaven,BRONZE,Mobile App,0,TV Ad
CUST003719,Robert,Sandoval,robert.sandoval44@yahoo.com,(767)540-0184x7669,M,1953-12-13,2023-04-23,GA,North Donna,gold,In-Store,N,
CUST002989,Taylor,Diaz,taylor.diaz610@outlook.com,001-427-775-0193,F,1971-02-08,2025-02-22,Michigan,Larryberg,bronze,Online,yes,Email Campaign
CUST001497,Darlene,Reed,darlene.reed464@hotmail.com,767-349-0668x867,M,1960-07-23,2023-11-13,AZ,Murrayland,PLATINUM,Mobile App,0,TV Ad
CUST005961,Michael,Holmes,michael.holmes549@gmail.com,(947)517-9440x5914,Other,1978-02-08,2023-10-05,IN,Lake Leahmouth,GOLD,In-Store,N,Walk-in
CUST002442,Melvin,Walls,melvin.walls857@outlook.com,001-687-786-0150x833,M,1942-03-24,2020-10-08,Pennsylvania,New Bradport,Silver,Online,N,Search Engine
CUST005175,Amy,Henderson,amy.henderson61@yahoo.com,(471)540-6924x711,M,1940-12-26,2023-03-15,VA,South Mary,BRONZE,Online,Y,Email Campaign
CUST000121,Lisa,Adams,lisa.adams211@gmail.com,001-234-410-1666x870,M,1968-06-16,2022-11-05,IL,Stevensbury,gold,Online,N,Email Campaign
CUST003752,Dustin,Smith,dustin.smith691@yahoo.com,943-614-0139,M,2008-09-19,2022-10-13,il,Gilbertport,BRONZE,Mobile App,Y,Friend Referral
CUST000203,Brandi,Bender,brandi.bender348@outlook.com,6814062003,M,1990-05-20,2024-08-06,VA,Nataliechester,Gold,In-Store,,Walk-in
CUST005242,Amy,Hughes,amy.hughes302@hotmail.com,6814091343,F,1946-06-03,2023-09-15,Pennsylvania,Smithfort,bronze,Mobile App,1,Influencer
CUST000809,Dawn,Wu,dawn.wu893@yahoo.com,898-730-7482x073,F,2003-03-11,2021-03-20,NEW JERSEY,New David,Bronze,Mobile App,1,
CUST002174,Rhonda,Montoya,rhonda.montoya595@outlook.com,5065658484,Other,1978-03-08,2021-11-02,TN,Patriciaton,BRONZE,Online,Y,Friend Referral
CUST003711,Joshua,Johnson,joshua.johnson638@outlook.com,001-731-819-6764x75833,M,1978-10-04,2023-07-07,Michigan,East Wesleyberg,GOLD,Online,yes,Friend Referral
CUST005177,Larry,Aguilar,larry.aguilar404@hotmail.com,877-775-8231,F,1946-08-20,2022-12-23,in,Donnaport,bronze,In-Store,0,Friend Referral
CUST001776,Debra,Moore,debra.moore743@hotmail.com,001-713-485-6993x91426,F,1981-06-23,2024-03-17,Wisconsin,West Danieltown,gold,Mobile App,N,Walk-in
CUST000773,Christopher,Stevens,christopher.stevens403@outlook.com,001-688-555-8298,M,2003-08-20,04/06/2024,CALIFORNIA,Melissaview,Bronze,Online,1,Email Campaign
CUST001970,Cynthia,Dixon,cynthia.dixon669@outlook.com,001-700-526-0469x0174,F,1977-07-27,2021-02-19,Arizona,Simonchester,BRONZE,Online,0,Friend Referral
CUST000876,  Michael ,Clark,michael.clark531@hotmail.com,(638)560-0304,M,1992-06-22,10/10/2024,North Carolina,Elizabethstad,silver,Online,Y,Email Campaign
CUST000029,Michelle,White,,,Other,1958-11-20,2022-07-30,NY,Murphyfurt,bronze,In-Store,,
CUST003099,David,Strong,david.strong690@yahoo.com,001-748-776-5612x8069,F,1943-06-13,2026-03-04,TEXAS,Palmerborough,gold,In-Store,yes,TV Ad
CUST002329,Lori,Beasley,lori.beasley544@outlook.com,+1-333-293-9943,M,1961-10-13,2023-07-28,Washington,Hoganmouth,Silver,In-Store,no,Influencer
CUST004869,Jon,Burke,jon.burke228@hotmail.com,(200)598-6780x00133,M,1972-03-12,2025-10-23,GA,Johnchester,bronze,Mobile App,0,
CUST003379,Tyler,Williams,,,M,,2025-03-12,ARIZONA,,silver,In-Store,,
CUST005090,Erin,Miller,erin.miller635@yahoo.com,308.539.7153x487,M,1945-11-17,06/12/2026,MA,Mcclureburgh,gold,In-Store,1,Friend Referral
CUST004223,Victor,Ochoa,victor.ochoa766@hotmail.com,960-673-0275,M,1977-12-17,2023-04-08,FL,Traceyshire,gold,In-Store,,Walk-in
CUST001885,Sean,Hall,sean.hall670@yahoo.com,001-708-730-7644x0583,F,1975-06-08,2022-02-17,OH,Bishopton,Bronze,Mobile App,Y,Walk-in
CUST005320,Tracy,Gonzalez,tracy.gonzalez704@gmail.com,001-481-610-4748x5318,M,1974-06-27,2024-07-02,WA,Randyshire,silver,Online,0,Friend Referral
CUST000417,Alejandro,Howard,alejandro.howard322@gmail.com,001-450-503-3423x42583,F,1979-07-03,2021-07-02,New York,Leeshire,silver,In-Store,,
CUST004296,Chase,Duncan,chase.duncan987@yahoo.com,731-762-7970x66999,M,2002-02-05,2025-06-08,California,Elizabethmouth,Bronze,Online,Y,Influencer
CUST005426,Jennifer,Ryan,jennifer.ryan794@hotmail.com,(579)374-1397,F,1952-01-29,2026-04-11,va,Clarkside,PLATINUM,Online,,TV Ad
CUST003881,Douglas,Hunt,,,F,,2026-01-19,OH,,Gold,Mobile App,,
CUST003854,Luis,Watts,luis.watts66@outlook.com,(246)674-0094,M,1984-08-28,2022-07-19,Ohio,Jasonland,silver,Online,no,Social Media
CUST005822,  Carlos ,Cruz,carlos.cruz306@gmail.com,408.510.6439x5951,F,1993-04-23,2026-05-15,WA,Montgomeryburgh,BRONZE,Mobile App,N,Email Campaign
CUST001078,Rebecca,Porter,rebecca.porter578@hotmail.com,+1-681-291-9074x99216,F,1959-07-10,2023-04-30,MD,New Karamouth,BRONZE,Online,N,Influencer
CUST003886,John,Silva,john.silva926@hotmail.com,(848)243-9609,F,1967-06-20,2021-10-04,Georgia,New Daisy,bronze,Mobile App,Y,TV Ad
CUST002889,Michelle,Sutton,michelle.sutton956@gmail.com,7718853311,M,1943-09-10,2025-07-03,CA,Ruizport,Bronze,Online,N,Walk-in
CUST003817,Emily,Campbell,emily.campbell985@outlook.com,269-383-2299x18128,F,1991-12-02,2022-05-22,oh,Howardland,SILVER,Mobile App,N,Search Engine
CUST004336,Dawn,Lee,dawn.lee860@outlook.com,+1-368-435-1612x3461,M,1953-05-02,2025-05-08,Maryland,Duffychester,SILVER,Online,,Walk-in
CUST002624,Laura,Miller,laura.miller362@gmail.com,715-581-6231,M,1966-04-03,2023-05-02,MA,North Robinland,bronze,Mobile App,Y,
CUST004954,Christine,Morse,christine.morse586@hotmail.com,449-704-7663x90565,Other,1982-08-10,2021-03-25,Michigan,Riveramouth,Bronze,Online,yes,
CUST001465,Jon,Blackwell,jon.blackwell820@outlook.com,711.698.0425,F,1979-07-29,05/06/2022,Washington,Chanmouth,Gold,Online,N,
CUST000260,Michael,Perkins,michael.perkins602@yahoo.com,001-315-272-7919x4096,F,1956-12-25,2025-05-24,CALIFORNIA,New Ricardoborough,gold,Mobile App,,
CUST001948,Mary,Barnes,mary.barnes642@hotmail.com,304.201.4615x97000,Other,1962-10-24,2026-05-27,PENNSYLVANIA,Lake Antoniomouth,platinum,In-Store,yes,Email Campaign
CUST005361,Barbara,Coleman,barbara.coleman959@hotmail.com,417.586.8088,F,1978-12-15,2023-06-23,NJ,New Jason,BRONZE,Online,1,Friend Referral
CUST000999,John,Garcia,john.garcia102@gmail.com,670-875-4853,Other,1941-03-26,2025-11-17,Indiana,Andersonburgh,Bronze,Online,Y,Influencer
CUST001844,Ryan,Mcdaniel,ryan.mcdaniel401@outlook.com,+1-687-838-6400x672,Other,1979-06-16,09/13/2024,FL,Zamoraburgh,bronze,Mobile App,no,Influencer
CUST002055,Tracey,Marshall,tracey.marshall115@hotmail.com,+1-783-266-6097x9785,F,2006-06-08,2022-02-11,Arizona,Bryantshire,BRONZE,In-Store,0,Search Engine
CUST002261,Austin,Kline,austin.kline324@yahoo.com,+1-320-596-7309x24074,M,1987-04-06,2025-05-22,Maryland,Craigbury,SILVER,Online,yes,Email Campaign
CUST001987,Amanda,Morrison,amanda.morrison3@gmail.com,996.510.3405,M,1966-03-13,2025-04-13,Georgia,Baileymouth,bronze,Mobile App,yes,
CUST003451,Catherine,Williams,catherine.williams417@gmail.com,224.264.1188x03467,M,1975-10-28,2022-06-04,Illinois,New Kathleenport,bronze,Online,N,
CUST001107,Sarah,Robinson,sarah.robinson565@hotmail.com,531-298-3924x8481,M,1966-02-25,05/16/2026,GA,Patriciaburgh,BRONZE,Mobile App,N,TV Ad
CUST003531,Catherine,Powell,catherine.powell607@outlook.com,001-892-384-2678,M,1951-06-08,2021-12-12,GA,Wellsview,gold,Mobile App,,
CUST003324,Brittany,Meyer,brittany.meyer329@hotmail.com,001-866-279-3992x783,F,1964-01-16,2023-01-17,MD,North Erikafurt,silver,In-Store,N,Search Engine
CUST000391,Marilyn,Torres,marilyn.torres898@yahoo.com,(510)717-4907x539,F,1970-04-08,2023-08-13,pa,Port Nathanhaven,BRONZE,In-Store,Y,Influencer
CUST000548,David,Richards,david.richards584@yahoo.com,001-272-432-4407x9311,M,1976-06-07,2024-11-05,IN,New Douglas,silver,In-Store,yes,Search Engine
CUST000508,Michael,Kirk,michael.kirk324@hotmail.com,+1-309-503-8021x46296,M,2007-04-26,2022-11-06,IN,Hunterview,bronze,Online,Y,
CUST004334,Rhonda,Burton,rhonda.burton897@outlook.com,001-466-799-1498,F,1992-07-10,2024-10-03,Indiana,Stevenstad,Bronze,Online,Y,Email Campaign
CUST004622,Teresa,Snyder,teresa.snyder490@gmail.com,297.583.4127,Other,1952-01-07,2020-09-18,Illinois,West Steven,Bronze,In-Store,N,Email Campaign
CUST004041,Ian,Johnson,ian.johnson905@yahoo.com,+1-734-494-5204x52420,M,1986-12-21,2025-08-21,nj,New Elizabethborough,Gold,In-Store,1,Influencer
CUST004563,Alexander,Skinner,alexander.skinner285@hotmail.com,475-739-4634x31520,F,2002-03-03,2026-05-15,OH,Gilberthaven,Gold,Online,,Search Engine
CUST002209,Kelly,Thompson,kelly.thompson520@yahoo.com,221-428-2658x597,M,1976-03-23,2024-01-16,Ohio,North Nicolas,Bronze,In-Store,1,Walk-in
CUST002682,Rachel,Cantu,rachel.cantu104@yahoo.com,001-905-714-9048x735,F,1980-06-19,2025-03-28,Ohio,Deannamouth,Bronze,In-Store,0,Friend Referral
CUST005928,Alexandra,Craig,alexandra.craig885@gmail.com,001-830-351-1496x0783,Other,1956-04-13,10/22/2025,IN,South Alexisfort,platinum,Online,yes,Email Campaign
CUST003308,Willie,Johnson,willie.johnson899@outlook.com,6292075422,M,1991-06-19,2025-03-20,NC,Lake Kendra,BRONZE,In-Store,0,Email Campaign
CUST002277,Carolyn,Good,carolyn.good147@hotmail.com,9695143876,M,1961-03-15,2025-12-23,Ohio,Michaelview,BRONZE,Mobile App,Y,Search Engine
CUST002647,Tammy,Jordan,tammy.jordan478@yahoo.com,791-352-8932x8166,M,1971-06-11,2025-07-29,Washington,East Robert,BRONZE,Mobile App,no,Influencer
CUST005769,Eric,Sweeney,eric.sweeney710@hotmail.com,(466)870-4057x18866,Other,1959-11-15,2022-08-28,TN,North Omarport,Silver,Mobile App,,Social Media
CUST002533,Timothy,Barnett,timothy.barnett955@yahoo.com,001-647-206-9531x217,M,1989-04-12,2022-01-19,Illinois,Millerfort,SILVER,Online,1,Influencer
CUST003999,Jason,Bridges,jason.bridges942@gmail.com,2327602974,Other,1964-07-17,2024-06-25,Texas,Port Walter,Silver,Mobile App,Y,
CUST000095,Christopher,Long,christopher.long734@outlook.com,297.848.0162x4565,F,1972-09-06,2022-01-27,IL,Brandonport,SILVER,Mobile App,yes,
CUST000648,Ashley,Farmer,ashley.farmer544@hotmail.com,001-615-657-3257x37553,M,1958-12-04,2023-10-06,Tennessee,Hannahberg,BRONZE,In-Store,yes,TV Ad
CUST005465,Paul,Baker,paul.baker370@hotmail.com,864-383-6843x71640,M,1977-02-03,2023-01-30,MISSOURI,Lake Johnburgh,BRONZE,Online,Y,TV Ad
CUST000925,Jesse,Patrick,jesse.patrick781@gmail.com,323-483-9728x339,M,2001-01-01,2026-06-01,TN,Pageburgh,Platinum,Mobile App,N,TV Ad
CUST000202,Tara,Chavez,tara.chavez517@hotmail.com,783-933-9452x28851,Other,1950-01-04,2023-01-28,Michigan,Meganside,GOLD,Online,N,Friend Referral
CUST005632,Terri,Long,terri.long789@outlook.com,001-621-580-2405x162,M,1989-05-11,2023-01-22,MI,Taylorland,platinum,In-Store,1,TV Ad
CUST000079,Sarah,Combs,sarah.combs491@hotmail.com,827.379.0104x3289,F,1986-03-04,2025-04-12,Maryland,North Justin,Bronze,Online,1,
CUST001606,Michael,Rivas,michael.rivas231@yahoo.com,001-804-279-4123x254,M,1952-03-17,2023-06-16,wi,Brandyton,silver,Online,yes,Friend Referral
CUST004378,Matthew,Smith,matthew.smith868@outlook.com,(212)452-8552,F,2008-10-08,2025-03-25,Ohio,East Jessica,SILVER,In-Store,0,
CUST005680,Ruben,Morrison,ruben.morrison972@gmail.com,+1-961-573-2714x58391,F,2001-04-15,2023-05-06,IL,Mayborough,bronze,Mobile App,yes,TV Ad
CUST001387,Debbie,Harrington,debbie.harrington144@gmail.com,4247286178,Other,1969-04-09,2024-10-15,MI,South Matthew,gold,Mobile App,0,TV Ad
CUST002352,Rick,Morris,rick.morris19@outlook.com,672-544-1676x2187,M,1977-08-06,2024-09-14,nc,Ramosbury,Gold,Online,Y,Friend Referral
CUST002264,Jeffrey,Scott,jeffrey.scott255@yahoo.com,(342)801-8190x2320,M,1984-12-29,2026-05-29,Maryland,Williamport,GOLD,In-Store,1,Friend Referral
CUST003219,Philip,Summers,philip.summers442@gmail.com,(892)425-9537,F,1959-12-03,2024-01-05,Arizona,Lake Robin,bronze,Online,0,Walk-in
CUST002796,Richard,Green,richard.green873@outlook.com,(931)221-4138x298,F,1969-02-28,2021-03-18,Ohio,Mathewsville,SILVER,In-Store,1,Walk-in
CUST001004,Jesse,Hayes,jesse.hayes545@gmail.com,2084529469,M,1981-03-27,2023-08-11,New York,Harringtonside,SILVER,In-Store,N,TV Ad
CUST000231,Catherine,Lee,catherine.lee689@outlook.com,681-984-5184,Other,2005-10-02,2024-01-08,TX,Gregoryhaven,SILVER,In-Store,1,Social Media
CUST002097,Nicole,Alexander,nicole.alexander959@outlook.com,932-327-9975x26158,Other,1960-10-20,2024-07-16,New York,West Thomasfort,bronze,Online,Y,Social Media
CUST004590,Katie,Bender,katie.bender115@yahoo.com,(762)916-7855x5760,F,2001-05-12,2022-09-15,NEW YORK,South Joseph,Silver,Online,yes,TV Ad
CUST002032,Thomas,Woods,,,M,,2024-08-30,VIRGINIA,,bronze,Mobile App,,
CUST003387,Clarence,Burgess,clarence.burgess193@yahoo.com,001-540-726-0835x88974,F,1945-04-05,2021-08-19,NEW YORK,Lake Jennifer,silver,Mobile App,N,
CUST003389,Shannon,Perez,shannon.perez91@hotmail.com,001-392-641-3373x32640,F,1977-02-15,2023-01-20,NJ,West Taraborough,bronze,In-Store,Y,TV Ad
CUST003246,Stephanie,Scott,stephanie.scott685@gmail.com,001-520-558-4984x475,F,1994-02-02,2020-09-07,ma,Robertville,BRONZE,Mobile App,Y,TV Ad
CUST002252,Alicia,Davis,alicia.davis680@outlook.com,660.636.8085,F,2003-05-21,2023-05-09,MO,Caitlinburgh,Gold,Mobile App,1,Walk-in
CUST001863,Destiny,Allen,destiny.allen528@yahoo.com,965-768-4154x6351,F,1959-11-14,2023-02-15,Illinois,East Ivan,GOLD,In-Store,N,Search Engine
CUST006040,Kim,Sparks,KIM.SPARKS326@OUTLOOK.COM,(852)782-5164,F,1948-09-16,06/30/2025,Tennessee,Mariochester,bronze,Online,Y,
CUST001467,Anthony,White,anthony.white839@hotmail.com,570-419-5866,M,1956-09-06,2024-02-09,Indiana,East David,Bronze,Mobile App,,Search Engine
CUST005164,Douglas,Cline,douglas.cline918@yahoo.com,(716)601-0794x5098,Other,1979-03-21,2024-02-17,Texas,New Peter,Bronze,Online,no,Email Campaign
CUST005505,Latoya,Hamilton,latoya.hamilton439@outlook.com,272-284-1295x8553,F,1992-12-17,2021-04-04,Indiana,West Carlshire,PLATINUM,In-Store,yes,TV Ad
CUST002126,Natasha,Kemp,natasha.kemp525@outlook.com,662-947-4246,F,1960-10-01,2026-01-09,Ohio,North Thomas,Bronze,Online,Y,Social Media
CUST004981,Teresa,Zimmerman,teresa.zimmerman490@outlook.com,(585)862-5581,M,1948-11-08,2025-02-18,WISCONSIN,Robertstad,GOLD,Mobile App,N,Search Engine
CUST003973,David,Morrison,david.morrison714@outlook.com,001-604-723-2663,M,1996-01-26,2025-07-09,New Jersey,Andradeton,bronze,Mobile App,yes,Search Engine
CUST000459,Jason,Brock,jason.brock326@hotmail.com,426-262-0157,Other,1954-05-16,2024-06-18,NEW YORK,Jessicashire,silver,In-Store,1,Friend Referral
CUST005301,  Anna ,Deleon,,,Other,,2025-02-20,Michigan,,Gold,Mobile App,,
CUST002161,Wendy,Lawson,wendy.lawson735@yahoo.com,(825)675-0422x4640,Other,1969-11-15,2025-08-09,California,Robertamouth,platinum,Online,Y,Influencer
CUST004031,Sharon,Davidson,sharon.davidson773@yahoo.com,001-434-610-5567,Other,1979-02-06,2025-05-06,nc,South Nicoleshire,silver,In-Store,0,Search Engine
CUST003392,David,Williams,david.williams572@hotmail.com,+1-422-256-2443x7629,F,1951-09-22,2022-05-03,MD,Edwinland,BRONZE,Mobile App,0,
CUST001413,Mark,Forbes,mark.forbes257@yahoo.com,(606)904-8022x4065,Other,2002-08-06,2025-05-06,Florida,Lake Sarahhaven,SILVER,In-Store,0,
CUST000018,Andrea,Patterson,andrea.patterson541@hotmail.com,(598)326-2045x053,M,1941-05-09,2021-02-09,Missouri,New Barry,platinum,Mobile App,N,Influencer
CUST005810,Tyler,Hernandez,tyler.hernandez202@outlook.com,001-415-948-5003x108,M,1989-08-02,2024-09-17,NY,New Kristenhaven,Bronze,Online,no,Social Media
CUST002156,Louis,Miller,louis.miller138@outlook.com,001-358-945-6731x3700,M,1955-05-05,2021-11-21,California,Lake Christopherville,Bronze,Online,N,Email Campaign
CUST004098,Matthew,Welch,matthew.welch634@hotmail.com,+1-869-400-7055x309,F,1942-09-18,2024-08-31,tx,East Sarah,gold,Online,no,Influencer
CUST002318,Dakota,Rodriguez,dakota.rodriguez529@gmail.com,893.748.2800x92053,F,1973-03-25,2021-08-31,Wisconsin,Port Charlesburgh,Bronze,Online,yes,Social Media
CUST002078,Samuel,Ruiz,samuel.ruiz585@hotmail.com,+1-493-878-1326x72733,F,1951-04-08,2021-10-08,NY,Antonioburgh,Bronze,Online,,TV Ad
CUST001895,Matthew,Hooper,matthew.hooper798@hotmail.com,+1-320-716-6334x0142,Other,1956-06-23,2022-01-14,Wisconsin,Pattyfurt,Gold,Online,N,
CUST001995,Stephanie,Washington,stephanie.washington458@outlook.com,001-225-390-6771x8536,M,1945-05-12,2021-01-08,Michigan,Jacobshire,bronze,Online,1,
CUST005643,Gary,Webb,gary.webb64@gmail.com,7779748212,Other,1994-11-20,10/17/2022,mo,Lake Eric,SILVER,Online,1,Email Campaign
CUST002062,Ronald,Estrada,ronald.estrada728@yahoo.com,001-957-935-4105,M,1943-11-22,2022-12-30,VA,Watsonstad,silver,Online,Y,Social Media
CUST004880,Christopher,Thomas,christopher.thomas91@outlook.com,,M,1945-02-04,2022-08-14,WA,Huntberg,Bronze,In-Store,,
CUST004688,Candice,Norman,candice.norman25@hotmail.com,253-696-6086,F,1975-01-30,2022-05-04,PA,Briggsview,Bronze,Online,,TV Ad
CUST001730,Christopher,Wood,,,M,,2020-12-04,Ohio,,bronze,Mobile App,,
CUST003217,Donna,Dominguez,donna.dominguez914@gmail.com,001-742-968-3969x95713,Other,1967-04-27,2022-07-07,OH,East Jamesborough,BRONZE,Mobile App,1,Social Media
CUST001259,Jeremy,Nelson,jeremy.nelson740@gmail.com,+1-548-214-0984x10167,Other,1959-09-16,2023-06-12,Missouri,Whitakerborough,Gold,In-Store,0,TV Ad
CUST005610,Angela,Ward,angela.ward706@hotmail.com,462.951.0132x15573,F,1944-01-05,2020-09-05,Texas,North Pamela,bronze,Mobile App,N,Friend Referral
CUST001624,Dominique,Baxter,dominique.baxter170@yahoo.com,340.399.1650,M,2006-08-20,2022-07-25,GA,Smithshire,GOLD,Online,N,Social Media
CUST001341,Christian,Griffith,christian.griffith640@outlook.com,8428652742,M,2004-01-26,2021-04-28,WI,Lake Michael,SILVER,In-Store,Y,Influencer
CUST004900,John,Parker,john.parker476@hotmail.com,,F,1994-07-22,2020-12-05,AZ,Lake Jessicachester,silver,In-Store,,
CUST003525,James,Porter,james.porter265@yahoo.com,001-646-208-4674x072,M,1956-01-10,2022-01-16,Georgia,New Jennifer,BRONZE,In-Store,yes,Friend Referral
CUST001981,Richard,Dougherty,richard.dougherty436@yahoo.com,541.420.8180x3689,M,1971-08-25,2021-12-12,WI,Blairport,gold,Mobile App,Y,Influencer
CUST005389,Aaron,Davies,aaron.davies954@outlook.com,001-227-392-4289x81856,Other,1978-02-18,2026-06-17,Massachusetts,Greenshire,gold,Mobile App,N,Walk-in
CUST005800,Amanda,Kim,amanda.kim55@gmail.com,+1-803-267-2300x79154,M,1968-05-12,2025-04-14,va,New Jessica,GOLD,Mobile App,N,TV Ad
CUST004403,Ryan,Baker,ryan.baker458@hotmail.com,(672)630-8961x269,M,1959-06-27,2023-09-13,NY,Corymouth,BRONZE,Mobile App,1,Walk-in
CUST002720,Stephen,Sanders,stephen.sanders302@hotmail.com,+1-536-376-6570,Other,1962-09-14,2021-08-14,VA,Wandaborough,Bronze,Online,N,
CUST005438,Samantha,Perez,samantha.perez644@gmail.com,981-998-9240,M,1959-06-05,2024-09-21,Virginia,Lake Donaldberg,SILVER,In-Store,N,Email Campaign
CUST005441,Shannon,Tate,shannon.tate691@hotmail.com,(584)826-0408x99753,F,1965-06-15,12/30/2025,VA,Hannahville,silver,Mobile App,N,Search Engine
CUST005399,Laurie,Bridges,laurie.bridges34@outlook.com,8846891728,M,1948-09-20,2025-09-28,MASSACHUSETTS,Wagnerhaven,BRONZE,Online,yes,
CUST002915,Maria,Cantu,maria.cantu276@outlook.com,520-905-0294x079,M,1957-01-09,2023-04-07,FL,Littlefort,Gold,Online,,TV Ad
CUST004008,Eric,Johnston,eric.johnston424@gmail.com,,F,2009-04-12,2023-03-04,Washington,Griffithside,silver,In-Store,,
CUST002699,Robert,Schmidt,robert.schmidt483@yahoo.com,+1-295-338-1575,M,1993-01-11,2026-04-02,Illinois,North Brandonstad,Gold,In-Store,N,Influencer
CUST002692,Joseph,Smith,joseph.smith717@hotmail.com,919.227.0548x748,Other,2001-11-05,2023-11-02,MD,Gomezport,bronze,In-Store,,TV Ad
CUST001669,Benjamin,Schroeder,benjamin.schroeder608@outlook.com,(706)809-5806x274,M,1999-07-13,2022-04-06,Tennessee,Josephshire,silver,Online,N,Influencer
CUST003263,Erica,Mcdaniel,erica.mcdaniel112@hotmail.com,900.817.1955,M,1972-08-04,2025-08-01,GA,Francisberg,Gold,Mobile App,N,Email Campaign
CUST002289,Michael,Clark,michael.clark381@yahoo.com,636-371-6033,Other,1981-04-01,2022-10-19,Ohio,North Sarah,gold,In-Store,N,Social Media
CUST002949,Teresa,Wilson,teresa.wilson594@hotmail.com,341.598.7032x2508,F,1999-03-20,2025-07-07,va,Lake Ricky,BRONZE,In-Store,Y,
CUST003872,Victoria,Smith,victoria.smith941@hotmail.com,379.803.6496x4422,F,1940-12-06,2026-06-13,MA,Morenoshire,silver,In-Store,,
CUST000576,Robin,Valdez,robin.valdez441@yahoo.com,+1-736-392-9445,F,1983-01-15,2023-04-15,INDIANA,Hallberg,silver,Online,Y,
CUST001086,Ryan,Hernandez,ryan.hernandez485@outlook.com,001-202-481-8223x8794,M,1944-06-07,2021-01-05,Massachusetts,West Nicole,GOLD,In-Store,Y,Search Engine
CUST001737,Breanna,Parks,breanna.parks935@yahoo.com,886.680.0551x267,M,2004-08-10,2022-07-27,Texas,Batesstad,BRONZE,In-Store,yes,Friend Referral
CUST002618,April,Jackson,april.jackson513@yahoo.com,8499630966,Other,1976-05-24,2023-07-10,NY,South Rhondaton,Bronze,Mobile App,yes,
CUST004567,Ryan,Franklin,ryan.franklin569@yahoo.com,001-884-581-9500x015,F,2009-04-07,2025-09-14,Indiana,East Dylanbury,silver,Online,N,TV Ad
CUST002011,Andrew,Taylor,andrew.taylor140@hotmail.com,(642)681-2598x36207,F,1985-03-22,2021-08-10,Massachusetts,Rebeccamouth,bronze,Mobile App,0,Social Media
CUST004036,Lisa,Jackson,lisa.jackson514@outlook.com,(422)641-7486x0064,F,1989-05-04,2021-08-15,Washington,West Alan,Bronze,In-Store,Y,
CUST001731,April,Acevedo,april.acevedo96@outlook.com,581.667.6634x208,Other,2010-04-10,2021-01-14,ma,New Kenneth,gold,Mobile App,N,Search Engine
CUST002735,Gary,Garcia,gary.garcia888@yahoo.com,+1-709-381-8040x9991,Other,1964-11-13,2025-09-26,NC,Williamsberg,SILVER,Online,1,Social Media
CUST002349,Jennifer,Burch,jennifer.burch728@hotmail.com,+1-896-332-3047x725,F,1988-03-13,2025-04-22,Florida,West Dawnville,gold,In-Store,,Search Engine
CUST005027,Scott,Day,scott.day82@yahoo.com,+1-742-462-0619x434,F,1969-12-11,2021-01-18,NY,Lake Sarah,BRONZE,Online,Y,Social Media
CUST002389,Lisa,Rivera,lisa.rivera709@yahoo.com,(717)423-6850x448,Other,1947-04-20,2024-11-14,WA,West Ericabury,Bronze,In-Store,N,
CUST005936,Stacey,King,stacey.king764@outlook.com,(830)220-9264x497,F,2010-03-24,2023-11-19,Illinois,East Kellyside,BRONZE,In-Store,yes,Friend Referral
CUST001671,Rebecca,White,rebecca.white33@hotmail.com,+1-819-353-0164x728,Other,2000-01-13,2024-08-06,GA,Shawnfurt,gold,Mobile App,Y,
CUST003226,Julie,Parker,julie.parker864@yahoo.com,+1-898-968-5819x74884,Other,1942-06-02,2025-09-13,MARYLAND,South Dana,SILVER,Online,yes,
CUST005902,Vanessa,Phillips,vanessa.phillips955@yahoo.com,752-392-7863x211,M,1956-02-06,2023-05-16,Michigan,Dennisbury,Silver,In-Store,yes,Influencer
CUST003885,Jenna,Walker,jenna.walker807@gmail.com,001-556-402-6741x216,M,1988-11-01,2024-11-13,Virginia,Lucaschester,BRONZE,Online,N,
CUST004918,Carrie,Burgess,carrie.burgess636@gmail.com,522-566-7555,F,1967-01-27,2023-01-20,NY,East David,gold,Mobile App,Y,Influencer
CUST005815,Alex,Thompson,alex.thompson200@hotmail.com,+1-735-953-3605x369,F,1984-02-15,01/26/2024,ca,Travisberg,bronze,In-Store,yes,Search Engine
CUST003544,Jerome,Ramirez,jerome.ramirez482@gmail.com,480-389-6586x1469,M,1990-11-26,01/06/2025,Virginia,Frenchland,Silver,Online,Y,Social Media
CUST000227,Mitchell,Peters,mitchell.peters563@hotmail.com,001-221-437-2138x6589,Other,1958-06-10,2022-06-16,VA,Kimfurt,gold,In-Store,N,Email Campaign
CUST001532,Alfred,Blair,alfred.blair445@yahoo.com,(666)303-2358,M,2007-06-29,2026-03-23,Washington,Jacksonchester,Bronze,Online,N,Search Engine
CUST005713,Stephanie,Bruce,stephanie.bruce878@hotmail.com,5248715276,Other,1965-03-15,2025-04-11,Washington,New Sara,silver,Online,,Influencer
CUST002230,Jennifer,Chavez,jennifer.chavez265@hotmail.com,459.568.6862x748,F,1980-02-05,2023-08-19,MA,West Kimberly,BRONZE,In-Store,1,
CUST001539,Dennis,Allen,dennis.allen592@outlook.com,342.843.7539,M,1943-05-10,2025-01-05,NC,North Janice,Silver,In-Store,0,Email Campaign
CUST003553,Bradley,Davenport,,,M,,2021-09-16,OH,,silver,Online,,
CUST001144,Whitney,Huff,whitney.huff373@hotmail.com,(602)348-3744,F,1975-04-14,2024-04-03,Illinois,East Kevin,platinum,Mobile App,,Email Campaign
CUST002524,James,Berry,james.berry171@outlook.com,(706)736-9851x676,M,1981-06-25,2021-03-07,GEORGIA,Teresamouth,BRONZE,Mobile App,yes,Email Campaign
CUST005711,Jennifer,Jackson,jennifer.jackson940@outlook.com,001-744-949-4766x1425,F,1985-06-16,2025-11-04,Wisconsin,New Ronnie,bronze,In-Store,Y,Walk-in
CUST002590,James,Campbell,james.campbell560@hotmail.com,309-932-4243x009,M,1988-01-29,2024-10-26,MA,Andersontown,bronze,Online,,
CUST003457,Justin,Mendoza,justin.mendoza590@gmail.com,726.803.2227,F,1975-10-13,2022-02-11,Maryland,East Kevin,Silver,Mobile App,N,Email Campaign
CUST005240,Robert,Curry,robert.curry94@outlook.com,(853)951-3592x076,F,1985-02-24,03/09/2025,Maryland,Gillespiemouth,bronze,In-Store,yes,Influencer
CUST004244,Ernest,Santos,ernest.santos737@hotmail.com,001-460-849-6091x33077,Other,1976-10-15,2026-05-05,FLORIDA,North Stephanie,Gold,Online,1,Influencer
CUST003353,William,Wilson,william.wilson511@hotmail.com,+1-839-424-9623x443,F,1948-10-12,2020-12-30,Arizona,Stevensfurt,gold,Online,1,Email Campaign
CUST003498,Meghan,Jones,meghan.jones990@gmail.com,322-584-7469x785,M,1996-02-13,2025-09-15,CA,East Patrickville,bronze,Mobile App,1,TV Ad
CUST001191,Rachel,Sullivan,rachel.sullivan542@yahoo.com,953-301-7316,M,1949-11-07,2022-09-24,PA,West Williamtown,Bronze,Online,N,Email Campaign
CUST005094,Rhonda,Rogers,rhonda.rogers671@yahoo.com,606-895-6251,Other,2008-01-09,2024-01-05,Georgia,West Anamouth,silver,Online,N,Walk-in
CUST002874,Howard,Monroe,howard.monroe62@outlook.com,001-951-389-8197x8551,F,1957-02-20,11/29/2022,Michigan,Tammyshire,Platinum,Mobile App,Y,Influencer
CUST003279,Jessica,Shelton,jessica.shelton506@hotmail.com,(914)862-0008x888,F,1949-11-27,2022-09-24,NC,North Richard,Platinum,Mobile App,yes,TV Ad
CUST002795,Tyler,Russo,tyler.russo692@hotmail.com,467.342.0505x78462,M,2007-02-06,2026-04-24,az,Contrerashaven,bronze,Mobile App,Y,Walk-in
CUST004277,Christopher,Benton,christopher.benton257@gmail.com,588.557.7260,F,1996-07-14,2023-05-14,OH,South Stacy,Bronze,Online,yes,Search Engine
CUST005452,Emily,Freeman,emily.freeman925@outlook.com,3065985887,M,1983-02-10,2023-02-19,mo,Ashleyborough,bronze,Mobile App,no,Friend Referral
CUST004014,Anthony,Duarte,anthony.duarte529@outlook.com,4927733852,Other,1979-11-05,2026-03-02,WA,Lake Sara,Silver,Online,Y,Friend Referral
CUST003065,  Thomas ,Jackson,thomas.jackson248@outlook.com,941-657-7180,F,1994-05-29,2022-07-19,GA,Leeside,gold,In-Store,yes,Walk-in
CUST002112,Jason,Sosa,jason.sosa664@gmail.com,001-538-656-1627x141,M,1953-08-26,2022-12-11,Georgia,Taylortown,SILVER,Mobile App,yes,
CUST004816,Savannah,Jacobs,savannah.jacobs356@hotmail.com,406-830-0721,Other,1996-07-01,2023-11-27,Arizona,Fuentesside,Bronze,In-Store,1,Influencer
CUST004429,Mary,Ruiz,mary.ruiz734@hotmail.com,4828821927,F,2009-10-07,2024-04-17,NJ,North Ronniefurt,silver,Online,,Influencer
CUST003119,Ronald,Garcia,ronald.garcia401@hotmail.com,+1-748-819-4068x127,M,1960-03-31,2024-10-29,Missouri,Westshire,PLATINUM,Online,1,Friend Referral
CUST001365,Matthew,West,matthew.west409@gmail.com,399-679-9052x2171,M,1983-07-29,2025-04-09,VA,Marissafort,platinum,In-Store,N,Influencer
CUST003740,Michael,Baker,michael.baker935@yahoo.com,(512)543-0258,F,1996-11-11,2024-06-07,NORTH CAROLINA,Chelseaborough,gold,Mobile App,,
CUST002454,Eric,Prince,eric.prince316@outlook.com,669.989.0876x34272,F,1994-07-14,2025-06-12,Missouri,West Hollyhaven,Gold,Online,no,Friend Referral
CUST004732,Bradley,Pineda,bradley.pineda855@hotmail.com,6345418440,Other,2009-07-07,2020-12-26,il,Edwardmouth,BRONZE,In-Store,1,Walk-in
CUST001907,Donna,Burke,donna.burke738@gmail.com,641.505.9394x8150,M,1978-02-06,2025-07-07,Maryland,Wallacetown,platinum,Online,Y,
CUST003328,Amanda,Hudson,amanda.hudson535@hotmail.com,542-943-8801,M,1951-02-13,2022-06-10,Ohio,Lake Shawn,bronze,Mobile App,N,
CUST004012,Madeline,Freeman,madeline.freeman396@outlook.com,545-682-7372x04168,M,1949-08-26,2024-08-18,WA,West Kristenfurt,silver,Mobile App,0,Walk-in
CUST000346,Richard,Garza,richard.garza998@yahoo.com,653.696.1367,F,1947-10-18,2026-01-22,MARYLAND,North Michael,bronze,In-Store,N,Influencer
CUST005766,Gary,Sanchez,gary.sanchez941@hotmail.com,333-233-6576,F,2006-04-03,2020-11-16,TN,East Erinchester,Silver,In-Store,Y,Friend Referral
CUST002953,Michael,Mendoza,michael.mendoza968@outlook.com,001-419-633-5628x44372,M,1943-01-11,2026-04-06,PA,Jacksonmouth,bronze,Online,,Email Campaign
CUST004773,  Carla ,Dennis,carla.dennis338@hotmail.com,2358083686,M,1982-05-22,2023-05-21,mi,Davidberg,gold,Mobile App,yes,Search Engine
CUST005541,Christopher,Neal,christopher.neal137@outlook.com,9737046374,M,2009-08-12,2021-12-13,Indiana,Schneiderhaven,GOLD,In-Store,Y,Search Engine
CUST000449,Christopher,Miller,christopher.miller158@gmail.com,+1-610-904-0901x38069,M,1949-05-27,2021-01-17,NY,New Jimmyfort,SILVER,Online,Y,Search Engine
CUST002661,John,Mayo,john.mayo253@hotmail.com,(997)804-5386,F,1993-05-24,2023-02-07,FL,North Ambershire,GOLD,In-Store,N,Search Engine
CUST003899,Joy,Taylor,joy.taylor719@hotmail.com,+1-705-283-0976x90463,F,1981-05-28,02/22/2023,Pennsylvania,Port Daniel,SILVER,Mobile App,1,Influencer
CUST000480,Andres,Gonzalez,andres.gonzalez715@hotmail.com,356.670.8604,M,2001-03-06,2022-11-20,va,Isabelbury,BRONZE,In-Store,yes,TV Ad
CUST001904,Danielle,Rodriguez,danielle.rodriguez788@gmail.com,425-207-9669x9784,F,1952-10-05,2023-11-25,TX,West Julieside,gold,Online,N,Social Media
CUST003468,Doris,Bennett,doris.bennett698@outlook.com,446-859-2396x5978,F,1962-04-24,2024-08-24,Tennessee,North Matthewfurt,Silver,Online,Y,
CUST003982,Kevin,Willis,kevin.willis636@outlook.com,001-764-793-5449x9707,Other,1946-03-06,2020-11-14,TX,Walkerside,gold,Online,Y,Social Media
CUST005101,Michelle,Stevens,michelle.stevens506@yahoo.com,657-751-4044,Other,1975-04-13,2020-09-25,CALIFORNIA,Kevinshire,Platinum,Mobile App,,
CUST002985,Megan,Parker,megan.parker360@yahoo.com,,M,1979-10-09,2021-07-31,Ohio,Farmerburgh,Bronze,Online,,
CUST000969,Emily,Garcia,emily.garcia193@gmail.com,001-796-523-4199x6433,M,1976-09-14,08/30/2023,IN,New Jessicaville,PLATINUM,Online,Y,
CUST001666,Angela,Williams,angela.williams957@yahoo.com,+1-299-833-0255x98792,M,1985-09-13,10/30/2023,tn,Lake Jessicabury,Platinum,Online,no,Friend Referral
CUST005120,Robert,Rubio,robert.rubio661@hotmail.com,001-656-242-2314,M,1972-12-21,2022-02-25,Florida,New Manuel,GOLD,In-Store,0,TV Ad
CUST002145,Kimberly,Graham,kimberly.graham473@outlook.com,+1-543-950-0796x165,F,2001-12-07,2022-03-18,OH,Lake Rebecca,GOLD,Online,,Walk-in
CUST004552,John,Leonard,john.leonard926@gmail.com,957.284.1708,F,1971-10-22,2021-09-21,GEORGIA,Smithhaven,gold,In-Store,0,TV Ad
CUST002304,Kelly,Hall,kelly.hall760@hotmail.com,775-554-6068x34260,F,1989-01-03,2025-10-15,Maryland,Delacruzmouth,GOLD,In-Store,Y,Walk-in
CUST001884,Sonia,Smith,sonia.smith153@yahoo.com,+1-850-975-5084x85284,Other,1996-02-10,2021-02-14,New York,Kimberlyton,gold,Online,0,Social Media
CUST005580,Tammy,Johnson,tammy.johnson80@yahoo.com,280-881-1668,F,2006-11-02,2024-11-18,PA,East Kristin,Bronze,Mobile App,no,Friend Referral
CUST002886,Kristen,Jones,kristen.jones111@hotmail.com,363.450.9680,M,2010-07-14,2022-04-15,PA,Port Thomasside,Silver,Mobile App,no,Influencer
CUST001146,Anita,Williams,anita.williams916@hotmail.com,900-695-3855,F,1988-11-06,2021-09-05,Florida,Grossview,Bronze,Mobile App,no,
CUST004302,Jennifer,Grimes,jennifer.grimes495@yahoo.com,+1-602-731-9390x2001,F,1996-08-26,2022-11-24,Arizona,South Stephenton,Bronze,Mobile App,1,Walk-in
CUST003851,Hayden,Hamilton,hayden.hamilton821@gmail.com,+1-580-885-5420x6099,M,1944-04-21,2022-11-13,Missouri,New Willie,BRONZE,In-Store,1,TV Ad
CUST003240,Tyler,Johnson,tyler.johnson157@hotmail.com,(713)764-0294x220,F,2003-10-19,2022-08-09,Missouri,West Joseph,silver,Online,N,Influencer
CUST005865,Margaret,Brown,margaret.brown178@yahoo.com,5798784255,M,1964-12-27,2022-04-23,North Carolina,Pageside,Platinum,Online,Y,Social Media
CUST001238,Edward,Torres,edward.torres646@hotmail.com,635.417.4656,F,1997-09-02,2021-05-16,MASSACHUSETTS,Anthonyburgh,SILVER,In-Store,1,
CUST003278,  William ,Schneider,,,M,,2025-04-03,MD,Lesliebury,Silver,Online,,
CUST004105,Lauren,Sandoval,lauren.sandoval791@outlook.com,5853762362,Other,1960-12-24,2022-05-29,Florida,East Alicia,Gold,Mobile App,Y,Email Campaign
CUST000338,Amy,Brennan,amy.brennan144@gmail.com,789-952-0284,M,1998-07-21,08/29/2024,fl,Josephstad,Bronze,Mobile App,Y,Email Campaign
CUST002741,Amanda,Williams,amanda.williams570@hotmail.com,525.537.1720x153,F,2003-07-18,01/17/2022,North Carolina,Mccallside,GOLD,Online,Y,Social Media
CUST004775,Carol,Lawson,carol.lawson626@outlook.com,(348)764-4998,Other,1951-04-26,2026-05-06,Arizona,Anthonyfurt,gold,Online,no,Social Media
CUST001512,Joseph,Wells,joseph.wells287@gmail.com,+1-940-274-0337x449,F,2006-12-02,2021-07-24,North Carolina,Dorisfort,Silver,In-Store,Y,Email Campaign
CUST000766,Andrea,Barber,andrea.barber66@hotmail.com,001-764-686-2872x031,F,2002-11-21,05/23/2023,Wisconsin,Kristinshire,gold,In-Store,N,Walk-in
CUST001740,Nathaniel,Garcia,nathaniel.garcia544@outlook.com,+1-243-622-9876x6327,Other,1956-05-04,2025-10-16,mo,Brandonland,Gold,Mobile App,,Email Campaign
CUST002801,Briana,Davidson,briana.davidson357@hotmail.com,458.645.6271x370,F,1977-05-19,2022-12-11,North Carolina,Clarkshire,bronze,In-Store,0,
CUST003667,Allison,Hall,allison.hall202@hotmail.com,978-863-1892,M,1963-07-31,2021-05-28,ILLINOIS,Danielstad,BRONZE,In-Store,Y,Social Media
CUST001990,Wendy,Stark,wendy.stark774@gmail.com,001-728-418-2912x789,M,1970-01-17,2026-02-07,NY,East Paulfort,GOLD,Online,yes,
CUST000481,Michael,Hahn,michael.hahn261@hotmail.com,+1-653-347-4916x24755,Other,1990-06-27,02/10/2022,FL,East Blaketon,Gold,Mobile App,1,Walk-in
CUST005489,Cindy,Brown,cindy.brown736@hotmail.com,(638)807-7358,F,1963-02-11,2024-09-02,California,Lake Maryhaven,Bronze,Mobile App,,Friend Referral
CUST005730,Rachel,Lopez,rachel.lopez53@hotmail.com,576-272-2454x8466,F,1995-11-23,2023-03-16,North Carolina,Lake Jessicafurt,bronze,In-Store,,Walk-in
CUST005678,Michael,Fischer,michael.fischer475@hotmail.com,001-271-746-7418x805,F,1990-05-16,2022-10-16,MA,East Jill,Bronze,Online,no,Social Media
CUST003407,Elizabeth,Johnson,elizabeth.johnson808@outlook.com,782.563.7692x4610,Other,1955-01-18,2025-09-09,GA,Angelafurt,Bronze,In-Store,0,Walk-in
CUST004390,Stephanie,Maddox,stephanie.maddox588@yahoo.com,564-412-6630x5968,F,1984-04-07,2023-08-30,TX,New Heather,bronze,Online,N,Email Campaign
CUST000737,Barbara,Scott,barbara.scott42@gmail.com,571-955-8686x39561,F,1979-03-17,02/27/2026,MI,Lake Jenna,Bronze,Mobile App,yes,Influencer
CUST003397,Lisa,Lee,lisa.lee631@hotmail.com,563-991-0274x2378,M,1971-10-08,2020-09-11,North Carolina,Gambleland,Silver,Mobile App,Y,
CUST003695,Michael,Cummings,michael.cummings101@outlook.com,+1-942-489-8116x649,Other,1950-01-28,2025-10-11,va,Harringtonberg,BRONZE,In-Store,0,
CUST000921,Catherine,Hughes,catherine.hughes845@hotmail.com,5697358824,F,1957-12-17,11/30/2020,IL,Jenniferborough,Silver,In-Store,,TV Ad
CUST002358,Ryan,Simpson,ryan.simpson768@gmail.com,652-348-8160x353,Other,1994-10-14,2021-10-25,Arizona,Amberberg,GOLD,In-Store,Y,TV Ad
CUST003564,Adrian,Matthews,adrian.matthews729@gmail.com,503-798-6886,Other,1943-06-09,2021-10-12,AZ,Michaelbury,silver,Mobile App,Y,Social Media
CUST002756,John,Smith,john.smith186@yahoo.com,001-865-414-4486x57430,F,1979-04-09,2022-05-19,Wisconsin,New Kaylee,GOLD,In-Store,,Friend Referral
CUST004046,William,Williams,william.williams698@gmail.com,(305)783-2837,M,1974-02-25,01/21/2024,Florida,Elizabethburgh,bronze,Mobile App,N,Friend Referral
CUST000154,David,Nunez,david.nunez342@gmail.com,545-918-7053x4949,F,1944-05-12,2021-12-21,wi,South Caseymouth,Silver,In-Store,0,Influencer
CUST005134,Mark,Norris,mark.norris768@yahoo.com,001-664-764-1731x3580,F,1996-07-24,2026-04-30,Indiana,East Bradton,BRONZE,Online,no,
CUST001770,Laura,Barron,laura.barron827@yahoo.com,775-660-1642x6245,F,1946-02-08,2021-03-11,WA,Johnsonborough,Gold,In-Store,N,
CUST002446,Samuel,Fletcher,samuel.fletcher447@yahoo.com,964.785.1782,M,1985-07-25,2023-08-19,TX,Lake Joseph,Bronze,Online,,TV Ad
CUST003614,  Angelica ,King,angelica.king321@yahoo.com,371-806-3781,M,2003-10-22,2021-06-05,TX,New Brittany,Bronze,In-Store,yes,TV Ad
CUST005405,Joshua,Hansen,joshua.hansen882@hotmail.com,246.284.5686,Other,1942-10-29,2025-01-10,Massachusetts,Christopherview,PLATINUM,Mobile App,N,
CUST001402,Krista,Castillo,krista.castillo410@gmail.com,(447)774-1313x51830,F,1956-06-21,2022-10-02,wa,New Ruthchester,BRONZE,In-Store,N,Walk-in
CUST001647,Erica,Miller,erica.miller53@yahoo.com,+1-265-851-0250x66686,M,1966-09-26,2022-01-22,IL,New Williamshire,platinum,Mobile App,N,Influencer
CUST003103,Katrina,Kirk,katrina.kirk825@hotmail.com,001-259-440-5219,M,1968-05-14,2021-07-10,nj,Rileyton,Bronze,Mobile App,no,Friend Referral
CUST001514,Katherine,Hayes,katherine.hayes949@gmail.com,610.810.8965,Other,1957-01-14,2021-01-19,Texas,West Tracyfurt,Silver,Online,,
CUST001567,Pamela,Mahoney,pamela.mahoney670@gmail.com,001-701-726-9804x466,F,1945-01-09,2021-10-19,New York,Lake Donna,Bronze,Online,N,Influencer
CUST004661,Bryan,Williams,bryan.williams261@gmail.com,829.597.6997x14689,M,1952-02-17,2026-03-08,Texas,Craigshire,bronze,Mobile App,,Search Engine
CUST003098,Donald,Ellis,donald.ellis730@hotmail.com,997-528-5586,M,1994-09-07,2022-08-16,Georgia,New Mike,Bronze,Online,1,Social Media
CUST003504,Aaron,Carter,aaron.carter124@gmail.com,(973)200-9201,F,2003-07-14,2022-03-15,TN,Perryview,Platinum,Mobile App,,
CUST000484,Robert,Dawson,robert.dawson283@hotmail.com,+1-616-217-6880x2942,M,2003-02-01,2025-02-03,Maryland,Patriciamouth,GOLD,Online,,
CUST002861,Troy,Love,troy.love24@hotmail.com,(625)601-6220x43771,M,1995-07-27,2025-01-01,MD,Johnsonchester,silver,Online,0,Friend Referral
CUST003258,Daniel,Wilcox,daniel.wilcox456@hotmail.com,(936)351-8370x47023,M,2010-01-25,2025-12-05,CA,Lisastad,Platinum,In-Store,no,
CUST002004,Keith,Martinez,keith.martinez95@hotmail.com,+1-269-826-3560,Other,1954-01-16,2026-01-28,Missouri,Riosmouth,PLATINUM,Online,1,Friend Referral
CUST005843,Christopher,Morrison,christopher.morrison105@yahoo.com,+1-243-367-1077x0177,F,1992-10-04,2023-01-22,Washington,Rachelstad,silver,Online,0,Walk-in
CUST002614,Mary,Rodriguez,mary.rodriguez826@outlook.com,+1-722-851-9642,Other,1983-08-24,02/18/2021,WA,Perezburgh,BRONZE,In-Store,Y,Email Campaign
CUST003760,William,Macdonald,william.macdonald798@outlook.com,(699)880-0881x4848,F,1950-10-24,2021-10-21,MO,Emilyhaven,bronze,Mobile App,N,
CUST005540,Lisa,Harris,lisa.harris115@gmail.com,+1-504-821-4080x17483,F,1977-04-19,09/19/2025,Maryland,New Yvonne,Gold,Online,,
CUST000340,Sandra,Mendoza,sandra.mendoza965@hotmail.com,001-352-840-1322x34232,F,1962-06-26,2022-10-13,New Jersey,Prestonhaven,bronze,Mobile App,yes,Walk-in
CUST000014,Brian,Romero,brian.romero4@outlook.com,793-699-0916,F,2000-04-08,01/26/2021,Arizona,Lake Michellefurt,Platinum,In-Store,,Search Engine
CUST002059,Samuel,Robinson,samuel.robinson142@yahoo.com,(313)706-9672x128,F,1984-01-08,2022-10-31,FLORIDA,Yangtown,SILVER,Online,Y,Social Media
CUST001565,Rita,Reyes,rita.reyes906@gmail.com,+1-239-919-2969x21053,M,1991-08-23,2023-11-18,NY,Lake John,gold,Mobile App,Y,Social Media
CUST003021,Anthony,Brewer,anthony.brewer887@hotmail.com,(585)349-9726,Other,1981-06-11,2021-09-19,ny,Johnsonville,Bronze,Online,Y,Influencer
CUST001897,Michael,Moran,michael.moran266@gmail.com,(611)717-5494,M,1992-06-27,2025-10-26,oh,Jamesport,Gold,Mobile App,Y,Friend Referral
CUST004445,Patricia,Davis,patricia.davis365@gmail.com,001-381-983-7260x3463,F,2003-12-24,2021-02-08,MA,Jacobton,BRONZE,Online,0,Influencer
CUST003253,Anthony,Graves,anthony.graves570@gmail.com,+1-229-547-8745x456,M,2001-09-22,2021-10-25,NY,East Christine,BRONZE,In-Store,N,Search Engine
CUST004781,Michelle,Beck,michelle.beck275@gmail.com,654.424.0128x27315,F,2005-08-03,2022-01-24,NC,New Angelaton,silver,Mobile App,yes,Influencer
CUST002808,Dillon,Harris,dillon.harris534@yahoo.com,489.783.9230x78141,F,2004-06-25,2024-08-19,MD,East Michaelstad,Silver,Mobile App,yes,Search Engine
CUST002975,Alyssa,Rodriguez,alyssa.rodriguez88@outlook.com,677-844-6083,F,1987-07-04,2025-02-12,AZ,Andradeton,Silver,Online,N,Social Media
CUST004129,Tyler,Grimes,tyler.grimes757@gmail.com,3383341031,F,1985-08-26,2022-04-01,Ohio,West Robinfort,Bronze,In-Store,Y,Walk-in
CUST005638,Luis,Jackson,luis.jackson689@hotmail.com,001-379-275-7601,Other,1986-02-01,2026-01-23,NEW YORK,Joannville,Silver,Online,N,Influencer
CUST000024,Andrew,Sanchez,andrew.sanchez256@gmail.com,567.463.2016,M,1973-12-07,2025-08-14,Pennsylvania,South Robertshire,bronze,In-Store,N,Social Media
CUST004463,James,Bates,james.bates811@hotmail.com,(265)942-0986x6645,Other,1991-08-21,2022-07-01,IL,Robertsfort,SILVER,Online,0,
CUST001721,Judy,Chavez,judy.chavez394@yahoo.com,284.591.5089x24464,F,1947-11-28,2025-04-29,GA,Port Jeanetteport,platinum,Online,,Friend Referral
CUST003594,Gail,Krause,gail.krause535@yahoo.com,(263)611-4021x530,F,1998-06-30,2020-12-21,Ohio,Lake Karen,BRONZE,Mobile App,,Walk-in
CUST005150,Katrina,Carroll,katrina.carroll398@gmail.com,479.564.4391x209,Other,1943-07-10,2021-11-06,IL,Port Eugene,SILVER,Mobile App,,
CUST005198,Michael,Hubbard,michael.hubbard581@outlook.com,+1-568-735-1190,F,1995-11-03,09/25/2024,NJ,Lake Susan,bronze,Mobile App,Y,
CUST001838,Patricia,Zimmerman,patricia.zimmerman583@gmail.com,766.518.2487x41427,Other,1996-09-03,2025-07-08,NJ,Jonathanstad,Bronze,In-Store,Y,
CUST000560,Carly,Salazar,carly.salazar764@gmail.com,507-283-5674,F,1946-04-26,2023-11-19,NY,West Jennifer,SILVER,In-Store,N,Walk-in
CUST001139,Jacob,Woods,jacob.woods123@yahoo.com,001-919-333-5389x2224,M,1960-08-17,2020-11-25,IL,New Charles,Bronze,In-Store,yes,
CUST004169,Carl,Raymond,carl.raymond163@hotmail.com,001-204-440-5710x6208,Other,1961-11-04,2025-04-26,NY,West Jessica,PLATINUM,Mobile App,,Influencer
CUST005619,Gregory,Thomas,gregory.thomas37@yahoo.com,812.824.6174,Other,1971-08-21,2022-02-06,Washington,Lake Jonville,silver,In-Store,Y,Search Engine
CUST005794,Haley,King,haley.king77@gmail.com,696.348.8871x991,M,1992-07-25,2021-05-27,Pennsylvania,East Josephstad,bronze,Online,yes,Friend Referral
CUST002090,  William ,Morales,,,M,,2024-03-01,GA,Payneton,bronze,In-Store,,
CUST000363,Kathleen,Davidson,kathleen.davidson51@hotmail.com,+1-945-991-1238x2965,F,1953-07-15,04/03/2023,Michigan,North Richard,SILVER,Mobile App,Y,Social Media
CUST001960,Ryan,Park,ryan.park692@hotmail.com,001-456-633-3892x3495,F,1953-02-05,2023-06-30,CA,Williamsport,Bronze,Online,N,Friend Referral
CUST005487,Jack,Wilson,jack.wilson268@outlook.com,001-495-885-5639x03348,M,1982-09-21,2022-12-03,VA,North Linda,Bronze,In-Store,Y,
CUST000136,Lawrence,Allen,lawrence.allen221@hotmail.com,+1-629-466-2782x827,F,1948-11-11,2022-11-05,NY,New Paul,BRONZE,Mobile App,Y,TV Ad
CUST000660,Trevor,Guerra,trevor.guerra800@gmail.com,611.464.9133,M,1980-08-29,2021-05-28,wa,Port Sheri,Silver,Online,yes,
CUST002967,Justin,Turner,justin.turner627@outlook.com,001-554-657-4770x60855,Other,1973-11-28,2025-04-12,WA,South Daniellehaven,silver,Mobile App,yes,TV Ad
CUST005969,Melissa,Castaneda,melissa.castaneda972@hotmail.com,001-216-413-2490x69070,M,1994-09-01,2022-08-28,AZ,Mallorymouth,bronze,Mobile App,N,
CUST000189,Jeffrey,Mercer,jeffrey.mercer849@yahoo.com,+1-806-948-9090x1001,Other,1955-06-17,10/19/2020,Virginia,North Michael,Gold,Online,yes,Social Media
CUST003658,James,Franco,james.franco508@yahoo.com,(501)819-0677,F,1972-03-23,2026-05-04,Virginia,Christopherland,Silver,In-Store,,Influencer
CUST005275,Anthony,Cuevas,anthony.cuevas340@yahoo.com,,F,1964-07-11,2020-11-06,GA,South Julia,gold,Mobile App,,
CUST005227,Jeffrey,Nelson,jeffrey.nelson786@hotmail.com,661.273.6965,Other,1992-07-23,2022-11-29,NEW YORK,Snyderland,BRONZE,In-Store,,
CUST004546,Mckenzie,Caldwell,,,M,,2025-12-08,New Jersey,,bronze,Mobile App,,
CUST002728,Ashley,Wright,ashley.wright150@yahoo.com,(578)776-2602,F,1954-09-10,2023-11-12,Indiana,Kellymouth,bronze,Online,N,
CUST000806,Edward,Smith,edward.smith423@gmail.com,732.314.6449x3699,Other,1994-06-21,2025-02-25,FL,Bradleytown,silver,Mobile App,1,TV Ad
CUST003194,Sharon,Hamilton,sharon.hamilton239@outlook.com,(772)649-0140,M,1942-12-13,2023-11-01,CALIFORNIA,New Cameron,bronze,Online,N,Social Media
CUST001076,Christian,Owens,christian.owens867@outlook.com,001-359-785-1602x119,F,1997-12-16,2024-11-12,VA,Lake Dennisstad,BRONZE,Online,Y,Search Engine
CUST003785,William,Fernandez,william.fernandez914@outlook.com,+1-206-619-7500x3814,M,1966-12-28,2023-03-26,TX,South Steven,bronze,Mobile App,N,Friend Referral
CUST005220,Mary,Vargas,mary.vargas506@hotmail.com,(755)950-4462x20369,M,1944-07-01,2023-03-28,WA,South Donna,bronze,Online,0,TV Ad
CUST004048,Eric,Mosley,eric.mosley91@yahoo.com,2166097067,M,1999-04-20,2020-10-21,tx,Lake Kellyville,BRONZE,In-Store,no,TV Ad
CUST006056,Diane,Archer,DIANE.ARCHER964@OUTLOOK.COM,497-743-5752,M,1998-08-26,2023-12-02,Virginia,West Stephentown,Gold,In-Store,1,Email Campaign
CUST002152,  Eric ,Williams,eric.williams670@gmail.com,+1-524-648-3726x877,F,1999-07-29,2022-09-22,il,South Scott,SILVER,Online,no,Influencer
CUST002015,Paul,Davis,paul.davis441@outlook.com,(557)545-8618x058,F,1953-09-20,2021-03-31,Massachusetts,Lake Michelle,Silver,In-Store,no,Influencer
CUST001398,Larry,Torres,larry.torres968@hotmail.com,779-866-6829x052,F,1972-01-31,2026-01-17,il,Dixontown,BRONZE,In-Store,Y,
CUST000474,Jeff,Torres,,,Other,2005-12-28,05/31/2024,tx,South Patriciafort,Bronze,In-Store,,
CUST006030,Robert,Ferrell,ROBERT.FERRELL282@YAHOO.COM,(492)432-4687,F,1977-01-11,2026-04-03,Maryland,Lake Valerieburgh,Bronze,In-Store,,
CUST000419,David,Andrade,david.andrade572@gmail.com,+1-263-609-9384x253,M,1949-10-31,2021-10-11,il,Bensonmouth,Bronze,Mobile App,,
CUST000840,Anthony,Ballard,anthony.ballard798@outlook.com,(841)386-9656x13087,Other,1995-07-24,2023-01-14,Maryland,Amyberg,Silver,Online,yes,Walk-in
CUST003315,Rodney,Pacheco,rodney.pacheco723@hotmail.com,6555501333,Other,1958-03-25,2021-10-22,AZ,New Jasminemouth,bronze,Mobile App,N,Search Engine
CUST003603,Heather,Torres,heather.torres827@hotmail.com,874-671-7715x56489,F,1957-02-25,2022-10-15,nc,Barbaraside,SILVER,Mobile App,N,
CUST002348,Amanda,Davenport,amanda.davenport589@yahoo.com,+1-295-716-6032x37014,F,1985-06-24,2023-07-14,Pennsylvania,Shepherdbury,BRONZE,In-Store,1,
CUST001227,Wendy,Lee,wendy.lee46@outlook.com,001-923-515-5505x70521,Other,1965-06-23,2023-04-09,California,Ramosville,platinum,In-Store,Y,Search Engine
CUST003878,Jared,Tran,jared.tran121@hotmail.com,556-672-7857x302,F,1986-06-18,2024-06-12,fl,Lake Roberthaven,Silver,Online,N,Email Campaign
CUST000968,Maurice,Turner,maurice.turner126@outlook.com,(726)611-4243x6258,M,1982-12-28,2021-08-24,Illinois,East Meghan,Platinum,In-Store,0,
CUST001321,Carmen,Farmer,carmen.farmer85@outlook.com,001-308-299-3187,Other,2003-06-13,2025-05-25,FL,North Brianton,Silver,Online,yes,Social Media
CUST004280,Christopher,Rodriguez,christopher.rodriguez435@gmail.com,3626536138,M,1982-08-27,2024-10-01,NY,Blakefurt,bronze,Online,no,Friend Referral
CUST000386,Crystal,Pitts,,,M,,2021-08-02,Massachusetts,,Silver,In-Store,,
CUST000916,Renee,Christian,renee.christian182@gmail.com,001-480-717-9867x78231,M,1997-09-29,2022-02-19,FL,Holdertown,gold,Online,no,Social Media
CUST000533,Jacob,Garcia,jacob.garcia260@hotmail.com,001-572-881-2356x798,F,1955-04-13,2024-02-10,MO,Kathleenport,Silver,In-Store,0,Social Media
CUST003352,Lisa,Richardson,lisa.richardson332@outlook.com,(766)757-6406x336,F,1973-11-23,2023-05-03,North Carolina,Lake Phillipchester,Silver,Online,Y,Walk-in
CUST003198,Crystal,Lyons,crystal.lyons333@hotmail.com,691-435-9748x956,F,1946-10-02,2023-08-04,VIRGINIA,Lake Paigefurt,bronze,Mobile App,1,Social Media
CUST000676,Jennifer,Patel,jennifer.patel642@yahoo.com,+1-991-553-7038x240,Other,1968-06-12,2026-01-13,GA,Port Stephanieport,Bronze,In-Store,N,Friend Referral
CUST004444,Christian,Webb,christian.webb376@hotmail.com,342.965.9798x43620,F,1998-04-09,2025-01-11,New York,Odommouth,Platinum,Online,N,Influencer
CUST002222,Angela,Smith,angela.smith779@hotmail.com,+1-415-773-6850x70518,F,1980-11-26,2026-02-05,VA,Port Trevor,bronze,Online,0,Email Campaign
CUST005252,Jessica,Williams,jessica.williams45@yahoo.com,(572)665-2136x524,F,2003-07-26,2026-03-23,WI,Port Carmenville,SILVER,Online,0,Email Campaign
CUST003429,Sandra,Hayes,sandra.hayes572@gmail.com,+1-706-225-0946x660,F,1973-09-17,2025-06-10,AZ,Brandonton,bronze,Mobile App,yes,Influencer
CUST003939,Morgan,Mitchell,morgan.mitchell458@outlook.com,001-810-317-6602x7912,Other,1978-03-29,2023-04-30,VA,Ramosville,Silver,In-Store,Y,Walk-in
CUST004580,John,Carr,john.carr822@hotmail.com,474.202.7806,F,1957-01-27,2024-05-29,MD,Riveraview,silver,Mobile App,1,Influencer
CUST004074,Robert,Rogers,robert.rogers820@outlook.com,001-633-648-0801x360,M,1974-09-20,2025-08-13,OH,New Victor,GOLD,Mobile App,,Influencer
CUST002579,Ricky,Martin,ricky.martin376@yahoo.com,,M,1952-01-13,2021-02-23,TN,Melissafort,BRONZE,In-Store,,
CUST002407,Julie,Cook,julie.cook231@yahoo.com,805-856-2412,Other,1949-10-15,2024-08-25,GA,Patriciaville,Silver,In-Store,no,Friend Referral
CUST005345,Ronald,Sutton,ronald.sutton24@yahoo.com,+1-359-262-5608,Other,2000-08-07,2022-09-26,TX,Jacksonstad,silver,Mobile App,no,Friend Referral
CUST002704,Alisha,Myers,alisha.myers269@gmail.com,380-353-3151x31356,M,1962-07-09,2025-10-31,wa,South Jeffery,Platinum,In-Store,Y,Walk-in
CUST002414,Pamela,Miller,pamela.miller599@yahoo.com,905-750-3158,Other,1945-10-24,2023-05-05,MARYLAND,Ginaborough,Bronze,Online,0,Email Campaign
CUST002951,Lisa,Daniel,lisa.daniel221@hotmail.com,(886)479-9420x6137,F,1972-11-08,2025-06-02,ny,Collinschester,BRONZE,Mobile App,no,Social Media
CUST000721,Kenneth,Brown,kenneth.brown167@gmail.com,(904)843-2400x61572,Other,2002-08-10,2023-09-20,ca,Johnfurt,BRONZE,Online,Y,TV Ad
CUST004506,Yvonne,Murray,yvonne.murray396@hotmail.com,254.489.5987x11969,M,1965-01-26,2026-06-22,North Carolina,West Clarenceburgh,Gold,Mobile App,N,Search Engine
CUST003052,James,Davis,james.davis549@outlook.com,653.217.5286x122,Other,1965-10-31,06/17/2024,Indiana,Port Christina,SILVER,In-Store,no,Walk-in
CUST001517,  Sean ,Garcia,sean.garcia936@outlook.com,6043902144,M,2005-11-19,2021-02-07,ny,New Jadechester,Gold,Online,Y,Friend Referral
CUST004355,Carolyn,Knapp,carolyn.knapp803@gmail.com,281.578.9527x869,Other,1990-05-19,2020-12-29,Michigan,New Donald,gold,Mobile App,1,
CUST000534,Jacob,Ramirez,jacob.ramirez445@outlook.com,001-313-307-2407x8754,M,1952-03-03,2022-06-17,Florida,East Stevenville,BRONZE,Online,N,Walk-in
CUST005929,Melody,Stewart,melody.stewart502@gmail.com,627-549-2571,M,1963-04-23,11/17/2025,Indiana,North Jonathan,platinum,In-Store,0,
CUST006035,Maria,Kelly,MARIA.KELLY888@GMAIL.COM,001-567-586-1986x6453,M,1950-07-23,2021-08-26,Virginia,Lake Patriciachester,GOLD,Mobile App,,Social Media
CUST003621,William,Spears,william.spears735@hotmail.com,260.749.1917x997,Other,1995-04-06,2025-03-28,va,East Maryborough,silver,Mobile App,,Search Engine
CUST003921,Grant,Gomez,grant.gomez899@hotmail.com,+1-754-267-2390x441,F,1964-10-05,2025-03-11,Indiana,Claytonland,PLATINUM,Online,N,
CUST002494,Bernard,Wilson,bernard.wilson20@gmail.com,557-987-2390,F,1982-12-05,2023-09-28,OH,Priscillaville,Platinum,Mobile App,N,
CUST004349,Michael,Parker,michael.parker760@hotmail.com,(273)259-6552,M,1994-04-25,2021-07-31,Indiana,South Patriciamouth,Gold,Online,yes,Social Media
CUST003143,Maria,Guzman,maria.guzman612@hotmail.com,001-646-508-2474x079,F,1958-11-22,2023-11-17,Florida,Alyssaland,bronze,In-Store,Y,Walk-in
CUST005573,Lance,Schultz,lance.schultz369@yahoo.com,909-714-9168,F,1995-06-10,2021-05-07,MI,Lake Michelleberg,PLATINUM,Mobile App,yes,Search Engine
CUST005812,Kyle,Ferguson,kyle.ferguson911@gmail.com,588.978.5339x5682,M,1986-04-30,2022-03-13,GA,Perezshire,SILVER,In-Store,N,Walk-in
CUST004984,Gregory,Martin,gregory.martin420@yahoo.com,567.655.8311x0812,M,2009-07-18,2021-07-08,IL,North Paulshire,bronze,Mobile App,,Walk-in
CUST000839,Dawn,Thompson,dawn.thompson835@yahoo.com,895-738-2804x05612,F,1955-10-16,2023-12-11,MI,New Catherine,silver,Mobile App,N,Search Engine
CUST004669,James,White,james.white163@hotmail.com,+1-693-291-9001x128,Other,1943-02-03,2024-05-04,Illinois,East Feliciaport,platinum,In-Store,0,
CUST000861,Joseph,Johnson,joseph.johnson457@gmail.com,915.353.1325x936,M,1999-05-17,2021-11-23,MI,Christopherport,gold,Mobile App,N,Friend Referral
CUST004072,Jay,Adams,jay.adams470@yahoo.com,+1-220-397-6812x7888,F,1969-05-13,2022-03-23,IN,South Julianhaven,Silver,In-Store,N,TV Ad
CUST001545,William,Graham,william.graham517@outlook.com,774-289-0304,F,1953-05-21,2023-04-07,OH,South Billy,BRONZE,Mobile App,yes,Social Media
CUST000418,Andrew,Cameron,andrew.cameron718@gmail.com,853-347-3552,F,2004-06-02,2020-10-17,IN,South Diana,bronze,Mobile App,N,
CUST005870,  Justin ,Hartman,justin.hartman473@yahoo.com,+1-875-722-1850x9320,F,1970-12-03,06/18/2022,Wisconsin,Lake Stephen,GOLD,In-Store,0,Influencer
CUST005392,Jason,Ford,jason.ford543@yahoo.com,001-816-245-4653x3991,Other,1948-04-11,2023-09-05,ILLINOIS,East Monicastad,Bronze,Mobile App,Y,Email Campaign
CUST002708,Edward,Martinez,,,M,,2024-02-24,Georgia,Matthewland,silver,In-Store,,
CUST004670,Kimberly,Cervantes,kimberly.cervantes849@hotmail.com,,M,1975-05-13,2025-08-28,OH,Vanessaview,GOLD,Online,,
CUST003578,Michael,Mills,michael.mills173@gmail.com,+1-716-429-0772x692,F,1977-05-11,2020-12-21,TN,East Micheal,BRONZE,In-Store,Y,Search Engine
CUST005139,  Alexis ,Nixon,alexis.nixon214@yahoo.com,+1-744-813-2207x10842,M,1959-01-28,2024-09-30,WASHINGTON,Hunterchester,SILVER,In-Store,1,Search Engine
CUST000276,Kayla,Barr,kayla.barr158@hotmail.com,(406)544-7421,F,1980-04-04,2024-07-06,Georgia,East Misty,Gold,In-Store,no,
CUST000626,Crystal,Hoffman,crystal.hoffman611@hotmail.com,270.629.9295x966,Other,1964-11-05,2021-11-18,Tennessee,Kevinmouth,Bronze,Mobile App,no,Friend Referral
CUST003415,Isabel,Alexander,isabel.alexander565@yahoo.com,763.568.1230,F,1952-11-24,2026-03-30,PA,West Taylor,Bronze,Mobile App,Y,Walk-in
CUST002773,Lindsay,Torres,lindsay.torres701@hotmail.com,(765)865-6416,M,1943-06-08,2025-09-14,Illinois,Heatherland,BRONZE,Online,,
CUST002282,Michele,Olson,michele.olson776@hotmail.com,947-962-0734,Other,1949-01-10,2023-03-21,FL,South David,GOLD,Mobile App,Y,Email Campaign
CUST000715,Alexis,Moody,,,Other,,2021-09-05,New York,,platinum,In-Store,,
CUST002042,Adam,Estrada,adam.estrada987@outlook.com,752.587.8971,F,1994-06-02,2023-11-09,MI,New Sarah,Gold,Mobile App,Y,Walk-in
CUST002857,Justin,Kelley,justin.kelley83@gmail.com,603.486.4732x2322,F,1997-07-26,2021-03-27,MO,South David,GOLD,Online,,Walk-in
CUST005095,Michael,Moreno,michael.moreno984@hotmail.com,571.681.3061x2126,Other,1989-12-18,2024-08-20,California,Youngmouth,Bronze,Online,Y,Walk-in
CUST002726,James,Wells,james.wells620@outlook.com,487.878.8011x5913,Other,1964-03-14,2020-11-19,VA,Davidfurt,silver,Online,N,Social Media
CUST000602,Nicholas,Cruz,nicholas.cruz424@gmail.com,(842)768-7741,M,1973-11-20,2022-06-27,WISCONSIN,Alyssaborough,bronze,In-Store,N,Social Media
CUST001322,Lisa,Collins,lisa.collins394@hotmail.com,,F,1998-05-08,2026-04-21,IL,New Dawn,bronze,Online,,
CUST000583,Tracy,Carson,tracy.carson623@hotmail.com,(374)411-7674,M,1966-07-18,2022-04-25,WA,Dennishaven,SILVER,In-Store,,
CUST003297,Anthony,Brown,anthony.brown985@outlook.com,861-789-3298,M,1971-02-09,2024-09-01,IN,New Michaelhaven,bronze,Online,no,Walk-in
CUST003064,Tyler,Davis,tyler.davis813@yahoo.com,506-521-4613x3547,Other,2001-05-25,2025-12-20,Texas,Lake Jamesberg,BRONZE,Online,,Social Media
CUST004792,Erin,Krause,erin.krause858@gmail.com,277.792.9574,M,1967-10-15,01/16/2025,ca,Leahside,GOLD,Online,N,
CUST004235,Billy,Perry,billy.perry407@yahoo.com,245-668-6314x687,M,2002-12-27,2023-11-28,Washington,East Caleb,bronze,Online,1,Walk-in
CUST005216,George,Collier,george.collier895@hotmail.com,575-668-3482x27789,M,1984-02-22,2023-09-02,WA,Matthewport,bronze,In-Store,,Walk-in
CUST002058,Joshua,Walsh,joshua.walsh159@hotmail.com,+1-984-407-5538x05365,Other,1979-06-06,2024-11-04,WA,Lamberthaven,gold,Mobile App,1,TV Ad
CUST000212,Sarah,Rodriguez,sarah.rodriguez981@yahoo.com,(760)272-8326x8424,F,1995-10-04,2022-06-05,WI,West Kathymouth,BRONZE,Mobile App,N,Influencer
CUST003968,Zachary,Rodriguez,zachary.rodriguez717@outlook.com,895-200-4418x500,F,1996-04-13,2024-06-25,Arizona,West Sara,SILVER,In-Store,Y,
CUST004458,Daniel,Kramer,,,Other,,2022-01-12,Massachusetts,,gold,In-Store,,
CUST000302,Todd,Lloyd,,,F,,2022-09-01,NY,,Platinum,Mobile App,,
CUST000355,Colleen,Chavez,,,F,,2021-09-21,Wisconsin,,Platinum,Online,,
CUST004793,  Seth ,Lee,seth.lee897@outlook.com,(352)498-0024x614,F,1972-09-21,2025-06-09,New Jersey,Port Dylanside,bronze,In-Store,Y,
CUST004942,James,Bartlett,james.bartlett351@hotmail.com,566.294.5926x8087,Other,1955-05-29,2022-05-18,North Carolina,North Aaronview,silver,In-Store,no,TV Ad
CUST001833,Benjamin,Fuller,benjamin.fuller400@hotmail.com,(769)920-3273,M,1954-09-27,2022-09-05,MO,Brooksshire,bronze,In-Store,Y,
CUST001837,Monica,Johnson,monica.johnson713@outlook.com,343-768-7163x8762,M,1944-03-27,2022-04-16,Georgia,Lake Mindyfort,gold,Mobile App,0,Walk-in
CUST004466,Richard,Vaughn,richard.vaughn837@hotmail.com,302.253.8369x779,M,1971-06-10,11/27/2025,mi,North Erica,Silver,In-Store,no,Influencer
CUST001921,Donna,Chavez,donna.chavez179@outlook.com,001-440-269-5725,F,2002-03-10,2025-11-11,Georgia,Wrightburgh,Bronze,In-Store,,Influencer
CUST005752,Roy,Leonard,roy.leonard181@outlook.com,(848)527-2105,M,1999-12-27,2025-11-15,OHIO,Sharpbury,BRONZE,In-Store,no,Friend Referral
CUST002267,Maria,Reyes,maria.reyes928@outlook.com,744-527-1974,M,1987-10-30,2021-12-30,OH,Bennettport,platinum,Mobile App,no,Email Campaign
CUST005174,Noah,Wilkerson,noah.wilkerson249@gmail.com,651.839.5927,F,2000-11-30,2021-11-14,Wisconsin,Garciaville,silver,In-Store,1,
CUST000867,Evelyn,Campbell,evelyn.campbell983@outlook.com,(273)467-7462,F,1960-07-31,2023-09-13,New Jersey,Cruzfort,bronze,In-Store,Y,Social Media
CUST004145,Kelli,Jones,kelli.jones872@hotmail.com,(227)396-1770,M,1965-08-01,2021-06-08,Georgia,North Heidi,Bronze,Online,N,Walk-in
CUST000949,Antonio,Campbell,antonio.campbell840@hotmail.com,898.605.9503x100,Other,2007-08-02,2023-07-16,AZ,Padillaberg,BRONZE,Mobile App,yes,Search Engine
CUST005779,Jessica,Townsend,jessica.townsend149@gmail.com,337-238-9350x57864,Other,2002-09-27,2024-11-04,ga,New Trevorfort,Bronze,In-Store,,
CUST001015,Kevin,Wiley,kevin.wiley460@yahoo.com,704-570-2059x68519,Other,1999-01-08,2022-06-12,Wisconsin,Romeroshire,silver,Online,N,Friend Referral
CUST000960,Patrick,Black,patrick.black793@hotmail.com,+1-993-418-6928,M,1990-04-17,2025-01-15,California,Sallyfort,silver,Online,1,
CUST002203,Kara,Brown,kara.brown746@gmail.com,634-402-5006,M,1977-12-06,2024-07-23,MA,Port Davidfort,SILVER,Mobile App,Y,Walk-in
CUST003368,Melissa,Green,melissa.green712@outlook.com,8572492138,M,1954-04-13,2022-10-28,MA,Davisburgh,silver,Online,,Influencer
CUST004916,James,Clark,james.clark275@yahoo.com,255.264.1672,Other,1998-06-12,2021-10-10,in,South Christinetown,Silver,In-Store,N,Influencer
CUST005735,  Destiny ,King,destiny.king1@gmail.com,+1-525-843-2635x0926,Other,1973-02-18,2020-09-14,MICHIGAN,Lake Kevinstad,bronze,Mobile App,no,Social Media
CUST003518,Shannon,Smith,shannon.smith106@hotmail.com,(684)292-7254x52832,Other,1987-05-11,2024-11-12,Indiana,Andreachester,PLATINUM,In-Store,no,
CUST001179,Linda,Johnson,linda.johnson150@gmail.com,001-203-485-8864x0788,M,1955-04-22,2022-11-25,Wisconsin,Port Shelby,bronze,In-Store,N,Friend Referral
CUST004104,Kelsey,Hubbard,kelsey.hubbard320@gmail.com,001-726-719-5843x61273,M,2007-04-03,2025-05-06,Arizona,Deborahmouth,bronze,In-Store,N,Influencer
CUST003192,Caroline,Sims,caroline.sims284@outlook.com,5812103877,Other,1995-07-25,2021-02-06,WA,Lake Charles,gold,Online,Y,
CUST000741,Christopher,Ramsey,christopher.ramsey610@hotmail.com,897.305.4873,F,1990-10-07,2026-01-15,Ohio,Jamesmouth,BRONZE,In-Store,no,Influencer
CUST005627,Kim,Johnson,kim.johnson969@outlook.com,+1-738-344-5705x5893,M,1982-05-25,2022-07-24,wi,Christineton,gold,Mobile App,N,Social Media
CUST003524,Christopher,Harrell,christopher.harrell947@hotmail.com,845.364.4313x2815,F,1966-04-13,2024-11-29,Ohio,West Anna,Silver,Mobile App,N,Friend Referral
CUST002469,  Samantha ,Butler,samantha.butler658@outlook.com,315-949-5992,M,2004-10-10,2023-07-19,TENNESSEE,East Curtis,gold,In-Store,Y,
CUST002187,James,Gordon,james.gordon317@outlook.com,+1-382-433-0970,Other,1965-08-29,2026-04-29,Missouri,Leeton,gold,Mobile App,Y,Social Media
CUST003777,Justin,Grant,justin.grant344@hotmail.com,451.574.4441x38825,M,1955-09-19,2026-06-06,Florida,Benjaminside,silver,Mobile App,yes,Influencer
CUST002589,Allison,Barr,allison.barr713@hotmail.com,,M,1996-08-09,03/05/2024,MA,Howardville,bronze,Online,,
CUST000324,Helen,Salazar,helen.salazar393@yahoo.com,550.416.5790x55281,M,1980-12-09,2021-11-17,TX,New Nicoleton,Bronze,Online,,Walk-in
CUST000083,Jon,Mullins,jon.mullins161@yahoo.com,956-767-6527,M,1954-01-19,2022-10-01,NC,Port Dianaview,Bronze,Mobile App,,
CUST005867,Julie,Preston,julie.preston208@yahoo.com,539.542.6610x9958,M,1982-06-14,2024-05-02,Ohio,Jamesmouth,Gold,Mobile App,Y,
CUST000356,Michael,Hernandez,michael.hernandez907@gmail.com,513-264-4249x36312,F,1951-03-18,2024-08-29,New Jersey,Meganchester,gold,Online,0,
CUST004926,William,Willis,william.willis516@yahoo.com,693.820.8284x1889,Other,1988-09-02,2022-05-22,Pennsylvania,Toddfort,Bronze,Mobile App,N,Email Campaign
CUST000693,James,Holmes,james.holmes375@hotmail.com,(911)236-9572,F,1943-03-05,2023-06-17,Texas,East Benjaminfurt,SILVER,In-Store,0,Friend Referral
CUST000514,Michael,Farley,michael.farley299@outlook.com,748-317-7665x5868,M,2008-09-11,2024-01-12,New Jersey,West Lisatown,SILVER,Mobile App,1,
CUST001734,John,Patrick,john.patrick358@outlook.com,+1-840-826-9089x649,F,1963-10-18,2023-03-21,CA,Desireeborough,gold,In-Store,Y,Social Media
CUST003247,Ronald,Brown,ronald.brown812@gmail.com,(233)236-9417x518,F,1974-03-30,2023-09-04,MD,Port Gina,GOLD,Mobile App,no,Search Engine
CUST003007,Melinda,Oneill,melinda.oneill730@yahoo.com,269-703-3847x137,Other,1956-02-27,2020-10-28,CA,South Sarah,BRONZE,In-Store,0,Social Media
CUST004720,Michael,Walker,michael.walker217@hotmail.com,7306703088,Other,1970-01-21,2020-11-02,ca,East Kelly,silver,Mobile App,0,Email Campaign
CUST001358,Lauren,Torres,lauren.torres296@gmail.com,(956)319-2767x137,F,1958-11-04,2022-10-15,Illinois,Thomasfurt,BRONZE,Mobile App,0,Influencer
CUST002938,Sean,Little,sean.little707@gmail.com,251.906.7444,Other,1963-12-25,2022-12-14,OH,Brennanfort,Bronze,Online,Y,Search Engine
CUST004963,Ryan,Gilmore,ryan.gilmore963@gmail.com,+1-938-314-4932x8955,F,1966-03-18,05/27/2024,Michigan,Lake Shelby,Silver,In-Store,N,
CUST000472,Tyler,Jennings,tyler.jennings735@gmail.com,001-506-485-3890x9728,M,1988-01-19,2023-10-09,Pennsylvania,South Alexanderborough,SILVER,Mobile App,0,Search Engine
CUST004721,Julie,Lopez,julie.lopez898@hotmail.com,976.538.9560,F,2007-07-23,2026-01-14,IL,Kathleenhaven,Bronze,Mobile App,0,TV Ad
CUST001064,Katherine,Combs,katherine.combs510@hotmail.com,001-988-718-7387,M,1998-02-16,2025-03-10,WA,East Kevinborough,Silver,In-Store,yes,Search Engine
CUST004758,Brent,Solomon,brent.solomon360@hotmail.com,804.304.7941,F,2007-04-10,2023-09-22,Georgia,South Jamesside,Bronze,Mobile App,Y,Email Campaign
CUST002891,Michael,Meyer,michael.meyer739@yahoo.com,001-303-422-1688x070,F,1993-04-17,2022-11-16,TX,Lake Cheryl,Gold,Online,yes,
CUST002054,Sarah,Nicholson,sarah.nicholson929@gmail.com,421.996.0878x75788,Other,1987-08-12,2020-10-15,Pennsylvania,Brightburgh,SILVER,In-Store,Y,TV Ad
CUST005659,Linda,Long,linda.long126@yahoo.com,001-544-209-2301x3270,Other,2002-04-07,2025-05-05,tn,Baileyport,platinum,Mobile App,N,Search Engine
CUST005181,Johnathan,Reeves,johnathan.reeves311@gmail.com,553.524.4576,F,1966-03-06,07/31/2022,Arizona,Janetton,bronze,Mobile App,yes,
CUST004346,Joseph,Hart,joseph.hart191@yahoo.com,(973)504-0009x53656,F,1965-11-28,2021-12-21,CA,West Ronald,Silver,In-Store,,Walk-in
CUST001005,Olivia,Valdez,olivia.valdez797@outlook.com,243.404.3502x385,F,1985-12-09,2026-05-02,VIRGINIA,Smallland,Bronze,Online,1,Social Media
CUST001759,Tasha,Richardson,tasha.richardson128@gmail.com,,M,1957-06-27,2026-01-26,nc,Robleshaven,bronze,In-Store,,
CUST005869,Jaclyn,Clark,jaclyn.clark69@gmail.com,361.678.9614,F,1992-05-06,05/03/2025,Washington,Evanberg,silver,Online,yes,TV Ad
CUST005862,Donna,Davis,donna.davis693@yahoo.com,377-277-4462x06090,M,1984-08-01,2026-06-06,Michigan,Port Joannamouth,bronze,In-Store,,Walk-in
CUST005747,Willie,Bush,willie.bush742@yahoo.com,(265)932-0384x354,M,2008-12-09,2024-01-13,GA,Kennethberg,SILVER,In-Store,,Email Campaign
CUST002167,Ryan,Miller,ryan.miller103@yahoo.com,7779842845,Other,1998-11-23,2023-05-02,NY,Lake Juliatown,Bronze,In-Store,N,
CUST001575,Tyler,Mclaughlin,tyler.mclaughlin412@outlook.com,+1-749-972-3920x10297,F,1942-08-22,2021-09-13,Arizona,Brandonstad,SILVER,In-Store,1,Friend Referral
CUST004606,Kristin,Jackson,kristin.jackson951@gmail.com,(508)787-4535x18786,M,2007-09-08,05/15/2021,MD,Port Christopher,SILVER,Mobile App,yes,
CUST000140,Gabriel,Taylor,gabriel.taylor309@yahoo.com,+1-282-654-4948x126,Other,1955-02-20,2021-11-16,Texas,New Michaelview,GOLD,Online,1,TV Ad
CUST001880,Cindy,Douglas,cindy.douglas178@gmail.com,001-712-532-1600,M,1991-12-20,09/12/2023,TX,West Courtney,GOLD,In-Store,,
CUST005582,Johnny,Kramer,johnny.kramer26@outlook.com,(702)803-4934x2330,M,1943-07-25,2023-09-29,Illinois,Lauraside,BRONZE,In-Store,1,Friend Referral
CUST001997,Dylan,Frank,dylan.frank582@hotmail.com,001-471-276-3506x427,M,1940-09-19,2021-04-25,WA,South Barbara,bronze,In-Store,no,Social Media
CUST004024,Michael,Mcdonald,michael.mcdonald900@outlook.com,247-734-2722,Other,1942-11-07,2024-08-17,AZ,Port Deannatown,Gold,Mobile App,,
CUST000237,Joel,Ruiz,joel.ruiz905@gmail.com,001-655-564-7292x931,M,1983-08-04,10/20/2022,WI,Colemanchester,Bronze,Mobile App,N,Social Media
CUST002175,Stephanie,Avila,,,F,1960-01-16,01/12/2021,WI,Marychester,BRONZE,Mobile App,,
CUST002471,Anthony,Hudson,anthony.hudson697@yahoo.com,515-636-0964,Other,1942-08-02,2025-10-13,Arizona,South Makaylatown,silver,Mobile App,,
CUST003581,Rebekah,Lowe,rebekah.lowe836@outlook.com,(872)780-3671x9994,M,2001-12-03,2025-11-06,FL,South Ariel,silver,Online,,Search Engine
CUST002395,John,Brown,john.brown884@gmail.com,436-235-9114,M,1948-01-11,2020-11-21,NY,Phelpsfort,bronze,Online,1,Friend Referral
CUST002441,Alison,Stein,alison.stein409@gmail.com,514.349.8602x96532,M,1992-12-05,2022-11-13,Texas,Morrisontown,BRONZE,Mobile App,Y,TV Ad
CUST002269,Crystal,Johnson,crystal.johnson62@gmail.com,+1-681-346-4702x3607,F,1995-07-05,2020-10-25,GA,West Marcus,silver,Online,0,Walk-in
CUST001315,Sharon,Franco,sharon.franco935@hotmail.com,679.532.2191,Other,2006-10-28,2026-06-01,WA,Flemingstad,SILVER,Mobile App,N,Search Engine
CUST004863,Patricia,Jones,patricia.jones761@outlook.com,839-600-2089x1409,M,1963-08-31,2020-10-09,Pennsylvania,Kylefort,bronze,Mobile App,,Social Media
CUST000914,Krista,Dickerson,krista.dickerson24@gmail.com,+1-459-695-3006x2212,Other,1953-07-30,2023-02-10,Michigan,Brianfurt,Gold,Mobile App,0,Walk-in
CUST004211,Robert,Lloyd,robert.lloyd494@gmail.com,+1-595-966-5464,M,1997-07-11,2021-01-23,MA,Hobbsport,silver,In-Store,Y,Influencer
CUST000373,Steve,Zimmerman,steve.zimmerman603@gmail.com,809-375-9230x45018,M,1974-04-07,2024-04-30,Illinois,Brooketown,gold,In-Store,N,Influencer
CUST005404,Olivia,Foster,olivia.foster134@yahoo.com,668-562-7756,F,1960-06-01,2025-08-09,IL,Greenchester,Gold,Online,,Influencer
CUST004344,Rebecca,Lee,rebecca.lee19@yahoo.com,666-974-6493x2516,F,1986-11-11,2024-01-22,va,New Lisa,silver,Mobile App,1,Influencer
CUST001992,David,Flores,david.flores414@yahoo.com,001-794-848-1440x00407,F,1980-04-04,2026-04-29,ma,South Lorrainechester,BRONZE,Mobile App,0,Walk-in
CUST000310,Maureen,Hodges,maureen.hodges169@hotmail.com,001-561-957-1732x030,Other,1960-12-21,11/08/2021,CA,South Donnaport,Bronze,In-Store,Y,Walk-in
CUST003523,Joy,Santos,joy.santos129@outlook.com,545.376.3587,M,2007-02-24,2022-12-18,Tennessee,New Victor,Silver,Online,no,Social Media
CUST002628,Stephen,Perez,stephen.perez560@gmail.com,842-664-2930,F,1982-06-12,2025-09-15,mo,Riddleview,bronze,In-Store,,Walk-in
CUST002208,Robin,Castillo,robin.castillo783@yahoo.com,990-667-1009,F,1995-10-09,2025-04-07,WA,Lake Kim,SILVER,Mobile App,N,Friend Referral
CUST005534,Patricia,Garcia,patricia.garcia116@gmail.com,+1-723-624-5454x1913,Other,2000-12-15,2022-05-26,tn,Cooperview,silver,In-Store,N,Search Engine
CUST003334,  Christian ,Martinez,christian.martinez631@outlook.com,639-492-8581,M,1953-03-13,2025-10-13,TN,Lake Teresa,GOLD,Mobile App,no,Influencer
CUST004837,Kimberly,Wu,kimberly.wu339@hotmail.com,313-927-7342,Other,1953-06-07,2025-12-01,wa,Lake Tiffany,SILVER,Mobile App,N,
CUST001633,Tara,Lopez,tara.lopez235@gmail.com,+1-377-400-7881x25325,M,1975-06-20,2024-11-15,Virginia,Wallerside,Silver,Mobile App,N,Social Media
CUST004545,Garrett,Brown,,,Other,1960-08-18,2022-10-10,NJ,Lake Gabriel,Gold,Online,,
CUST005425,William,Garcia,william.garcia198@gmail.com,,M,1984-09-10,03/20/2024,CA,Port Samantha,Silver,Mobile App,,
CUST002787,Steven,Carlson,steven.carlson276@yahoo.com,(725)976-2109x0280,M,1966-09-24,2021-03-19,NC,East Jenniferstad,bronze,Mobile App,N,Influencer
CUST003591,Jimmy,Taylor,jimmy.taylor878@outlook.com,+1-241-295-1307x45529,F,1998-01-30,06/17/2022,Florida,Parrishshire,silver,Mobile App,yes,Search Engine
CUST000787,Joseph,Schmidt,joseph.schmidt571@gmail.com,(501)648-8608x49079,Other,1943-07-07,2026-03-19,North Carolina,Allentown,Bronze,In-Store,no,TV Ad
CUST000318,Kristen,Washington,kristen.washington650@gmail.com,(935)931-5313x63631,Other,1948-10-19,2025-11-18,New Jersey,Watkinsmouth,BRONZE,Online,N,Social Media
CUST000415,John,Fuentes,john.fuentes934@hotmail.com,+1-631-853-7795x9959,F,1979-11-02,2020-12-28,Pennsylvania,Jamesborough,gold,In-Store,no,Friend Referral
CUST000218,Melanie,Drake,melanie.drake930@gmail.com,001-392-675-0373,F,1983-08-29,2021-08-21,MI,South Erik,Silver,Online,,Social Media
CUST001722,Samantha,Johnson,samantha.johnson707@gmail.com,+1-935-758-8108x227,F,2005-12-20,2023-01-28,VA,Michaelstad,bronze,In-Store,,Influencer
CUST004197,Lori,Maddox,lori.maddox588@gmail.com,(379)324-2628,M,2006-04-19,2022-01-30,Maryland,North Tammyville,SILVER,Online,N,Email Campaign
CUST004261,Jared,Wheeler,jared.wheeler61@gmail.com,001-353-276-9848x2824,M,1981-10-14,2022-07-22,Tennessee,Charlesburgh,SILVER,In-Store,1,
CUST001938,Cynthia,Gonzalez,cynthia.gonzalez515@yahoo.com,927-256-7195x03056,Other,1992-08-19,2024-07-07,Missouri,Lake John,BRONZE,In-Store,,Email Campaign
CUST003761,Glenda,Rivas,glenda.rivas230@hotmail.com,(429)360-6913,M,1959-01-10,2024-09-29,VA,West Wanda,Bronze,Mobile App,Y,TV Ad
CUST004103,Michael,Garcia,michael.garcia511@hotmail.com,263-448-1105,M,1942-10-25,2021-08-21,California,Walkerside,silver,Mobile App,,Email Campaign
CUST003542,Becky,Garrett,becky.garrett693@hotmail.com,001-764-624-0436,M,2001-04-05,01/02/2024,Michigan,West Angelaville,bronze,In-Store,1,TV Ad
CUST003156,Megan,Casey,megan.casey118@hotmail.com,+1-923-407-3139x729,Other,1996-10-03,2022-02-12,Washington,Lake Caseyhaven,Bronze,Mobile App,Y,
CUST004402,Charles,Smith,charles.smith927@hotmail.com,9294455469,F,1950-10-17,2026-05-12,Florida,South Sandra,SILVER,Mobile App,1,Influencer
CUST004386,Jennifer,Rose,jennifer.rose670@outlook.com,001-711-458-2702x4528,F,1992-05-26,2025-06-20,New York,East Maria,Gold,In-Store,no,Email Campaign
CUST000132,Peter,Barton,peter.barton361@gmail.com,946-511-2545,F,1981-11-16,2023-08-02,MI,Whitneyfort,Silver,Online,Y,
CUST002038,Timothy,Fuller,timothy.fuller368@outlook.com,(377)470-5548x9907,Other,1952-02-06,2025-05-04,PENNSYLVANIA,Beverlyside,Gold,Online,0,TV Ad
CUST000610,Eric,Carroll,eric.carroll797@yahoo.com,+1-241-383-4374,F,2010-03-28,2023-03-14,VA,Jaredhaven,GOLD,Mobile App,,Social Media
CUST003101,Joseph,Wilson,joseph.wilson725@gmail.com,710.642.3852x47965,M,2006-11-25,2021-06-07,MARYLAND,Lake Amanda,bronze,Mobile App,,Walk-in
CUST004062,Patricia,Becker,patricia.becker481@outlook.com,(430)203-0045,F,2003-12-31,2022-03-01,New York,Port Carl,GOLD,Mobile App,N,Search Engine
CUST002302,Cynthia,Peters,cynthia.peters149@yahoo.com,260-855-7384x10960,M,2008-10-02,2024-08-30,Arizona,Caldwelltown,GOLD,Mobile App,Y,Friend Referral
CUST002680,Jacob,Bell,jacob.bell602@yahoo.com,001-961-832-9406x35724,F,1977-08-24,2022-04-07,ga,New Amandachester,Bronze,Mobile App,Y,TV Ad
CUST004570,Donald,Myers,donald.myers698@hotmail.com,+1-914-448-7947x69325,F,1992-10-08,2023-05-21,WA,New Shelby,bronze,Online,yes,
CUST004096,William,Cherry,william.cherry780@gmail.com,898-211-1809x816,F,1971-08-19,2025-03-31,CALIFORNIA,North Mitchellmouth,BRONZE,In-Store,,
CUST003311,Sandra,Howard,sandra.howard261@outlook.com,266-958-4908x9571,M,2031-05-04,2024-02-16,oh,Trujilloport,BRONZE,Mobile App,N,Social Media
CUST004146,Lisa,Ferguson,lisa.ferguson500@yahoo.com,(394)388-9833,M,1979-04-01,2025-03-17,Michigan,Hannahmouth,gold,Mobile App,N,Walk-in
CUST001392,Shane,Robinson,shane.robinson442@outlook.com,962.962.6367x850,M,1949-05-11,2023-04-10,NY,Michellemouth,silver,Online,Y,TV Ad
CUST001928,Michael,Newton,michael.newton955@gmail.com,(768)794-0936x36460,M,1948-05-12,07/26/2022,Indiana,Byrdland,Silver,In-Store,Y,Influencer
CUST005793,Joshua,Williams,joshua.williams279@hotmail.com,464.214.5373x36860,M,1970-12-06,2024-12-23,ARIZONA,Velasquezland,BRONZE,In-Store,Y,Influencer
CUST001804,Christopher,Trujillo,christopher.trujillo684@hotmail.com,925.570.4430,M,2009-04-02,08/06/2023,Georgia,Osbornebury,SILVER,Online,N,Social Media
CUST006055,Heather,Williams,HEATHER.WILLIAMS628@OUTLOOK.COM,5435973598,Other,1967-05-21,2023-02-05,Illinois,Tammyton,bronze,In-Store,1,TV Ad
CUST000681,Valerie,Lewis,valerie.lewis497@gmail.com,362.889.5090x59119,M,1972-04-28,2023-10-22,NY,Markshire,Gold,Online,N,
CUST001674,Lorraine,Phillips,lorraine.phillips76@outlook.com,725-824-2352,M,1951-09-30,2025-11-22,Illinois,Craneborough,gold,In-Store,0,Email Campaign
CUST003847,Jon,Preston,jon.preston362@outlook.com,(520)397-6465,Other,1967-05-08,2022-07-13,MD,Paynetown,silver,Online,0,Friend Referral
CUST002643,Bradley,Hughes,bradley.hughes214@gmail.com,406-889-6553,M,1985-07-11,2022-10-02,TN,Jenniferchester,BRONZE,In-Store,0,
CUST004776,Brenda,Calhoun,brenda.calhoun965@outlook.com,5216970206,F,1947-07-20,2025-08-15,FL,Adamsport,bronze,Online,Y,Walk-in
CUST001500,Brittany,Martin,brittany.martin223@outlook.com,224-202-5455,Other,1969-10-09,2022-11-01,Arizona,Nuneztown,Silver,Online,yes,
CUST002241,Kimberly,Chambers,kimberly.chambers618@yahoo.com,(553)323-7508x397,F,1966-08-15,2026-05-05,mi,New Amy,Bronze,Online,no,Social Media
CUST005400,Tiffany,Richardson,tiffany.richardson281@hotmail.com,332.282.9117,M,1946-04-25,2023-09-04,PENNSYLVANIA,West Ericaland,SILVER,Mobile App,yes,Social Media
CUST003547,Caitlin,Acosta,caitlin.acosta463@outlook.com,735-832-4126x66206,M,2005-10-02,2021-01-16,MICHIGAN,Kristishire,silver,In-Store,N,Walk-in
CUST001677,Laura,Ramirez,laura.ramirez884@outlook.com,383.343.7798x2402,M,1989-07-23,2025-04-28,WA,Michelleside,BRONZE,In-Store,,
CUST001693,Hannah,Barber,hannah.barber743@gmail.com,(819)537-9313,M,1981-03-26,01/23/2026,MISSOURI,Ashleyview,gold,Online,N,Search Engine
CUST004740,Brian,Williams,brian.williams323@yahoo.com,001-610-635-2415,M,2001-12-01,2021-05-31,CALIFORNIA,New Nathan,Gold,In-Store,0,
CUST003698,Derek,Harrison,,,F,,2022-09-30,New Jersey,,SILVER,In-Store,,
CUST004516,Edwin,Pham,edwin.pham967@gmail.com,001-228-683-6857x86015,F,1977-01-17,2020-12-12,NJ,Cartertown,bronze,Online,,Email Campaign
CUST000266,Heather,Barnett,heather.barnett966@outlook.com,794.307.0164,F,1967-01-14,2025-12-12,Florida,West Georgeport,BRONZE,Online,N,Friend Referral
CUST005366,Anthony,Mcmillan,anthony.mcmillan846@yahoo.com,(209)381-1490,F,1953-04-21,2023-08-30,GA,Johnsonmouth,BRONZE,Mobile App,Y,Influencer
CUST000282,Brandon,Bailey,brandon.bailey728@gmail.com,744-888-5015,F,1997-02-05,2021-11-28,Michigan,Lake Juan,BRONZE,In-Store,N,Friend Referral
CUST004207,Victoria,Wright,victoria.wright334@gmail.com,532-486-8797,F,1963-06-23,2022-01-05,Missouri,Jessicaberg,Bronze,In-Store,N,
CUST002413,Jonathan,Jones,jonathan.jones968@outlook.com,001-614-292-0499x306,F,1944-07-02,2026-04-24,VA,South Gavinborough,Gold,Mobile App,Y,Influencer
CUST001562,Tony,Ryan,tony.ryan370@hotmail.com,863.899.0460x0823,M,1996-10-24,2022-06-27,md,East Debbie,bronze,Online,N,Influencer
CUST002632,Lauren,Watson,lauren.watson944@gmail.com,(462)769-2339x5300,F,1980-04-14,2025-07-16,WISCONSIN,Lake Michaelside,BRONZE,Mobile App,Y,Walk-in
CUST005977,Angela,Fernandez,angela.fernandez809@outlook.com,707.740.6817x4063,F,1992-11-04,2026-06-13,wi,Butlermouth,bronze,Mobile App,Y,
CUST000147,Christopher,Garcia,christopher.garcia779@hotmail.com,523-841-3899x94043,M,1993-05-06,2024-02-08,MA,Bellchester,silver,Online,0,TV Ad
CUST002173,Sara,Pacheco,sara.pacheco208@outlook.com,5699409787,F,1983-12-29,2021-09-15,mo,Michaelside,BRONZE,In-Store,Y,Influencer
CUST000448,Jane,Gonzalez,jane.gonzalez793@yahoo.com,(330)423-4679,F,1953-05-31,2026-03-12,OH,Bradleyborough,GOLD,In-Store,,
CUST003227,Jonathan,Beard,jonathan.beard318@hotmail.com,(650)446-4717,Other,1952-08-16,2021-09-01,IN,Wallerview,Bronze,Mobile App,Y,Email Campaign
CUST000927,David,Velasquez,david.velasquez11@outlook.com,(276)361-0089x8761,M,1941-09-20,2022-01-05,Ohio,North Bryanhaven,Bronze,Mobile App,0,
CUST004934,Erika,Lopez,erika.lopez54@hotmail.com,001-342-872-5160x96477,M,1985-07-09,2021-05-29,Pennsylvania,South Isaiahfurt,Silver,Mobile App,N,Influencer
CUST002969,Lisa,Galloway,lisa.galloway349@gmail.com,(879)520-0854,F,1952-01-03,2023-01-03,Massachusetts,New Brianstad,SILVER,In-Store,Y,TV Ad
CUST000557,Marisa,Hudson,marisa.hudson445@hotmail.com,(761)291-2841x17309,F,1973-11-01,2022-09-21,va,Port Carlos,Platinum,In-Store,N,
CUST005112,Darius,Blair,darius.blair846@hotmail.com,(928)940-6163x28396,M,1954-07-06,2025-10-21,OHIO,Valenzuelaport,platinum,Mobile App,Y,
CUST001311,Adam,Stephens,adam.stephens989@yahoo.com,(907)338-2777,M,1997-12-12,2026-02-25,mi,New Sabrinafort,platinum,In-Store,Y,Friend Referral
CUST001091,Tyler,Jordan,tyler.jordan477@gmail.com,522-276-3460x1915,M,1993-04-10,2021-12-24,MISSOURI,Larryton,bronze,Mobile App,N,Walk-in
CUST001568,Derrick,Ibarra,derrick.ibarra909@yahoo.com,+1-964-672-4525x7378,F,1975-01-19,2020-09-30,MASSACHUSETTS,Cardenastown,bronze,Online,Y,
CUST003419,Margaret,Swanson,margaret.swanson940@gmail.com,001-250-982-6703x90973,M,1964-09-22,2025-07-23,OH,East Rebeccamouth,BRONZE,Mobile App,yes,Walk-in
CUST003094,Gary,Stewart,gary.stewart203@hotmail.com,631.924.3219x792,M,1990-04-03,2022-02-17,Georgia,Nicoleland,Silver,In-Store,0,TV Ad
CUST004113,Aaron,Weiss,aaron.weiss339@outlook.com,940-499-2293x46629,F,2009-10-16,2022-04-21,Pennsylvania,North Aprilland,bronze,In-Store,Y,Search Engine
CUST003980,Anthony,Zimmerman,anthony.zimmerman538@outlook.com,308-709-9589x282,Other,1965-09-13,2025-06-30,Michigan,Deniseview,GOLD,Mobile App,no,Email Campaign
CUST003876,Scott,Boyd,,,F,,2022-11-29,MO,,SILVER,Mobile App,,
CUST004240,Marissa,Chavez,marissa.chavez858@outlook.com,567.463.1413x1929,M,1999-01-17,2023-10-03,Indiana,Kimberlystad,BRONZE,Mobile App,Y,TV Ad
CUST005170,Erika,Green,erika.green176@outlook.com,001-422-989-2850,F,1973-01-26,2022-08-19,North Carolina,Bonnieville,Bronze,Mobile App,Y,Friend Referral
CUST001461,Arthur,Saunders,arthur.saunders391@hotmail.com,403.999.6263x779,Other,1971-09-04,2023-03-28,wa,Gonzalesstad,BRONZE,Mobile App,Y,Search Engine
CUST002118,Alexandra,Morris,alexandra.morris687@gmail.com,939-413-7085x8783,F,1989-12-11,05/12/2025,CA,Port Katherineshire,SILVER,Mobile App,N,TV Ad
CUST003677,Whitney,Ramirez,whitney.ramirez68@gmail.com,001-852-938-5897x250,Other,1986-06-08,2024-01-25,CA,Bellland,SILVER,Online,0,Search Engine
CUST005403,Elizabeth,Sparks,elizabeth.sparks176@hotmail.com,649-717-9228x0351,M,1973-01-16,2024-06-29,VA,Martinmouth,bronze,In-Store,N,Walk-in
CUST003914,Jesse,Blair,jesse.blair285@hotmail.com,756.642.9653x99909,F,1953-01-08,2023-05-27,NORTH CAROLINA,West Tracy,BRONZE,Online,N,Search Engine
CUST005775,Shelia,Erickson,shelia.erickson214@gmail.com,+1-885-791-3130x3889,M,1992-07-27,2021-02-22,MD,South Andrew,Bronze,In-Store,0,Walk-in
CUST005424,  Anita ,Walton,anita.walton313@hotmail.com,+1-815-289-6859x42172,Other,2009-04-26,2023-10-02,Washington,Tanyahaven,bronze,Online,N,Search Engine
CUST004411,Julie,Leblanc,julie.leblanc452@outlook.com,882-929-0944,M,1942-10-31,2021-02-03,Virginia,New Jack,SILVER,In-Store,,TV Ad
CUST000311,Paul,Sparks,paul.sparks103@yahoo.com,9504506138,M,1985-09-18,2023-08-01,Ohio,Levytown,gold,Mobile App,yes,TV Ad
CUST004241,Gregory,Perez,gregory.perez917@outlook.com,(806)271-5663x685,Other,1961-08-29,2023-07-16,Washington,Port Kristinaton,Bronze,In-Store,Y,
CUST002188,Kenneth,Porter,kenneth.porter938@hotmail.com,(410)398-6367,M,1984-11-02,2023-05-23,MARYLAND,New Heatherfurt,bronze,Mobile App,no,Email Campaign
CUST001198,Suzanne,Simpson,,,M,,2024-02-11,North Carolina,New Albert,bronze,Online,,
CUST004718,Rebecca,Parrish,rebecca.parrish687@gmail.com,8672645405,M,1979-08-17,2026-05-30,Florida,Bradville,BRONZE,Online,yes,Influencer
CUST003849,Steven,Lopez,steven.lopez211@yahoo.com,+1-516-491-3946x893,F,2001-05-24,2025-05-20,wi,Timbury,Platinum,Online,Y,Walk-in
CUST006073,Erin,Smith,ERIN.SMITH969@GMAIL.COM,956.241.6298,M,1986-02-22,2026-04-19,Ohio,Wallerborough,gold,Online,N,TV Ad
CUST000860,Alexis,Flores,alexis.flores936@gmail.com,791-589-1179x7203,F,1974-10-26,2024-08-18,AZ,Jeffreyborough,bronze,In-Store,N,Email Campaign
CUST004194,Kenneth,Mckee,kenneth.mckee396@gmail.com,7515210753,F,1956-01-08,2021-03-31,NY,Lake Nataliefort,gold,Online,,
CUST003067,Joshua,Jenkins,joshua.jenkins912@hotmail.com,(633)873-6435x37121,M,2000-08-19,2024-01-22,Washington,West Andrew,SILVER,Mobile App,yes,Friend Referral
CUST001377,Alan,Lang,alan.lang625@yahoo.com,+1-213-470-5424x519,M,1960-08-16,2022-06-21,pa,Jamesside,bronze,In-Store,no,Walk-in
CUST006070,James,Carter,JAMES.CARTER163@YAHOO.COM,(403)232-7399x74159,M,1968-04-17,2022-04-23,Missouri,Adamsfurt,Bronze,In-Store,Y,Search Engine
CUST003181,Guy,Johnson,guy.johnson645@gmail.com,(494)420-1217,F,1961-03-28,2024-05-02,NORTH CAROLINA,Anthonychester,gold,Mobile App,0,Friend Referral
CUST001167,Jaime,Cooper,jaime.cooper485@outlook.com,+1-983-435-8768x877,F,1983-05-24,2024-02-09,Michigan,New Robin,bronze,Mobile App,yes,Walk-in
CUST003332,Kimberly,Cline,kimberly.cline987@hotmail.com,249-613-0610x8557,Other,1941-03-11,2024-09-06,VA,Lake David,Silver,Online,,Influencer
CUST004674,Theresa,Neal,theresa.neal408@yahoo.com,+1-243-929-9137,M,1995-08-26,2026-01-16,TX,West Ericstad,Silver,In-Store,0,TV Ad
CUST001932,Shelly,Anderson,shelly.anderson731@gmail.com,791-798-6370,F,1960-05-20,2024-02-01,Maryland,North Tonyborough,Bronze,Mobile App,yes,Search Engine
CUST003158,  Jillian ,Obrien,jillian.obrien151@yahoo.com,001-799-313-8541x31744,F,1973-01-19,2025-03-25,ILLINOIS,West John,silver,In-Store,Y,Search Engine
CUST000254,Chloe,Morris,chloe.morris549@outlook.com,(803)917-3109,F,1985-07-15,04/25/2021,IN,North Maryberg,bronze,Online,yes,Friend Referral
CUST001045,Daniel,Clarke,daniel.clarke2@outlook.com,234.549.3053x788,M,1972-12-17,2022-09-30,OH,Jacquelineshire,SILVER,In-Store,0,Search Engine
CUST001474,Christina,Bell,christina.bell43@yahoo.com,(723)432-9704x937,F,1980-09-04,2020-12-10,TX,New Jennifer,PLATINUM,In-Store,,Friend Referral
CUST004042,Robert,Vasquez,robert.vasquez803@hotmail.com,001-413-418-7639x5400,M,1976-12-16,2025-03-02,NORTH CAROLINA,Lake Shannonfurt,Bronze,In-Store,0,Influencer
CUST002766,  Michael ,Davis,michael.davis293@outlook.com,+1-680-328-2131x1482,Other,1986-01-23,2025-02-10,Illinois,Thomastown,Silver,Online,Y,Email Campaign
CUST004015,Troy,Petersen,troy.petersen272@outlook.com,(957)715-7731,M,1990-08-07,2023-01-01,New Jersey,Mooreside,bronze,Mobile App,0,Email Campaign
CUST005035,Tara,Solomon,tara.solomon461@gmail.com,001-275-224-7693x89502,F,1981-09-24,2024-08-19,MA,Lake Isabellaville,gold,In-Store,N,Walk-in
CUST003562,Joshua,Taylor,joshua.taylor597@gmail.com,001-339-730-0922x41177,M,2000-07-08,2023-12-03,AZ,Thomaschester,Silver,Online,yes,Search Engine
CUST000859,Richard,Lawrence,richard.lawrence276@gmail.com,886-755-0784,Other,2001-06-16,2021-12-19,WASHINGTON,Curtishaven,bronze,Mobile App,yes,
CUST002616,Dana,Williams,dana.williams431@hotmail.com,,Other,1989-05-07,2026-03-10,North Carolina,Aaronburgh,bronze,Mobile App,,
CUST004183,  Ryan ,Jones,ryan.jones292@gmail.com,+1-795-954-9178x0885,F,1970-11-27,2021-10-29,FL,North Michaelfurt,BRONZE,Mobile App,Y,Walk-in
CUST003273,Ryan,Bell,ryan.bell244@outlook.com,434-814-8126,F,1987-07-18,2021-08-01,GA,Debraland,SILVER,Mobile App,N,Walk-in
CUST000268,Tracy,Garner,tracy.garner13@outlook.com,840.546.0843x25621,Other,1941-12-17,2024-08-27,nj,Colleenbury,Bronze,In-Store,,Email Campaign
CUST003526,Katherine,Rodriguez,katherine.rodriguez806@yahoo.com,+1-708-448-1527x711,M,1974-02-11,2024-04-16,Massachusetts,Garciafort,Silver,In-Store,Y,TV Ad
CUST002467,Devon,Smith,devon.smith252@yahoo.com,+1-801-250-5954x761,F,1976-06-27,11/18/2024,AZ,New Katherine,BRONZE,Online,no,Email Campaign
CUST000746,Timothy,Arellano,timothy.arellano829@gmail.com,,Other,1986-08-12,2024-01-23,NC,New Bernardborough,Platinum,Mobile App,,
CUST001758,Deborah,Mejia,deborah.mejia798@yahoo.com,735.395.6919x220,F,1982-09-01,2023-01-04,CA,Johnsonfort,Bronze,Online,1,Social Media
CUST004310,Daniel,Mitchell,daniel.mitchell137@hotmail.com,+1-343-766-8995x7041,F,1943-11-27,2024-06-30,nj,Patricktown,Bronze,Online,Y,
CUST001531,Jonathan,Jacobs,jonathan.jacobs769@hotmail.com,359-406-2787x90259,M,1977-01-21,2022-07-16,Illinois,Mendozamouth,Bronze,Mobile App,Y,TV Ad
CUST004490,John,Patel,john.patel956@outlook.com,797.324.1742x2654,M,1993-02-27,2023-10-30,Indiana,Lake Angelabury,bronze,In-Store,N,Walk-in
CUST001520,Joe,Vang,joe.vang722@yahoo.com,487-923-8586x539,F,1955-10-30,2023-12-24,Wisconsin,Kathrynberg,bronze,Online,N,
CUST001789,Jose,Barnes,jose.barnes384@gmail.com,001-532-738-1281x718,F,1989-10-26,2025-07-31,Ohio,Oneillton,bronze,In-Store,0,
CUST003189,Nicole,Lawrence,nicole.lawrence516@hotmail.com,+1-734-602-1104,F,1942-02-11,2024-05-03,Michigan,Johnstonfurt,bronze,Mobile App,0,TV Ad
CUST000898,Tara,Reilly,tara.reilly712@outlook.com,458.283.9785x708,M,2003-04-08,2022-06-11,OH,East Katherine,BRONZE,In-Store,N,Social Media
CUST001329,Logan,Glass,logan.glass130@yahoo.com,465-778-9391,M,2004-12-19,2026-02-24,NY,Davidmouth,SILVER,Mobile App,1,
CUST000126,Ryan,Hawkins,,,M,,2021-04-10,FL,,Bronze,Online,,
CUST005055,Jeanne,Ortiz,jeanne.ortiz390@yahoo.com,(788)625-9978,F,1958-09-25,2022-04-11,WI,New Michelle,Bronze,Mobile App,1,
CUST003721,Gina,Juarez,gina.juarez766@outlook.com,+1-237-210-4582x6096,M,1949-06-04,2021-01-06,AZ,Port Courtneyport,Gold,Mobile App,Y,Email Campaign
CUST005509,Bruce,Reyes,bruce.reyes626@hotmail.com,+1-521-874-7793,M,1945-10-05,2024-03-27,North Carolina,Weaverburgh,Silver,Mobile App,,Social Media
CUST000245,Stacey,Woods,stacey.woods214@outlook.com,+1-853-868-6632,Other,1941-04-25,2023-03-07,Missouri,Carlatown,Bronze,In-Store,N,
CUST003060,Christopher,Meza,christopher.meza212@outlook.com,001-607-832-7146x35542,F,1986-05-19,2024-01-21,TX,Gabrielleside,Silver,Mobile App,Y,Search Engine
CUST002459,Stephen,Wood,stephen.wood241@outlook.com,7936413734,F,1952-10-02,2026-03-29,WA,New Wesley,gold,In-Store,Y,Social Media
CUST000731,Sarah,Turner,sarah.turner943@yahoo.com,236.351.4604,F,1967-05-17,12/24/2023,FL,North Brian,Silver,Online,,
CUST003837,Carla,Young,carla.young672@gmail.com,,F,1979-10-09,2026-04-28,TENNESSEE,Petermouth,SILVER,In-Store,,
CUST003623,Edgar,Anderson,edgar.anderson941@yahoo.com,+1-766-907-0941,F,1948-11-09,2025-06-22,OH,Jensenland,SILVER,Online,1,
CUST001882,Gabriel,Blevins,gabriel.blevins63@gmail.com,816-478-1167,M,1992-10-31,2021-08-25,Missouri,Snydertown,BRONZE,Mobile App,1,Email Campaign
CUST002034,Tracy,Flores,tracy.flores363@outlook.com,(383)494-7646,Other,1941-05-30,2026-04-26,Missouri,Lake Brianfort,Silver,Online,N,Social Media
CUST000872,Joyce,Keith,joyce.keith721@yahoo.com,,F,2007-07-20,2024-12-08,NC,Dianeshire,bronze,Mobile App,,
CUST004035,Robert,Chen,robert.chen625@gmail.com,+1-297-426-3329x330,Other,1980-10-27,2021-06-26,GA,South Aaron,bronze,Online,Y,Friend Referral
CUST003420,Christina,Davis,christina.davis767@hotmail.com,(314)214-6881x756,M,1983-01-13,2022-01-27,MASSACHUSETTS,New Christopherview,Silver,Online,yes,TV Ad
CUST000146,Kiara,Mullins,kiara.mullins263@yahoo.com,9925753269,M,1949-12-30,2026-06-14,Georgia,North Alyssa,Bronze,In-Store,N,Friend Referral
CUST002468,Jennifer,Rowland,jennifer.rowland909@gmail.com,6545680131,M,1976-07-29,2026-03-15,TN,West Jessicatown,Silver,Mobile App,Y,Friend Referral
CUST002083,Joshua,Mcclure,joshua.mcclure578@hotmail.com,859-410-6608,F,2003-04-06,2023-12-14,GA,West Toddview,PLATINUM,In-Store,yes,Walk-in
CUST001831,Sean,Oliver,sean.oliver346@gmail.com,726.541.8793x978,M,2007-09-19,2021-03-04,mi,Brewerchester,SILVER,In-Store,0,
CUST001489,Linda,Blanchard,linda.blanchard72@yahoo.com,264-911-9925x51253,M,1959-05-08,2026-06-25,ca,West Edwinport,SILVER,Online,,Friend Referral
CUST005708,Lauren,Parker,lauren.parker448@hotmail.com,+1-243-789-5477x1604,M,1947-09-11,2021-06-26,NY,East Joseside,BRONZE,In-Store,0,Search Engine
CUST005351,Vincent,Carey,vincent.carey314@hotmail.com,408.786.1589,M,1963-05-22,2024-08-28,Arizona,Sandersburgh,bronze,In-Store,no,
CUST003291,  Brett ,Beard,brett.beard945@outlook.com,4758308772,M,1975-10-27,2023-03-25,Wisconsin,West Edward,silver,In-Store,Y,Social Media
CUST002031,Emma,Frazier,emma.frazier717@gmail.com,001-658-275-0310x49791,M,1975-07-07,2021-11-29,AZ,South Lauren,Bronze,In-Store,0,Email Campaign
CUST001594,Matthew,Coleman,matthew.coleman6@hotmail.com,5452358597,M,1954-03-06,2024-06-16,TN,Porterton,gold,Online,Y,Walk-in
CUST000190,Omar,Kelley,omar.kelley166@outlook.com,+1-984-599-2618x91411,Other,1973-11-18,2021-07-25,Illinois,West Robertville,Platinum,Online,0,Influencer
CUST002929,Robert,Olson,robert.olson66@gmail.com,309.822.2212,F,1996-02-18,2021-06-25,Wisconsin,Robertmouth,Gold,In-Store,yes,Friend Referral
CUST005186,Phillip,Mcclain,phillip.mcclain344@hotmail.com,766-295-3432,F,1949-06-12,2021-08-18,TX,North Jodyfurt,silver,Online,Y,TV Ad
CUST002556,Kimberly,Goodman,,,F,,2026-02-18,ma,,GOLD,Online,,
CUST005376,Jessica,Grant,jessica.grant545@outlook.com,3808964927,M,2000-08-26,2023-03-24,Tennessee,Lake Holly,Bronze,Online,yes,Influencer
CUST004757,John,Hendrix,john.hendrix659@outlook.com,650-261-3806,Other,1968-07-22,2023-06-07,New York,Lake Tommy,silver,In-Store,N,TV Ad
CUST004272,David,Hooper,david.hooper367@yahoo.com,+1-700-372-3248x44440,M,2007-05-06,2022-01-22,WI,Port Matthew,Silver,In-Store,yes,Social Media
CUST002600,Rhonda,Olson,rhonda.olson484@outlook.com,(752)624-2059x642,F,1945-11-05,2022-06-11,IN,Chapmanview,Bronze,In-Store,N,Walk-in
CUST004431,Karen,Vega,karen.vega489@yahoo.com,001-416-749-4202x78183,M,1946-12-02,2023-01-07,NJ,Brewerberg,Bronze,Mobile App,0,Social Media
CUST000957,Gary,Williams,gary.williams601@gmail.com,001-427-255-8214x770,F,2007-05-27,2022-01-26,Washington,Port Alan,Silver,Mobile App,yes,Friend Referral
CUST003250,James,Ray,james.ray220@hotmail.com,435-393-9394x2728,M,1964-01-22,2023-07-10,North Carolina,Lake Christopherland,bronze,Online,,
CUST002130,Brandon,Daniel,brandon.daniel395@outlook.com,2138414058,F,1985-11-22,2025-04-28,az,North Sandy,Bronze,Online,1,TV Ad
CUST002338,Travis,Lewis,travis.lewis430@yahoo.com,906-906-0673,M,2000-04-07,2022-06-04,ILLINOIS,Valeriefort,GOLD,Online,yes,Social Media
CUST005494,Christina,Price,christina.price194@yahoo.com,610-916-7222x1665,Other,1951-09-08,2023-08-30,Massachusetts,Andrewport,bronze,Mobile App,no,
CUST000728,Karen,Scott,karen.scott122@yahoo.com,507.598.6321x061,F,1954-05-19,2025-11-24,CA,Wilsonport,bronze,Mobile App,Y,Email Campaign
CUST003046,William,Long,william.long736@outlook.com,749.918.9245,M,1943-03-06,2021-03-25,Missouri,West Jeffreyview,bronze,Mobile App,N,Influencer
CUST001551,Nicole,Thomas,nicole.thomas70@yahoo.com,+1-243-297-6309,M,1966-04-05,2024-05-31,Tennessee,Huntville,bronze,Online,Y,
CUST003325,Miranda,Padilla,miranda.padilla817@yahoo.com,001-389-520-7983x3810,M,2003-08-25,2024-01-22,MASSACHUSETTS,Lake Melissafort,BRONZE,Mobile App,0,
CUST004683,Jose,Pacheco,jose.pacheco975@hotmail.com,724-538-2244x2951,Other,2002-12-15,2024-12-09,WI,Larsenville,GOLD,Mobile App,,
CUST005956,Ryan,Turner,ryan.turner824@yahoo.com,2503305100,M,2008-02-27,2023-07-05,ny,Francisbury,GOLD,Mobile App,yes,TV Ad
CUST004136,Darren,Simmons,darren.simmons941@yahoo.com,+1-513-682-2262x9365,Other,1989-06-21,2024-09-22,nj,Reedmouth,bronze,Online,Y,Friend Referral
CUST002877,Kathryn,Huff,kathryn.huff948@gmail.com,001-890-964-0810,F,1957-04-24,2020-12-14,California,Aaronshire,Bronze,Online,0,TV Ad
CUST005761,Catherine,Graham,catherine.graham536@outlook.com,,M,2008-04-20,2022-08-07,WA,Kristenview,BRONZE,Online,,
CUST001196,Jonathon,Lopez,jonathon.lopez162@outlook.com,(576)799-2427x7392,F,1979-12-03,2021-06-13,ny,Port Frank,bronze,Mobile App,N,Influencer
CUST004938,Brandon,Williams,brandon.williams823@yahoo.com,001-874-527-4489x9881,F,1967-10-26,2023-12-10,TENNESSEE,Port Cynthia,GOLD,In-Store,yes,Social Media
CUST000020,Monica,Garrison,monica.garrison8@gmail.com,803.765.4145,Other,1956-03-30,2025-06-05,GA,Baileybury,Silver,Online,N,Search Engine
CUST005357,Ann,Jones,ann.jones932@yahoo.com,001-546-841-1713,M,1942-05-02,2024-05-10,GA,Lake Kevin,bronze,Online,N,Influencer
CUST003573,Jessica,Bruce,jessica.bruce158@yahoo.com,344.599.5853x911,F,1977-09-25,2025-02-01,WI,East Sarahfort,Bronze,Mobile App,N,Email Campaign
CUST000945,Sean,Wallace,sean.wallace7@gmail.com,(715)762-3920x908,F,1960-01-17,2020-12-18,PA,Shanemouth,Gold,In-Store,N,Social Media
CUST005323,Toni,Armstrong,toni.armstrong810@yahoo.com,+1-425-945-8728x1362,Other,1950-09-13,2022-11-24,NJ,Davismouth,silver,Mobile App,Y,Email Campaign
CUST001729,Jeffrey,Hawkins,jeffrey.hawkins548@gmail.com,+1-560-389-8885x01055,F,2002-10-11,2025-03-15,OH,Port Casey,bronze,Online,no,Friend Referral
CUST003537,Danielle,Reyes,danielle.reyes384@hotmail.com,(202)297-2945x1356,M,2009-12-13,2021-05-11,FL,Lake Andrewfurt,PLATINUM,Online,N,Social Media
CUST001018,Jeffery,Hernandez,jeffery.hernandez946@outlook.com,626.229.4206x615,F,1962-12-01,2025-01-30,Maryland,Hallbury,gold,Mobile App,,Social Media
CUST003995,Robert,Mcdaniel,robert.mcdaniel700@yahoo.com,(707)464-4207x07713,M,1940-11-10,2025-09-05,Florida,Hesschester,silver,Online,Y,Influencer
CUST005562,Paul,Johnson,paul.johnson939@yahoo.com,922-455-5119,F,1972-05-04,2024-09-19,CA,Blakebury,PLATINUM,In-Store,0,TV Ad
CUST000539,Lori,Bradley,lori.bradley195@yahoo.com,914-657-7584,F,2010-01-01,2025-07-14,MO,Port Dwayne,SILVER,In-Store,no,
CUST001480,Natasha,Sullivan,natasha.sullivan426@hotmail.com,+1-320-736-9309x140,F,1989-04-16,2026-04-25,AZ,East Michael,Bronze,In-Store,no,Influencer
CUST004884,John,Moyer,john.moyer803@gmail.com,879.313.4509x4832,M,1979-10-15,2024-03-13,New York,Lake Jennifer,Silver,Online,1,TV Ad
CUST005109,Caitlin,Elliott,caitlin.elliott618@gmail.com,672-300-7120x81332,M,1996-09-02,2024-08-30,IL,Markfurt,Platinum,In-Store,Y,
CUST004795,Latoya,Mahoney,latoya.mahoney880@gmail.com,001-616-523-9265x7244,F,1966-01-09,2023-05-13,TX,Cummingsburgh,Bronze,Online,yes,Social Media
CUST003949,Michael,Watkins,michael.watkins342@hotmail.com,001-585-207-9047x552,Other,1971-09-04,2026-02-27,ca,East Tanner,Gold,In-Store,yes,Social Media
CUST005746,Wesley,Boyd,wesley.boyd246@hotmail.com,(249)227-6516x035,F,1949-01-23,2021-05-18,MA,East Steven,silver,In-Store,N,Email Campaign
CUST005056,  Michael ,Reed,michael.reed429@gmail.com,+1-690-548-0606x7924,M,1941-12-07,2022-06-24,NJ,Port Leroyfort,SILVER,Online,0,Email Campaign
CUST004632,Scott,Jones,scott.jones411@yahoo.com,001-532-555-1213x83083,Other,1944-09-10,2022-09-29,oh,Port Dianeside,BRONZE,Online,0,
CUST000055,Regina,Turner,regina.turner534@hotmail.com,438-826-7586,M,1969-04-03,2021-06-27,NC,West Wendyville,SILVER,In-Store,no,
CUST004598,Anne,Sanchez,anne.sanchez610@yahoo.com,+1-477-270-4251x995,F,1992-10-09,2020-12-14,TENNESSEE,Hicksbury,GOLD,In-Store,0,Search Engine
CUST001362,Anthony,Wright,anthony.wright388@hotmail.com,5369883004,Other,1962-08-07,2023-10-23,NJ,Watkinsfort,silver,Mobile App,no,Friend Referral
CUST004966,Hunter,Vargas,hunter.vargas453@gmail.com,896-573-9712,M,1956-04-18,11/04/2023,INDIANA,Lake Frances,SILVER,Mobile App,N,Social Media
CUST003317,Martin,Meyer,martin.meyer467@hotmail.com,610.878.5778,Other,1963-01-24,2025-09-26,Missouri,Clarkburgh,Silver,In-Store,0,Influencer
CUST002179,Luis,Wood,luis.wood378@yahoo.com,578-387-5051,Other,1944-08-07,2021-10-08,Illinois,West Taylor,BRONZE,Mobile App,N,Search Engine
CUST001060,Adriana,Gray,adriana.gray357@gmail.com,+1-275-535-8464x051,F,1958-07-08,2021-01-27,wi,Jonesville,BRONZE,In-Store,0,Influencer
CUST002388,Erin,Smith,erin.smith969@gmail.com,956.241.6298,M,1986-02-22,2026-04-19,Ohio,Wallerborough,gold,Online,N,TV Ad
CUST005656,Christopher,Chase,christopher.chase870@yahoo.com,(895)577-0483x215,M,1990-08-12,2024-07-22,AZ,Reillymouth,BRONZE,Online,N,Social Media
CUST002539,Matthew,Holland,matthew.holland482@gmail.com,,F,2009-11-07,2021-12-28,GA,Gonzalezfurt,SILVER,Mobile App,,
CUST003536,Sandra,Wilkins,sandra.wilkins480@yahoo.com,816.227.6647x848,M,1964-06-30,06/20/2021,WISCONSIN,Johnton,Silver,Online,0,Social Media
CUST000412,Cameron,Byrd,cameron.byrd912@gmail.com,399.707.6769,F,1979-10-28,2022-05-22,fl,Moraleschester,Bronze,Mobile App,Y,TV Ad
CUST000519,William,Welch,william.welch479@outlook.com,831-210-6092x09819,F,1995-07-29,2025-07-31,nj,Maryburgh,Silver,In-Store,,Friend Referral
CUST002342,Joseph,Lewis,joseph.lewis721@hotmail.com,9007267554,Other,1959-02-19,2025-06-07,wa,North Kristin,platinum,Online,yes,Friend Referral
CUST002822,Christopher,Flores,christopher.flores791@hotmail.com,(575)975-1318x382,F,1989-08-17,2024-05-11,WI,Lake Andrewfort,BRONZE,Online,,
CUST003133,Melissa,Logan,melissa.logan1@outlook.com,001-997-339-7687x65964,F,2001-10-05,2023-01-07,New Jersey,South Jenniferport,silver,In-Store,Y,
CUST000085,Hannah,Bell,hannah.bell641@yahoo.com,401-365-8202x970,M,1943-08-22,2025-09-26,NC,Christinachester,bronze,Mobile App,N,Friend Referral
CUST004603,Jennifer,Kane,jennifer.kane466@gmail.com,001-698-509-0750,Other,1998-11-01,2023-07-09,fl,East Becky,bronze,Mobile App,no,Influencer
CUST001158,James,Cole,james.cole878@hotmail.com,3709308808,F,1943-12-03,2023-06-11,IN,South Crystal,bronze,Online,,Social Media
CUST002332,Seth,Crosby,seth.crosby704@hotmail.com,2986020752,F,1997-03-07,2023-08-18,FL,Abigailmouth,platinum,Mobile App,Y,TV Ad
CUST003988,Jeffrey,Ramirez,jeffrey.ramirez281@yahoo.com,760.402.9845,Other,1962-02-01,2025-07-25,Michigan,Humphreyhaven,BRONZE,Online,,Influencer
CUST005785,Brianna,Cook,brianna.cook927@hotmail.com,001-586-449-2449,F,1961-11-28,2022-06-05,WI,Eddiemouth,Silver,In-Store,0,Influencer
CUST002866,Jesse,Pittman,jesse.pittman695@hotmail.com,8377817150,Other,1961-08-26,2023-11-18,VIRGINIA,Wellston,bronze,Online,yes,
CUST004023,Troy,Leonard,troy.leonard705@yahoo.com,5745882418,M,1994-11-25,2020-10-19,WA,West Barbara,bronze,Online,Y,Influencer
CUST005077,Robert,Johnson,robert.johnson321@outlook.com,(442)405-1253,Other,1957-08-03,03/26/2023,GEORGIA,Port Davidside,bronze,Online,Y,Search Engine
CUST005877,Gary,Hicks,gary.hicks15@gmail.com,632.371.7666,F,2005-11-22,2026-01-16,TX,North Barbaratown,silver,In-Store,1,
CUST000789,Diane,Powers,diane.powers174@hotmail.com,244-588-1121,F,1969-10-07,2025-12-12,Maryland,Lake Frank,PLATINUM,Mobile App,Y,Search Engine
CUST002660,Colin,Fischer,colin.fischer872@hotmail.com,835.229.4957,F,1943-06-06,2023-04-02,NY,Brooksville,GOLD,Mobile App,1,
CUST000685,Collin,Vega,collin.vega222@hotmail.com,001-428-427-0908x14415,Other,1951-07-03,2022-11-07,tn,South Jasmine,GOLD,In-Store,Y,
CUST002502,Rita,Malone,rita.malone538@hotmail.com,,F,1993-02-03,2021-12-06,North Carolina,Ericberg,BRONZE,Mobile App,,
CUST002913,Eric,Colon,eric.colon768@outlook.com,001-460-872-2884x9939,M,1982-05-19,2025-04-27,Wisconsin,West Tammyborough,SILVER,Online,,
CUST002480,Marcus,Ward,marcus.ward3@outlook.com,001-698-370-1093x21529,F,1946-02-27,03/28/2022,MO,Lake Susan,bronze,Mobile App,,Friend Referral
CUST000468,Misty,Perez,misty.perez466@gmail.com,628-649-7185,F,1941-05-14,2022-11-13,WA,South Stephanie,bronze,In-Store,0,Search Engine
CUST001364,Brendan,Newton,brendan.newton366@hotmail.com,224.971.8301x81796,Other,1988-08-31,01/16/2024,FL,New Shannonberg,silver,In-Store,Y,Email Campaign
CUST001075,Stephanie,Sloan,,,M,1987-03-06,2020-10-09,Washington,Kevinmouth,Silver,Online,,
CUST002258,  Michelle ,Jackson,michelle.jackson536@gmail.com,(609)881-9401,M,1954-04-28,06/20/2024,INDIANA,East Elaineton,bronze,Online,N,
CUST001815,Donald,Johnson,donald.johnson354@hotmail.com,(639)960-1609x932,M,1999-12-05,2020-10-24,TN,Port Michael,Bronze,In-Store,no,Search Engine
CUST004651,Jonathan,Garza,jonathan.garza800@yahoo.com,001-685-653-1665x043,M,1971-07-23,2023-04-11,TN,South Nicole,gold,Mobile App,1,
CUST004264,Anne,Nelson,anne.nelson800@outlook.com,(461)759-2822x49638,M,1969-03-09,2021-11-05,OH,Taylorborough,SILVER,Mobile App,yes,Social Media
CUST005029,James,Lee,james.lee304@yahoo.com,479-478-6128x60034,Other,2031-05-04,2026-04-22,Washington,New Erin,silver,Mobile App,N,Search Engine
CUST004100,Pamela,Bartlett,pamela.bartlett501@yahoo.com,+1-368-926-0692x804,F,1988-02-19,2022-10-31,Tennessee,Greenefurt,bronze,In-Store,yes,
CUST003206,Corey,Smith,corey.smith297@yahoo.com,+1-881-859-5881x2368,M,2007-02-07,2022-11-03,New York,Lake Charles,bronze,In-Store,,Walk-in
CUST004800,Roberto,Yates,roberto.yates413@hotmail.com,4764069420,M,1960-03-17,2023-05-24,Massachusetts,South Marie,SILVER,Mobile App,Y,
CUST004734,  Katherine ,Clark,katherine.clark568@gmail.com,+1-362-688-4483x5753,F,1997-07-09,02/15/2022,Tennessee,Danielville,SILVER,In-Store,N,
CUST005729,Debra,Wyatt,debra.wyatt998@outlook.com,001-861-328-8227x53262,Other,1960-10-31,2024-03-06,AZ,South Heather,BRONZE,Mobile App,yes,Friend Referral
CUST005512,Danny,Hicks,danny.hicks179@gmail.com,(313)979-6931,Other,1946-10-26,2026-03-10,Pennsylvania,South Pamela,Bronze,Online,,
CUST001011,Matthew,Brennan,matthew.brennan903@yahoo.com,(368)444-8237x3379,M,1945-02-28,07/30/2021,INDIANA,Port Stephaniemouth,Bronze,Mobile App,1,Walk-in
CUST003074,Benjamin,Archer,benjamin.archer384@outlook.com,+1-389-317-8735x6392,Other,1981-12-09,2026-03-11,NY,East Jeanne,bronze,Online,1,Influencer
CUST005037,Victoria,Mason,victoria.mason641@yahoo.com,+1-524-553-8806x77224,Other,1976-08-06,2021-03-17,WI,West David,SILVER,In-Store,,Influencer
CUST006042,Angela,Wheeler,ANGELA.WHEELER652@OUTLOOK.COM,001-997-742-9250x105,F,1993-10-07,2021-04-20,North Carolina,Stephenborough,BRONZE,In-Store,,Search Engine
CUST005231,Zachary,Jackson,zachary.jackson791@outlook.com,246-927-7208,M,1999-06-15,2021-07-19,va,Theodoreland,PLATINUM,In-Store,N,Influencer
CUST003426,Ricardo,Thompson,ricardo.thompson686@yahoo.com,738-733-4941,M,1994-09-03,2024-02-23,GA,Codyhaven,BRONZE,Mobile App,no,Social Media
CUST002247,John,Lopez,john.lopez891@hotmail.com,+1-339-465-7537x6445,M,2006-02-15,2023-11-17,Ohio,Port Gregoryberg,silver,In-Store,no,
CUST003819,Lisa,Kim,lisa.kim635@outlook.com,001-444-615-6574x3759,F,1951-07-01,2024-10-24,Texas,Kleinport,SILVER,Mobile App,,Walk-in
CUST004777,Zachary,Harris,zachary.harris339@yahoo.com,(621)738-6741x714,F,1956-04-11,2025-09-12,WI,Leeland,GOLD,In-Store,N,
CUST003965,Richard,James,richard.james951@outlook.com,001-555-251-4659x98314,F,1999-05-11,2025-05-14,IN,West Todd,Gold,Mobile App,yes,Influencer
CUST002462,John,Hull,john.hull463@outlook.com,967-259-1499x9597,M,1992-12-27,2026-04-19,NY,North Craigmouth,GOLD,Online,yes,
CUST004761,Haley,Ewing,haley.ewing635@gmail.com,,Other,1983-10-27,2026-02-09,nc,Lake Natalie,Silver,In-Store,,
CUST006068,Cristian,Brown,CRISTIAN.BROWN712@HOTMAIL.COM,747.743.6213x00962,F,1990-07-23,2022-08-10,OH,Port Monicastad,SILVER,Mobile App,0,Influencer
CUST003151,Gregory,Jones,gregory.jones995@hotmail.com,001-951-382-0808x61780,F,1948-09-06,2023-06-26,TN,Michaelton,silver,Online,no,Walk-in
CUST001199,Andrea,Walker,andrea.walker578@gmail.com,922.562.2777,M,1942-09-27,2024-11-04,ny,Kramerbury,Bronze,In-Store,yes,
CUST005606,Travis,Branch,travis.branch853@yahoo.com,,F,1943-12-21,2023-09-06,NY,Michaelview,Gold,In-Store,,
CUST002711,James,Jones,james.jones593@gmail.com,514.951.4951x4955,M,1975-01-27,2021-01-27,CALIFORNIA,South Danielstad,Gold,Online,1,Friend Referral
CUST002096,John,White,john.white933@gmail.com,001-567-710-6656x02492,M,1948-05-02,2024-06-20,California,East Janethaven,Silver,Mobile App,0,Friend Referral
CUST004488,Rebecca,Williams,rebecca.williams62@outlook.com,918.536.9124x89713,F,1998-02-25,2026-06-26,Arizona,North Theresa,BRONZE,In-Store,no,
CUST004131,Shelley,Whitney,shelley.whitney900@gmail.com,+1-635-940-3571x3384,M,1951-04-01,2025-06-20,OH,East Ashley,bronze,In-Store,N,Influencer
CUST000573,Thomas,Beltran,thomas.beltran835@gmail.com,5198358895,F,1984-03-17,2021-08-09,wa,West Sarahshire,PLATINUM,Mobile App,N,Friend Referral
CUST001911,Charles,Jackson,charles.jackson31@yahoo.com,+1-801-775-2279x2949,M,1963-11-04,2025-06-07,Wisconsin,Robertshire,Bronze,In-Store,0,Email Campaign
CUST001924,Jonathan,Schmitt,jonathan.schmitt677@gmail.com,847-901-8977x95014,M,1952-07-26,2025-10-03,tx,Simpsonstad,silver,In-Store,1,Search Engine
CUST003096,Peter,Copeland,peter.copeland354@gmail.com,(230)415-0892x2983,F,1975-01-01,2022-08-04,Ohio,East Veronicaburgh,gold,Mobile App,Y,Search Engine
CUST001950,Daniel,Schmidt,daniel.schmidt268@outlook.com,305.342.8425,F,2006-12-01,11/15/2022,New Jersey,New Jefferyville,Gold,In-Store,N,Search Engine
CUST004790,Charlotte,Miller,charlotte.miller630@gmail.com,873.456.7194x955,F,1980-05-29,2021-04-22,AZ,Williamborough,gold,Online,Y,Email Campaign
CUST001801,Faith,Bailey,faith.bailey222@gmail.com,389.267.7888x922,M,1964-03-27,2021-12-12,NEW YORK,Josephton,SILVER,Online,N,Friend Referral
CUST000263,Raymond,Hamilton,raymond.hamilton407@outlook.com,(393)389-8331x4659,Other,1989-07-11,2025-02-09,WISCONSIN,Hansenfort,BRONZE,Online,no,
CUST005142,Felicia,Stewart,felicia.stewart375@gmail.com,708.538.7970x0408,M,1950-10-02,2026-04-04,WASHINGTON,Dixonland,bronze,Online,1,TV Ad
CUST000965,Cheryl,Walker,cheryl.walker43@gmail.com,+1-517-646-9029x83104,F,1994-06-06,2024-08-26,MD,New Christopher,Bronze,Mobile App,yes,Influencer
CUST001639,Kathy,Fischer,kathy.fischer160@yahoo.com,903.526.4525,M,1944-12-11,2023-03-22,Pennsylvania,South Cheryl,bronze,Mobile App,0,Influencer
CUST001205,Craig,Garcia,craig.garcia822@gmail.com,494-585-3400x12762,Other,1990-12-23,2024-01-31,Maryland,Lake Michelleville,Gold,Online,Y,Search Engine
CUST004164,Matthew,Stewart,matthew.stewart333@yahoo.com,001-895-220-4301,M,1953-09-03,2024-05-19,OH,Lake Tracy,Silver,Online,0,Walk-in
CUST005538,John,Bautista,john.bautista177@yahoo.com,843-209-1778,F,1949-07-13,2024-12-14,OH,Larsonmouth,silver,Online,Y,
CUST004904,Robert,Allen,robert.allen435@outlook.com,001-517-587-6634x28332,F,1962-08-18,2022-07-14,VA,Smithshire,SILVER,Online,Y,Walk-in
CUST001129,David,Church,david.church582@outlook.com,001-859-565-9992x01237,F,1959-07-16,2022-03-31,New Jersey,New Brian,gold,Mobile App,N,Walk-in
CUST003925,Alejandro,Rodriguez,,,F,,2022-02-06,tx,,SILVER,In-Store,,
CUST004236,Julia,Ponce,julia.ponce404@yahoo.com,253-992-1811x24648,F,1997-03-30,2022-10-15,Tennessee,Mccarthyshire,Silver,In-Store,N,Email Campaign
CUST005379,Jessica,Gates,jessica.gates526@hotmail.com,(854)352-5241,F,1991-08-10,2024-10-29,FL,South Joshua,bronze,Online,yes,
CUST003470,Christine,Sanchez,christine.sanchez301@outlook.com,393.812.9044x28236,F,2002-05-07,2025-06-26,MO,Jasonhaven,gold,In-Store,,Email Campaign
CUST003293,  Michael ,Kim,michael.kim332@outlook.com,895-926-1718,F,1975-06-02,2025-08-01,Ohio,North Douglas,Bronze,Mobile App,Y,TV Ad
CUST000426,  Sherry ,Smith,sherry.smith761@hotmail.com,+1-868-845-9090x22599,M,1997-05-27,2025-07-12,il,Jeremiahchester,bronze,Online,N,Email Campaign
CUST001478,Cassandra,Camacho,cassandra.camacho5@yahoo.com,280.629.9034,M,1966-01-03,2021-04-25,FLORIDA,Goodwinport,SILVER,Online,Y,Walk-in
CUST001442,Linda,Schroeder,linda.schroeder177@hotmail.com,825.326.3794x12886,M,1971-04-06,2022-10-18,VA,South Madison,GOLD,Mobile App,0,Email Campaign
CUST001083,Alan,Pope,alan.pope730@hotmail.com,(874)363-0009x98433,Other,1964-04-02,2023-11-02,Arizona,Port Michelleside,bronze,In-Store,N,Friend Referral
CUST000039,Shannon,Wheeler,shannon.wheeler574@hotmail.com,434-693-6183,M,1961-01-23,01/08/2022,Florida,Jacquelinemouth,platinum,Online,Y,Email Campaign
CUST003576,Charles,Smith,charles.smith398@hotmail.com,7085666581,M,1958-07-31,2022-05-16,NC,Kristaside,bronze,In-Store,Y,Walk-in
CUST005474,Caitlyn,Salas,caitlyn.salas558@outlook.com,(609)898-0714,F,1962-10-23,2021-12-06,New Jersey,New Anthonybury,BRONZE,Online,N,
CUST003810,Megan,Gonzales,megan.gonzales195@outlook.com,9207315567,Other,1983-07-30,2025-02-08,Virginia,North Robertside,BRONZE,Online,N,Friend Referral
CUST005847,Daniel,White,daniel.white519@yahoo.com,(377)346-8039x0756,F,1955-03-01,2021-01-09,Massachusetts,Port Chelseaton,silver,Mobile App,N,Friend Referral
CUST000424,Kevin,Ochoa,kevin.ochoa786@hotmail.com,001-484-804-4566x9078,M,1988-07-10,2022-04-09,Massachusetts,Port Karen,SILVER,Online,no,Search Engine
CUST006051,Christina,Wise,CHRISTINA.WISE104@YAHOO.COM,001-959-806-7396x34289,Other,1972-04-28,2024-06-09,Washington,Murphyhaven,silver,Online,1,
CUST000390,Jessica,Singh,jessica.singh731@yahoo.com,+1-648-552-0089,Other,1949-06-30,2026-06-12,Ohio,Jasonhaven,silver,In-Store,,
CUST000640,Timothy,Ramos,timothy.ramos12@hotmail.com,001-909-261-7399,F,1973-12-30,2021-04-03,NJ,New Tony,SILVER,Mobile App,0,
CUST002737,Linda,Turner,linda.turner31@outlook.com,(645)239-6042,F,1950-03-04,2024-09-13,Georgia,Lake Bailey,BRONZE,In-Store,Y,Friend Referral
CUST003776,Christina,Ross,christina.ross87@outlook.com,001-205-777-6140x69260,M,1944-05-04,03/03/2023,TN,Melanieborough,SILVER,In-Store,Y,Walk-in
CUST004133,Robert,Washington,robert.washington433@gmail.com,748.954.9751,M,1950-12-19,2021-11-21,il,Mayside,BRONZE,In-Store,N,TV Ad
CUST000063,Miranda,Griffith,miranda.griffith359@yahoo.com,627.531.5851,Other,2008-06-18,2024-03-02,TEXAS,Dalehaven,silver,Online,Y,
CUST005418,Brandon,Hodges,brandon.hodges276@outlook.com,8685443510,M,2001-08-10,2023-10-16,Massachusetts,Susanview,Bronze,Mobile App,Y,
CUST005100,Madison,Brown,madison.brown431@yahoo.com,715.241.3938,F,1983-03-26,2022-10-11,md,East Brandonborough,silver,In-Store,yes,TV Ad
CUST000100,Lee,Thompson,lee.thompson130@outlook.com,+1-773-934-8434x437,M,2004-07-10,2022-08-31,TENNESSEE,Ericaview,GOLD,Online,N,
CUST002595,Devin,Bridges,,,F,,2020-10-25,WA,North Jasonchester,BRONZE,In-Store,,
CUST004885,Ralph,Gray,ralph.gray441@outlook.com,(485)276-7863x4058,Other,1964-03-18,2023-10-14,Florida,Mullinsport,Bronze,Online,N,Walk-in
CUST004828,Lauren,Sandoval,lauren.sandoval300@gmail.com,663.259.1247x04312,Other,1969-05-19,09/28/2024,PA,New Jodiland,silver,In-Store,,
CUST005827,Timothy,Schaefer,timothy.schaefer917@gmail.com,(417)578-5263x730,F,1956-03-26,2025-06-18,Missouri,Melissatown,bronze,Mobile App,1,Friend Referral
CUST005088,Daniel,Patterson,daniel.patterson210@hotmail.com,837-659-2612,Other,1994-10-17,2026-04-26,PENNSYLVANIA,North Jordan,bronze,Online,yes,Friend Referral
CUST003327,Michael,Wong,michael.wong40@gmail.com,2594547420,Other,1973-04-19,09/18/2023,MASSACHUSETTS,Vincentside,gold,Online,Y,Friend Referral
CUST004382,Richard,Dominguez,richard.dominguez405@yahoo.com,8129740129,M,2006-01-22,2021-03-30,FL,South Wendy,GOLD,In-Store,0,Walk-in
CUST000150,Christian,Mccall,christian.mccall595@gmail.com,463-303-1617x9904,Other,2008-11-16,2021-07-30,Indiana,Peterland,bronze,In-Store,N,TV Ad
CUST000010,Chad,Welch,chad.welch659@hotmail.com,373-382-9973x763,M,1956-09-13,2025-12-10,wa,Chadbury,Bronze,In-Store,N,Influencer
CUST000913,Katelyn,Morgan,katelyn.morgan855@outlook.com,889.806.2354,F,2003-02-23,2023-12-31,tn,Kaylabury,BRONZE,In-Store,yes,Walk-in
CUST003367,Jessica,Chen,jessica.chen712@outlook.com,416.329.2356,M,1944-11-14,2021-05-04,NC,Port Janiceview,GOLD,Mobile App,Y,TV Ad
CUST000599,Cody,Weber,cody.weber586@gmail.com,644.569.4596,M,1982-04-15,2021-01-22,Wisconsin,West Courtney,silver,In-Store,1,Walk-in
CUST000780,Catherine,Barker,catherine.barker968@yahoo.com,958.444.6634x533,M,1942-12-02,2025-08-19,wa,Lake Thomas,Bronze,Online,,
CUST000065,Donald,Schultz,donald.schultz622@gmail.com,625-945-9910x22901,F,1942-10-27,2025-01-06,Virginia,South Robert,Gold,In-Store,1,Search Engine
CUST003030,Kara,Clark,kara.clark917@yahoo.com,+1-422-230-4210x37998,Other,1954-04-30,2024-10-13,New York,East Sabrinaberg,BRONZE,Mobile App,Y,Search Engine
CUST001923,Maria,Howard,,,M,,2024-08-15,California,Colleenland,gold,Online,,
CUST002396,Theresa,Moore,theresa.moore768@yahoo.com,(614)502-4542x24922,M,1968-07-11,2021-06-13,oh,East Eric,Silver,In-Store,Y,Social Media
CUST000321,Alexis,Patterson,alexis.patterson121@gmail.com,(890)860-0780,M,2001-10-03,2022-02-11,NC,Rileyshire,BRONZE,Mobile App,1,Search Engine
CUST003827,Marisa,Hernandez,marisa.hernandez634@yahoo.com,+1-216-610-2811x117,F,1989-10-20,2022-04-28,MI,Port Dawnbury,silver,In-Store,,
CUST001002,Tara,Miller,tara.miller645@outlook.com,234-556-6311x3885,M,1980-10-30,2021-12-11,Missouri,West Janiceside,platinum,In-Store,N,TV Ad
CUST003167,Steven,Rodriguez,steven.rodriguez134@gmail.com,(839)628-4034x769,M,1966-12-28,2024-04-22,Virginia,Robertstad,bronze,Online,Y,TV Ad
CUST002608,Calvin,Collins,calvin.collins20@outlook.com,001-594-410-3675x806,M,1969-03-10,2025-04-10,Maryland,New Susanburgh,silver,Online,,Social Media
CUST003890,Hailey,Jacobs,hailey.jacobs181@gmail.com,+1-599-268-0126x699,F,1952-08-09,2023-09-20,va,Harrishaven,PLATINUM,In-Store,1,Friend Referral
CUST003341,Tamara,Larsen,tamara.larsen658@gmail.com,001-828-654-0402x616,M,1998-08-06,2024-01-07,NJ,Lake Emilyberg,silver,In-Store,N,Walk-in
CUST004576,Jessica,Nelson,jessica.nelson955@hotmail.com,488.878.4415x0568,F,1976-08-21,2026-03-03,AZ,Martinville,BRONZE,Mobile App,0,Social Media
CUST005047,Johnny,Mann,johnny.mann922@gmail.com,498.627.0066,F,1995-01-09,2023-02-02,CA,Port Katelyn,platinum,Mobile App,no,Walk-in
CUST005859,Trevor,Campbell,trevor.campbell89@gmail.com,6493315311,M,1994-10-30,2025-04-08,MD,Chavezbury,GOLD,In-Store,no,
CUST000069,Brianna,Warren,brianna.warren446@yahoo.com,581-388-3552,F,1968-05-18,2022-06-24,MA,Jeffreyburgh,silver,Mobile App,1,
CUST000981,  Holly ,Lee,holly.lee706@gmail.com,001-935-832-3661x850,F,1977-03-25,2024-03-18,MI,West Michaelfort,bronze,Mobile App,no,Email Campaign
CUST003031,Kevin,Medina,kevin.medina516@yahoo.com,001-312-433-5793x77590,Other,1980-01-27,2024-11-04,IL,South Jennifer,Bronze,In-Store,no,TV Ad
CUST004572,John,Parker,john.parker502@yahoo.com,478.672.6856x5505,M,1979-05-19,2022-05-02,CA,East Joseshire,Silver,Online,1,
CUST005798,Denise,Beltran,denise.beltran779@gmail.com,(357)395-3642x137,M,1986-08-07,2024-02-11,Missouri,East Rhondaville,SILVER,Online,,Social Media
CUST004634,John,Gonzalez,john.gonzalez572@hotmail.com,662.680.9956x052,M,1956-03-29,2025-09-12,Illinois,Alvarezton,GOLD,In-Store,N,Influencer
CUST001395,Brian,Chapman,brian.chapman915@yahoo.com,,M,1995-11-21,2024-06-01,MARYLAND,New Melissaton,Bronze,Online,,
CUST001133,Jason,Ingram,,,Other,,2024-05-25,CALIFORNIA,,GOLD,Mobile App,,
CUST005762,Jeffrey,Vang,,,Other,,10/15/2025,VA,New Williamton,bronze,Mobile App,,
CUST000829,Haley,Cook,haley.cook252@yahoo.com,001-360-393-6595x2014,M,1985-04-02,2023-07-27,VA,Mackenzieville,gold,Online,yes,Email Campaign
CUST000714,Amy,Mcgee,amy.mcgee296@yahoo.com,867-777-2266x02562,M,1956-08-23,2021-08-31,az,Robertmouth,GOLD,In-Store,yes,Friend Referral
CUST004774,Thomas,Wiley,,,M,1959-09-16,2024-02-04,VA,Greenville,Gold,Mobile App,,
CUST002734,Ashley,Williams,ashley.williams147@yahoo.com,+1-635-784-3423x149,F,2005-02-13,2023-11-07,Pennsylvania,Amymouth,bronze,Online,Y,Influencer
CUST005305,Beth,Scott,beth.scott963@outlook.com,852.860.2486,F,1948-07-15,2023-06-16,VA,East Tina,SILVER,In-Store,N,
CUST002138,Ray,Little,ray.little292@yahoo.com,378.305.3425,F,1997-01-23,2023-02-08,NC,Melissafort,SILVER,Online,yes,Influencer
CUST000815,Amber,Miller,amber.miller850@hotmail.com,(406)973-2318,M,1977-06-06,2021-03-20,Ohio,Martinberg,Bronze,Mobile App,N,Walk-in
CUST000105,Ashley,Todd,ashley.todd422@yahoo.com,616-712-2753x04637,M,1952-12-16,2025-08-28,Illinois,Wilcoxhaven,Bronze,Mobile App,yes,Email Campaign
CUST004343,Emily,Mckay,emily.mckay466@hotmail.com,440.710.7490,Other,1973-08-29,2025-10-26,California,Robertsstad,Bronze,In-Store,yes,Friend Referral
CUST003745,Joseph,Santos,joseph.santos116@outlook.com,(926)299-2728,Other,1997-02-28,03/28/2025,Arizona,East Scottbury,bronze,Mobile App,N,Social Media
CUST001625,Jacob,Lara,jacob.lara615@hotmail.com,+1-748-743-7700x6279,F,1996-01-10,2025-08-28,AZ,East Joshuahaven,Bronze,Mobile App,N,Search Engine
CUST003799,Carol,Miller,carol.miller279@yahoo.com,370-906-2250x1775,F,1974-06-10,2026-01-20,WA,Elliotttown,gold,Online,1,Influencer
CUST003091,Marvin,Ball,marvin.ball32@gmail.com,(597)203-9773,M,1976-03-03,2025-07-08,VA,Jasonview,GOLD,Mobile App,Y,Walk-in
CUST001127,Jamie,Smith,jamie.smith899@outlook.com,(601)593-5450x369,M,1952-06-02,2022-10-03,MI,East Lisamouth,Bronze,Mobile App,Y,TV Ad
CUST004794,David,Morgan,david.morgan853@hotmail.com,001-611-305-5967x2878,Other,1979-11-03,2022-02-26,NY,Marystad,Bronze,Online,Y,
CUST005662,Savannah,Wolf,savannah.wolf469@gmail.com,674-392-6713x290,M,2010-01-16,2023-12-25,MO,Scottmouth,bronze,In-Store,N,TV Ad
CUST001150,Sean,Melendez,sean.melendez37@outlook.com,+1-630-367-1822x26679,M,1982-02-15,2022-02-07,Florida,South Timothymouth,bronze,Online,N,Influencer
CUST003605,James,George,james.george223@hotmail.com,2153217381,Other,1970-10-28,2020-10-14,Illinois,Williamview,silver,In-Store,,Search Engine
CUST001295,Sarah,Cruz,sarah.cruz681@hotmail.com,(822)449-4510x46250,F,1973-07-10,2023-01-24,Indiana,Dixonshire,bronze,Online,Y,Search Engine
CUST004867,Brandon,Lane,brandon.lane406@hotmail.com,926.473.1293x404,M,1981-08-29,2022-09-18,Illinois,Lisaville,bronze,Online,Y,Influencer
CUST002798,Heather,Martin,heather.martin782@gmail.com,(552)495-7873x516,M,1967-10-24,2021-02-15,NC,West Wanda,Gold,In-Store,0,Social Media
CUST003014,Robert,Rivera,robert.rivera551@hotmail.com,809.947.6059,M,1964-02-07,2023-10-08,VIRGINIA,Lake Stephanie,BRONZE,Online,no,Influencer
CUST003556,Nicholas,Farrell,nicholas.farrell364@gmail.com,001-551-203-1530x8703,F,1998-03-05,2022-12-10,ga,Duranberg,SILVER,In-Store,,TV Ad
CUST002193,Jenny,Smith,jenny.smith846@hotmail.com,001-737-712-6887x041,M,1989-11-12,2023-04-07,WI,Lake Kimberly,silver,In-Store,1,Search Engine
CUST001440,Tracy,Gibson,tracy.gibson260@outlook.com,251.939.0143,F,1949-12-22,2023-10-22,ma,Kimberlyborough,GOLD,Mobile App,0,Email Campaign
CUST000600,Chris,Hernandez,chris.hernandez639@outlook.com,596.359.9949x73203,F,1991-10-27,2022-04-21,NC,Anneberg,gold,Mobile App,no,
CUST003453,Ann,Taylor,ann.taylor426@gmail.com,+1-385-990-1752x400,M,1945-03-20,02/12/2022,MA,West Julianport,Bronze,Online,1,Friend Referral
CUST004888,Jennifer,Harrison,jennifer.harrison590@outlook.com,275.600.2980x96559,M,1989-04-12,2023-04-03,Missouri,Mariaview,Bronze,Mobile App,,
CUST002401,James,Barber,james.barber985@gmail.com,(392)522-2833,F,1953-06-08,2022-06-04,PA,North Joshua,BRONZE,Mobile App,Y,Walk-in
CUST004217,Christopher,Morrow,christopher.morrow507@gmail.com,001-282-763-4945,M,1999-01-28,10/18/2025,MI,Foxmouth,Silver,In-Store,yes,Social Media
CUST001636,Lisa,Freeman,lisa.freeman917@yahoo.com,001-493-820-7098x34849,Other,1995-01-17,2023-09-29,TENNESSEE,Ellisonchester,Bronze,Online,N,Search Engine
CUST005178,Stacy,Dunlap,stacy.dunlap256@outlook.com,001-768-604-7436x94680,Other,1959-07-23,2026-02-04,Florida,South Anthony,PLATINUM,In-Store,0,Social Media
CUST005894,Courtney,Schultz,courtney.schultz429@yahoo.com,,F,1946-01-04,2023-11-13,OH,East Kimberlyhaven,bronze,Online,,
CUST002987,Brenda,Garcia,brenda.garcia890@hotmail.com,505.609.8099,Other,1943-09-24,2025-12-03,Virginia,West Katelynborough,silver,Online,yes,
CUST001380,Emily,Hunt,emily.hunt786@outlook.com,689.233.4375x18669,F,1953-10-28,2023-01-22,ILLINOIS,Port Kevin,bronze,In-Store,N,Email Campaign
CUST001320,Christopher,Estrada,christopher.estrada841@hotmail.com,532-871-6303x356,F,1967-01-24,2020-10-10,Michigan,New Andrewmouth,BRONZE,Mobile App,Y,Friend Referral
CUST002384,Lucas,Singleton,lucas.singleton326@outlook.com,+1-876-395-5912,F,1961-08-14,2021-06-27,Ohio,Sarastad,platinum,Mobile App,Y,Friend Referral
CUST001865,Julie,Hernandez,julie.hernandez661@gmail.com,709-722-2514,Other,1980-07-13,12/22/2022,il,Zacharyberg,silver,Mobile App,N,Social Media
CUST000452,Ronnie,Huynh,ronnie.huynh75@outlook.com,001-428-998-0271x487,Other,2005-10-31,2026-06-02,TX,Lake Paulborough,Gold,In-Store,1,Influencer
CUST004998,Arthur,Villegas,arthur.villegas675@gmail.com,614-331-6585x57754,M,1941-03-25,2023-12-30,New York,Coleshire,bronze,Mobile App,1,Walk-in
CUST000492,  Timothy ,Sanchez,timothy.sanchez563@outlook.com,+1-541-886-2030,F,1978-09-21,2022-03-25,NEW YORK,North Malloryville,silver,Mobile App,0,TV Ad
CUST000456,Randall,Medina,randall.medina928@yahoo.com,+1-972-594-2095x48149,M,1972-12-01,2021-07-07,Virginia,Maryfort,Bronze,Online,1,Email Campaign
CUST002912,Crystal,Adams,crystal.adams10@yahoo.com,001-772-205-5532x16855,M,1952-12-16,2021-05-15,GA,Reneemouth,silver,Online,N,
CUST005684,Sara,Henderson,sara.henderson648@yahoo.com,001-413-550-8323,Other,1963-05-06,2025-09-16,Tennessee,Lake Kathy,silver,In-Store,N,Email Campaign
CUST002839,Lisa,Cole,lisa.cole4@outlook.com,5522173213,M,1971-12-13,2024-06-04,Indiana,Josefurt,gold,In-Store,Y,
CUST003996,Jennifer,Odonnell,jennifer.odonnell985@gmail.com,001-960-654-2311x2625,M,1946-11-02,2023-11-10,tx,Darylhaven,bronze,Mobile App,N,Email Campaign
CUST002534,Elizabeth,Hughes,elizabeth.hughes781@hotmail.com,3418862931,Other,1994-07-19,2021-06-28,INDIANA,Griffinberg,silver,Online,,
CUST003362,Allison,Lewis,allison.lewis669@hotmail.com,001-741-561-6613x06354,M,1989-03-01,2025-02-13,IL,Brianport,BRONZE,Online,,
CUST005759,Jennifer,Reynolds,jennifer.reynolds419@hotmail.com,,F,1983-08-03,2021-09-26,WI,Evanston,Bronze,Mobile App,,
CUST004646,Randy,Kelly,randy.kelly847@yahoo.com,(597)425-8871,M,1959-02-28,2024-09-12,Arizona,Andrewland,Gold,Online,1,Social Media
CUST000732,Kevin,Baker,kevin.baker965@outlook.com,001-207-920-1137x9844,F,2005-10-13,2025-11-02,il,North Samantha,PLATINUM,In-Store,0,Friend Referral
CUST002856,Helen,Schultz,helen.schultz586@gmail.com,471.668.2898x218,M,1994-09-03,2024-11-09,MO,New Jonview,Platinum,Mobile App,0,Walk-in
CUST004785,Alicia,Jordan,alicia.jordan134@gmail.com,9234407026,F,2001-07-03,2025-04-24,MO,Juliahaven,silver,Mobile App,N,Influencer
CUST005527,Terrance,Donovan,,,M,,2024-06-21,va,Juliemouth,gold,In-Store,,
CUST000152,Jennifer,Ray,jennifer.ray537@yahoo.com,(252)241-9138,M,1946-01-26,2023-04-28,MASSACHUSETTS,Brianshire,BRONZE,Mobile App,yes,Walk-in
CUST002991,Chelsea,Cole,,,M,1988-11-27,2021-09-24,TX,Lake Ruthbury,GOLD,Mobile App,,
CUST000751,Matthew,Holt,matthew.holt366@hotmail.com,898-635-5393x5435,F,2008-12-09,2023-10-10,Arizona,West Crystalview,bronze,Online,N,Email Campaign
CUST001229,Tiffany,Mcguire,tiffany.mcguire230@hotmail.com,001-689-610-9779x78023,F,2000-03-26,2021-10-29,NEW YORK,Wilsonfurt,Silver,In-Store,,Social Media
CUST001022,Dana,Campbell,dana.campbell276@gmail.com,342.519.2622,M,2001-08-03,2025-01-12,PA,New Ryanberg,platinum,Online,no,Friend Referral
CUST000979,  Cassandra ,Perez,cassandra.perez617@yahoo.com,+1-817-420-3136x9552,F,1980-10-30,2025-04-13,IL,Port Raymond,Bronze,Mobile App,,
CUST003386,Wesley,Jones,wesley.jones116@outlook.com,(831)359-3809x6278,F,1959-06-19,2025-12-14,NY,Alexanderville,Gold,Online,no,Influencer
CUST001872,Dana,Hutchinson,dana.hutchinson591@yahoo.com,+1-961-480-6862x886,F,2009-02-22,2023-02-04,Pennsylvania,North Michaelport,Silver,Mobile App,N,Walk-in
CUST003193,Pamela,Valentine,pamela.valentine228@outlook.com,+1-570-566-6884,Other,1992-07-11,2025-03-24,TN,Port Ashleyfurt,Silver,Online,,Search Engine
CUST005805,Dennis,Gutierrez,dennis.gutierrez895@hotmail.com,495.312.4179x8433,F,1949-02-03,2023-11-13,New Jersey,Shawnfort,BRONZE,Mobile App,yes,Walk-in
CUST005422,  Jeffrey ,Rodriguez,jeffrey.rodriguez409@yahoo.com,001-231-637-4202x8281,F,1964-01-23,2024-09-08,Arizona,Heatherport,GOLD,Online,0,Search Engine
CUST003149,Linda,Carpenter,linda.carpenter120@gmail.com,(444)440-6615,M,1982-12-26,2024-10-24,New Jersey,East Joseph,BRONZE,Online,0,Influencer
CUST002283,Norma,Christensen,norma.christensen536@gmail.com,(464)873-1168x859,M,1991-12-26,2022-06-28,MD,Mallorymouth,Silver,Mobile App,,
CUST004945,Jason,Wood,jason.wood5@yahoo.com,448-890-4495,M,1970-06-24,12/23/2022,North Carolina,Tranborough,BRONZE,Online,no,Social Media
CUST004729,Justin,White,justin.white587@gmail.com,5384628981,M,1943-07-09,2026-04-18,PA,Millerbury,Platinum,Mobile App,Y,Walk-in
CUST005545,Robert,Miller,robert.miller377@outlook.com,5308482102,M,1985-07-08,2024-09-24,WI,Lake Paulfurt,Bronze,Mobile App,N,Walk-in
CUST004064,Joshua,Barrett,joshua.barrett805@outlook.com,(221)578-9426,F,2005-07-18,2021-04-29,pa,South Kathyfurt,GOLD,In-Store,Y,
CUST002265,Tiffany,Garcia,tiffany.garcia741@hotmail.com,650.875.1926x7750,F,1977-03-27,2026-02-03,Virginia,South Julieville,Bronze,In-Store,,TV Ad
CUST005861,John,Garcia,john.garcia797@yahoo.com,001-428-713-8403x8364,Other,1941-04-23,2026-03-13,TN,Lake James,Silver,Mobile App,Y,
CUST002518,Laurie,Baker,laurie.baker174@gmail.com,493.992.2689x4954,M,1988-06-06,2021-12-06,Tennessee,Robertsburgh,SILVER,Mobile App,Y,
CUST001544,Deborah,Fields,deborah.fields831@yahoo.com,762.753.9501x1152,Other,1957-02-15,2026-01-13,Missouri,Lake Melissaport,platinum,In-Store,N,Influencer
CUST001628,Madeline,Henderson,madeline.henderson721@gmail.com,6177078129,Other,2004-05-02,2023-09-01,Ohio,Higginston,silver,Mobile App,yes,Friend Referral
CUST004077,Joseph,Walker,joseph.walker888@yahoo.com,(939)559-0700x9740,M,1999-04-19,2024-05-31,NEW JERSEY,Evanston,GOLD,In-Store,Y,
CUST003842,Johnathan,Hoffman,johnathan.hoffman214@outlook.com,,F,1986-02-09,2021-06-14,FL,Lake Derrickstad,bronze,In-Store,,
CUST002925,Sandra,Smith,sandra.smith213@hotmail.com,001-518-970-8633x445,M,1994-12-07,2021-09-08,MO,Hernandezbury,Bronze,Mobile App,1,Walk-in
CUST002262,Matthew,Welch,matthew.welch673@outlook.com,(238)257-4339x1958,F,1970-01-18,2022-08-21,NY,New Brendan,silver,In-Store,Y,
CUST004047,Savannah,Herman,savannah.herman700@outlook.com,(646)660-4729,F,1963-09-24,2022-02-26,Missouri,Lewisview,BRONZE,Mobile App,yes,Friend Referral
CUST001629,Shane,Crane,shane.crane415@outlook.com,984-414-2355x2833,M,1992-04-23,2022-01-24,Ohio,Morganshire,BRONZE,In-Store,N,
CUST001839,Courtney,King,courtney.king275@outlook.com,001-449-321-2233x998,M,1991-06-25,2024-03-10,nj,Thompsonborough,bronze,In-Store,yes,
CUST005615,Ryan,Robinson,ryan.robinson115@gmail.com,001-763-804-4615,M,1994-08-03,05/22/2025,NC,Lake Christy,GOLD,Online,yes,
CUST003548,  Robert ,Blake,robert.blake595@gmail.com,741-711-1201x50261,M,1993-12-05,2025-07-30,CA,Lake Edwinside,Bronze,Mobile App,1,Walk-in
CUST004899,Jasmine,Wade,jasmine.wade752@yahoo.com,(586)267-6564x0600,M,1988-03-05,2023-11-02,ga,West Bradleyburgh,Gold,Online,,Influencer
CUST001648,Debbie,Walker,debbie.walker396@hotmail.com,001-386-232-8959,F,1961-07-06,2023-02-07,VA,Port Kennethshire,BRONZE,Online,0,
CUST001949,Tammy,Schaefer,tammy.schaefer563@hotmail.com,001-334-574-3693x90894,Other,1972-03-24,2023-09-11,WA,Jonathanmouth,bronze,In-Store,yes,Influencer
CUST005831,Yolanda,Brown,yolanda.brown844@hotmail.com,001-674-361-5537,F,1966-11-21,2026-06-23,PA,Port Maria,Bronze,Online,no,Friend Referral
CUST005754,William,Sandoval,william.sandoval552@hotmail.com,+1-234-217-2191x58792,M,1962-03-05,2024-11-05,ma,Hardyfurt,platinum,Online,N,
CUST003952,Paul,Pham,paul.pham821@gmail.com,840-208-1452,M,1982-10-03,2024-10-09,CA,West Randall,Bronze,Mobile App,no,Influencer
CUST001383,Mark,Green,mark.green970@gmail.com,001-695-642-8873,Other,1949-05-25,2023-11-15,TENNESSEE,North Benjamin,GOLD,Mobile App,no,Email Campaign
CUST000405,Robin,Anderson,robin.anderson127@outlook.com,+1-376-781-1807,F,2005-03-26,2024-03-20,AZ,North Emilychester,Silver,Mobile App,N,Social Media
CUST001723,Kevin,Saunders,kevin.saunders981@gmail.com,(654)512-3872,M,1972-04-25,2023-07-25,California,Nelsonshire,BRONZE,In-Store,1,Email Campaign
CUST001787,Joshua,Jackson,joshua.jackson298@gmail.com,001-305-391-5419x635,M,2003-09-10,2024-01-24,in,Craigborough,BRONZE,In-Store,,Social Media
CUST001483,Tonya,Wright,tonya.wright294@outlook.com,(447)236-5003,F,1982-05-02,2025-04-08,Washington,South Kayla,GOLD,Mobile App,N,Search Engine
CUST002255,Carmen,Reeves,carmen.reeves598@hotmail.com,+1-974-360-3023x121,M,1989-02-24,2022-01-01,NY,East Tamarastad,silver,Mobile App,N,Friend Referral
CUST001085,Teresa,Lopez,teresa.lopez166@gmail.com,001-634-866-0756x99944,F,1958-11-10,2025-08-10,PENNSYLVANIA,North Michaelmouth,BRONZE,Online,0,Search Engine
CUST000234,Victor,Gonzalez,victor.gonzalez700@yahoo.com,,M,1992-02-26,2025-10-02,Washington,East James,SILVER,In-Store,,
CUST002085,Sherri,Frank,sherri.frank549@gmail.com,301-257-9970x6298,F,1964-04-16,2026-03-27,Michigan,North Bruce,silver,Mobile App,1,Search Engine
CUST002722,Erica,Chang,erica.chang899@gmail.com,,M,1993-06-28,2023-04-26,Florida,New Roger,Bronze,Online,,
CUST001028,James,Perez,james.perez747@yahoo.com,291.887.5067x761,M,1983-04-16,2021-04-01,GA,West Rachael,Bronze,In-Store,1,Email Campaign
CUST005911,Rachel,Ho,rachel.ho977@hotmail.com,+1-859-891-1369,M,1998-11-03,09/28/2020,PA,Port Christinafort,Silver,Online,,
CUST005116,Stephanie,Torres,stephanie.torres657@outlook.com,446-423-5118,F,1957-08-20,2024-03-29,Virginia,South Lorrainefort,Bronze,Mobile App,N,Influencer
CUST001010,Jessica,Mullen,jessica.mullen469@yahoo.com,(919)492-4065x83872,M,1998-11-22,2023-06-12,WI,Morrisview,BRONZE,Mobile App,no,Influencer
CUST004843,David,Wright,david.wright711@yahoo.com,(689)620-0582x09357,Other,1961-12-19,2023-09-11,Washington,South Bradley,SILVER,Online,no,Search Engine
CUST005581,Deborah,Collins,deborah.collins680@gmail.com,222.534.9727,F,1988-02-07,01/11/2023,New York,Port Christina,Silver,Online,N,Social Media
CUST005786,Heather,Anderson,heather.anderson38@outlook.com,(748)975-0325x94140,M,1999-06-18,2021-12-11,MI,Bakerfurt,Bronze,In-Store,N,Social Media
CUST001856,Samuel,Wallace,samuel.wallace816@outlook.com,471-626-6615x3939,Other,1973-12-25,2021-12-25,ARIZONA,Kyleville,gold,In-Store,1,Friend Referral
CUST003266,Jeremy,Hubbard,jeremy.hubbard582@outlook.com,(688)876-1727,F,1977-11-16,2023-11-19,Massachusetts,Amyburgh,gold,In-Store,Y,Influencer
CUST005706,Kristin,Gross,kristin.gross224@outlook.com,+1-937-846-9064,M,1964-11-17,2025-06-25,TEXAS,North Mark,bronze,In-Store,,
CUST000078,Shannon,Palmer,shannon.palmer998@gmail.com,(206)706-8536x153,Other,1998-11-06,2021-03-16,Illinois,Port Shannon,silver,Online,Y,
CUST000553,Barbara,Pennington,barbara.pennington220@outlook.com,001-559-396-1002,F,1994-12-14,2023-09-25,MICHIGAN,Lake Mario,bronze,Online,,
CUST002603,Mary,Marshall,mary.marshall817@outlook.com,983.758.5583x64548,M,2008-12-22,2021-01-10,Texas,Monroetown,silver,Online,,Email Campaign
CUST005041,Joanne,Wiggins,joanne.wiggins809@gmail.com,440-527-8491,Other,1955-02-17,2023-06-02,az,North Seanborough,Platinum,Mobile App,,Friend Referral
CUST005245,Caroline,Martinez,caroline.martinez185@gmail.com,001-423-550-2913x930,Other,2006-06-01,2022-05-16,OH,New Trevorberg,BRONZE,In-Store,Y,
CUST004106,Robert,Garcia,robert.garcia544@outlook.com,425-468-7088x06357,M,1958-03-05,2024-12-29,ca,East Lancemouth,gold,Mobile App,yes,Walk-in
CUST001154,Tracy,Hoffman,tracy.hoffman182@outlook.com,617.408.6494x269,M,1969-12-25,2022-07-21,Arizona,Port Linda,Gold,Mobile App,Y,TV Ad
CUST000252,Jennifer,King,jennifer.king863@yahoo.com,492.385.5749,F,1943-06-10,2024-10-14,CA,Amyfort,Bronze,In-Store,Y,Email Campaign
CUST002246,Thomas,Rogers,thomas.rogers804@gmail.com,237-799-8708,M,1967-04-04,2024-09-25,tn,Lewisfort,bronze,Mobile App,N,TV Ad
CUST001808,Michael,James,michael.james277@gmail.com,212-831-1541x11902,F,1988-06-16,2022-05-25,GA,Jasonberg,GOLD,Mobile App,no,Influencer
CUST002978,Stephanie,Anderson,stephanie.anderson300@outlook.com,355.650.1219,F,1977-09-19,2020-11-10,WA,Heatherchester,silver,Mobile App,Y,Email Campaign
CUST004165,  Keith ,Wall,keith.wall771@yahoo.com,001-229-784-6858x576,F,2000-09-13,2025-01-11,MO,Woodfort,Bronze,In-Store,,Social Media
CUST003618,Mark,Warren,mark.warren815@hotmail.com,001-289-759-8148,M,1963-07-08,2025-12-05,Ohio,New Cristina,Bronze,Online,0,Email Campaign
CUST000953,Eileen,Hudson,eileen.hudson603@gmail.com,5674762550,M,1960-11-26,2024-01-21,MI,Michelletown,Bronze,In-Store,N,Walk-in
CUST004172,Brandon,Hayes,brandon.hayes706@hotmail.com,600-284-9525,F,1977-12-24,2024-09-11,New Jersey,Port Alexander,PLATINUM,Online,yes,
CUST005669,Justin,Miller,justin.miller299@gmail.com,2085308689,F,1958-05-28,2022-05-07,md,East Michelleville,bronze,Online,N,Email Campaign
CUST005000,Kelly,Santiago,kelly.santiago308@yahoo.com,604.693.9641x1774,Other,1992-06-30,2022-05-04,Wisconsin,Jonesberg,Gold,Online,0,Influencer
CUST001988,Rebekah,Morales,rebekah.morales31@hotmail.com,917-956-9430x7218,M,2003-12-13,2024-12-01,Florida,North Apriltown,Silver,Mobile App,Y,Search Engine
CUST004139,Pamela,Barnes,pamela.barnes69@outlook.com,387-400-1365,M,2005-07-26,2022-02-25,NJ,Lake Stephaniechester,BRONZE,Mobile App,1,Influencer
CUST002993,Tiffany,Kelly,tiffany.kelly932@hotmail.com,+1-769-391-5897x3037,F,1950-09-04,2025-10-23,IN,Esparzaport,GOLD,In-Store,no,TV Ad
CUST002585,Jacqueline,Williamson,,,M,,2022-03-11,IL,,Gold,Online,,
CUST003946,Courtney,Murray,courtney.murray373@hotmail.com,(710)873-8515x343,F,1957-10-05,2025-02-16,Tennessee,South Brenda,Gold,Online,N,Friend Referral
CUST005244,Laura,Alexander,laura.alexander797@hotmail.com,+1-910-510-3530x48476,F,1978-04-20,2020-09-11,Massachusetts,Shannonhaven,SILVER,Online,yes,Email Campaign
CUST005674,James,Anderson,james.anderson330@outlook.com,(610)475-6269x226,F,1960-05-21,12/22/2022,Indiana,Savannahfort,Bronze,Mobile App,Y,Social Media
CUST000919,Brandon,Lowe,brandon.lowe761@gmail.com,323-911-2327x48979,M,1970-09-21,2022-06-14,MO,Justinmouth,Bronze,Mobile App,Y,Email Campaign
CUST005203,Jeffrey,Smith,jeffrey.smith8@hotmail.com,777-451-5256x6288,M,1983-09-02,2021-10-08,New York,Emilytown,bronze,Mobile App,Y,Influencer
CUST004226,Christian,Owen,christian.owen194@gmail.com,001-718-682-6490x9412,F,1984-07-06,2026-02-26,MARYLAND,Lisaside,Gold,Online,Y,Influencer
CUST005004,Edward,Greene,edward.greene54@outlook.com,(996)331-1569,Other,1994-02-21,2022-06-23,IL,Cruzville,SILVER,In-Store,,
CUST001366,Amy,Ortiz,amy.ortiz994@gmail.com,8615735631,Other,1964-03-06,2023-02-07,mo,New Christineville,bronze,Mobile App,N,Email Campaign
CUST003908,Mitchell,Martinez,mitchell.martinez265@outlook.com,+1-896-577-7619x20297,Other,1946-09-07,2020-10-19,INDIANA,South April,PLATINUM,Online,,TV Ad
CUST002827,Jeffrey,Hart,jeffrey.hart601@gmail.com,001-863-314-9289x691,F,1957-04-18,2024-01-30,TN,Jeffreyborough,BRONZE,Online,Y,Search Engine
CUST003136,Cameron,Gutierrez,cameron.gutierrez496@hotmail.com,001-820-306-7897x26715,F,1976-11-02,2022-06-12,Florida,Perkinsland,BRONZE,In-Store,0,Influencer
CUST000235,Melanie,Watson,,,M,,2025-11-25,Indiana,,GOLD,In-Store,,
CUST000327,Edward,Harris,edward.harris9@outlook.com,(275)567-0431,F,2007-04-28,2020-10-21,NY,Montesside,bronze,Mobile App,1,Email Campaign
CUST000966,Carl,Hughes,carl.hughes345@outlook.com,9802568566,M,1952-01-12,2023-12-23,NJ,North Robert,SILVER,Mobile App,0,Email Campaign
CUST001871,Seth,Briggs,seth.briggs704@yahoo.com,+1-592-670-4723,M,1974-10-28,2024-05-08,Pennsylvania,Jenniferchester,bronze,Online,N,Friend Referral
CUST003611,Gregory,Kaufman,gregory.kaufman256@outlook.com,870-499-6745x071,F,1969-05-02,2025-05-08,New Jersey,South David,Bronze,In-Store,,Friend Referral
CUST002106,Darlene,Roberts,darlene.roberts504@gmail.com,+1-307-589-0786x95760,M,1970-06-12,2025-10-28,Texas,Lake Daniel,Bronze,In-Store,0,
CUST005757,Geoffrey,Keith,geoffrey.keith144@hotmail.com,919-376-6496,M,1990-03-08,2024-07-20,PENNSYLVANIA,North Conniemouth,bronze,Online,N,Email Campaign
CUST002196,Shane,Sullivan,shane.sullivan4@outlook.com,(452)255-4245x86672,M,1967-09-16,2021-05-09,oh,Dixonmouth,SILVER,Online,Y,Influencer
CUST002368,Manuel,Kent,manuel.kent683@hotmail.com,299-409-4167x952,F,1974-11-08,2021-11-19,Massachusetts,New Robert,BRONZE,Mobile App,0,Search Engine
CUST001347,Diane,Santos,diane.santos421@yahoo.com,9287231342,Other,1944-09-05,2022-10-28,ARIZONA,South Kenneth,silver,In-Store,N,Friend Referral
CUST003267,Brian,Sanchez,brian.sanchez201@outlook.com,(687)903-5171,M,1961-04-06,2020-09-03,ILLINOIS,Michelleside,GOLD,In-Store,0,Email Campaign
CUST001617,Tamara,Calhoun,tamara.calhoun564@outlook.com,+1-538-273-6932,F,1977-01-11,2021-08-19,TN,South Tyler,SILVER,Online,N,Influencer
CUST003558,Adrian,Rios,adrian.rios170@outlook.com,385-951-5703x4349,M,2003-06-16,2024-03-31,WISCONSIN,Simpsonburgh,PLATINUM,Mobile App,N,TV Ad
CUST002693,Matthew,James,matthew.james899@hotmail.com,001-544-761-5012,M,1956-06-05,2025-08-31,Illinois,Port Nathantown,silver,Online,Y,Influencer
CUST005554,Jennifer,Brown,jennifer.brown757@outlook.com,341.263.5967x95615,Other,1973-02-12,2022-07-14,NY,South Cheryl,Bronze,Mobile App,,Walk-in
CUST001510,James,Jones,james.jones640@outlook.com,632-951-7904,F,1947-12-06,2026-03-02,New York,West Alecmouth,Silver,In-Store,N,Email Campaign
CUST005318,Teresa,Austin,teresa.austin914@hotmail.com,(334)853-0047x03194,F,1990-04-13,05/29/2026,tx,Jacksonfurt,gold,Online,1,Search Engine
CUST005036,Lisa,Lucero,lisa.lucero769@outlook.com,258-361-3476x1540,M,1953-08-17,2022-08-27,NJ,Ericburgh,gold,In-Store,N,Social Media
CUST003699,Steven,Sampson,,,F,,2021-06-17,IN,,bronze,Online,,
CUST002391,Joseph,Douglas,joseph.douglas343@outlook.com,540.587.0568,M,2004-07-26,2021-06-17,Pennsylvania,Meganburgh,GOLD,Online,Y,TV Ad
CUST005531,Shawn,Andrews,shawn.andrews639@outlook.com,+1-475-259-5121x286,F,2001-10-09,2023-10-30,Illinois,North Lonnie,bronze,Mobile App,yes,Search Engine
CUST005758,Misty,Miller,misty.miller511@yahoo.com,815.674.3671x52832,F,1969-11-21,2022-05-22,MO,West Luisfurt,Bronze,In-Store,,
CUST001056,David,Cummings,david.cummings908@hotmail.com,910.545.0243x73615,Other,1943-08-20,2021-01-06,Michigan,Margaretville,Bronze,Mobile App,Y,Email Campaign
CUST005084,Michael,Reynolds,michael.reynolds45@gmail.com,,M,1968-09-21,2021-09-17,PENNSYLVANIA,Rebeccashire,SILVER,In-Store,,
CUST004053,Christopher,White,christopher.white24@outlook.com,(886)410-8447x60779,F,1942-02-15,2025-09-07,OH,Parsonsberg,Platinum,Online,0,Email Campaign
CUST002253,Kimberly,Nelson,kimberly.nelson770@hotmail.com,001-677-563-8319x180,Other,1996-10-30,07/07/2023,Indiana,Port Jameschester,SILVER,Mobile App,Y,TV Ad
CUST004227,Timothy,Evans,timothy.evans772@gmail.com,001-840-894-3089x436,M,1954-12-17,2020-11-13,Georgia,West Matthew,GOLD,Online,Y,TV Ad
CUST001289,Melvin,Hopkins,melvin.hopkins11@yahoo.com,(281)457-8061,F,1986-01-16,2025-02-04,PENNSYLVANIA,East Anthonyshire,bronze,In-Store,N,Social Media
CUST001954,David,Mahoney,,,Other,,2023-11-18,Texas,,bronze,Mobile App,,
CUST002373,Jane,Carter,jane.carter110@hotmail.com,(651)890-6724,F,1985-11-11,2024-08-26,California,Gregorytown,Silver,Online,Y,TV Ad
CUST002671,Nicholas,Trevino,nicholas.trevino87@outlook.com,001-678-854-5765x3092,F,1968-11-10,2023-05-31,Michigan,South Michael,Bronze,Mobile App,1,Email Campaign
CUST003821,Gabriel,Baker,gabriel.baker335@gmail.com,631-204-6527,M,1996-10-31,04/20/2021,ma,Melissashire,GOLD,Mobile App,1,Search Engine
CUST003234,Melissa,Robinson,melissa.robinson378@gmail.com,+1-792-422-5716x40048,M,1959-03-24,2022-05-28,Virginia,South Elizabethport,Gold,In-Store,,Friend Referral
CUST002544,Tony,Serrano,tony.serrano7@yahoo.com,411-770-8292x209,M,2008-04-24,2022-04-22,MISSOURI,Garciaton,gold,Mobile App,yes,Social Media
CUST004123,Erica,Young,erica.young88@hotmail.com,+1-681-730-1217x0994,F,1942-12-17,01/27/2022,Wisconsin,South Michael,Bronze,Online,N,Email Campaign
CUST005818,Joseph,Jones,joseph.jones972@yahoo.com,469-459-6237x558,F,1953-06-18,2024-06-22,NY,New Emily,BRONZE,Online,Y,Walk-in
CUST003406,Brian,Davis,brian.davis114@yahoo.com,001-202-897-0895x3897,M,1950-09-28,09/08/2022,IN,Joeport,gold,Mobile App,1,
CUST005402,Donald,King,donald.king73@gmail.com,001-507-234-3327x2220,M,1976-02-16,2023-10-18,WA,East Melissa,BRONZE,Online,,TV Ad
CUST000849,Curtis,Lee,curtis.lee334@gmail.com,001-779-873-6383x1828,M,1977-01-13,2026-05-05,il,New Amy,gold,Online,yes,Walk-in
CUST000336,Rebecca,Newman,rebecca.newman878@outlook.com,+1-259-679-6471x589,Other,1942-09-01,2025-02-14,Texas,Gambleland,bronze,Mobile App,N,TV Ad
CUST004715,Nicole,Russell,nicole.russell218@outlook.com,(594)525-0556x29755,F,1986-06-29,2022-07-16,Missouri,New Juanchester,Silver,In-Store,,
CUST002005,Deborah,Cook,deborah.cook343@gmail.com,001-975-519-3784x95312,M,1964-11-19,2022-10-21,WISCONSIN,Mcbrideshire,bronze,Mobile App,1,TV Ad
CUST000228,Paul,Fields,paul.fields541@outlook.com,814-635-1906,Other,1996-12-24,2025-06-19,NY,Frostchester,bronze,In-Store,N,Social Media
CUST002762,Trevor,Jones,trevor.jones600@gmail.com,,F,1996-08-07,2023-01-25,Arizona,Jenniferchester,Bronze,Mobile App,,
